id,descripcion,tipo,clasificacion,tipo_red,jurisdiccion,geojson,geom
18076083,Piquete Suspension ST 132Kv,APSS1,S,AT Geografico,JOSECPAZ                                                                                                                                     ,"{""type"":""Point"",""coordinates"":[-58.8051466862944,-34.4826490275503]}",0101000020E6100000050FEF0B0F674DC02A637E71C73D41C0
18076087,Piquete Suspension ST 132Kv,APSS1,S,AT Geografico,JOSECPAZ                                                                                                                                     ,"{""type"":""Point"",""coordinates"":[-58.7994343629323,-34.4933620121283]}",0101000020E6100000E70B7EDD53664DC00597857C263F41C0
18076090,Piquete Suspension ST 132Kv,APSS1,S,AT Geografico,JOSECPAZ                                                                                                                                     ,"{""type"":""Point"",""coordinates"":[-58.7968216597113,-34.4986801835894]}",0101000020E6100000339A8C40FE654DC008D793C0D43F41C0
18076091,Piquete Suspension ST 132Kv,APSS1,S,AT Geografico,JOSECPAZ                                                                                                                                     ,"{""type"":""Point"",""coordinates"":[-58.7961405187528,-34.5000014314918]}",0101000020E61000002888B9EEE7654DC0EF1A020C004041C0
18076092,Piquete Suspension ST 132Kv,APSS1,S,AT Geografico,JOSECPAZ                                                                                                                                     ,"{""type"":""Point"",""coordinates"":[-58.7954158683687,-34.5014070252543]}",0101000020E610000071AEEA2FD0654DC0DAB9FB1A2E4041C0
18076093,Piquete Suspension ST 132Kv,APSS1,S,AT Geografico,JOSECPAZ                                                                                                                                     ,"{""type"":""Point"",""coordinates"":[-58.7947156445776,-34.5027651883137]}",0101000020E61000004C8A033EB9654DC0FAAF149C5A4041C0
18076096,Piquete Suspension ST 132Kv,APSS1,S,AT Geografico,JOSECPAZ                                                                                                                                     ,"{""type"":""Point"",""coordinates"":[-58.7944112451855,-34.5068674037139]}",0101000020E6100000BBD28644AF654DC0042EF507E14041C0
18076099,Piquete Suspension ST 132Kv,APSS1,S,AT Geografico,JOSECPAZ                                                                                                                                     ,"{""type"":""Point"",""coordinates"":[-58.7927402288909,-34.5118010763121]}",0101000020E6100000ABA7068378654DC0B6689AB2824141C0
18076100,Piquete Suspension ST 132Kv,APSS1,S,AT Geografico,JOSECPAZ                                                                                                                                     ,"{""type"":""Point"",""coordinates"":[-58.7906562801973,-34.514143589829]}",0101000020E610000089E9983934654DC0BCE10775CF4141C0
18076101,Piquete Suspension ST 132Kv,APSS1,S,AT Geografico,JOSECPAZ                                                                                                                                     ,"{""type"":""Point"",""coordinates"":[-58.7885609508645,-34.5164987235621]}",0101000020E6100000CA6EB390EF644DC0051053A11C4241C0
18076102,Piquete Suspension ST 132Kv,APSS1,S,AT Geografico,JOSECPAZ                                                                                                                                     ,"{""type"":""Point"",""coordinates"":[-58.7864782098161,-34.5188395367664]}",0101000020E61000009C166751AB644DC04B247D55694241C0
18076103,Piquete Suspension ST 132Kv,APSS1,S,AT Geografico,JOSECPAZ                                                                                                                                     ,"{""type"":""Point"",""coordinates"":[-58.7843926850483,-34.5211833073938]}",0101000020E610000087C0C0FA66644DC0233D7622B64241C0
18076104,Piquete Suspension ST 132Kv,APSS1,S,AT Geografico,JOSECPAZ                                                                                                                                     ,"{""type"":""Point"",""coordinates"":[-58.7823088047016,-34.5235250588516]}",0101000020E610000077C8E5B122644DC0C0337FDE024341C0
18076105,Piquete Suspension ST 132Kv,APSS1,S,AT Geografico,JOSECPAZ                                                                                                                                     ,"{""type"":""Point"",""coordinates"":[-58.7801996369873,-34.5258950526952]}",0101000020E6100000119BEA94DD634DC0263A7287504341C0
18077041,Piquete Suspension ST 132Kv,APSS1,S,AT Geografico,MALVINASARGENTINAS                                                                                                                           ,"{""type"":""Point"",""coordinates"":[-58.7487658556299,-34.4766900026255]}",0101000020E610000061253F8FD75F4DC0AECD912D043D41C0
18077258,Piquete Suspension ST 132Kv,APSS1,S,AT Geografico,LAMATANZA                                                                                                                                    ,"{""type"":""Point"",""coordinates"":[-58.7056415463292,-34.8626816220689]}",0101000020E610000069175276525A4DC0B7D2F4596C6E41C0
18077259,Piquete Suspension ST 132Kv,APSS1,S,AT Geografico,LAMATANZA                                                                                                                                    ,"{""type"":""Point"",""coordinates"":[-58.706464225065,-34.8633649606024]}",0101000020E61000005739736B6D5A4DC05F2637BE826E41C0
18077260,Piquete Suspension ST 132Kv,APSS1,S,AT Geografico,LAMATANZA                                                                                                                                    ,"{""type"":""Point"",""coordinates"":[-58.7073006120547,-34.8640596685052]}",0101000020E61000009E9B92D3885A4DC0DE02D981996E41C0
18077307,Piquete Suspension ST 132Kv,APSS1,S,AT Geografico,MERLO                                                                                                                                        ,"{""type"":""Point"",""coordinates"":[-58.7224468092297,-34.7317863241638]}",0101000020E6100000D65E1523795C4DC0C8F89C2CAB5D41C0
18077308,Piquete Suspension ST 132Kv,APSS1,S,AT Geografico,MERLO                                                                                                                                        ,"{""type"":""Point"",""coordinates"":[-58.7217335734116,-34.7311747547888]}",0101000020E6100000301D07C4615C4DC043BD6522975D41C0
18077309,Piquete Suspension ST 132Kv,APSS1,S,AT Geografico,MERLO                                                                                                                                        ,"{""type"":""Point"",""coordinates"":[-58.7210472749504,-34.7305862707769]}",0101000020E61000001964F0464B5C4DC056F2D5D9835D41C0
18077310,Piquete Suspension ST 132Kv,APSS1,S,AT Geografico,MERLO                                                                                                                                        ,"{""type"":""Point"",""coordinates"":[-58.7203658478051,-34.7300019518795]}",0101000020E610000034BDB6F2345C4DC05DAB36B4705D41C0
18077311,Piquete Suspension ST 132Kv,APSS1,S,AT Geografico,MERLO                                                                                                                                        ,"{""type"":""Point"",""coordinates"":[-58.7196710304154,-34.7294061387185]}",0101000020E6100000A9C1292E1E5C4DC01AA62B2E5D5D41C0
18077312,Piquete Suspension ST 132Kv,APSS1,S,AT Geografico,MERLO                                                                                                                                        ,"{""type"":""Point"",""coordinates"":[-58.7189639988299,-34.7287998390782]}",0101000020E6100000E7FC2603075C4DC0DD152950495D41C0
18077313,Piquete Suspension ST 132Kv,APSS1,S,AT Geografico,MERLO                                                                                                                                        ,"{""type"":""Point"",""coordinates"":[-58.7183791595281,-34.7282983131213]}",0101000020E610000089262AD9F35B4DC0434B0EE1385D41C0
18077314,Piquete Suspension ST 132Kv,APSS1,S,AT Geografico,MERLO                                                                                                                                        ,"{""type"":""Point"",""coordinates"":[-58.7177625172871,-34.7277695052466]}",0101000020E61000007D0565A4DF5B4DC0B607188D275D41C0
18077315,Piquete Suspension ST 132Kv,APSS1,S,AT Geografico,MERLO                                                                                                                                        ,"{""type"":""Point"",""coordinates"":[-58.7170729390228,-34.7271781388255]}",0101000020E610000085F9CA0BC95B4DC0934F5A2C145D41C0
18077316,Piquete Suspension ST 132Kv,APSS1,S,AT Geografico,MERLO                                                                                                                                        ,"{""type"":""Point"",""coordinates"":[-58.7163922026841,-34.7265943430957]}",0101000020E61000009DD15CBDB25B4DC000871E0B015D41C0
18077317,Piquete Suspension ST 132Kv,APSS1,S,AT Geografico,MERLO                                                                                                                                        ,"{""type"":""Point"",""coordinates"":[-58.7157768972596,-34.7260666503595]}",0101000020E6100000277BCE939E5B4DC0580183C0EF5C41C0
18077318,Piquete Suspension ST 132Kv,APSS1,S,AT Geografico,MERLO                                                                                                                                        ,"{""type"":""Point"",""coordinates"":[-58.7151286574909,-34.725510702291]}",0101000020E61000008B2DFA55895B4DC0789EE188DD5C41C0
18077319,Piquete Suspension ST 132Kv,APSS1,S,AT Geografico,MERLO                                                                                                                                        ,"{""type"":""Point"",""coordinates"":[-58.7145065589347,-34.7249771635294]}",0101000020E610000077B36FF3745B4DC058DA3B0DCC5C41C0
18077320,Piquete Suspension ST 132Kv,APSS1,S,AT Geografico,MERLO                                                                                                                                        ,"{""type"":""Point"",""coordinates"":[-58.7138918722116,-34.7244499717612]}",0101000020E6100000B30312CF605B4DC0B226D4C6BA5C41C0
18077321,Piquete Suspension ST 132Kv,APSS1,S,AT Geografico,MERLO                                                                                                                                        ,"{""type"":""Point"",""coordinates"":[-58.7132099458531,-34.723865099993]}",0101000020E6100000794FA8764A5B4DC0C797919CA75C41C0
18077322,Piquete Suspension ST 132Kv,APSS1,S,AT Geografico,MERLO                                                                                                                                        ,"{""type"":""Point"",""coordinates"":[-58.7125157452907,-34.7232696887102]}",0101000020E610000053F447B7335B4DC06199E519945C41C0
18077323,Piquete Suspension ST 132Kv,APSS1,S,AT Geografico,MERLO                                                                                                                                        ,"{""type"":""Point"",""coordinates"":[-58.7118577679161,-34.7227053344384]}",0101000020E6100000344DC4271E5B4DC06607C09B815C41C0
18077324,Piquete Suspension ST 132Kv,APSS1,S,AT Geografico,MERLO                                                                                                                                        ,"{""type"":""Point"",""coordinates"":[-58.7111973560028,-34.7221388809094]}",0101000020E61000004C84D483085B4DC08556FE0B6F5C41C0
18077325,Piquete Suspension ST 132Kv,APSS1,S,AT Geografico,MERLO                                                                                                                                        ,"{""type"":""Point"",""coordinates"":[-58.7105172118987,-34.7215554908748]}",0101000020E6100000CF2C5E3AF25A4DC042C729EE5B5C41C0
18077326,Piquete Suspension ST 132Kv,APSS1,S,AT Geografico,MERLO                                                                                                                                        ,"{""type"":""Point"",""coordinates"":[-58.7098325847733,-34.7209682436072]}",0101000020E6100000499E4CCBDB5A4DC0AEDFF9AF485C41C0
18077327,Piquete Suspension ST 132Kv,APSS1,S,AT Geografico,MERLO                                                                                                                                        ,"{""type"":""Point"",""coordinates"":[-58.7091517946271,-34.7203842756616]}",0101000020E61000005DE96A7CC55A4DC07B424C8D355C41C0
18077328,Piquete Suspension ST 132Kv,APSS1,S,AT Geografico,MERLO                                                                                                                                        ,"{""type"":""Point"",""coordinates"":[-58.708465459326,-34.7197955392018]}",0101000020E6100000541305FFAE5A4DC0D0569E42225C41C0
18077331,Piquete Suspension ST 132Kv,APSS1,S,AT Geografico,MERLO                                                                                                                                        ,"{""type"":""Point"",""coordinates"":[-58.7069479351779,-34.7198054021638]}",0101000020E61000002AC81A457D5A4DC08FE35A95225C41C0
18077332,Piquete Suspension ST 132Kv,APSS1,S,AT Geografico,MERLO                                                                                                                                        ,"{""type"":""Point"",""coordinates"":[-58.7062451061354,-34.7203516540267]}",0101000020E6100000E6E7583D665A4DC007D5A57B345C41C0
18077333,Piquete Suspension ST 132Kv,APSS1,S,AT Geografico,MERLO                                                                                                                                        ,"{""type"":""Point"",""coordinates"":[-58.7055448974869,-34.7208958578546]}",0101000020E61000007548924B4F5A4DC05DA7C250465C41C0
18077334,Piquete Suspension ST 132Kv,APSS1,S,AT Geografico,MERLO                                                                                                                                        ,"{""type"":""Point"",""coordinates"":[-58.7048381065156,-34.7214451659104]}",0101000020E6100000C63A9422385A4DC0A5B8B050585C41C0
18077335,Piquete Suspension ST 132Kv,APSS1,S,AT Geografico,MERLO                                                                                                                                        ,"{""type"":""Point"",""coordinates"":[-58.7041402263432,-34.7219875372348]}",0101000020E610000093F85544215A4DC085456E166A5C41C0
18077336,Piquete Suspension ST 132Kv,APSS1,S,AT Geografico,MERLO                                                                                                                                        ,"{""type"":""Point"",""coordinates"":[-58.7034392543922,-34.7225322999892]}",0101000020E6100000282B284C0A5A4DC0F5603BF07B5C41C0
18077337,Piquete Suspension ST 132Kv,APSS1,S,AT Geografico,MERLO                                                                                                                                        ,"{""type"":""Point"",""coordinates"":[-58.7027356647985,-34.7230790855621]}",0101000020E61000006905053EF3594DC0927400DB8D5C41C0
18077338,Piquete Suspension ST 132Kv,APSS1,S,AT Geografico,MERLO                                                                                                                                        ,"{""type"":""Point"",""coordinates"":[-58.7020481593008,-34.7236133604806]}",0101000020E6100000F834CEB6DC594DC03F1BD35C9F5C41C0
18077339,Piquete Suspension ST 132Kv,APSS1,S,AT Geografico,MERLO                                                                                                                                        ,"{""type"":""Point"",""coordinates"":[-58.7013517420287,-34.7241545497126]}",0101000020E6100000BF80D5E4C5594DC0EE21A618B15C41C0
18077346,Piquete Suspension ST 132Kv,APSS1,S,AT Geografico,MERLO                                                                                                                                        ,"{""type"":""Point"",""coordinates"":[-58.7149072422257,-34.7369664742079]}",0101000020E610000034849C14825B4DC0597CDCEA545E41C0
18077347,Piquete Suspension ST 132Kv,APSS1,S,AT Geografico,MERLO                                                                                                                                        ,"{""type"":""Point"",""coordinates"":[-58.7142149012746,-34.7363765458592]}",0101000020E610000025A5D5646B5B4DC0D7002F96415E41C0
18077348,Piquete Suspension ST 132Kv,APSS1,S,AT Geografico,MERLO                                                                                                                                        ,"{""type"":""Point"",""coordinates"":[-58.713525528585,-34.7357891346243]}",0101000020E61000001B11F5CD545B4DC050FB9E562E5E41C0
18077349,Piquete Suspension ST 132Kv,APSS1,S,AT Geografico,MERLO                                                                                                                                        ,"{""type"":""Point"",""coordinates"":[-58.7128403239667,-34.7352052630417]}",0101000020E6100000795A0B5A3E5B4DC0414EC0341B5E41C0
18077350,Piquete Suspension ST 132Kv,APSS1,S,AT Geografico,MERLO                                                                                                                                        ,"{""type"":""Point"",""coordinates"":[-58.7121370165423,-34.7346059534424]}",0101000020E6100000F828464E275B4DC0B4BD6091075E41C0
18077351,Piquete Suspension ST 132Kv,APSS1,S,AT Geografico,MERLO                                                                                                                                        ,"{""type"":""Point"",""coordinates"":[-58.7114198266285,-34.733994801236]}",0101000020E61000003D8C0CCE0F5B4DC0115FA98AF35D41C0
18077352,Piquete Suspension ST 132Kv,APSS1,S,AT Geografico,MERLO                                                                                                                                        ,"{""type"":""Point"",""coordinates"":[-58.7107838800315,-34.7334528694726]}",0101000020E61000002EA157F7FA5A4DC069C59BC8E15D41C0
18077353,Piquete Suspension ST 132Kv,APSS1,S,AT Geografico,MERLO                                                                                                                                        ,"{""type"":""Point"",""coordinates"":[-58.7100881555546,-34.7328599853228]}",0101000020E610000026B12E2BE45A4DC00FC1225BCE5D41C0
18077354,Piquete Suspension ST 132Kv,APSS1,S,AT Geografico,MERLO                                                                                                                                        ,"{""type"":""Point"",""coordinates"":[-58.7093685808235,-34.732246763476]}",0101000020E610000031B9F396CC5A4DC097DD0E43BA5D41C0
18077355,Piquete Suspension ST 132Kv,APSS1,S,AT Geografico,MERLO                                                                                                                                        ,"{""type"":""Point"",""coordinates"":[-58.7086663423457,-34.7316483029431]}",0101000020E61000004E132694B55A4DC03DA8CEA6A65D41C0
18077356,Piquete Suspension ST 132Kv,APSS1,S,AT Geografico,MERLO                                                                                                                                        ,"{""type"":""Point"",""coordinates"":[-58.7079965325284,-34.7310774670502]}",0101000020E61000000E7260A19F5A4DC058E949F2935D41C0
18077357,Piquete Suspension ST 132Kv,APSS1,S,AT Geografico,MERLO                                                                                                                                        ,"{""type"":""Point"",""coordinates"":[-58.7073166084705,-34.7304979998056]}",0101000020E610000039A6C259895A4DC0B47A5DF5805D41C0
18077358,Piquete Suspension ST 132Kv,APSS1,S,AT Geografico,MERLO                                                                                                                                        ,"{""type"":""Point"",""coordinates"":[-58.7066154300213,-34.7299004061586]}",0101000020E61000003365D95F725A4DC0E4E462606D5D41C0
18077359,Piquete Suspension ST 132Kv,APSS1,S,AT Geografico,MERLO                                                                                                                                        ,"{""type"":""Point"",""coordinates"":[-58.7059140996252,-34.7293026705375]}",0101000020E610000071D6A9645B5A4DC0086C37CA595D41C0
18077360,Piquete Suspension ST 132Kv,APSS1,S,AT Geografico,MERLO                                                                                                                                        ,"{""type"":""Point"",""coordinates"":[-58.7051656365937,-34.72866475059]}",0101000020E610000072B719DE425A4DC01FC4F4E2445D41C0
18077361,Piquete Suspension ST 132Kv,APSS1,S,AT Geografico,MERLO                                                                                                                                        ,"{""type"":""Point"",""coordinates"":[-58.7044643687885,-34.7280670425339]}",0101000020E61000006D9270E32B5A4DC0447D044D315D41C0
18077362,Piquete Suspension ST 132Kv,APSS1,S,AT Geografico,MERLO                                                                                                                                        ,"{""type"":""Point"",""coordinates"":[-58.7037809633917,-34.7274845470541]}",0101000020E610000046A89E7E155A4DC0ACF8B0361E5D41C0
18077363,Piquete Suspension ST 132Kv,APSS1,S,AT Geografico,MERLO                                                                                                                                        ,"{""type"":""Point"",""coordinates"":[-58.7030910737352,-34.7268965127528]}",0101000020E6100000B3E667E3FE594DC0C6ECE6F10A5D41C0
18077364,Piquete Suspension ST 132Kv,APSS1,S,AT Geografico,MERLO                                                                                                                                        ,"{""type"":""Point"",""coordinates"":[-58.7023835418386,-34.7262934283829]}",0101000020E610000008B932B4E7594DC02B1ADD2EF75C41C0
27357039,Piquete Suspension ST 132Kv,APSS1,S,AT Geografico,JOSECPAZ                                                                                                                                     ,"{""type"":""Point"",""coordinates"":[-58.820736051555,-34.4549423635417]}",0101000020E6100000D40902E10D694DC0FC7C268D3B3A41C0
27357040,Piquete Suspension ST 132Kv,APSS1,S,AT Geografico,PILAR                                                                                                                                        ,"{""type"":""Point"",""coordinates"":[-58.8205591481126,-34.4566920105541]}",0101000020E6100000E9C9081508694DC056D640E2743A41C0
27357042,Piquete Suspension ST 132Kv,APSS1,S,AT Geografico,PILAR                                                                                                                                        ,"{""type"":""Point"",""coordinates"":[-58.8175355239229,-34.4619893712127]}",0101000020E610000090480901A5684DC09E3ABC77223B41C0
27357043,Piquete Suspension ST 132Kv,APSS1,S,AT Geografico,JOSECPAZ                                                                                                                                     ,"{""type"":""Point"",""coordinates"":[-58.8020142430691,-34.4878760743172]}",0101000020E61000003B741867A8664DC0B8D823B9723E41C0
27357044,Piquete Suspension ST 132Kv,APSS1,S,AT Geografico,JOSECPAZ                                                                                                                                     ,"{""type"":""Point"",""coordinates"":[-58.8006763485888,-34.4907204578222]}",0101000020E610000051EF05907C664DC084E98EEDCF3E41C0
27357045,Piquete Suspension ST 132Kv,APSS1,S,AT Geografico,JOSECPAZ                                                                                                                                     ,"{""type"":""Point"",""coordinates"":[-58.7982078989805,-34.495979796886]}",0101000020E6100000DBC32AAD2B664DC00E8D17447C3F41C0
27357046,Piquete Suspension ST 132Kv,APSS1,S,AT Geografico,JOSECPAZ                                                                                                                                     ,"{""type"":""Point"",""coordinates"":[-58.7973979657271,-34.4975622530928]}",0101000020E6100000F158F42211664DC0F560B21EB03F41C0
27357048,Piquete Suspension ST 132Kv,APSS1,S,AT Geografico,JOSECPAZ                                                                                                                                     ,"{""type"":""Point"",""coordinates"":[-58.7942035884361,-34.5054592842098]}",0101000020E610000075599376A8654DC00892CBE3B24041C0
27358582,Piquete Suspension ST 132Kv,APSS1,S,AT Geografico,JOSECPAZ                                                                                                                                     ,"{""type"":""Point"",""coordinates"":[-58.7746287998372,-34.5321548482151]}",0101000020E61000009BEB580927634DC0ECBE6AA61D4441C0
27358583,Piquete Suspension ST 132Kv,APSS1,S,AT Geografico,JOSECPAZ                                                                                                                                     ,"{""type"":""Point"",""coordinates"":[-58.7725357844377,-34.534505753142]}",0101000020E61000002593DC73E2624DC06BA23CAF6A4441C0
27358584,Piquete Suspension ST 132Kv,APSS1,S,AT Geografico,JOSECPAZ                                                                                                                                     ,"{""type"":""Point"",""coordinates"":[-58.7704079486574,-34.5368955919616]}",0101000020E6100000EC0748BA9C624DC0B46BA8FEB84441C0
27358586,Piquete Suspension ST 132Kv,APSS1,S,AT Geografico,JOSECPAZ                                                                                                                                     ,"{""type"":""Point"",""coordinates"":[-58.7658602875347,-34.5410321206538]}",0101000020E61000001C22BCB507624DC09A25608A404541C0
28033013,Piquete Suspension ST 132Kv,APSS1,S,AT Geografico,MALVINASARGENTINAS                                                                                                                           ,"{""type"":""Point"",""coordinates"":[-58.748315550128,-34.4760703801253]}",0101000020E6100000AA71CFCDC85F4DC0C89DCCDFEF3C41C0
28085016,Piquete Suspension ST 132Kv,APSS1,S,AT Geografico,MALVINASARGENTINAS                                                                                                                           ,"{""type"":""Point"",""coordinates"":[-58.7477095485593,-34.4768419015836]}",0101000020E610000006FC4CF2B45F4DC00555CA27093D41C0
28214660,Piquete Suspension ST 132Kv,APSS1,S,AT Geografico,LAMATANZA                                                                                                                                    ,"{""type"":""Point"",""coordinates"":[-58.6306719500986,-34.7825143367787]}",0101000020E6100000C816C4DBB9504DC0D48E066E296441C0
28214661,Piquete Suspension ST 132Kv,APSS1,S,AT Geografico,LAMATANZA                                                                                                                                    ,"{""type"":""Point"",""coordinates"":[-58.6298496557101,-34.7818238904863]}",0101000020E61000000256DCE99E504DC0656F24CE126441C0
28214662,Piquete Suspension ST 132Kv,APSS1,S,AT Geografico,LAMATANZA                                                                                                                                    ,"{""type"":""Point"",""coordinates"":[-58.6294873319198,-34.7812625659229]}",0101000020E6100000BDEB770A93504DC02F1D6969006441C0
28214663,Piquete Suspension ST 132Kv,APSS1,S,AT Geografico,LAMATANZA                                                                                                                                    ,"{""type"":""Point"",""coordinates"":[-58.6289646510468,-34.7808393854323]}",0101000020E6100000084BE7E981504DC025EE838BF26341C0
28214664,Piquete Suspension ST 132Kv,APSS1,S,AT Geografico,LAMATANZA                                                                                                                                    ,"{""type"":""Point"",""coordinates"":[-58.5672740885563,-34.7065158294975]}",0101000020E6100000D51BF56F9C484DC02DE6561C6F5A41C0
28214665,Piquete Suspension ST 132Kv,APSS1,S,AT Geografico,LAMATANZA                                                                                                                                    ,"{""type"":""Point"",""coordinates"":[-58.568158599523,-34.7058443289198]}",0101000020E610000037F2C56BB9484DC08863621B595A41C0
28214666,Piquete Suspension ST 132Kv,APSS1,S,AT Geografico,LAMATANZA                                                                                                                                    ,"{""type"":""Point"",""coordinates"":[-58.5687451494958,-34.7053990237867]}",0101000020E6100000E66B1CA4CC484DC0A2E5E4834A5A41C0
28214667,Piquete Suspension ST 132Kv,APSS1,S,AT Geografico,LAMATANZA                                                                                                                                    ,"{""type"":""Point"",""coordinates"":[-58.5694975321919,-34.7048278081008]}",0101000020E610000063F58D4BE5484DC0538D30CC375A41C0
28214668,Piquete Suspension ST 132Kv,APSS1,S,AT Geografico,LAMATANZA                                                                                                                                    ,"{""type"":""Point"",""coordinates"":[-58.5701467936157,-34.7043348727218]}",0101000020E6100000D33FF491FA484DC0E3E225A5275A41C0
28214669,Piquete Suspension ST 132Kv,APSS1,S,AT Geografico,LAMATANZA                                                                                                                                    ,"{""type"":""Point"",""coordinates"":[-58.5708882136609,-34.7037719565915]}",0101000020E61000003BAC6FDD12494DC085B31033155A41C0
28214670,Piquete Suspension ST 132Kv,APSS1,S,AT Geografico,LAMATANZA                                                                                                                                    ,"{""type"":""Point"",""coordinates"":[-58.5716186208043,-34.7031792341661]}",0101000020E6100000CF1189CC2A494DC01CFCF2C6015A41C0
28214671,Piquete Suspension ST 132Kv,APSS1,S,AT Geografico,LAMATANZA                                                                                                                                    ,"{""type"":""Point"",""coordinates"":[-58.57232402252,-34.7026677415042]}",0101000020E610000029B8DFE941494DC082DB3C04F15941C0
28214672,Piquete Suspension ST 132Kv,APSS1,S,AT Geografico,LAMATANZA                                                                                                                                    ,"{""type"":""Point"",""coordinates"":[-58.5730764072563,-34.7021221693678]}",0101000020E610000036A355915A494DC0969DA523DF5941C0
28214673,Piquete Suspension ST 132Kv,APSS1,S,AT Geografico,LAMATANZA                                                                                                                                    ,"{""type"":""Point"",""coordinates"":[-58.5737248771006,-34.7016519387153]}",0101000020E61000003D0618D16F494DC085FA10BBCF5941C0
28214674,Piquete Suspension ST 132Kv,APSS1,S,AT Geografico,LAMATANZA                                                                                                                                    ,"{""type"":""Point"",""coordinates"":[-58.5744748083048,-34.7011081232921]}",0101000020E6100000C105F96388494DC0F13F36E9BD5941C0
28214675,Piquete Suspension ST 132Kv,APSS1,S,AT Geografico,LAMATANZA                                                                                                                                    ,"{""type"":""Point"",""coordinates"":[-58.5754773092432,-34.7013282453881]}",0101000020E610000018658F3DA9494DC0F8D9BA1FC55941C0
28214676,Piquete Suspension ST 132Kv,APSS1,S,AT Geografico,LAMATANZA                                                                                                                                    ,"{""type"":""Point"",""coordinates"":[-58.5760825087667,-34.7018764093296]}",0101000020E6100000AC795712BD494DC0C2F30F16D75941C0
28214677,Piquete Suspension ST 132Kv,APSS1,S,AT Geografico,LAMATANZA                                                                                                                                    ,"{""type"":""Point"",""coordinates"":[-58.5773986613288,-34.7020348828445]}",0101000020E6100000A8940733E8494DC0F33B6F47DC5941C0
28214678,Piquete Suspension ST 132Kv,APSS1,S,AT Geografico,LAMATANZA                                                                                                                                    ,"{""type"":""Point"",""coordinates"":[-58.5782588093356,-34.7014098597269]}",0101000020E61000002F5C7962044A4DC0414F5CCCC75941C0
28214679,Piquete Suspension ST 132Kv,APSS1,S,AT Geografico,LAMATANZA                                                                                                                                    ,"{""type"":""Point"",""coordinates"":[-58.5813805732893,-34.6997481501729]}",0101000020E61000005067BAAD6A4A4DC0E736EE58915941C0
28214680,Piquete Suspension ST 132Kv,APSS1,S,AT Geografico,LAMATANZA                                                                                                                                    ,"{""type"":""Point"",""coordinates"":[-58.6297888660982,-34.7831306895099]}",0101000020E610000067A3EBEB9C504DC02CF85DA03D6441C0
28214681,Piquete Suspension ST 132Kv,APSS1,S,AT Geografico,LAMATANZA                                                                                                                                    ,"{""type"":""Point"",""coordinates"":[-58.6290950258724,-34.7825661113906]}",0101000020E61000006019912F86504DC0B8B057202B6441C0
28214682,Piquete Suspension ST 132Kv,APSS1,S,AT Geografico,LAMATANZA                                                                                                                                    ,"{""type"":""Point"",""coordinates"":[-58.6284691618511,-34.7820568356759]}",0101000020E6100000FC5870AD71504DC0B16B3A701A6441C0
28214683,Piquete Suspension ST 132Kv,APSS1,S,AT Geografico,LAMATANZA                                                                                                                                    ,"{""type"":""Point"",""coordinates"":[-58.6279615032214,-34.7816437387405]}",0101000020E6100000D2BDE30A61504DC0C381EBE60C6441C0
28214684,Piquete Suspension ST 132Kv,APSS1,S,AT Geografico,LAMATANZA                                                                                                                                    ,"{""type"":""Point"",""coordinates"":[-58.6268207744927,-34.7815408468932]}",0101000020E61000002073C3A93B504DC076F2CC87096441C0
28214685,Piquete Suspension ST 132Kv,APSS1,S,AT Geografico,LAMATANZA                                                                                                                                    ,"{""type"":""Point"",""coordinates"":[-58.5658307922016,-34.7076866760273]}",0101000020E6100000ADC9B5246D484DC018AD1C7A955A41C0
28214686,Piquete Suspension ST 132Kv,APSS1,S,AT Geografico,LAMATANZA                                                                                                                                    ,"{""type"":""Point"",""coordinates"":[-58.5668917080129,-34.707546461411]}",0101000020E6100000FE2451E88F484DC09314E8E1905A41C0
28214687,Piquete Suspension ST 132Kv,APSS1,S,AT Geografico,LAMATANZA                                                                                                                                    ,"{""type"":""Point"",""coordinates"":[-58.5681390125875,-34.7073816004687]}",0101000020E61000008C5277C7B8484DC00FE7F37A8B5A41C0
28214688,Piquete Suspension ST 132Kv,APSS1,S,AT Geografico,LAMATANZA                                                                                                                                    ,"{""type"":""Point"",""coordinates"":[-58.569230868407,-34.707237274702]}",0101000020E610000042D79D8EDC484DC0BBAD42C0865A41C0
28214689,Piquete Suspension ST 132Kv,APSS1,S,AT Geografico,LAMATANZA                                                                                                                                    ,"{""type"":""Point"",""coordinates"":[-58.5701893099785,-34.7071105756296]}",0101000020E610000075719BF6FB484DC00F7E6E99825A41C0
28214690,Piquete Suspension ST 132Kv,APSS1,S,AT Geografico,LAMATANZA                                                                                                                                    ,"{""type"":""Point"",""coordinates"":[-58.5718833521735,-34.7068866159605]}",0101000020E61000002A5B437933494DC0E2C3B8427B5A41C0
28214691,Piquete Suspension ST 132Kv,APSS1,S,AT Geografico,LAMATANZA                                                                                                                                    ,"{""type"":""Point"",""coordinates"":[-58.5745231359601,-34.7053591216896]}",0101000020E61000003FDF5FF989494DC0C8CB2B35495A41C0
28214692,Piquete Suspension ST 132Kv,APSS1,S,AT Geografico,LAMATANZA                                                                                                                                    ,"{""type"":""Point"",""coordinates"":[-58.5752599188506,-34.7048110511522]}",0101000020E6100000E014F51DA2494DC06F479F3F375A41C0
28214693,Piquete Suspension ST 132Kv,APSS1,S,AT Geografico,LAMATANZA                                                                                                                                    ,"{""type"":""Point"",""coordinates"":[-58.5759987644841,-34.704248708783]}",0101000020E61000006FFFD753BA494DC0923C5AD2245A41C0
28214694,Piquete Suspension ST 132Kv,APSS1,S,AT Geografico,LAMATANZA                                                                                                                                    ,"{""type"":""Point"",""coordinates"":[-58.5766645688702,-34.7037531331406]}",0101000020E610000099070425D0494DC0EAA52995145A41C0
28214695,Piquete Suspension ST 132Kv,APSS1,S,AT Geografico,LAMATANZA                                                                                                                                    ,"{""type"":""Point"",""coordinates"":[-58.5774522798373,-34.7031573230692]}",0101000020E61000007473D0F4E9494DC03543250F015A41C0
28214696,Piquete Suspension ST 132Kv,APSS1,S,AT Geografico,LAMATANZA                                                                                                                                    ,"{""type"":""Point"",""coordinates"":[-58.5782690751748,-34.7025429309109]}",0101000020E6100000FB1497B8044A4DC0302640EDEC5941C0
28214697,Piquete Suspension ST 132Kv,APSS1,S,AT Geografico,LAMATANZA                                                                                                                                    ,"{""type"":""Point"",""coordinates"":[-58.5788981644294,-34.7020697261967]}",0101000020E61000002DF8C555194A4DC05EC3B86BDD5941C0
28214698,Piquete Suspension ST 132Kv,APSS1,S,AT Geografico,LAMATANZA                                                                                                                                    ,"{""type"":""Point"",""coordinates"":[-58.5798156356397,-34.701381160547]}",0101000020E610000011641466374A4DC0404A9DDBC65941C0
28214699,Piquete Suspension ST 132Kv,APSS1,S,AT Geografico,LAMATANZA                                                                                                                                    ,"{""type"":""Point"",""coordinates"":[-58.5802997701602,-34.7010177898805]}",0101000020E61000006A5B4B43474A4DC0B7B970F3BA5941C0
28214700,Piquete Suspension ST 132Kv,APSS1,S,AT Geografico,LAMATANZA                                                                                                                                    ,"{""type"":""Point"",""coordinates"":[-58.5823506141771,-34.6998582628997]}",0101000020E61000001C5905778A4A4DC0A87E9FF4945941C0
28260566,Piquete Suspension ST 132Kv,APSS1,S,AT Geografico,LAMATANZA                                                                                                                                    ,"{""type"":""Point"",""coordinates"":[-58.5806726024211,-34.7002826902935]}",0101000020E6100000778AD67A534A4DC00062FADCA25941C0
28266977,Piquete Suspension ST 132Kv,APSS1,S,AT Geografico,LAMATANZA                                                                                                                                    ,"{""type"":""Point"",""coordinates"":[-58.627313510378,-34.7807774802126]}",0101000020E6100000CAB421CF4B504DC0AE7B3784F06341C0
28266978,Piquete Suspension ST 132Kv,APSS1,S,AT Geografico,LAMATANZA                                                                                                                                    ,"{""type"":""Point"",""coordinates"":[-58.6265703505118,-34.7813337864338]}",0101000020E6100000B00B0E7533504DC017FFD9BE026441C0
28269037,Piquete Suspension ST 132Kv,APSS1,S,AT Geografico,LAMATANZA                                                                                                                                    ,"{""type"":""Point"",""coordinates"":[-58.6335402397546,-34.7831359596251]}",0101000020E61000001B39B9D817514DC0A37493CC3D6441C0
28269038,Piquete Suspension ST 132Kv,APSS1,S,AT Geografico,LAMATANZA                                                                                                                                    ,"{""type"":""Point"",""coordinates"":[-58.6343525245901,-34.7838141141186]}",0101000020E6100000F19FA97632514DC033245905546441C0
28269039,Piquete Suspension ST 132Kv,APSS1,S,AT Geografico,LAMATANZA                                                                                                                                    ,"{""type"":""Point"",""coordinates"":[-58.6352332671655,-34.7845494036978]}",0101000020E61000004FE7DD524F514DC03B7D671D6C6441C0
28269040,Piquete Suspension ST 132Kv,APSS1,S,AT Geografico,LAMATANZA                                                                                                                                    ,"{""type"":""Point"",""coordinates"":[-58.6361132419768,-34.7852840331887]}",0101000020E6100000E36BA1286C514DC0ED4EEC2F846441C0
28269041,Piquete Suspension ST 132Kv,APSS1,S,AT Geografico,LAMATANZA                                                                                                                                    ,"{""type"":""Point"",""coordinates"":[-58.6370335158956,-34.786052285139]}",0101000020E6100000219D72508A514DC023CF7C5C9D6441C0
28269042,Piquete Suspension ST 132Kv,APSS1,S,AT Geografico,LAMATANZA                                                                                                                                    ,"{""type"":""Point"",""coordinates"":[-58.6378830739804,-34.786761484397]}",0101000020E61000007EB50E27A6514DC0619EAE99B46441C0
28269043,Piquete Suspension ST 132Kv,APSS1,S,AT Geografico,LAMATANZA                                                                                                                                    ,"{""type"":""Point"",""coordinates"":[-58.6386120112595,-34.7873699768987]}",0101000020E6100000A598D309BE514DC0EE50168AC86441C0
28269044,Piquete Suspension ST 132Kv,APSS1,S,AT Geografico,LAMATANZA                                                                                                                                    ,"{""type"":""Point"",""coordinates"":[-58.6395907462371,-34.788186971535]}",0101000020E6100000D0F40C1CDE514DC025F0884FE36441C0
28269045,Piquete Suspension ST 132Kv,APSS1,S,AT Geografico,LAMATANZA                                                                                                                                    ,"{""type"":""Point"",""coordinates"":[-58.6403387136717,-34.7888186818224]}",0101000020E610000094CA749EF6514DC04F73B402F86441C0
28271234,Piquete Suspension ST 132Kv,APSS1,S,AT Geografico,LAMATANZA                                                                                                                                    ,"{""type"":""Point"",""coordinates"":[-58.6303381424277,-34.7851380331186]}",0101000020E6100000FD9295EBAE504DC08A8B2F677F6441C0
28271235,Piquete Suspension ST 132Kv,APSS1,S,AT Geografico,LAMATANZA                                                                                                                                    ,"{""type"":""Point"",""coordinates"":[-58.6313080787795,-34.785961436265]}",0101000020E6100000790700B4CE504DC0795664629A6441C0
28271236,Piquete Suspension ST 132Kv,APSS1,S,AT Geografico,LAMATANZA                                                                                                                                    ,"{""type"":""Point"",""coordinates"":[-58.6321413740987,-34.7866688224797]}",0101000020E6100000E8193002EA504DC0A5AA6090B16441C0
28271237,Piquete Suspension ST 132Kv,APSS1,S,AT Geografico,LAMATANZA                                                                                                                                    ,"{""type"":""Point"",""coordinates"":[-58.632930737678,-34.7873388987802]}",0101000020E6100000E27AD9DF03514DC091906285C76441C0
28271238,Piquete Suspension ST 132Kv,APSS1,S,AT Geografico,LAMATANZA                                                                                                                                    ,"{""type"":""Point"",""coordinates"":[-58.6340940716052,-34.7883264029855]}",0101000020E6100000DF109AFE29514DC0AEB22BE1E76441C0
28271239,Piquete Suspension ST 132Kv,APSS1,S,AT Geografico,LAMATANZA                                                                                                                                    ,"{""type"":""Point"",""coordinates"":[-58.6351577616569,-34.789229293879]}",0101000020E6100000F40E7BD94C514DC0B4202B77056541C0
28271240,Piquete Suspension ST 132Kv,APSS1,S,AT Geografico,LAMATANZA                                                                                                                                    ,"{""type"":""Point"",""coordinates"":[-58.636192901402,-34.7901079230357]}",0101000020E61000000CBCDCC46E514DC0DCDFA441226541C0
28271241,Piquete Suspension ST 132Kv,APSS1,S,AT Geografico,LAMATANZA                                                                                                                                    ,"{""type"":""Point"",""coordinates"":[-58.637005197525,-34.7907973830433]}",0101000020E61000003860E56289514DC07CF740D9386541C0
28271243,Piquete Suspension ST 132Kv,APSS1,S,AT Geografico,LAMATANZA                                                                                                                                    ,"{""type"":""Point"",""coordinates"":[-58.638717510316,-34.7909148950421]}",0101000020E61000004F18D17EC1514DC0091004B33C6541C0
28271244,Piquete Suspension ST 132Kv,APSS1,S,AT Geografico,LAMATANZA                                                                                                                                    ,"{""type"":""Point"",""coordinates"":[-58.6395933556856,-34.7902125952054]}",0101000020E610000051B4F031DE514DC0B6A5B2AF256541C0
28280940,Piquete Suspension ST 132Kv,APSS1,S,AT Geografico,LAMATANZA                                                                                                                                    ,"{""type"":""Point"",""coordinates"":[-58.7136784516511,-34.8611218208446]}",0101000020E6100000C1D9C4D0595B4DC02233653D396E41C0
28280941,Piquete Suspension ST 132Kv,APSS1,S,AT Geografico,LAMATANZA                                                                                                                                    ,"{""type"":""Point"",""coordinates"":[-58.7109509231849,-34.8633121866676]}",0101000020E6100000F6119A70005B4DC0E7FC8303816E41C0
28280942,Piquete Suspension ST 132Kv,APSS1,S,AT Geografico,LAMATANZA                                                                                                                                    ,"{""type"":""Point"",""coordinates"":[-58.7098037225156,-34.8645199319134]}",0101000020E61000004D642FD9DA5A4DC06E27D196A86E41C0
28281261,Piquete Suspension ST 132Kv,APSS1,S,AT Geografico,LAMATANZA                                                                                                                                    ,"{""type"":""Point"",""coordinates"":[-58.7195166840066,-34.8499645919173]}",0101000020E61000000E5E691F195C4DC07E85C6A3CB6C41C0
28281262,Piquete Suspension ST 132Kv,APSS1,S,AT Geografico,LAMATANZA                                                                                                                                    ,"{""type"":""Point"",""coordinates"":[-58.7185822672853,-34.8507232196692]}",0101000020E6100000E9BCF480FA5B4DC0AD369B7FE46C41C0
28281263,Piquete Suspension ST 132Kv,APSS1,S,AT Geografico,LAMATANZA                                                                                                                                    ,"{""type"":""Point"",""coordinates"":[-58.7176442609695,-34.8514847400047]}",0101000020E61000005D8363C4DB5B4DC07CAEB373FD6C41C0
28281264,Piquete Suspension ST 132Kv,APSS1,S,AT Geografico,LAMATANZA                                                                                                                                    ,"{""type"":""Point"",""coordinates"":[-58.7165300617022,-34.8523892743226]}",0101000020E61000004DCECE41B75B4DC0A2567C171B6D41C0
28281266,Piquete Suspension ST 132Kv,APSS1,S,AT Geografico,LAMATANZA                                                                                                                                    ,"{""type"":""Point"",""coordinates"":[-58.7154610003951,-34.8532571357086]}",0101000020E61000005021DF39945B4DC03479A287376D41C0
28281267,Piquete Suspension ST 132Kv,APSS1,S,AT Geografico,LAMATANZA                                                                                                                                    ,"{""type"":""Point"",""coordinates"":[-58.7145911361482,-34.8539632685658]}",0101000020E610000053E2EBB8775B4DC0D73C1BAB4E6D41C0
28281268,Piquete Suspension ST 132Kv,APSS1,S,AT Geografico,LAMATANZA                                                                                                                                    ,"{""type"":""Point"",""coordinates"":[-58.7137255444591,-34.8546659145188]}",0101000020E6100000C3E2CF5B5B5B4DC0A1EE53B1656D41C0
28281269,Piquete Suspension ST 132Kv,APSS1,S,AT Geografico,LAMATANZA                                                                                                                                    ,"{""type"":""Point"",""coordinates"":[-58.7128741145922,-34.8553570465184]}",0101000020E6100000532B80753F5B4DC09399F6567C6D41C0
28281270,Piquete Suspension ST 132Kv,APSS1,S,AT Geografico,LAMATANZA                                                                                                                                    ,"{""type"":""Point"",""coordinates"":[-58.7119659572167,-34.8560942062623]}",0101000020E6100000360E53B3215B4DC08718B57E946D41C0
28281271,Piquete Suspension ST 132Kv,APSS1,S,AT Geografico,LAMATANZA                                                                                                                                    ,"{""type"":""Point"",""coordinates"":[-58.7110624706675,-34.8568275544231]}",0101000020E610000003775418045B4DC085477A86AC6D41C0
28281272,Piquete Suspension ST 132Kv,APSS1,S,AT Geografico,LAMATANZA                                                                                                                                    ,"{""type"":""Point"",""coordinates"":[-58.7101549681277,-34.8575641420185]}",0101000020E6100000AA99A55BE65A4DC089186CA9C46D41C0
28281273,Piquete Suspension ST 132Kv,APSS1,S,AT Geografico,LAMATANZA                                                                                                                                    ,"{""type"":""Point"",""coordinates"":[-58.7092239319558,-34.858319809873]}",0101000020E610000037A58CD9C75A4DC0ED746C6CDD6D41C0
28281274,Piquete Suspension ST 132Kv,APSS1,S,AT Geografico,LAMATANZA                                                                                                                                    ,"{""type"":""Point"",""coordinates"":[-58.7082682855955,-34.8590954301217]}",0101000020E610000099B60189A85A4DC00242CCD6F66D41C0
28281275,Piquete Suspension ST 132Kv,APSS1,S,AT Geografico,LAMATANZA                                                                                                                                    ,"{""type"":""Point"",""coordinates"":[-58.7072977709648,-34.859883094627]}",0101000020E6100000EE69BDBB885A4DC035E734A6106E41C0
28281276,Piquete Suspension ST 132Kv,APSS1,S,AT Geografico,LAMATANZA                                                                                                                                    ,"{""type"":""Point"",""coordinates"":[-58.7063431095253,-34.8606578700713]}",0101000020E610000044957573695A4DC029807E092A6E41C0
28281277,Piquete Suspension ST 132Kv,APSS1,S,AT Geografico,LAMATANZA                                                                                                                                    ,"{""type"":""Point"",""coordinates"":[-58.705395656125,-34.8614267734119]}",0101000020E61000000BE6A4674A5A4DC0F4D9853B436E41C0
28281281,Piquete Suspension ST 132Kv,APSS1,S,AT Geografico,LAMATANZA                                                                                                                                    ,"{""type"":""Point"",""coordinates"":[-58.7064813656945,-34.8656533359417]}",0101000020E610000011723CFB6D5A4DC07DC57FBACD6E41C0
28281282,Piquete Suspension ST 132Kv,APSS1,S,AT Geografico,LAMATANZA                                                                                                                                    ,"{""type"":""Point"",""coordinates"":[-58.7055177571324,-34.8664415273097]}",0101000020E6100000C2D0E6674E5A4DC083D8538EE76E41C0
28281283,Piquete Suspension ST 132Kv,APSS1,S,AT Geografico,LAMATANZA                                                                                                                                    ,"{""type"":""Point"",""coordinates"":[-58.7045585929408,-34.8672260603352]}",0101000020E6100000F865D9F92E5A4DC07DB07743016F41C0
28281284,Piquete Suspension ST 132Kv,APSS1,S,AT Geografico,LAMATANZA                                                                                                                                    ,"{""type"":""Point"",""coordinates"":[-58.7036016709859,-34.8680087364599]}",0101000020E6100000CC259B9E0F5A4DC06CDE07E91A6F41C0
28281285,Piquete Suspension ST 132Kv,APSS1,S,AT Geografico,LAMATANZA                                                                                                                                    ,"{""type"":""Point"",""coordinates"":[-58.7026392254794,-34.8687959072972]}",0101000020E61000000D290715F0594DC0BD5E4CB4346F41C0
28281286,Piquete Suspension ST 132Kv,APSS1,S,AT Geografico,LAMATANZA                                                                                                                                    ,"{""type"":""Point"",""coordinates"":[-58.7016904897172,-34.8695718425011]}",0101000020E6100000F69F74FED0594DC04C8850214E6F41C0
28281288,Piquete Suspension ST 132Kv,APSS1,S,AT Geografico,LAMATANZA                                                                                                                                    ,"{""type"":""Point"",""coordinates"":[-58.7000249641637,-34.8699089533504]}",0101000020E6100000BFBB036B9A594DC0A291342D596F41C0
28281290,Piquete Suspension ST 132Kv,APSS1,S,AT Geografico,LAMATANZA                                                                                                                                    ,"{""type"":""Point"",""coordinates"":[-58.6985333133531,-34.8701338805605]}",0101000020E61000004C02248A69594DC01113088C606F41C0
28281291,Piquete Suspension ST 132Kv,APSS1,S,AT Geografico,LAMATANZA                                                                                                                                    ,"{""type"":""Point"",""coordinates"":[-58.6977045128029,-34.8707990737279]}",0101000020E61000004461A8614E594DC02E861358766F41C0
28281292,Piquete Suspension ST 132Kv,APSS1,S,AT Geografico,LAMATANZA                                                                                                                                    ,"{""type"":""Point"",""coordinates"":[-58.6968669596625,-34.8714712747092]}",0101000020E6100000E7B4C0EF32594DC0BE23E85E8C6F41C0
28281293,Piquete Suspension ST 132Kv,APSS1,S,AT Geografico,LAMATANZA                                                                                                                                    ,"{""type"":""Point"",""coordinates"":[-58.6960263557272,-34.8721459070061]}",0101000020E61000004F80416417594DC039F7217AA26F41C0
28281294,Piquete Suspension ST 132Kv,APSS1,S,AT Geografico,LAMATANZA                                                                                                                                    ,"{""type"":""Point"",""coordinates"":[-58.6951883985548,-34.8728183979966]}",0101000020E6100000FE2CF6EEFB584DC00A5F6583B86F41C0
28281296,Piquete Suspension ST 132Kv,APSS1,S,AT Geografico,LAMATANZA                                                                                                                                    ,"{""type"":""Point"",""coordinates"":[-58.6937511652427,-34.8728886889709]}",0101000020E6100000C52393D6CC584DC0D6160AD1BA6F41C0
28281297,Piquete Suspension ST 132Kv,APSS1,S,AT Geografico,LAMATANZA                                                                                                                                    ,"{""type"":""Point"",""coordinates"":[-58.693021977015,-34.872261025441]}",0101000020E61000002258B3F1B4584DC018ECD03FA66F41C0
28281300,Piquete Suspension ST 132Kv,APSS1,S,AT Geografico,LAMATANZA                                                                                                                                    ,"{""type"":""Point"",""coordinates"":[-58.7231205548298,-34.8537496068364]}",0101000020E6100000A007DF368F5C4DC0E62AC8AA476D41C0
28281301,Piquete Suspension ST 132Kv,APSS1,S,AT Geografico,LAMATANZA                                                                                                                                    ,"{""type"":""Point"",""coordinates"":[-58.7217942178654,-34.85482361742]}",0101000020E61000003E16C0C0635C4DC06B553CDC6A6D41C0
28281302,Piquete Suspension ST 132Kv,APSS1,S,AT Geografico,LAMATANZA                                                                                                                                    ,"{""type"":""Point"",""coordinates"":[-58.7204692681786,-34.8558964614072]}",0101000020E6100000D04C4456385C4DC0C440E7038E6D41C0
28281303,Piquete Suspension ST 132Kv,APSS1,S,AT Geografico,LAMATANZA                                                                                                                                    ,"{""type"":""Point"",""coordinates"":[-58.7191457637035,-34.8569680920182]}",0101000020E6100000F014E8F70C5C4DC07E776421B16D41C0
28281304,Piquete Suspension ST 132Kv,APSS1,S,AT Geografico,LAMATANZA                                                                                                                                    ,"{""type"":""Point"",""coordinates"":[-58.7178203416136,-34.8580412320727]}",0101000020E610000020D17589E15B4DC0912F8B4BD46D41C0
28281305,Piquete Suspension ST 132Kv,APSS1,S,AT Geografico,LAMATANZA                                                                                                                                    ,"{""type"":""Point"",""coordinates"":[-58.7164934057919,-34.8591155544147]}",0101000020E61000007DD6500EB65B4DC01AD99C7FF76D41C0
28281306,Piquete Suspension ST 132Kv,APSS1,S,AT Geografico,LAMATANZA                                                                                                                                    ,"{""type"":""Point"",""coordinates"":[-58.7151660402201,-34.8601901813092]}",0101000020E610000047FA908F8A5B4DC01B883CB61A6E41C0
28281307,Piquete Suspension ST 132Kv,APSS1,S,AT Geografico,LAMATANZA                                                                                                                                    ,"{""type"":""Point"",""coordinates"":[-58.7125214711218,-34.862075878591]}",0101000020E6100000371550E7335B4DC0019C9C80586E41C0
28281310,Piquete Suspension ST 132Kv,APSS1,S,AT Geografico,LAMATANZA                                                                                                                                    ,"{""type"":""Point"",""coordinates"":[-58.7030741988736,-34.8628219646973]}",0101000020E61000006469D955FE594DC0A1523CF3706E41C0
28281311,Piquete Suspension ST 132Kv,APSS1,S,AT Geografico,LAMATANZA                                                                                                                                    ,"{""type"":""Point"",""coordinates"":[-58.7019837533977,-34.8637108347237]}",0101000020E61000004A95879ADA594DC06C2B9E138E6E41C0
28281312,Piquete Suspension ST 132Kv,APSS1,S,AT Geografico,LAMATANZA                                                                                                                                    ,"{""type"":""Point"",""coordinates"":[-58.7008944013404,-34.8645987839355]}",0101000020E610000073DA61E8B6594DC00695462CAB6E41C0
28281313,Piquete Suspension ST 132Kv,APSS1,S,AT Geografico,LAMATANZA                                                                                                                                    ,"{""type"":""Point"",""coordinates"":[-58.6998083344833,-34.865484025986]}",0101000020E61000007809CB5193594DC0FA68392EC86E41C0
28281314,Piquete Suspension ST 132Kv,APSS1,S,AT Geografico,LAMATANZA                                                                                                                                    ,"{""type"":""Point"",""coordinates"":[-58.6987194160036,-34.8663715629126]}",0101000020E6100000666848A36F594DC070726C43E56E41C0
28281315,Piquete Suspension ST 132Kv,APSS1,S,AT Geografico,LAMATANZA                                                                                                                                    ,"{""type"":""Point"",""coordinates"":[-58.6976313019204,-34.8672584147734]}",0101000020E6100000FB3485FB4B594DC0FC50E052026F41C0
28281316,Piquete Suspension ST 132Kv,APSS1,S,AT Geografico,LAMATANZA                                                                                                                                    ,"{""type"":""Point"",""coordinates"":[-58.6965449188415,-34.8681438264486]}",0101000020E6100000474F476228594DC01B693F561F6F41C0
28281317,Piquete Suspension ST 132Kv,APSS1,S,AT Geografico,LAMATANZA                                                                                                                                    ,"{""type"":""Point"",""coordinates"":[-58.6954584561701,-34.869029273658]}",0101000020E6100000157D5EC804594DC054D0EA593C6F41C0
28281318,Piquete Suspension ST 132Kv,APSS1,S,AT Geografico,LAMATANZA                                                                                                                                    ,"{""type"":""Point"",""coordinates"":[-58.6943655461776,-34.8699199457158]}",0101000020E6100000A62660F8E0584DC0637E6A89596F41C0
28281319,Piquete Suspension ST 132Kv,APSS1,S,AT Geografico,LAMATANZA                                                                                                                                    ,"{""type"":""Point"",""coordinates"":[-58.6932765842392,-34.8708073707608]}",0101000020E6100000EB318049BD584DC04944AD9D766F41C0
28300726,Piquete Suspension ST 132Kv,APSS1,S,AT Geografico,ITUZAINGO                                                                                                                                    ,"{""type"":""Point"",""coordinates"":[-58.6671409852602,-34.6282415074059]}",0101000020E6100000BEC134E064554DC02226BC376A5041C0
28300731,Piquete Suspension ST 132Kv,APSS1,S,AT Geografico,MERLO                                                                                                                                        ,"{""type"":""Point"",""coordinates"":[-58.7261137276702,-34.6568994232288]}",0101000020E610000092C26C4BF15C4DC0B0C3C147155441C0
28321865,Piquete Suspension ST 132Kv,APSS1,S,AT Geografico,MORENO                                                                                                                                       ,"{""type"":""Point"",""coordinates"":[-58.7587382573016,-34.6350652550629]}",0101000020E6100000D0AAD0551E614DC01BA97AD1495141C0
28331954,Piquete Suspension ST 132Kv,APSS1,S,AT Geografico,ITUZAINGO                                                                                                                                    ,"{""type"":""Point"",""coordinates"":[-58.6967267389412,-34.6362165253828]}",0101000020E61000002C007F572E594DC0D5D8088B6F5141C0
28333445,Piquete Suspension ST 132Kv,APSS1,S,AT Geografico,MERLO                                                                                                                                        ,"{""type"":""Point"",""coordinates"":[-58.7423877048517,-34.6669183197241]}",0101000020E610000036A5708F065F4DC0BC285A945D5541C0
28333448,Piquete Suspension ST 132Kv,APSS1,S,AT Geografico,MERLO                                                                                                                                        ,"{""type"":""Point"",""coordinates"":[-58.7423271098771,-34.6662438368079]}",0101000020E6100000A1ED2193045F4DC03720617A475541C0
28333449,Piquete Suspension ST 132Kv,APSS1,S,AT Geografico,MERLO                                                                                                                                        ,"{""type"":""Point"",""coordinates"":[-58.7415604120362,-34.6656218012036]}",0101000020E610000016DA9A73EB5E4DC045D65D18335541C0
28333453,Piquete Suspension ST 132Kv,APSS1,S,AT Geografico,MERLO                                                                                                                                        ,"{""type"":""Point"",""coordinates"":[-58.7390192298316,-34.6649267439564]}",0101000020E6100000F19E9F2E985E4DC0ADC3CD511C5541C0
28333454,Piquete Suspension ST 132Kv,APSS1,S,AT Geografico,MERLO                                                                                                                                        ,"{""type"":""Point"",""coordinates"":[-58.7385535840325,-34.6647749260989]}",0101000020E6100000B5E180EC885E4DC0D4654358175541C0
28333455,Piquete Suspension ST 132Kv,APSS1,S,AT Geografico,MERLO                                                                                                                                        ,"{""type"":""Point"",""coordinates"":[-58.7379440502301,-34.664576191904]}",0101000020E610000011025DF3745E4DC0C4F628D5105541C0
28333456,Piquete Suspension ST 132Kv,APSS1,S,AT Geografico,MERLO                                                                                                                                        ,"{""type"":""Point"",""coordinates"":[-58.7370183168894,-34.6642743554861]}",0101000020E6100000E4CBBF9D565E4DC035312CF1065541C0
28333459,Piquete Suspension ST 132Kv,APSS1,S,AT Geografico,MERLO                                                                                                                                        ,"{""type"":""Point"",""coordinates"":[-58.7361705959787,-34.6623154355504]}",0101000020E6100000B0008DD63A5E4DC098A98FC0C65441C0
28333460,Piquete Suspension ST 132Kv,APSS1,S,AT Geografico,MERLO                                                                                                                                        ,"{""type"":""Point"",""coordinates"":[-58.7360386667406,-34.6617297272721]}",0101000020E6100000081FD983365E4DC05CB6488FB35441C0
28333461,Piquete Suspension ST 132Kv,APSS1,S,AT Geografico,MERLO                                                                                                                                        ,"{""type"":""Point"",""coordinates"":[-58.7359073213852,-34.6611466033762]}",0101000020E6100000491E0B36325E4DC05BAEAF73A05441C0
28333462,Piquete Suspension ST 132Kv,APSS1,S,AT Geografico,MERLO                                                                                                                                        ,"{""type"":""Point"",""coordinates"":[-58.7357526609499,-34.6604599593973]}",0101000020E6100000CC5CA8242D5E4DC0E2F6B2F3895441C0
28333463,Piquete Suspension ST 132Kv,APSS1,S,AT Geografico,MERLO                                                                                                                                        ,"{""type"":""Point"",""coordinates"":[-58.735581900926,-34.6597018257435]}",0101000020E6100000D400388C275E4DC0FF56031C715441C0
28333464,Piquete Suspension ST 132Kv,APSS1,S,AT Geografico,MERLO                                                                                                                                        ,"{""type"":""Point"",""coordinates"":[-58.7354192257202,-34.6589795745093]}",0101000020E6100000B3A89937225E4DC0F49F5471595441C0
28333465,Piquete Suspension ST 132Kv,APSS1,S,AT Geografico,MERLO                                                                                                                                        ,"{""type"":""Point"",""coordinates"":[-58.7352524459293,-34.6582390872492]}",0101000020E610000000C98CC01C5E4DC09B57AC2D415441C0
28333466,Piquete Suspension ST 132Kv,APSS1,S,AT Geografico,MERLO                                                                                                                                        ,"{""type"":""Point"",""coordinates"":[-58.7350758340216,-34.6574549325902]}",0101000020E6100000F89905F7165E4DC0CB08B57B275441C0
28333467,Piquete Suspension ST 132Kv,APSS1,S,AT Geografico,MERLO                                                                                                                                        ,"{""type"":""Point"",""coordinates"":[-58.7349214773914,-34.6567695795772]}",0101000020E610000015432FE8115E4DC054A58C06115441C0
28333468,Piquete Suspension ST 132Kv,APSS1,S,AT Geografico,MERLO                                                                                                                                        ,"{""type"":""Point"",""coordinates"":[-58.7347533470427,-34.6560230582108]}",0101000020E61000006116CE650C5E4DC0FD374690F85341C0
28333472,Piquete Suspension ST 132Kv,APSS1,S,AT Geografico,MERLO                                                                                                                                        ,"{""type"":""Point"",""coordinates"":[-58.7337230098445,-34.6550716184451]}",0101000020E61000006BCDB5A2EA5D4DC035E10463D95341C0
28333473,Piquete Suspension ST 132Kv,APSS1,S,AT Geografico,MERLO                                                                                                                                        ,"{""type"":""Point"",""coordinates"":[-58.7328515432669,-34.6551972769622]}",0101000020E6100000C1935114CE5D4DC0937D1E81DD5341C0
28333474,Piquete Suspension ST 132Kv,APSS1,S,AT Geografico,MERLO                                                                                                                                        ,"{""type"":""Point"",""coordinates"":[-58.7319947832975,-34.6553208084294]}",0101000020E61000007E8D4B01B25D4DC0DE4B608DE15341C0
28333475,Piquete Suspension ST 132Kv,APSS1,S,AT Geografico,MERLO                                                                                                                                        ,"{""type"":""Point"",""coordinates"":[-58.7310694351221,-34.6554542220403]}",0101000020E61000002E7AE9AE935D4DC018D887ECE55341C0
28333476,Piquete Suspension ST 132Kv,APSS1,S,AT Geografico,MERLO                                                                                                                                        ,"{""type"":""Point"",""coordinates"":[-58.7303260400284,-34.655561396831]}",0101000020E610000063ABDC527B5D4DC062F4936FE95341C0
28333477,Piquete Suspension ST 132Kv,APSS1,S,AT Geografico,MERLO                                                                                                                                        ,"{""type"":""Point"",""coordinates"":[-58.7294972269624,-34.6556808805888]}",0101000020E6100000BE29462A605D4DC0E65EE159ED5341C0
28333478,Piquete Suspension ST 132Kv,APSS1,S,AT Geografico,MERLO                                                                                                                                        ,"{""type"":""Point"",""coordinates"":[-58.7287104090438,-34.6553329264654]}",0101000020E61000008D8CF761465D4DC0949407F3E15341C0
28333481,Piquete Suspension ST 132Kv,APSS1,S,AT Geografico,MERLO                                                                                                                                        ,"{""type"":""Point"",""coordinates"":[-58.7274860228398,-34.6541030888306]}",0101000020E6100000773212431E5D4DC0B25E67A6B95341C0
28333482,Piquete Suspension ST 132Kv,APSS1,S,AT Geografico,MERLO                                                                                                                                        ,"{""type"":""Point"",""coordinates"":[-58.7269401513816,-34.6537011844515]}",0101000020E6100000AA2AF85F0C5D4DC0B049FC7AAC5341C0
28333483,Piquete Suspension ST 132Kv,APSS1,S,AT Geografico,MERLO                                                                                                                                        ,"{""type"":""Point"",""coordinates"":[-58.7262357670549,-34.6531825638295]}",0101000020E6100000DA572A4BF55C4DC088FB7A7C9B5341C0
28333484,Piquete Suspension ST 132Kv,APSS1,S,AT Geografico,MERLO                                                                                                                                        ,"{""type"":""Point"",""coordinates"":[-58.7255772193832,-34.6526976821984]}",0101000020E610000099FCDDB6DF5C4DC0C99BFF988B5341C0
28333485,Piquete Suspension ST 132Kv,APSS1,S,AT Geografico,MERLO                                                                                                                                        ,"{""type"":""Point"",""coordinates"":[-58.7249041403811,-34.6522020918981]}",0101000020E6100000FFD5ABA8C95C4DC0E58AAF5B7B5341C0
28333486,Piquete Suspension ST 132Kv,APSS1,S,AT Geografico,MERLO                                                                                                                                        ,"{""type"":""Point"",""coordinates"":[-58.7241213254828,-34.6516256907513]}",0101000020E610000076A4F101B05C4DC051817B78685341C0
28333487,Piquete Suspension ST 132Kv,APSS1,S,AT Geografico,MERLO                                                                                                                                        ,"{""type"":""Point"",""coordinates"":[-58.7234620664004,-34.6511402560789]}",0101000020E61000000A8BAD679A5C4DC0E87B5C90585341C0
28333488,Piquete Suspension ST 132Kv,APSS1,S,AT Geografico,MERLO                                                                                                                                        ,"{""type"":""Point"",""coordinates"":[-58.7226688615469,-34.6508474486348]}",0101000020E61000003C17CB69805C4DC028491DF84E5341C0
28333491,Piquete Suspension ST 132Kv,APSS1,S,AT Geografico,MERLO                                                                                                                                        ,"{""type"":""Point"",""coordinates"":[-58.7211672194418,-34.6518731969332]}",0101000020E610000093391B354F5C4DC0C8FBB694705341C0
28333492,Piquete Suspension ST 132Kv,APSS1,S,AT Geografico,MERLO                                                                                                                                        ,"{""type"":""Point"",""coordinates"":[-58.7197408257074,-34.6520500765442]}",0101000020E61000003001A677205C4DC0470E7D60765341C0
28333493,Piquete Suspension ST 132Kv,APSS1,S,AT Geografico,MERLO                                                                                                                                        ,"{""type"":""Point"",""coordinates"":[-58.7184961910952,-34.6522044028624]}",0101000020E6100000FA86E5AEF75B4DC0FA4C126F7B5341C0
28333496,Piquete Suspension ST 132Kv,APSS1,S,AT Geografico,MERLO                                                                                                                                        ,"{""type"":""Point"",""coordinates"":[-58.7169065870598,-34.650945686355]}",0101000020E6100000B9DA5498C35B4DC0FF2E3130525341C0
28333497,Piquete Suspension ST 132Kv,APSS1,S,AT Geografico,MERLO                                                                                                                                        ,"{""type"":""Point"",""coordinates"":[-58.7164314168529,-34.6505513551995]}",0101000020E6100000E59A5006B45B4DC0A5794D44455341C0
28333498,Piquete Suspension ST 132Kv,APSS1,S,AT Geografico,MERLO                                                                                                                                        ,"{""type"":""Point"",""coordinates"":[-58.71593631463,-34.6501404771334]}",0101000020E610000069AD18CDA35B4DC0FF8B9BCD375341C0
28333499,Piquete Suspension ST 132Kv,APSS1,S,AT Geografico,MERLO                                                                                                                                        ,"{""type"":""Point"",""coordinates"":[-58.7154810930438,-34.6497626901395]}",0101000020E6100000C9C36BE2945B4DC0B727806C2B5341C0
28333500,Piquete Suspension ST 132Kv,APSS1,S,AT Geografico,MERLO                                                                                                                                        ,"{""type"":""Point"",""coordinates"":[-58.714964021426,-34.64933356786]}",0101000020E6100000B6EBE8F0835B4DC0AD13C35C1D5341C0
28333501,Piquete Suspension ST 132Kv,APSS1,S,AT Geografico,MERLO                                                                                                                                        ,"{""type"":""Point"",""coordinates"":[-58.7144494412257,-34.6489065067466]}",0101000020E6100000DE5A4C14735B4DC0B351505E0F5341C0
28333502,Piquete Suspension ST 132Kv,APSS1,S,AT Geografico,MERLO                                                                                                                                        ,"{""type"":""Point"",""coordinates"":[-58.7137846563559,-34.6483547779897]}",0101000020E6100000B3B7AD4B5D5B4DC0E4D5134AFD5241C0
28333506,Piquete Suspension ST 132Kv,APSS1,S,AT Geografico,ITUZAINGO                                                                                                                                    ,"{""type"":""Point"",""coordinates"":[-58.7118966572841,-34.6475144807796]}",0101000020E61000005A95FE6D1F5B4DC0475127C1E15241C0
28333507,Piquete Suspension ST 132Kv,APSS1,S,AT Geografico,ITUZAINGO                                                                                                                                    ,"{""type"":""Point"",""coordinates"":[-58.7114069935106,-34.6471220286745]}",0101000020E610000002A365620F5B4DC0D1D606E5D45241C0
28333508,Piquete Suspension ST 132Kv,APSS1,S,AT Geografico,ITUZAINGO                                                                                                                                    ,"{""type"":""Point"",""coordinates"":[-58.7108239255316,-34.646654708365]}",0101000020E6100000B2AF4447FC5A4DC0B01DDC94C55241C0
28333509,Piquete Suspension ST 132Kv,APSS1,S,AT Geografico,ITUZAINGO                                                                                                                                    ,"{""type"":""Point"",""coordinates"":[-58.7102733737278,-34.6462134420089]}",0101000020E6100000B1B0E73CEA5A4DC0FED43F1FB75241C0
28333510,Piquete Suspension ST 132Kv,APSS1,S,AT Geografico,ITUZAINGO                                                                                                                                    ,"{""type"":""Point"",""coordinates"":[-58.7097303757136,-34.6457782230783]}",0101000020E61000007C55E871D85A4DC08F4B5EDCA85241C0
28333513,Piquete Suspension ST 132Kv,APSS1,S,AT Geografico,ITUZAINGO                                                                                                                                    ,"{""type"":""Point"",""coordinates"":[-58.7086841899738,-34.6449911125637]}",0101000020E61000009A90DD29B65A4DC002569B118F5241C0
28333514,Piquete Suspension ST 132Kv,APSS1,S,AT Geografico,ITUZAINGO                                                                                                                                    ,"{""type"":""Point"",""coordinates"":[-58.7077062595905,-34.6442059445915]}",0101000020E6100000D20E641E965A4DC069F42357755241C0
28333515,Piquete Suspension ST 132Kv,APSS1,S,AT Geografico,ITUZAINGO                                                                                                                                    ,"{""type"":""Point"",""coordinates"":[-58.7071303824964,-34.6437067682645]}",0101000020E6100000376A953F835A4DC071F4BEFB645241C0
28333516,Piquete Suspension ST 132Kv,APSS1,S,AT Geografico,ITUZAINGO                                                                                                                                    ,"{""type"":""Point"",""coordinates"":[-58.7064581053055,-34.643124020463]}",0101000020E610000006241D386D5A4DC08B944DE3515241C0
28333517,Piquete Suspension ST 132Kv,APSS1,S,AT Geografico,ITUZAINGO                                                                                                                                    ,"{""type"":""Point"",""coordinates"":[-58.7057579221004,-34.642517070539]}",0101000020E61000003B288D46565A4DC0218BD6FF3D5241C0
28333518,Piquete Suspension ST 132Kv,APSS1,S,AT Geografico,ITUZAINGO                                                                                                                                    ,"{""type"":""Point"",""coordinates"":[-58.7051966676099,-34.6420305410505]}",0101000020E6100000025168E2435A4DC0306C880E2E5241C0
28333519,Piquete Suspension ST 132Kv,APSS1,S,AT Geografico,ITUZAINGO                                                                                                                                    ,"{""type"":""Point"",""coordinates"":[-58.7046210995519,-34.6415315952071]}",0101000020E6100000D0523106315A4DC0F96112B51D5241C0
28333523,Piquete Suspension ST 132Kv,APSS1,S,AT Geografico,ITUZAINGO                                                                                                                                    ,"{""type"":""Point"",""coordinates"":[-58.7028529738253,-34.6395844422978]}",0101000020E6100000ED3C1416F7594DC089592BE7DD5141C0
28333524,Piquete Suspension ST 132Kv,APSS1,S,AT Geografico,ITUZAINGO                                                                                                                                    ,"{""type"":""Point"",""coordinates"":[-58.7023982124362,-34.6391901481994]}",0101000020E61000005797432FE8594DC0913897FBD05141C0
28333525,Piquete Suspension ST 132Kv,APSS1,S,AT Geografico,ITUZAINGO                                                                                                                                    ,"{""type"":""Point"",""coordinates"":[-58.7017831505443,-34.6386568594163]}",0101000020E6100000623CC007D4594DC091470A82BF5141C0
28333526,Piquete Suspension ST 132Kv,APSS1,S,AT Geografico,ITUZAINGO                                                                                                                                    ,"{""type"":""Point"",""coordinates"":[-58.7014153211055,-34.6383379285911]}",0101000020E6100000E0872CFAC7594DC0308CA70EB55141C0
28333530,Piquete Suspension ST 132Kv,APSS1,S,AT Geografico,ITUZAINGO                                                                                                                                    ,"{""type"":""Point"",""coordinates"":[-58.698921133611,-34.6374981005141]}",0101000020E6100000D7AB693F76594DC0317CAA89995141C0
28333531,Piquete Suspension ST 132Kv,APSS1,S,AT Geografico,ITUZAINGO                                                                                                                                    ,"{""type"":""Point"",""coordinates"":[-58.698243981512,-34.6368897108904]}",0101000020E6100000839C0C0F60594DC075B71F9A855141C0
28333532,Piquete Suspension ST 132Kv,APSS1,S,AT Geografico,ITUZAINGO                                                                                                                                    ,"{""type"":""Point"",""coordinates"":[-58.6974831993322,-34.6362061686766]}",0101000020E61000001852252147594DC064FD27346F5141C0
28333533,Piquete Suspension ST 132Kv,APSS1,S,AT Geografico,ITUZAINGO                                                                                                                                    ,"{""type"":""Point"",""coordinates"":[-58.6961155911622,-34.6366958326937]}",0101000020E61000008023D1501A594DC0A375C13F7F5141C0
28333534,Piquete Suspension ST 132Kv,APSS1,S,AT Geografico,ITUZAINGO                                                                                                                                    ,"{""type"":""Point"",""coordinates"":[-58.6956311106142,-34.6370757919669]}",0101000020E61000008B15B3700A594DC018C915B38B5141C0
28333535,Piquete Suspension ST 132Kv,APSS1,S,AT Geografico,ITUZAINGO                                                                                                                                    ,"{""type"":""Point"",""coordinates"":[-58.6948180777414,-34.637713409679]}",0101000020E6100000CE487CCCEF584DC05C65CF97A05141C0
28333537,Piquete Suspension ST 132Kv,APSS1,S,AT Geografico,ITUZAINGO                                                                                                                                    ,"{""type"":""Point"",""coordinates"":[-58.6933595861106,-34.638425082069]}",0101000020E61000004C5BC501C0584DC05737C0E9B75141C0
28333538,Piquete Suspension ST 132Kv,APSS1,S,AT Geografico,ITUZAINGO                                                                                                                                    ,"{""type"":""Point"",""coordinates"":[-58.6928125605122,-34.6388344593087]}",0101000020E610000030D4FC14AE584DC0F824DB53C55141C0
28333539,Piquete Suspension ST 132Kv,APSS1,S,AT Geografico,ITUZAINGO                                                                                                                                    ,"{""type"":""Point"",""coordinates"":[-58.6921795072691,-34.639308208748]}",0101000020E61000004E578D5699584DC08351F4D9D45141C0
28333540,Piquete Suspension ST 132Kv,APSS1,S,AT Geografico,ITUZAINGO                                                                                                                                    ,"{""type"":""Point"",""coordinates"":[-58.6913697973793,-34.6399215935608]}",0101000020E6100000D59736CE7E584DC0832C66F3E85141C0
28333541,Piquete Suspension ST 132Kv,APSS1,S,AT Geografico,ITUZAINGO                                                                                                                                    ,"{""type"":""Point"",""coordinates"":[-58.6905269858008,-34.6397147784534]}",0101000020E61000008682323063584DC0D31C822CE25141C0
28333545,Piquete Suspension ST 132Kv,APSS1,S,AT Geografico,ITUZAINGO                                                                                                                                    ,"{""type"":""Point"",""coordinates"":[-58.6887369432782,-34.6384536647343]}",0101000020E6100000A2763B8828584DC0C40585D9B85141C0
28333546,Piquete Suspension ST 132Kv,APSS1,S,AT Geografico,ITUZAINGO                                                                                                                                    ,"{""type"":""Point"",""coordinates"":[-58.6882177605999,-34.6379970296344]}",0101000020E6100000C726038517584DC0C59CFCE2A95141C0
28333547,Piquete Suspension ST 132Kv,APSS1,S,AT Geografico,ITUZAINGO                                                                                                                                    ,"{""type"":""Point"",""coordinates"":[-58.6878088965152,-34.6376374176957]}",0101000020E61000001D37361F0A584DC0B9DA571A9E5141C0
28333548,Piquete Suspension ST 132Kv,APSS1,S,AT Geografico,ITUZAINGO                                                                                                                                    ,"{""type"":""Point"",""coordinates"":[-58.6871093064462,-34.6370220906605]}",0101000020E61000005DFB9F32F3574DC0B51B9BF0895141C0
28333549,Piquete Suspension ST 132Kv,APSS1,S,AT Geografico,ITUZAINGO                                                                                                                                    ,"{""type"":""Point"",""coordinates"":[-58.6864319981376,-34.6364263493155]}",0101000020E6100000EE76F300DD574DC0B74F2A6B765141C0
28333550,Piquete Suspension ST 132Kv,APSS1,S,AT Geografico,ITUZAINGO                                                                                                                                    ,"{""type"":""Point"",""coordinates"":[-58.6857511441206,-34.6358274770682]}",0101000020E6100000A09888B1C6574DC0FAF375CB625141C0
28333551,Piquete Suspension ST 132Kv,APSS1,S,AT Geografico,ITUZAINGO                                                                                                                                    ,"{""type"":""Point"",""coordinates"":[-58.685100238502,-34.6352549356864]}",0101000020E6100000826C575DB1574DC0A5B2A208505141C0
28333552,Piquete Suspension ST 132Kv,APSS1,S,AT Geografico,ITUZAINGO                                                                                                                                    ,"{""type"":""Point"",""coordinates"":[-58.6843673472797,-34.6346102657809]}",0101000020E61000001F82675999574DC0139EC0E83A5141C0
28333555,Piquete Suspension ST 132Kv,APSS1,S,AT Geografico,ITUZAINGO                                                                                                                                    ,"{""type"":""Point"",""coordinates"":[-58.6834118070028,-34.6331108513601]}",0101000020E61000007963C0097A574DC0C7AAC0C6095141C0
28333556,Piquete Suspension ST 132Kv,APSS1,S,AT Geografico,ITUZAINGO                                                                                                                                    ,"{""type"":""Point"",""coordinates"":[-58.6827267225795,-34.6324924751322]}",0101000020E6100000CDCAD89663574DC059D46F83F55041C0
28333557,Piquete Suspension ST 132Kv,APSS1,S,AT Geografico,ITUZAINGO                                                                                                                                    ,"{""type"":""Point"",""coordinates"":[-58.6822058837786,-34.6320223429713]}",0101000020E6100000DFFBBB8552574DC098B3AE1BE65041C0
28333558,Piquete Suspension ST 132Kv,APSS1,S,AT Geografico,ITUZAINGO                                                                                                                                    ,"{""type"":""Point"",""coordinates"":[-58.6815738136425,-34.6314517985301]}",0101000020E6100000C8B38BCF3D574DC0F2D79B69D35041C0
28333561,Piquete Suspension ST 132Kv,APSS1,S,AT Geografico,ITUZAINGO                                                                                                                                    ,"{""type"":""Point"",""coordinates"":[-58.6789625832281,-34.6296440403695]}",0101000020E61000000D16F53EE8564DC011C1082D985041C0
28333562,Piquete Suspension ST 132Kv,APSS1,S,AT Geografico,ITUZAINGO                                                                                                                                    ,"{""type"":""Point"",""coordinates"":[-58.678423571861,-34.6291669738251]}",0101000020E61000003BFD6695D6564DC0AA261C8B885041C0
28333563,Piquete Suspension ST 132Kv,APSS1,S,AT Geografico,ITUZAINGO                                                                                                                                    ,"{""type"":""Point"",""coordinates"":[-58.6778408086043,-34.6286511747916]}",0101000020E6100000BC6CD47CC3564DC0322946A4775041C0
28333564,Piquete Suspension ST 132Kv,APSS1,S,AT Geografico,ITUZAINGO                                                                                                                                    ,"{""type"":""Point"",""coordinates"":[-58.6771097435987,-34.6280041023072]}",0101000020E61000009A473688AB564DC0E3943C70625041C0
28333565,Piquete Suspension ST 132Kv,APSS1,S,AT Geografico,ITUZAINGO                                                                                                                                    ,"{""type"":""Point"",""coordinates"":[-58.6765017592771,-34.6274659588487]}",0101000020E610000006E4119C97564DC0E84DF6CD505041C0
28333566,Piquete Suspension ST 132Kv,APSS1,S,AT Geografico,ITUZAINGO                                                                                                                                    ,"{""type"":""Point"",""coordinates"":[-58.6758298040786,-34.6268711815875]}",0101000020E610000001174D9781564DC090DC9B503D5041C0
28333567,Piquete Suspension ST 132Kv,APSS1,S,AT Geografico,ITUZAINGO                                                                                                                                    ,"{""type"":""Point"",""coordinates"":[-58.6751688482261,-34.626286128607]}",0101000020E61000006334CDEE6B564DC01A27D4242A5041C0
28333568,Piquete Suspension ST 132Kv,APSS1,S,AT Geografico,ITUZAINGO                                                                                                                                    ,"{""type"":""Point"",""coordinates"":[-58.6745374413613,-34.625727220406]}",0101000020E610000081492D3E57564DC032EE5DD4175041C0
28333569,Piquete Suspension ST 132Kv,APSS1,S,AT Geografico,ITUZAINGO                                                                                                                                    ,"{""type"":""Point"",""coordinates"":[-58.6738651390706,-34.6251321007704]}",0101000020E6100000871C7F3641564DC08C3E2454045041C0
28333570,Piquete Suspension ST 132Kv,APSS1,S,AT Geografico,ITUZAINGO                                                                                                                                    ,"{""type"":""Point"",""coordinates"":[-58.6732915415708,-34.6246243447564]}",0101000020E61000002EDCCF6A2E564DC0D581C6B0F34F41C0
28333571,Piquete Suspension ST 132Kv,APSS1,S,AT Geografico,ITUZAINGO                                                                                                                                    ,"{""type"":""Point"",""coordinates"":[-58.6711893057054,-34.6203557809112]}",0101000020E6100000FCB6FA87E9554DC0FB7277D1674F41C0
28333572,Piquete Suspension ST 132Kv,APSS1,S,AT Geografico,ITUZAINGO                                                                                                                                    ,"{""type"":""Point"",""coordinates"":[-58.6718028407845,-34.6198522358351]}",0101000020E6100000C343AFA2FD554DC0CEA16C51574F41C0
28333573,Piquete Suspension ST 132Kv,APSS1,S,AT Geografico,ITUZAINGO                                                                                                                                    ,"{""type"":""Point"",""coordinates"":[-58.6724077222314,-34.6193557838476]}",0101000020E6100000E547CC7411564DC05D1BE20C474F41C0
28333574,Piquete Suspension ST 132Kv,APSS1,S,AT Geografico,ITUZAINGO                                                                                                                                    ,"{""type"":""Point"",""coordinates"":[-58.6729340428223,-34.618923802676]}",0101000020E6100000B224E5B322564DC0D09A29E5384F41C0
28333575,Piquete Suspension ST 132Kv,APSS1,S,AT Geografico,ITUZAINGO                                                                                                                                    ,"{""type"":""Point"",""coordinates"":[-58.6734423342949,-34.6185066124815]}",0101000020E6100000F4C4C05B33564DC0DA7B84392B4F41C0
28333576,Piquete Suspension ST 132Kv,APSS1,S,AT Geografico,ITUZAINGO                                                                                                                                    ,"{""type"":""Point"",""coordinates"":[-58.6741356591987,-34.6179375420816]}",0101000020E6100000AFA9C8134A564DC00A1BCF93184F41C0
28333577,Piquete Suspension ST 132Kv,APSS1,S,AT Geografico,ITUZAINGO                                                                                                                                    ,"{""type"":""Point"",""coordinates"":[-58.6746168590537,-34.6175425736166]}",0101000020E6100000A57B61D859564DC01AC992A20B4F41C0
28333578,Piquete Suspension ST 132Kv,APSS1,S,AT Geografico,ITUZAINGO                                                                                                                                    ,"{""type"":""Point"",""coordinates"":[-58.6752954154028,-34.6169856052885]}",0101000020E6100000A025861470564DC08F686262F94E41C0
28333579,Piquete Suspension ST 132Kv,APSS1,S,AT Geografico,ITUZAINGO                                                                                                                                    ,"{""type"":""Point"",""coordinates"":[-58.6759624718559,-34.616438065037]}",0101000020E6100000E2F832F085564DC0F4AB4871E74E41C0
28333580,Piquete Suspension ST 132Kv,APSS1,S,AT Geografico,ITUZAINGO                                                                                                                                    ,"{""type"":""Point"",""coordinates"":[-58.6766206274534,-34.615897820021]}",0101000020E61000000A5B35819B564DC0785561BDD54E41C0
28333581,Piquete Suspension ST 132Kv,APSS1,S,AT Geografico,ITUZAINGO                                                                                                                                    ,"{""type"":""Point"",""coordinates"":[-58.6772884691156,-34.6153496131893]}",0101000020E61000009A677863B1564DC09120B0C6C34E41C0
28333582,Piquete Suspension ST 132Kv,APSS1,S,AT Geografico,ITUZAINGO                                                                                                                                    ,"{""type"":""Point"",""coordinates"":[-58.6779556986184,-34.6148018977584]}",0101000020E6100000FED99840C7564DC00D321ED4B14E41C0
28333583,Piquete Suspension ST 132Kv,APSS1,S,AT Geografico,ITUZAINGO                                                                                                                                    ,"{""type"":""Point"",""coordinates"":[-58.6785736820013,-34.6142945975818]}",0101000020E6100000980F9E80DB564DC08F5C9334A14E41C0
28333584,Piquete Suspension ST 132Kv,APSS1,S,AT Geografico,ITUZAINGO                                                                                                                                    ,"{""type"":""Point"",""coordinates"":[-58.6791649197421,-34.6138092439014]}",0101000020E6100000007147E0EE564DC0FD44224D914E41C0
28333585,Piquete Suspension ST 132Kv,APSS1,S,AT Geografico,ITUZAINGO                                                                                                                                    ,"{""type"":""Point"",""coordinates"":[-58.679224290418,-34.6133061186386]}",0101000020E61000003FFF50D2F0564DC0ACFE9CD0804E41C0
28333586,Piquete Suspension ST 132Kv,APSS1,S,AT Geografico,ITUZAINGO                                                                                                                                    ,"{""type"":""Point"",""coordinates"":[-58.6784636939129,-34.6126829128151]}",0101000020E61000008570F8E5D7564DC0EEADC8646C4E41C0
28333587,Piquete Suspension ST 132Kv,APSS1,S,AT Geografico,ITUZAINGO                                                                                                                                    ,"{""type"":""Point"",""coordinates"":[-58.6780864079796,-34.6123737729416]}",0101000020E61000003C111189CB564DC030DB8743624E41C0
28333588,Piquete Suspension ST 132Kv,APSS1,S,AT Geografico,ITUZAINGO                                                                                                                                    ,"{""type"":""Point"",""coordinates"":[-58.6775342135184,-34.6119213106833]}",0101000020E6100000C17DEC70B9564DC0218E0070534E41C0
28337091,Piquete Suspension ST 132Kv,APSS1,S,AT Geografico,MERLO                                                                                                                                        ,"{""type"":""Point"",""coordinates"":[-58.7411082710958,-34.6679933253979]}",0101000020E61000006C93C5A2DC5E4DC0E14327CE805541C0
28337092,Piquete Suspension ST 132Kv,APSS1,S,AT Geografico,MERLO                                                                                                                                        ,"{""type"":""Point"",""coordinates"":[-58.7405566417313,-34.6684423588776]}",0101000020E610000028895E8FCA5E4DC0F551EB848F5541C0
28337093,Piquete Suspension ST 132Kv,APSS1,S,AT Geografico,MERLO                                                                                                                                        ,"{""type"":""Point"",""coordinates"":[-58.7398437280042,-34.6687040282563]}",0101000020E6100000E3F60333B35E4DC03608F617985541C0
28337094,Piquete Suspension ST 132Kv,APSS1,S,AT Geografico,MERLO                                                                                                                                        ,"{""type"":""Point"",""coordinates"":[-58.7391382848297,-34.6681414613944]}",0101000020E6100000504854159C5E4DC036E5CEA8855541C0
28337097,Piquete Suspension ST 132Kv,APSS1,S,AT Geografico,MERLO                                                                                                                                        ,"{""type"":""Point"",""coordinates"":[-58.737546217168,-34.6672500875454]}",0101000020E61000003A0319EA675E4DC057216C73685541C0
28337098,Piquete Suspension ST 132Kv,APSS1,S,AT Geografico,MERLO                                                                                                                                        ,"{""type"":""Point"",""coordinates"":[-58.7367059603643,-34.6669865203945]}",0101000020E61000003B4483614C5E4DC0D4FB75D05F5541C0
28337099,Piquete Suspension ST 132Kv,APSS1,S,AT Geografico,MERLO                                                                                                                                        ,"{""type"":""Point"",""coordinates"":[-58.7357114116962,-34.666670549452]}",0101000020E6100000BE43A2CA2B5E4DC01F8DE775555541C0
28337100,Piquete Suspension ST 132Kv,APSS1,S,AT Geografico,MERLO                                                                                                                                        ,"{""type"":""Point"",""coordinates"":[-58.734860197631,-34.6664001080355]}",0101000020E610000088FA21E60F5E4DC01D0847994C5541C0
28337101,Piquete Suspension ST 132Kv,APSS1,S,AT Geografico,MERLO                                                                                                                                        ,"{""type"":""Point"",""coordinates"":[-58.7343640550155,-34.6657909177548]}",0101000020E610000024D32FA4FF5D4DC08DDD04A3385541C0
28337102,Piquete Suspension ST 132Kv,APSS1,S,AT Geografico,MERLO                                                                                                                                        ,"{""type"":""Point"",""coordinates"":[-58.7346739974186,-34.66515027395]}",0101000020E61000003D112CCC095E4DC037C5E8A4235541C0
28337103,Piquete Suspension ST 132Kv,APSS1,S,AT Geografico,MERLO                                                                                                                                        ,"{""type"":""Point"",""coordinates"":[-58.7350224954785,-34.66442992324]}",0101000020E6100000C0F39537155E4DC058662B0A0C5541C0
28337107,Piquete Suspension ST 132Kv,APSS1,S,AT Geografico,MERLO                                                                                                                                        ,"{""type"":""Point"",""coordinates"":[-58.7349590630821,-34.6624787900704]}",0101000020E61000000BEB7923135E4DC0ACD2E01ACC5441C0
28337108,Piquete Suspension ST 132Kv,APSS1,S,AT Geografico,MERLO                                                                                                                                        ,"{""type"":""Point"",""coordinates"":[-58.7347734221937,-34.6616653040011]}",0101000020E61000005925350E0D5E4DC08FCADC72B15441C0
28337109,Piquete Suspension ST 132Kv,APSS1,S,AT Geografico,MERLO                                                                                                                                        ,"{""type"":""Point"",""coordinates"":[-58.7346135459101,-34.6609679489245]}",0101000020E6100000FA7011D1075E4DC0E22A06999A5441C0
28337110,Piquete Suspension ST 132Kv,APSS1,S,AT Geografico,MERLO                                                                                                                                        ,"{""type"":""Point"",""coordinates"":[-58.7344449952704,-34.6602304254024]}",0101000020E6100000DDB2294B025E4DC0B5763A6E825441C0
28337111,Piquete Suspension ST 132Kv,APSS1,S,AT Geografico,MERLO                                                                                                                                        ,"{""type"":""Point"",""coordinates"":[-58.7342709073272,-34.6594686593816]}",0101000020E6100000F8AFCE96FC5D4DC0FC631278695441C0
28337112,Piquete Suspension ST 132Kv,APSS1,S,AT Geografico,MERLO                                                                                                                                        ,"{""type"":""Point"",""coordinates"":[-58.734129117398,-34.6588482117209]}",0101000020E6100000052263F1F75D4DC04C2F6123555441C0
28337113,Piquete Suspension ST 132Kv,APSS1,S,AT Geografico,MERLO                                                                                                                                        ,"{""type"":""Point"",""coordinates"":[-58.7340170156066,-34.6583576678742]}",0101000020E6100000715E0245F45D4DC09D4B6610455441C0
28337114,Piquete Suspension ST 132Kv,APSS1,S,AT Geografico,MERLO                                                                                                                                        ,"{""type"":""Point"",""coordinates"":[-58.7338502338086,-34.6576278407324]}",0101000020E61000005A2FF1CDEE5D4DC043712A262D5441C0
28337115,Piquete Suspension ST 132Kv,APSS1,S,AT Geografico,MERLO                                                                                                                                        ,"{""type"":""Point"",""coordinates"":[-58.7328315507151,-34.6571258618077]}",0101000020E610000031E69B6CCD5D4DC0F0E842B31C5441C0
28337116,Piquete Suspension ST 132Kv,APSS1,S,AT Geografico,MERLO                                                                                                                                        ,"{""type"":""Point"",""coordinates"":[-58.7319438426944,-34.6572527805242]}",0101000020E6100000C670F955B05D4DC03BC7EEDB205441C0
28337117,Piquete Suspension ST 132Kv,APSS1,S,AT Geografico,MERLO                                                                                                                                        ,"{""type"":""Point"",""coordinates"":[-58.7311295651338,-34.657369194574]}",0101000020E6100000B6B151A7955D4DC0E80B7CAC245441C0
28337118,Piquete Suspension ST 132Kv,APSS1,S,AT Geografico,MERLO                                                                                                                                        ,"{""type"":""Point"",""coordinates"":[-58.7301917177131,-34.6575032677473]}",0101000020E6100000A0B115EC765D4DC06AFE2B11295441C0
28337119,Piquete Suspension ST 132Kv,APSS1,S,AT Geografico,MERLO                                                                                                                                        ,"{""type"":""Point"",""coordinates"":[-58.7293257851125,-34.6576270532609]}",0101000020E61000000B981D8C5A5D4DC0315C8F1F2D5441C0
28337120,Piquete Suspension ST 132Kv,APSS1,S,AT Geografico,MERLO                                                                                                                                        ,"{""type"":""Point"",""coordinates"":[-58.7283717425508,-34.6577634265529]}",0101000020E61000000FCB06493B5D4DC054C68A97315441C0
28337121,Piquete Suspension ST 132Kv,APSS1,S,AT Geografico,MERLO                                                                                                                                        ,"{""type"":""Point"",""coordinates"":[-58.7274583955566,-34.6578939752694]}",0101000020E6100000DF0E515B1D5D4DC04302AADE355441C0
28337123,Piquete Suspension ST 132Kv,APSS1,S,AT Geografico,MERLO                                                                                                                                        ,"{""type"":""Point"",""coordinates"":[-58.7258050263969,-34.656254151814]}",0101000020E6100000D4D2D92DE75C4DC0E4F3D322005441C0
28337124,Piquete Suspension ST 132Kv,APSS1,S,AT Geografico,MERLO                                                                                                                                        ,"{""type"":""Point"",""coordinates"":[-58.7255907087084,-34.6558054671034]}",0101000020E610000090170628E05C4DC09CDFFC6EF15341C0
28337125,Piquete Suspension ST 132Kv,APSS1,S,AT Geografico,MERLO                                                                                                                                        ,"{""type"":""Point"",""coordinates"":[-58.7244089370392,-34.6555718910442]}",0101000020E6100000BBC19A6EB95C4DC01F1B9CC7E95341C0
28337128,Piquete Suspension ST 132Kv,APSS1,S,AT Geografico,MERLO                                                                                                                                        ,"{""type"":""Point"",""coordinates"":[-58.7225556204156,-34.6558129072257]}",0101000020E6100000F49CDBB37C5C4DC01A6A66ADF15341C0
28337129,Piquete Suspension ST 132Kv,APSS1,S,AT Geografico,MERLO                                                                                                                                        ,"{""type"":""Point"",""coordinates"":[-58.7216669404466,-34.6559492148158]}",0101000020E610000048E911955F5C4DC046BCD424F65341C0
28337130,Piquete Suspension ST 132Kv,APSS1,S,AT Geografico,MERLO                                                                                                                                        ,"{""type"":""Point"",""coordinates"":[-58.7207084024309,-34.6560962295762]}",0101000020E61000004B32452C405C4DC0828714F6FA5341C0
28337131,Piquete Suspension ST 132Kv,APSS1,S,AT Geografico,MERLO                                                                                                                                        ,"{""type"":""Point"",""coordinates"":[-58.7197671041246,-34.6562405923247]}",0101000020E6100000DB791654215C4DC0CD2B15B1FF5341C0
28337132,Piquete Suspension ST 132Kv,APSS1,S,AT Geografico,MERLO                                                                                                                                        ,"{""type"":""Point"",""coordinates"":[-58.7188047925379,-34.6563881697165]}",0101000020E61000004814A2CB015C4DC0F7340D87045441C0
28337133,Piquete Suspension ST 132Kv,APSS1,S,AT Geografico,MERLO                                                                                                                                        ,"{""type"":""Point"",""coordinates"":[-58.7177782849562,-34.6565455830345]}",0101000020E610000036D5A928E05B4DC0B9BB87AF095441C0
28337136,Piquete Suspension ST 132Kv,APSS1,S,AT Geografico,MERLO                                                                                                                                        ,"{""type"":""Point"",""coordinates"":[-58.7163974463922,-34.6550075526234]}",0101000020E6100000A19859E9B25B4DC04A939849D75341C0
28337137,Piquete Suspension ST 132Kv,APSS1,S,AT Geografico,MERLO                                                                                                                                        ,"{""type"":""Point"",""coordinates"":[-58.7162242458713,-34.6541743185879]}",0101000020E6100000524F703CAD5B4DC0E71BECFBBB5341C0
28337138,Piquete Suspension ST 132Kv,APSS1,S,AT Geografico,MERLO                                                                                                                                        ,"{""type"":""Point"",""coordinates"":[-58.7160963905936,-34.6535592216479]}",0101000020E61000000531E90BA95B4DC0097D1DD4A75341C0
28337142,Piquete Suspension ST 132Kv,APSS1,S,AT Geografico,MERLO                                                                                                                                        ,"{""type"":""Point"",""coordinates"":[-58.7154578161033,-34.6518430604906]}",0101000020E610000061EA281F945B4DC04677E9976F5341C0
28337143,Piquete Suspension ST 132Kv,APSS1,S,AT Geografico,MERLO                                                                                                                                        ,"{""type"":""Point"",""coordinates"":[-58.7147357609536,-34.651247550239]}",0101000020E6100000EA491F767C5B4DC036F068145C5341C0
28337144,Piquete Suspension ST 132Kv,APSS1,S,AT Geografico,MERLO                                                                                                                                        ,"{""type"":""Point"",""coordinates"":[-58.7141881070885,-34.6507958678844]}",0101000020E6100000949111846A5B4DC0C1776C474D5341C0
28337145,Piquete Suspension ST 132Kv,APSS1,S,AT Geografico,MERLO                                                                                                                                        ,"{""type"":""Point"",""coordinates"":[-58.713445125605,-34.6501830757392]}",0101000020E610000067FB7C2B525B4DC02F5BF332395341C0
28337146,Piquete Suspension ST 132Kv,APSS1,S,AT Geografico,MERLO                                                                                                                                        ,"{""type"":""Point"",""coordinates"":[-58.7127264217353,-34.6495902944361]}",0101000020E6100000902C909E3A5B4DC07C3357C6255341C0
28337150,Piquete Suspension ST 132Kv,APSS1,S,AT Geografico,ITUZAINGO                                                                                                                                    ,"{""type"":""Point"",""coordinates"":[-58.7116885265886,-34.6480895781027]}",0101000020E61000007151119C185B4DC0306A6B99F45241C0
28337151,Piquete Suspension ST 132Kv,APSS1,S,AT Geografico,ITUZAINGO                                                                                                                                    ,"{""type"":""Point"",""coordinates"":[-58.7110290909726,-34.6475423843244]}",0101000020E6100000B21D5200035B4DC036B939ABE25241C0
28337152,Piquete Suspension ST 132Kv,APSS1,S,AT Geografico,ITUZAINGO                                                                                                                                    ,"{""type"":""Point"",""coordinates"":[-58.710420267745,-34.6470371788285]}",0101000020E6100000B330240DEF5A4DC0AB2E411DD25241C0
28337153,Piquete Suspension ST 132Kv,APSS1,S,AT Geografico,ITUZAINGO                                                                                                                                    ,"{""type"":""Point"",""coordinates"":[-58.7097978809405,-34.6465207088336]}",0101000020E610000072B42EA8DA5A4DC04550CA30C15241C0
28337154,Piquete Suspension ST 132Kv,APSS1,S,AT Geografico,ITUZAINGO                                                                                                                                    ,"{""type"":""Point"",""coordinates"":[-58.7092643364578,-34.6460779545837]}",0101000020E610000012A77C2CC95A4DC046CDB2AEB25241C0
28337155,Piquete Suspension ST 132Kv,APSS1,S,AT Geografico,ITUZAINGO                                                                                                                                    ,"{""type"":""Point"",""coordinates"":[-58.7086117053876,-34.6455363685938]}",0101000020E6100000F319D2C9B35A4DC09DBE8BEFA05241C0
28337157,Piquete Suspension ST 132Kv,APSS1,S,AT Geografico,ITUZAINGO                                                                                                                                    ,"{""type"":""Point"",""coordinates"":[-58.7073014609033,-34.6444490306266]}",0101000020E6100000117FB1DA885A4DC0793D4B4E7D5241C0
28337158,Piquete Suspension ST 132Kv,APSS1,S,AT Geografico,ITUZAINGO                                                                                                                                    ,"{""type"":""Point"",""coordinates"":[-58.7065582562776,-34.643832245721]}",0101000020E61000002AB73D80705A4DC0A9BD5318695241C0
28337159,Piquete Suspension ST 132Kv,APSS1,S,AT Geografico,ITUZAINGO                                                                                                                                    ,"{""type"":""Point"",""coordinates"":[-58.7058870197528,-34.6432751755033]}",0101000020E61000002E4180815A5A4DC0C38E48D7565241C0
28337160,Piquete Suspension ST 132Kv,APSS1,S,AT Geografico,ITUZAINGO                                                                                                                                    ,"{""type"":""Point"",""coordinates"":[-58.705466906225,-34.6429265107833]}",0101000020E6100000C45255BD4C5A4DC0D9C5786A4B5241C0
28337161,Piquete Suspension ST 132Kv,APSS1,S,AT Geografico,ITUZAINGO                                                                                                                                    ,"{""type"":""Point"",""coordinates"":[-58.7048134324782,-34.6423824484832]}",0101000020E61000003D239953375A4DC042E18B96395241C0
28337162,Piquete Suspension ST 132Kv,APSS1,S,AT Geografico,ITUZAINGO                                                                                                                                    ,"{""type"":""Point"",""coordinates"":[-58.704095996346,-34.6417489785182]}",0101000020E610000080C64ED11F5A4DC0137D9DD4245241C0
28337163,Piquete Suspension ST 132Kv,APSS1,S,AT Geografico,ITUZAINGO                                                                                                                                    ,"{""type"":""Point"",""coordinates"":[-58.7026912118118,-34.6407892933628]}",0101000020E610000089F51EC9F1594DC0614F3162055241C0
28337164,Piquete Suspension ST 132Kv,APSS1,S,AT Geografico,ITUZAINGO                                                                                                                                    ,"{""type"":""Point"",""coordinates"":[-58.702289215803,-34.6404126818686]}",0101000020E6100000871AEF9CE4594DC0E348F20AF95141C0
28337165,Piquete Suspension ST 132Kv,APSS1,S,AT Geografico,ITUZAINGO                                                                                                                                    ,"{""type"":""Point"",""coordinates"":[-58.7016851772377,-34.6399189008374]}",0101000020E61000007029E4D1D0594DC02C98CFDCE85141C0
28337166,Piquete Suspension ST 132Kv,APSS1,S,AT Geografico,ITUZAINGO                                                                                                                                    ,"{""type"":""Point"",""coordinates"":[-58.7011445546496,-34.639476952797]}",0101000020E610000084FED11ABF594DC083677B61DA5141C0
28337167,Piquete Suspension ST 132Kv,APSS1,S,AT Geografico,ITUZAINGO                                                                                                                                    ,"{""type"":""Point"",""coordinates"":[-58.7005905983166,-34.6390240974556]}",0101000020E6100000CCD3E5F3AC594DC0C3F6A78ACB5141C0
28337169,Piquete Suspension ST 132Kv,APSS1,S,AT Geografico,ITUZAINGO                                                                                                                                    ,"{""type"":""Point"",""coordinates"":[-58.699486146489,-34.6386897828101]}",0101000020E6100000719615C388594DC0BEBA3896C05141C0
28337170,Piquete Suspension ST 132Kv,APSS1,S,AT Geografico,ITUZAINGO                                                                                                                                    ,"{""type"":""Point"",""coordinates"":[-58.6988067359008,-34.6392089083675]}",0101000020E61000009175C67F72594DC00B60F698D15141C0
28337171,Piquete Suspension ST 132Kv,APSS1,S,AT Geografico,ITUZAINGO                                                                                                                                    ,"{""type"":""Point"",""coordinates"":[-58.6981140857999,-34.6397381392244]}",0101000020E610000096B167CD5B594DC07DFC78F0E25141C0
28337172,Piquete Suspension ST 132Kv,APSS1,S,AT Geografico,ITUZAINGO                                                                                                                                    ,"{""type"":""Point"",""coordinates"":[-58.6974876807519,-34.6402167450589]}",0101000020E61000009818BD4647594DC090304F9FF25141C0
28337173,Piquete Suspension ST 132Kv,APSS1,S,AT Geografico,ITUZAINGO                                                                                                                                    ,"{""type"":""Point"",""coordinates"":[-58.6967821622715,-34.6407557869913]}",0101000020E610000031B26B2830594DC0E0EC1E49045241C0
28337174,Piquete Suspension ST 132Kv,APSS1,S,AT Geografico,ITUZAINGO                                                                                                                                    ,"{""type"":""Point"",""coordinates"":[-58.6960511746978,-34.6413142763259]}",0101000020E6100000AED5733418594DC08FA31196165241C0
28337175,Piquete Suspension ST 132Kv,APSS1,S,AT Geografico,ITUZAINGO                                                                                                                                    ,"{""type"":""Point"",""coordinates"":[-58.6953959030119,-34.6418149068694]}",0101000020E6100000B09AA2BB02594DC06A8BA9FD265241C0
28337176,Piquete Suspension ST 132Kv,APSS1,S,AT Geografico,ITUZAINGO                                                                                                                                    ,"{""type"":""Point"",""coordinates"":[-58.6946656459814,-34.6423728150812]}",0101000020E61000008392CBCDEA584DC07E4EBC45395241C0
28337177,Piquete Suspension ST 132Kv,APSS1,S,AT Geografico,ITUZAINGO                                                                                                                                    ,"{""type"":""Point"",""coordinates"":[-58.693971332311,-34.6429032517399]}",0101000020E61000009151780DD4584DC0885B5CA74A5241C0
28337178,Piquete Suspension ST 132Kv,APSS1,S,AT Geografico,ITUZAINGO                                                                                                                                    ,"{""type"":""Point"",""coordinates"":[-58.6932735032032,-34.6434363630576]}",0101000020E610000077B8A72FBD584DC0E0316C1F5C5241C0
28337182,Piquete Suspension ST 132Kv,APSS1,S,AT Geografico,ITUZAINGO                                                                                                                                    ,"{""type"":""Point"",""coordinates"":[-58.6926430870193,-34.6439179643309]}",0101000020E61000002D465787A8584DC0D20D63E76B5241C0
28337183,Piquete Suspension ST 132Kv,APSS1,S,AT Geografico,ITUZAINGO                                                                                                                                    ,"{""type"":""Point"",""coordinates"":[-58.6919088327549,-34.6444788804727]}",0101000020E6100000763FF87790584DC0DF4BB1487E5241C0
28337184,Piquete Suspension ST 132Kv,APSS1,S,AT Geografico,ITUZAINGO                                                                                                                                    ,"{""type"":""Point"",""coordinates"":[-58.691184047278,-34.6450325511471]}",0101000020E6100000BC4907B878584DC01C04386D905241C0
28337185,Piquete Suspension ST 132Kv,APSS1,S,AT Geografico,ITUZAINGO                                                                                                                                    ,"{""type"":""Point"",""coordinates"":[-58.6905254223785,-34.6455356707807]}",0101000020E61000001016152363584DC0C433B1E9A05241C0
28337186,Piquete Suspension ST 132Kv,APSS1,S,AT Geografico,ITUZAINGO                                                                                                                                    ,"{""type"":""Point"",""coordinates"":[-58.690028257428,-34.6459154456024]}",0101000020E61000000E7C8FD852584DC0FC6B795BAD5241C0
28337189,Piquete Suspension ST 132Kv,APSS1,S,AT Geografico,ITUZAINGO                                                                                                                                    ,"{""type"":""Point"",""coordinates"":[-58.6882827030075,-34.6457885797844]}",0101000020E6100000F2E8C9A519584DC0F7263F33A95241C0
28337190,Piquete Suspension ST 132Kv,APSS1,S,AT Geografico,ITUZAINGO                                                                                                                                    ,"{""type"":""Point"",""coordinates"":[-58.6877182702242,-34.6452639429833]}",0101000020E6100000C4BCFB2607584DC061334602985241C0
28337191,Piquete Suspension ST 132Kv,APSS1,S,AT Geografico,ITUZAINGO                                                                                                                                    ,"{""type"":""Point"",""coordinates"":[-58.6871887852319,-34.6447717816688]}",0101000020E6100000E15F57CDF5574DC057D3B9E1875241C0
28337192,Piquete Suspension ST 132Kv,APSS1,S,AT Geografico,ITUZAINGO                                                                                                                                    ,"{""type"":""Point"",""coordinates"":[-58.6866829968197,-34.6443016391045]}",0101000020E6100000A9077B3AE5574DC0475BE279785241C0
28337193,Piquete Suspension ST 132Kv,APSS1,S,AT Geografico,ITUZAINGO                                                                                                                                    ,"{""type"":""Point"",""coordinates"":[-58.686134713365,-34.6437919881086]}",0101000020E6100000CD462543D3574DC0342D9FC6675241C0
28337196,Piquete Suspension ST 132Kv,APSS1,S,AT Geografico,ITUZAINGO                                                                                                                                    ,"{""type"":""Point"",""coordinates"":[-58.6848394805931,-34.6422836107829]}",0101000020E61000001414F2D1A8574DC0DB886F59365241C0
28337197,Piquete Suspension ST 132Kv,APSS1,S,AT Geografico,ITUZAINGO                                                                                                                                    ,"{""type"":""Point"",""coordinates"":[-58.6844925149769,-34.6416961668332]}",0101000020E6100000611763739D574DC031429919235241C0
28337198,Piquete Suspension ST 132Kv,APSS1,S,AT Geografico,ITUZAINGO                                                                                                                                    ,"{""type"":""Point"",""coordinates"":[-58.6841123095041,-34.6410524344388]}",0101000020E6100000370EFEFD90574DC0C97794010E5241C0
28337199,Piquete Suspension ST 132Kv,APSS1,S,AT Geografico,ITUZAINGO                                                                                                                                    ,"{""type"":""Point"",""coordinates"":[-58.6839178475404,-34.6403448980112]}",0101000020E61000001E2BBA9E8A574DC0298F55D2F65141C0
28337200,Piquete Suspension ST 132Kv,APSS1,S,AT Geografico,ITUZAINGO                                                                                                                                    ,"{""type"":""Point"",""coordinates"":[-58.6835248457754,-34.6397049968132]}",0101000020E6100000F04DFDBD7D574DC0463374DAE15141C0
28337201,Piquete Suspension ST 132Kv,APSS1,S,AT Geografico,ITUZAINGO                                                                                                                                    ,"{""type"":""Point"",""coordinates"":[-58.683098852256,-34.6390113648872]}",0101000020E6100000F32F7FC86F574DC03CFBD81FCB5141C0
28337202,Piquete Suspension ST 132Kv,APSS1,S,AT Geografico,ITUZAINGO                                                                                                                                    ,"{""type"":""Point"",""coordinates"":[-58.6826904203691,-34.6382560600213]}",0101000020E61000008F63526662574DC0FC21E45FB25141C0
28337203,Piquete Suspension ST 132Kv,APSS1,S,AT Geografico,ITUZAINGO                                                                                                                                    ,"{""type"":""Point"",""coordinates"":[-58.6823435684471,-34.6376793269708]}",0101000020E6100000E08EB70857574DC05F56E7799F5141C0
28337204,Piquete Suspension ST 132Kv,APSS1,S,AT Geografico,ITUZAINGO                                                                                                                                    ,"{""type"":""Point"",""coordinates"":[-58.6819278427201,-34.6370028575565]}",0101000020E6100000765B5B6949574DC0F154444F895141C0
28337205,Piquete Suspension ST 132Kv,APSS1,S,AT Geografico,ITUZAINGO                                                                                                                                    ,"{""type"":""Point"",""coordinates"":[-58.6815861356117,-34.6364328241262]}",0101000020E6100000FBEDE8363E574DC085DC7AA1765141C0
28337206,Piquete Suspension ST 132Kv,APSS1,S,AT Geografico,ITUZAINGO                                                                                                                                    ,"{""type"":""Point"",""coordinates"":[-58.6811011133019,-34.6357815183758]}",0101000020E610000049733F522E574DC09E69EE49615141C0
28337207,Piquete Suspension ST 132Kv,APSS1,S,AT Geografico,ITUZAINGO                                                                                                                                    ,"{""type"":""Point"",""coordinates"":[-58.6805446422363,-34.6352819825296]}",0101000020E6100000B6EF3A161C574DC0F05985EB505141C0
28337208,Piquete Suspension ST 132Kv,APSS1,S,AT Geografico,ITUZAINGO                                                                                                                                    ,"{""type"":""Point"",""coordinates"":[-58.6799606580689,-34.6347561453093]}",0101000020E6100000777C6AF308574DC0E8847AB03F5141C0
28337209,Piquete Suspension ST 132Kv,APSS1,S,AT Geografico,ITUZAINGO                                                                                                                                    ,"{""type"":""Point"",""coordinates"":[-58.6793850904863,-34.63423787754]}",0101000020E6100000B2833417F6564DC09CF5EEB42E5141C0
28337210,Piquete Suspension ST 132Kv,APSS1,S,AT Geografico,ITUZAINGO                                                                                                                                    ,"{""type"":""Point"",""coordinates"":[-58.6786943033564,-34.6336158488148]}",0101000020E6100000D8727674DF564DC08671FA521A5141C0
28337211,Piquete Suspension ST 132Kv,APSS1,S,AT Geografico,ITUZAINGO                                                                                                                                    ,"{""type"":""Point"",""coordinates"":[-58.6774505343385,-34.6336223139143]}",0101000020E61000001FD2F8B2B6564DC0932336891A5141C0
28337212,Piquete Suspension ST 132Kv,APSS1,S,AT Geografico,ITUZAINGO                                                                                                                                    ,"{""type"":""Point"",""coordinates"":[-58.6767653514408,-34.634156585566]}",0101000020E610000083C03D3FA0564DC046C6010B2C5141C0
28337213,Piquete Suspension ST 132Kv,APSS1,S,AT Geografico,ITUZAINGO                                                                                                                                    ,"{""type"":""Point"",""coordinates"":[-58.6762765386736,-34.6345377308395]}",0101000020E6100000E253C83A90564DC054044988385141C0
28337214,Piquete Suspension ST 132Kv,APSS1,S,AT Geografico,ITUZAINGO                                                                                                                                    ,"{""type"":""Point"",""coordinates"":[-58.6757152242054,-34.6349754014887]}",0101000020E610000090AF22D67D564DC04494BBDF465141C0
28337215,Piquete Suspension ST 132Kv,APSS1,S,AT Geografico,ITUZAINGO                                                                                                                                    ,"{""type"":""Point"",""coordinates"":[-58.6751065283308,-34.6354500082869]}",0101000020E61000009B3F06E469564DC0E8EA056D565141C0
28337217,Piquete Suspension ST 132Kv,APSS1,S,AT Geografico,ITUZAINGO                                                                                                                                    ,"{""type"":""Point"",""coordinates"":[-58.6739387395697,-34.6354240624636]}",0101000020E6100000C9FAE69F43564DC0ADAF5F93555141C0
28337218,Piquete Suspension ST 132Kv,APSS1,S,AT Geografico,ITUZAINGO                                                                                                                                    ,"{""type"":""Point"",""coordinates"":[-58.6733666536726,-34.6349060064649]}",0101000020E6100000CBDEE5E030564DC078E69A99445141C0
28337219,Piquete Suspension ST 132Kv,APSS1,S,AT Geografico,ITUZAINGO                                                                                                                                    ,"{""type"":""Point"",""coordinates"":[-58.6728911778786,-34.6344754295189]}",0101000020E6100000AF60514C21564DC013F3A97D365141C0
28337220,Piquete Suspension ST 132Kv,APSS1,S,AT Geografico,ITUZAINGO                                                                                                                                    ,"{""type"":""Point"",""coordinates"":[-58.6723295670259,-34.6339668431733]}",0101000020E610000049412FE50E564DC0BB1655D3255141C0
28337221,Piquete Suspension ST 132Kv,APSS1,S,AT Geografico,ITUZAINGO                                                                                                                                    ,"{""type"":""Point"",""coordinates"":[-58.6717382127348,-34.633431312262]}",0101000020E6100000AD958B84FB554DC0B936F946145141C0
28337222,Piquete Suspension ST 132Kv,APSS1,S,AT Geografico,ITUZAINGO                                                                                                                                    ,"{""type"":""Point"",""coordinates"":[-58.6713000844717,-34.6330345367632]}",0101000020E6100000D24D4229ED554DC07D519446075141C0
28337225,Piquete Suspension ST 132Kv,APSS1,S,AT Geografico,ITUZAINGO                                                                                                                                    ,"{""type"":""Point"",""coordinates"":[-58.6691282367017,-34.6310603595104]}",0101000020E610000065BB7AFEA5554DC012F3FA95C65041C0
28337226,Piquete Suspension ST 132Kv,APSS1,S,AT Geografico,ITUZAINGO                                                                                                                                    ,"{""type"":""Point"",""coordinates"":[-58.6684260674576,-34.630423439808]}",0101000020E610000015C341FC8E554DC0B94D1CB7B15041C0
28337227,Piquete Suspension ST 132Kv,APSS1,S,AT Geografico,ITUZAINGO                                                                                                                                    ,"{""type"":""Point"",""coordinates"":[-58.6677538936403,-34.6298137154582]}",0101000020E61000001C7BA7F578554DC0903B5FBC9D5041C0
28337228,Piquete Suspension ST 132Kv,APSS1,S,AT Geografico,ITUZAINGO                                                                                                                                    ,"{""type"":""Point"",""coordinates"":[-58.6671537811006,-34.6292693469017]}",0101000020E6100000709D8B4B65554DC0BCA8E0E58B5041C0
28337230,Piquete Suspension ST 132Kv,APSS1,S,AT Geografico,ITUZAINGO                                                                                                                                    ,"{""type"":""Point"",""coordinates"":[-58.667926453088,-34.627616282472]}",0101000020E6100000BB12309D7E554DC0C4D3F7BA555041C0
28337231,Piquete Suspension ST 132Kv,APSS1,S,AT Geografico,ITUZAINGO                                                                                                                                    ,"{""type"":""Point"",""coordinates"":[-58.6685971726085,-34.6270823844355]}",0101000020E61000009F46979794554DC030864E3C445041C0
28337232,Piquete Suspension ST 132Kv,APSS1,S,AT Geografico,ITUZAINGO                                                                                                                                    ,"{""type"":""Point"",""coordinates"":[-58.6692436106502,-34.6265678044395]}",0101000020E61000005C664EC6A9554DC0A965B25F335041C0
28337233,Piquete Suspension ST 132Kv,APSS1,S,AT Geografico,ITUZAINGO                                                                                                                                    ,"{""type"":""Point"",""coordinates"":[-58.6699212733446,-34.6260283581464]}",0101000020E61000006EF4F3FABF554DC0C54D7EB2215041C0
28337234,Piquete Suspension ST 132Kv,APSS1,S,AT Geografico,ITUZAINGO                                                                                                                                    ,"{""type"":""Point"",""coordinates"":[-58.6705342975616,-34.6255403571723]}",0101000020E6100000C96F5F11D4554DC01131D8B4115041C0
28337235,Piquete Suspension ST 132Kv,APSS1,S,AT Geografico,ITUZAINGO                                                                                                                                    ,"{""type"":""Point"",""coordinates"":[-58.6712017716499,-34.6250090008828]}",0101000020E610000079208DF0E9554DC0A63F814B005041C0
28337237,Piquete Suspension ST 132Kv,APSS1,S,AT Geografico,ITUZAINGO                                                                                                                                    ,"{""type"":""Point"",""coordinates"":[-58.6697682762291,-34.6192178523092]}",0101000020E6100000B72685F7BA554DC03E62D487424F41C0
28337238,Piquete Suspension ST 132Kv,APSS1,S,AT Geografico,ITUZAINGO                                                                                                                                    ,"{""type"":""Point"",""coordinates"":[-58.6703898199385,-34.6187083485671]}",0101000020E6100000851A6855CF554DC0C96DCDD5314F41C0
28337239,Piquete Suspension ST 132Kv,APSS1,S,AT Geografico,ITUZAINGO                                                                                                                                    ,"{""type"":""Point"",""coordinates"":[-58.6710229576,-34.618189330932]}",0101000020E6100000E7E08C14E4554DC0698BF7D3204F41C0
28337240,Piquete Suspension ST 132Kv,APSS1,S,AT Geografico,ITUZAINGO                                                                                                                                    ,"{""type"":""Point"",""coordinates"":[-58.6715754456493,-34.6177364180328]}",0101000020E61000001AEE272FF6554DC0E47FA8FC114F41C0
28337241,Piquete Suspension ST 132Kv,APSS1,S,AT Geografico,ITUZAINGO                                                                                                                                    ,"{""type"":""Point"",""coordinates"":[-58.6721211625346,-34.6172890484958]}",0101000020E61000008C04F61008564DC0F0BBD953034F41C0
28337242,Piquete Suspension ST 132Kv,APSS1,S,AT Geografico,ITUZAINGO                                                                                                                                    ,"{""type"":""Point"",""coordinates"":[-58.672699497416,-34.6168149311782]}",0101000020E6100000F7B762041B564DC02B8CAACAF34E41C0
28337243,Piquete Suspension ST 132Kv,APSS1,S,AT Geografico,ITUZAINGO                                                                                                                                    ,"{""type"":""Point"",""coordinates"":[-58.6732522016936,-34.6163618179794]}",0101000020E6100000F21DCE202D564DC0BF5CADF1E44E41C0
28337244,Piquete Suspension ST 132Kv,APSS1,S,AT Geografico,ITUZAINGO                                                                                                                                    ,"{""type"":""Point"",""coordinates"":[-58.6739090237179,-34.6158233379896]}",0101000020E61000007EACA0A642564DC0B063944CD34E41C0
28337245,Piquete Suspension ST 132Kv,APSS1,S,AT Geografico,ITUZAINGO                                                                                                                                    ,"{""type"":""Point"",""coordinates"":[-58.6745744091926,-34.61527782652]}",0101000020E6100000B319497458564DC0B96D7F6CC14E41C0
28337246,Piquete Suspension ST 132Kv,APSS1,S,AT Geografico,ITUZAINGO                                                                                                                                    ,"{""type"":""Point"",""coordinates"":[-58.6752514678791,-34.6147227335433]}",0101000020E6100000F48EDDA36E564DC092560A3CAF4E41C0
28337247,Piquete Suspension ST 132Kv,APSS1,S,AT Geografico,ITUZAINGO                                                                                                                                    ,"{""type"":""Point"",""coordinates"":[-58.6758971476639,-34.6141933562377]}",0101000020E6100000855638CC83564DC0113B4DE39D4E41C0
28337248,Piquete Suspension ST 132Kv,APSS1,S,AT Geografico,ITUZAINGO                                                                                                                                    ,"{""type"":""Point"",""coordinates"":[-58.6764233420024,-34.6137619344866]}",0101000020E61000005F13420A95564DC0251346C08F4E41C0
28337249,Piquete Suspension ST 132Kv,APSS1,S,AT Geografico,ITUZAINGO                                                                                                                                    ,"{""type"":""Point"",""coordinates"":[-58.6770383480202,-34.6132576881596]}",0101000020E61000003E714D31A9564DC04655593A7F4E41C0
28337259,Piquete Suspension ST 132Kv,APSS1,S,AT Geografico,ITUZAINGO                                                                                                                                    ,"{""type"":""Point"",""coordinates"":[-58.7033125260488,-34.6414342775]}",0101000020E61000009B1F1525065A4DC0B132B6841A5241C0
28390106,Piquete Suspension ST 132Kv,APSS1,S,AT Geografico,MERLO                                                                                                                                        ,"{""type"":""Point"",""coordinates"":[-58.7357684920315,-34.6611262224245]}",0101000020E6100000EC5975A92D5E4DC0B0EBB7C89F5441C0
28390107,Piquete Suspension ST 132Kv,APSS1,S,AT Geografico,MERLO                                                                                                                                        ,"{""type"":""Point"",""coordinates"":[-58.7368953056604,-34.6609567416941]}",0101000020E61000008F31DB95525E4DC0D2D2023B9A5441C0
28390108,Piquete Suspension ST 132Kv,APSS1,S,AT Geografico,MERLO                                                                                                                                        ,"{""type"":""Point"",""coordinates"":[-58.7378286758608,-34.6608163477688]}",0101000020E6100000C16F882B715E4DC0222A4DA1955441C0
28390109,Piquete Suspension ST 132Kv,APSS1,S,AT Geografico,MERLO                                                                                                                                        ,"{""type"":""Point"",""coordinates"":[-58.7387907672509,-34.6606716256955]}",0101000020E6100000F4F623B2905E4DC0EDE048E3905441C0
28390110,Piquete Suspension ST 132Kv,APSS1,S,AT Geografico,MERLO                                                                                                                                        ,"{""type"":""Point"",""coordinates"":[-58.7398601151405,-34.6605107600763]}",0101000020E610000059127BBCB35E4DC08B97D89D8B5441C0
28390111,Piquete Suspension ST 132Kv,APSS1,S,AT Geografico,MERLO                                                                                                                                        ,"{""type"":""Point"",""coordinates"":[-58.7409804671882,-34.6603422109444]}",0101000020E61000002FC6AC72D85E4DC05116F417865441C0
28390112,Piquete Suspension ST 132Kv,APSS1,S,AT Geografico,MERLO                                                                                                                                        ,"{""type"":""Point"",""coordinates"":[-58.7420479124363,-34.6601816110007]}",0101000020E610000052FD0D6DFB5E4DC09455BED4805441C0
28390113,Piquete Suspension ST 132Kv,APSS1,S,AT Geografico,MERLO                                                                                                                                        ,"{""type"":""Point"",""coordinates"":[-58.742724162848,-34.6600798621631]}",0101000020E6100000CAB0DA95115F4DC08E5E367F7D5441C0
28390114,Piquete Suspension ST 132Kv,APSS1,S,AT Geografico,MERLO                                                                                                                                        ,"{""type"":""Point"",""coordinates"":[-58.7434470350725,-34.6599710941507]}",0101000020E6100000E9F8BE45295F4DC064D7CCEE795441C0
28390115,Piquete Suspension ST 132Kv,APSS1,S,AT Geografico,MERLO                                                                                                                                        ,"{""type"":""Point"",""coordinates"":[-58.7443853142442,-34.6598305572627]}",0101000020E61000009B269A04485F4DC01E2CE453755441C0
28390117,Piquete Suspension ST 132Kv,APSS1,S,AT Geografico,MERLO                                                                                                                                        ,"{""type"":""Point"",""coordinates"":[-58.7455224071784,-34.6588135292707]}",0101000020E61000001AA23A476D5F4DC0AA307100545441C0
28390118,Piquete Suspension ST 132Kv,APSS1,S,AT Geografico,MERLO                                                                                                                                        ,"{""type"":""Point"",""coordinates"":[-58.7458460812314,-34.6578937945787]}",0101000020E6100000925E67E2775F4DC075FA25DD355441C0
28390119,Piquete Suspension ST 132Kv,APSS1,S,AT Geografico,MERLO                                                                                                                                        ,"{""type"":""Point"",""coordinates"":[-58.746173245927,-34.6569641183646]}",0101000020E61000000834DC9A825F4DC0C3827566175441C0
28390121,Piquete Suspension ST 132Kv,APSS1,S,AT Geografico,MERLO                                                                                                                                        ,"{""type"":""Point"",""coordinates"":[-58.7470230492286,-34.6555566980803]}",0101000020E6100000C5E586739E5F4DC0D8762948E95341C0
28390122,Piquete Suspension ST 132Kv,APSS1,S,AT Geografico,MERLO                                                                                                                                        ,"{""type"":""Point"",""coordinates"":[-58.7476891016912,-34.654903861545]}",0101000020E610000070ABC746B45F4DC012AEC5E3D35341C0
28390126,Piquete Suspension ST 132Kv,APSS1,S,AT Geografico,MORENO                                                                                                                                       ,"{""type"":""Point"",""coordinates"":[-58.7489557975516,-34.6524247801986]}",0101000020E61000001D5198C8DD5F4DC0CA06BBA7825341C0
28390127,Piquete Suspension ST 132Kv,APSS1,S,AT Geografico,MORENO                                                                                                                                       ,"{""type"":""Point"",""coordinates"":[-58.7481959540081,-34.6519151669644]}",0101000020E61000006BBB90E2C45F4DC06BF0C8F4715341C0
28390128,Piquete Suspension ST 132Kv,APSS1,S,AT Geografico,MORENO                                                                                                                                       ,"{""type"":""Point"",""coordinates"":[-58.7473365588551,-34.6513387732108]}",0101000020E6100000A2B16FB9A85F4DC04EC7A4115F5341C0
28390129,Piquete Suspension ST 132Kv,APSS1,S,AT Geografico,MORENO                                                                                                                                       ,"{""type"":""Point"",""coordinates"":[-58.7465499210079,-34.650811165401]}",0101000020E6100000BBC7A3F28E5F4DC067A2BFC74D5341C0
28390130,Piquete Suspension ST 132Kv,APSS1,S,AT Geografico,MORENO                                                                                                                                       ,"{""type"":""Point"",""coordinates"":[-58.7459490827349,-34.6504081678394]}",0101000020E6100000F46971427B5F4DC0EFF52893405341C0
28390132,Piquete Suspension ST 132Kv,APSS1,S,AT Geografico,MORENO                                                                                                                                       ,"{""type"":""Point"",""coordinates"":[-58.7456216717623,-34.6492338118767]}",0101000020E61000003BB4EB87705F4DC0DEBBF2171A5341C0
28390133,Piquete Suspension ST 132Kv,APSS1,S,AT Geografico,MORENO                                                                                                                                       ,"{""type"":""Point"",""coordinates"":[-58.7462556839479,-34.6485825329712]}",0101000020E61000005881664E855F4DC026EF9FC0045341C0
28390134,Piquete Suspension ST 132Kv,APSS1,S,AT Geografico,MORENO                                                                                                                                       ,"{""type"":""Point"",""coordinates"":[-58.7469293549005,-34.6478905000801]}",0101000020E61000002BDC8F619B5F4DC0DD9D6E13EE5241C0
28390135,Piquete Suspension ST 132Kv,APSS1,S,AT Geografico,MORENO                                                                                                                                       ,"{""type"":""Point"",""coordinates"":[-58.7476375510562,-34.6471629841167]}",0101000020E610000024865796B25F4DC048FB953CD65241C0
28390136,Piquete Suspension ST 132Kv,APSS1,S,AT Geografico,MORENO                                                                                                                                       ,"{""type"":""Point"",""coordinates"":[-58.7483843146318,-34.6463958299144]}",0101000020E61000006917A60ECB5F4DC066E03A19BD5241C0
28390137,Piquete Suspension ST 132Kv,APSS1,S,AT Geografico,MORENO                                                                                                                                       ,"{""type"":""Point"",""coordinates"":[-58.7489673915903,-34.6457968185105]}",0101000020E61000004653DA29DE5F4DC08AAE5B78A95241C0
28390138,Piquete Suspension ST 132Kv,APSS1,S,AT Geografico,MORENO                                                                                                                                       ,"{""type"":""Point"",""coordinates"":[-58.7495895181649,-34.6451576774393]}",0101000020E6100000A3F8A08CF25F4DC0B8AEDA86945241C0
28390139,Piquete Suspension ST 132Kv,APSS1,S,AT Geografico,MORENO                                                                                                                                       ,"{""type"":""Point"",""coordinates"":[-58.750174074713,-34.6445571217591]}",0101000020E610000085993EB405604DC0F62D07D9805241C0
28390140,Piquete Suspension ST 132Kv,APSS1,S,AT Geografico,MORENO                                                                                                                                       ,"{""type"":""Point"",""coordinates"":[-58.7509539943122,-34.6437558377105]}",0101000020E6100000862FAF421F604DC0ADC95E97665241C0
28390141,Piquete Suspension ST 132Kv,APSS1,S,AT Geografico,MORENO                                                                                                                                       ,"{""type"":""Point"",""coordinates"":[-58.7516578778956,-34.6430326545546]}",0101000020E6100000D7AB495336604DC03CC9DEE44E5241C0
28390142,Piquete Suspension ST 132Kv,APSS1,S,AT Geografico,MORENO                                                                                                                                       ,"{""type"":""Point"",""coordinates"":[-58.7523632548044,-34.6423079200506]}",0101000020E6100000660C6B704D604DC01B4A5B25375241C0
28390143,Piquete Suspension ST 132Kv,APSS1,S,AT Geografico,MORENO                                                                                                                                       ,"{""type"":""Point"",""coordinates"":[-58.7529812966063,-34.6416729033011]}",0101000020E610000038B6EDB061604DC028347356225241C0
28390144,Piquete Suspension ST 132Kv,APSS1,S,AT Geografico,MORENO                                                                                                                                       ,"{""type"":""Point"",""coordinates"":[-58.7536464619467,-34.6409894540599]}",0101000020E61000004C67BD7C77604DC0552243F10B5241C0
28390145,Piquete Suspension ST 132Kv,APSS1,S,AT Geografico,MORENO                                                                                                                                       ,"{""type"":""Point"",""coordinates"":[-58.7543134640508,-34.6403041022771]}",0101000020E6100000EA83F5578D604DC027631D7CF55141C0
28390146,Piquete Suspension ST 132Kv,APSS1,S,AT Geografico,MORENO                                                                                                                                       ,"{""type"":""Point"",""coordinates"":[-58.7549822080397,-34.6396169453264]}",0101000020E6100000D74BCA41A3604DC07D12D3F7DE5141C0
28390147,Piquete Suspension ST 132Kv,APSS1,S,AT Geografico,MORENO                                                                                                                                       ,"{""type"":""Point"",""coordinates"":[-58.7556635222754,-34.6389168562117]}",0101000020E6100000F6791195B9604DC071250D07C85141C0
28390148,Piquete Suspension ST 132Kv,APSS1,S,AT Geografico,MORENO                                                                                                                                       ,"{""type"":""Point"",""coordinates"":[-58.7563373495507,-34.6382244446548]}",0101000020E610000027888AA9CF604DC067A6AE56B15141C0
28390149,Piquete Suspension ST 132Kv,APSS1,S,AT Geografico,MORENO                                                                                                                                       ,"{""type"":""Point"",""coordinates"":[-58.7570152197495,-34.6375278629154]}",0101000020E610000001B3EDDFE5604DC05AC154839A5141C0
28390150,Piquete Suspension ST 132Kv,APSS1,S,AT Geografico,MORENO                                                                                                                                       ,"{""type"":""Point"",""coordinates"":[-58.7576513866997,-34.6368741211985]}",0101000020E610000077D27BB8FA604DC0B61B5917855141C0
28390151,Piquete Suspension ST 132Kv,APSS1,S,AT Geografico,MORENO                                                                                                                                       ,"{""type"":""Point"",""coordinates"":[-58.7583735139563,-34.6361320275557]}",0101000020E61000002A4C206212614DC01C2537C66C5141C0
28390152,Piquete Suspension ST 132Kv,APSS1,S,AT Geografico,MORENO                                                                                                                                       ,"{""type"":""Point"",""coordinates"":[-58.7589000867116,-34.6355910508282]}",0101000020E6100000D6AD56A323614DC0F6772C0C5B5141C0
28390153,Piquete Suspension ST 132Kv,APSS1,S,AT Geografico,MORENO                                                                                                                                       ,"{""type"":""Point"",""coordinates"":[-58.8148628979,-34.6303779357558]}",0101000020E6100000209A6C6D4D684DC07E186539B05041C0
28390154,Piquete Suspension ST 132Kv,APSS1,S,AT Geografico,MORENO                                                                                                                                       ,"{""type"":""Point"",""coordinates"":[-58.8151558577682,-34.6311064624331]}",0101000020E6100000F120F30657684DC0E738B818C85041C0
28390157,Piquete Suspension ST 132Kv,APSS1,S,AT Geografico,ITUZAINGO                                                                                                                                    ,"{""type"":""Point"",""coordinates"":[-58.6769247195235,-34.6123793690772]}",0101000020E6100000891A1E78A5564DC03D777972624E41C0
28390163,Piquete Suspension ST 132Kv,APSS1,S,AT Geografico,MERLO                                                                                                                                        ,"{""type"":""Point"",""coordinates"":[-58.7360301989014,-34.6541348871136]}",0101000020E61000003293D03C365E4DC0B3A925B1BA5341C0
28390164,Piquete Suspension ST 132Kv,APSS1,S,AT Geografico,MERLO                                                                                                                                        ,"{""type"":""Point"",""coordinates"":[-58.7366918969268,-34.6535126050957]}",0101000020E6100000B4438AEB4B5E4DC07234114DA65341C0
28390165,Piquete Suspension ST 132Kv,APSS1,S,AT Geografico,MERLO                                                                                                                                        ,"{""type"":""Point"",""coordinates"":[-58.7373026407362,-34.6529382303285]}",0101000020E6100000AD9BD4EE5F5E4DC0D5C8DC7A935341C0
28390166,Piquete Suspension ST 132Kv,APSS1,S,AT Geografico,MERLO                                                                                                                                        ,"{""type"":""Point"",""coordinates"":[-58.737931905056,-34.6523464261637]}",0101000020E610000002727B8D745E4DC094047316805341C0
28390167,Piquete Suspension ST 132Kv,APSS1,S,AT Geografico,MERLO                                                                                                                                        ,"{""type"":""Point"",""coordinates"":[-58.7386104384041,-34.6517082725674]}",0101000020E610000009B76EC98A5E4DC0CF9A3A2D6B5341C0
28390168,Piquete Suspension ST 132Kv,APSS1,S,AT Geografico,MERLO                                                                                                                                        ,"{""type"":""Point"",""coordinates"":[-58.7391039879522,-34.6512440856085]}",0101000020E61000008D4CA0F59A5E4DC075B358F75B5341C0
28390169,Piquete Suspension ST 132Kv,APSS1,S,AT Geografico,MERLO                                                                                                                                        ,"{""type"":""Point"",""coordinates"":[-58.7397748896307,-34.6506130858963]}",0101000020E6100000D9AE8EF1B05E4DC02123234A475341C0
28390170,Piquete Suspension ST 132Kv,APSS1,S,AT Geografico,MERLO                                                                                                                                        ,"{""type"":""Point"",""coordinates"":[-58.7404361597201,-34.6499911316367]}",0101000020E61000000C63B19CC65E4DC0E488CEE8325341C0
28390171,Piquete Suspension ST 132Kv,APSS1,S,AT Geografico,MERLO                                                                                                                                        ,"{""type"":""Point"",""coordinates"":[-58.741099306416,-34.6493673991043]}",0101000020E610000092129257DC5E4DC0EB1E8F781E5341C0
28390175,Piquete Suspension ST 132Kv,APSS1,S,AT Geografico,MORENO                                                                                                                                       ,"{""type"":""Point"",""coordinates"":[-58.7433467173901,-34.6483763022723]}",0101000020E6100000C96338FC255F4DC064E1A2FEFD5241C0
28390176,Piquete Suspension ST 132Kv,APSS1,S,AT Geografico,MORENO                                                                                                                                       ,"{""type"":""Point"",""coordinates"":[-58.7439561455483,-34.6477516317656]}",0101000020E6100000DC6479F4395F4DC0972E8586E95241C0
28390177,Piquete Suspension ST 132Kv,APSS1,S,AT Geografico,MORENO                                                                                                                                       ,"{""type"":""Point"",""coordinates"":[-58.7446104703325,-34.6470809275562]}",0101000020E61000002D2B59654F5F4DC011DC3E8CD35241C0
28390178,Piquete Suspension ST 132Kv,APSS1,S,AT Geografico,MORENO                                                                                                                                       ,"{""type"":""Point"",""coordinates"":[-58.7451834004722,-34.6464936434493]}",0101000020E61000006C466F2B625F4DC0E0D7BF4DC05241C0
28390179,Piquete Suspension ST 132Kv,APSS1,S,AT Geografico,MORENO                                                                                                                                       ,"{""type"":""Point"",""coordinates"":[-58.7457625985729,-34.645899922915]}",0101000020E6100000ADB91926755F4DC056B442D9AC5241C0
28390180,Piquete Suspension ST 132Kv,APSS1,S,AT Geografico,MORENO                                                                                                                                       ,"{""type"":""Point"",""coordinates"":[-58.7464177007358,-34.6452283812858]}",0101000020E61000006CE87E9D8A5F4DC06909F6D7965241C0
28390181,Piquete Suspension ST 132Kv,APSS1,S,AT Geografico,MORENO                                                                                                                                       ,"{""type"":""Point"",""coordinates"":[-58.7470552168957,-34.6445748528425]}",0101000020E6100000C56F5E819F5F4DC02864C46D815241C0
28390182,Piquete Suspension ST 132Kv,APSS1,S,AT Geografico,MORENO                                                                                                                                       ,"{""type"":""Point"",""coordinates"":[-58.7476968673387,-34.6439170722064]}",0101000020E61000005045EC87B45F4DC0353BE7DF6B5241C0
28390183,Piquete Suspension ST 132Kv,APSS1,S,AT Geografico,MORENO                                                                                                                                       ,"{""type"":""Point"",""coordinates"":[-58.7483992977225,-34.6431969675157]}",0101000020E6100000A308568CCB5F4DC0DE2E3A47545241C0
28390184,Piquete Suspension ST 132Kv,APSS1,S,AT Geografico,MORENO                                                                                                                                       ,"{""type"":""Point"",""coordinates"":[-58.7490695742097,-34.6425098099995]}",0101000020E61000005FD40583E15F4DC051A7EEC23D5241C0
28390185,Piquete Suspension ST 132Kv,APSS1,S,AT Geografico,MORENO                                                                                                                                       ,"{""type"":""Point"",""coordinates"":[-58.7497629558051,-34.6417989492483]}",0101000020E6100000B677873BF85F4DC074D0CC77265241C0
28390186,Piquete Suspension ST 132Kv,APSS1,S,AT Geografico,MORENO                                                                                                                                       ,"{""type"":""Point"",""coordinates"":[-58.7504334438577,-34.6411115434852]}",0101000020E6100000C898FD330E604DC0B72D6CF10F5241C0
28390187,Piquete Suspension ST 132Kv,APSS1,S,AT Geografico,MORENO                                                                                                                                       ,"{""type"":""Point"",""coordinates"":[-58.7510959292811,-34.6404323271185]}",0101000020E6100000E53552E923604DC03123BEAFF95141C0
28390188,Piquete Suspension ST 132Kv,APSS1,S,AT Geografico,MORENO                                                                                                                                       ,"{""type"":""Point"",""coordinates"":[-58.7517112363926,-34.6398014670855]}",0101000020E6100000CA2BE41238604DC05488B403E55141C0
28390189,Piquete Suspension ST 132Kv,APSS1,S,AT Geografico,MORENO                                                                                                                                       ,"{""type"":""Point"",""coordinates"":[-58.7522987408268,-34.6391991003612]}",0101000020E610000021563C534B604DC092D7AF46D15141C0
28390190,Piquete Suspension ST 132Kv,APSS1,S,AT Geografico,MORENO                                                                                                                                       ,"{""type"":""Point"",""coordinates"":[-58.7529404388565,-34.6385411555698]}",0101000020E6100000BF5C305A60604DC0422972B7BB5141C0
28390191,Piquete Suspension ST 132Kv,APSS1,S,AT Geografico,MORENO                                                                                                                                       ,"{""type"":""Point"",""coordinates"":[-58.7535696927348,-34.6378959562808]}",0101000020E6100000C5C6C0F874604DC0033D1F93A65141C0
28390192,Piquete Suspension ST 132Kv,APSS1,S,AT Geografico,MORENO                                                                                                                                       ,"{""type"":""Point"",""coordinates"":[-58.7542008518391,-34.6372487898521]}",0101000020E6100000CFA14CA789604DC04AEA4B5E915141C0
28390193,Piquete Suspension ST 132Kv,APSS1,S,AT Geografico,MORENO                                                                                                                                       ,"{""type"":""Point"",""coordinates"":[-58.7548479472327,-34.6365852687755]}",0101000020E61000009C6887DB9E604DC0D04047A07B5141C0
28390194,Piquete Suspension ST 132Kv,APSS1,S,AT Geografico,MORENO                                                                                                                                       ,"{""type"":""Point"",""coordinates"":[-58.7555049957983,-34.6359115271937]}",0101000020E61000008C754063B4604DC02439868C655141C0
28390197,Piquete Suspension ST 132Kv,APSS1,S,AT Geografico,MORENO                                                                                                                                       ,"{""type"":""Point"",""coordinates"":[-58.8154241505857,-34.6303480905147]}",0101000020E610000029918DD15F684DC0A1ED083FAF5041C0
28390198,Piquete Suspension ST 132Kv,APSS1,S,AT Geografico,MORENO                                                                                                                                       ,"{""type"":""Point"",""coordinates"":[-58.815761605078,-34.6312641143914]}",0101000020E6100000409253E06A684DC08E393343CD5041C0
28406115,Piquete Suspension ST 132Kv,APSS1,S,AT Geografico,MERLO                                                                                                                                        ,"{""type"":""Point"",""coordinates"":[-58.7108637346936,-34.650011294566]}",0101000020E6100000F8353695FD5A4DC08218F291335341C0
28406116,Piquete Suspension ST 132Kv,APSS1,S,AT Geografico,MERLO                                                                                                                                        ,"{""type"":""Point"",""coordinates"":[-58.7100386624356,-34.6506934642871]}",0101000020E61000003707018CE25A4DC0BE6A66EC495341C0
28406117,Piquete Suspension ST 132Kv,APSS1,S,AT Geografico,MERLO                                                                                                                                        ,"{""type"":""Point"",""coordinates"":[-58.7093889683693,-34.6512306192632]}",0101000020E61000000FA5F941CD5A4DC0D7F161865B5341C0
28406118,Piquete Suspension ST 132Kv,APSS1,S,AT Geografico,MERLO                                                                                                                                        ,"{""type"":""Point"",""coordinates"":[-58.7086264253431,-34.6518610620995]}",0101000020E610000011F74C45B45A4DC069A0EB2E705341C0
28406119,Piquete Suspension ST 132Kv,APSS1,S,AT Geografico,MERLO                                                                                                                                        ,"{""type"":""Point"",""coordinates"":[-58.7078545276223,-34.6524992241476]}",0101000020E61000004D3B27FA9A5A4DC087303618855341C0
28406120,Piquete Suspension ST 132Kv,APSS1,S,AT Geografico,MERLO                                                                                                                                        ,"{""type"":""Point"",""coordinates"":[-58.707080279484,-34.653139314328]}",0101000020E6100000DF034A9B815A4DC0A462AD119A5341C0
28406121,Piquete Suspension ST 132Kv,APSS1,S,AT Geografico,MERLO                                                                                                                                        ,"{""type"":""Point"",""coordinates"":[-58.7062286488106,-34.6538433611262]}",0101000020E6100000E9114BB3655A4DC0385FA623B15341C0
28406122,Piquete Suspension ST 132Kv,APSS1,S,AT Geografico,MERLO                                                                                                                                        ,"{""type"":""Point"",""coordinates"":[-58.7052736569556,-34.6546328353616]}",0101000020E610000066AD3D68465A4DC000623D02CB5341C0
28406123,Piquete Suspension ST 132Kv,APSS1,S,AT Geografico,MERLO                                                                                                                                        ,"{""type"":""Point"",""coordinates"":[-58.7045105648981,-34.6552636530396]}",0101000020E61000003EF6F5662D5A4DC00508ECADDF5341C0
28406124,Piquete Suspension ST 132Kv,APSS1,S,AT Geografico,MERLO                                                                                                                                        ,"{""type"":""Point"",""coordinates"":[-58.7037540724089,-34.6558890006556]}",0101000020E61000002BB60A9D145A4DC095CFB72BF45341C0
28406125,Piquete Suspension ST 132Kv,APSS1,S,AT Geografico,MERLO                                                                                                                                        ,"{""type"":""Point"",""coordinates"":[-58.7031787717298,-34.6563645580756]}",0101000020E610000012E911C3015A4DC01D98FBC0035441C0
28406126,Piquete Suspension ST 132Kv,APSS1,S,AT Geografico,MERLO                                                                                                                                        ,"{""type"":""Point"",""coordinates"":[-58.7023857136662,-34.6570201053245]}",0101000020E6100000D8AF6AC6E7594DC071971C3C195441C0
28406127,Piquete Suspension ST 132Kv,APSS1,S,AT Geografico,MERLO                                                                                                                                        ,"{""type"":""Point"",""coordinates"":[-58.7015860530279,-34.6576810942834]}",0101000020E6100000D18A6092CD594DC08792E3E42E5441C0
28406128,Piquete Suspension ST 132Kv,APSS1,S,AT Geografico,MERLO                                                                                                                                        ,"{""type"":""Point"",""coordinates"":[-58.7008831812199,-34.6583661150176]}",0101000020E6100000F8D3428AB6594DC0CE654257455441C0
28406129,Piquete Suspension ST 132Kv,APSS1,S,AT Geografico,MERLO                                                                                                                                        ,"{""type"":""Point"",""coordinates"":[-58.7000800049634,-34.6590174078351]}",0101000020E61000005AF3BA389C594DC0B812B3AE5A5441C0
28406130,Piquete Suspension ST 132Kv,APSS1,S,AT Geografico,MERLO                                                                                                                                        ,"{""type"":""Point"",""coordinates"":[-58.6993146509759,-34.6596380159776]}",0101000020E610000010C7792483594DC041E9BC046F5441C0
28406131,Piquete Suspension ST 132Kv,APSS1,S,AT Geografico,MERLO                                                                                                                                        ,"{""type"":""Point"",""coordinates"":[-58.69856239701,-34.6602479876058]}",0101000020E6100000CDAF1C7E6A594DC027028D01835441C0
28406132,Piquete Suspension ST 132Kv,APSS1,S,AT Geografico,MERLO                                                                                                                                        ,"{""type"":""Point"",""coordinates"":[-58.6977916889188,-34.6608191689556]}",0101000020E6100000DAA9F13C51594DC0F49DF7B8955441C0
28406133,Piquete Suspension ST 132Kv,APSS1,S,AT Geografico,MERLO                                                                                                                                        ,"{""type"":""Point"",""coordinates"":[-58.6971141203748,-34.6613787945754]}",0101000020E61000007C4B16093B594DC0117C720FA85441C0
28406134,Piquete Suspension ST 132Kv,APSS1,S,AT Geografico,MERLO                                                                                                                                        ,"{""type"":""Point"",""coordinates"":[-58.6962996518951,-34.6620514749558]}",0101000020E6100000828DD45820594DC00F9A4C1ABE5441C0
28406135,Piquete Suspension ST 132Kv,APSS1,S,AT Geografico,MERLO                                                                                                                                        ,"{""type"":""Point"",""coordinates"":[-58.6955251093455,-34.6626911645016]}",0101000020E6100000CA177FF706594DC0FA706710D35441C0
28406136,Piquete Suspension ST 132Kv,APSS1,S,AT Geografico,MERLO                                                                                                                                        ,"{""type"":""Point"",""coordinates"":[-58.6948433329059,-34.6632542266407]}",0101000020E61000005B5657A0F0584DC07E2DB683E55441C0
28406140,Piquete Suspension ST 132Kv,APSS1,S,AT Geografico,ITUZAINGO                                                                                                                                    ,"{""type"":""Point"",""coordinates"":[-58.6926479305516,-34.6631295085386]}",0101000020E61000003FAEF8AFA8584DC0CD17806DE15441C0
28406141,Piquete Suspension ST 132Kv,APSS1,S,AT Geografico,ITUZAINGO                                                                                                                                    ,"{""type"":""Point"",""coordinates"":[-58.6920772709166,-34.6635922106915]}",0101000020E61000002672EEFC95584DC07366ED96F05441C0
28406144,Piquete Suspension ST 132Kv,APSS1,S,AT Geografico,ITUZAINGO                                                                                                                                    ,"{""type"":""Point"",""coordinates"":[-58.689666877225,-34.6656718259186]}",0101000020E61000006D68150147584DC02D1801BC345541C0
28406145,Piquete Suspension ST 132Kv,APSS1,S,AT Geografico,ITUZAINGO                                                                                                                                    ,"{""type"":""Point"",""coordinates"":[-58.6889219082683,-34.6662870072986]}",0101000020E610000052C1D4972E584DC06B0C85E4485541C0
28406146,Piquete Suspension ST 132Kv,APSS1,S,AT Geografico,ITUZAINGO                                                                                                                                    ,"{""type"":""Point"",""coordinates"":[-58.6881325490191,-34.6669388301213]}",0101000020E6100000D2AC34BA14584DC0D3E667405E5541C0
28406147,Piquete Suspension ST 132Kv,APSS1,S,AT Geografico,ITUZAINGO                                                                                                                                    ,"{""type"":""Point"",""coordinates"":[-58.687327820964,-34.6676033277807]}",0101000020E6100000EB55A85BFA574DC065C29D06745541C0
28406148,Piquete Suspension ST 132Kv,APSS1,S,AT Geografico,ITUZAINGO                                                                                                                                    ,"{""type"":""Point"",""coordinates"":[-58.686578140648,-34.6682223555669]}",0101000020E6100000A71DE2CAE1574DC0D4CE654F885541C0
28406149,Piquete Suspension ST 132Kv,APSS1,S,AT Geografico,ITUZAINGO                                                                                                                                    ,"{""type"":""Point"",""coordinates"":[-58.6857738100891,-34.668886493553]}",0101000020E61000009864AB6FC7574DC0EC4597129E5541C0
28406150,Piquete Suspension ST 132Kv,APSS1,S,AT Geografico,ITUZAINGO                                                                                                                                    ,"{""type"":""Point"",""coordinates"":[-58.6850320492264,-34.6694989531364]}",0101000020E6100000D1115421AF574DC0B1364624B25541C0
28406151,Piquete Suspension ST 132Kv,APSS1,S,AT Geografico,ITUZAINGO                                                                                                                                    ,"{""type"":""Point"",""coordinates"":[-58.6842590346072,-34.6701372037076]}",0101000020E6100000B2D0CFCC95574DC0ECE04E0EC75541C0
28406152,Piquete Suspension ST 132Kv,APSS1,S,AT Geografico,ITUZAINGO                                                                                                                                    ,"{""type"":""Point"",""coordinates"":[-58.6834962705896,-34.6707669759821]}",0101000020E6100000638F48CE7C574DC03B8A38B1DB5541C0
28406153,Piquete Suspension ST 132Kv,APSS1,S,AT Geografico,ITUZAINGO                                                                                                                                    ,"{""type"":""Point"",""coordinates"":[-58.6827762897291,-34.6713614111343]}",0101000020E61000006E6FA53665574DC01C4FB42BEF5541C0
28406154,Piquete Suspension ST 132Kv,APSS1,S,AT Geografico,ITUZAINGO                                                                                                                                    ,"{""type"":""Point"",""coordinates"":[-58.6819806811267,-34.6720182713785]}",0101000020E6100000B5F898244B574DC050F1D8B1045641C0
28406155,Piquete Suspension ST 132Kv,APSS1,S,AT Geografico,ITUZAINGO                                                                                                                                    ,"{""type"":""Point"",""coordinates"":[-58.6812717979924,-34.672603517029]}",0101000020E610000043080EEA33574DC034683EDF175641C0
28406156,Piquete Suspension ST 132Kv,APSS1,S,AT Geografico,ITUZAINGO                                                                                                                                    ,"{""type"":""Point"",""coordinates"":[-58.680570107582,-34.6731828119977]}",0101000020E61000009059D9EB1C574DC035E1B8DA2A5641C0
28406157,Piquete Suspension ST 132Kv,APSS1,S,AT Geografico,ITUZAINGO                                                                                                                                    ,"{""type"":""Point"",""coordinates"":[-58.6798671262146,-34.6737631603376]}",0101000020E6100000D35BD0E205574DC0217309DF3D5641C0
28406158,Piquete Suspension ST 132Kv,APSS1,S,AT Geografico,ITUZAINGO                                                                                                                                    ,"{""type"":""Point"",""coordinates"":[-58.6791340109539,-34.6743683725469]}",0101000020E61000000253FFDCED564DC0DCC5ECB3515641C0
28406159,Piquete Suspension ST 132Kv,APSS1,S,AT Geografico,ITUZAINGO                                                                                                                                    ,"{""type"":""Point"",""coordinates"":[-58.6783683373175,-34.6750004483971]}",0101000020E6100000D4B50FC6D4564DC05353296A665641C0
28406160,Piquete Suspension ST 132Kv,APSS1,S,AT Geografico,ITUZAINGO                                                                                                                                    ,"{""type"":""Point"",""coordinates"":[-58.6776535054399,-34.6755905402615]}",0101000020E610000026F19D59BD564DC084F435C0795641C0
28406161,Piquete Suspension ST 132Kv,APSS1,S,AT Geografico,ITUZAINGO                                                                                                                                    ,"{""type"":""Point"",""coordinates"":[-58.6768976375055,-34.6762144932931]}",0101000020E6100000B7E9EF94A4564DC030E34E328E5641C0
28406162,Piquete Suspension ST 132Kv,APSS1,S,AT Geografico,ITUZAINGO                                                                                                                                    ,"{""type"":""Point"",""coordinates"":[-58.6762347076087,-34.6767617161135]}",0101000020E6100000BDCCE0DB8E564DC036F2BE20A05641C0
28406163,Piquete Suspension ST 132Kv,APSS1,S,AT Geografico,ITUZAINGO                                                                                                                                    ,"{""type"":""Point"",""coordinates"":[-58.6755234051186,-34.677348856331]}",0101000020E61000005F550A8D77564DC05DF6085EB35641C0
28406164,Piquete Suspension ST 132Kv,APSS1,S,AT Geografico,ITUZAINGO                                                                                                                                    ,"{""type"":""Point"",""coordinates"":[-58.6748085771053,-34.6779388938456]}",0101000020E610000027DDA02060564DC071E0A0B3C65641C0
28406165,Piquete Suspension ST 132Kv,APSS1,S,AT Geografico,ITUZAINGO                                                                                                                                    ,"{""type"":""Point"",""coordinates"":[-58.6740708585145,-34.6785478123536]}",0101000020E6100000CE4032F447564DC05D6A9BA7DA5641C0
28406166,Piquete Suspension ST 132Kv,APSS1,S,AT Geografico,ITUZAINGO                                                                                                                                    ,"{""type"":""Point"",""coordinates"":[-58.6733497360568,-34.6791430190642]}",0101000020E61000002D91FB5230564DC0FB179028EE5641C0
28406167,Piquete Suspension ST 132Kv,APSS1,S,AT Geografico,ITUZAINGO                                                                                                                                    ,"{""type"":""Point"",""coordinates"":[-58.6725362342808,-34.6798144589732]}",0101000020E610000032CED5AA15564DC09E510229045741C0
28406171,Piquete Suspension ST 132Kv,APSS1,S,AT Geografico,MERLO                                                                                                                                        ,"{""type"":""Point"",""coordinates"":[-58.7116232159037,-34.6493890160288]}",0101000020E6100000BEB03378165B4DC0DC1CE52D1F5341C0
28406855,Piquete Suspension ST 132Kv,APSS1,S,AT Geografico,ITUZAINGO                                                                                                                                    ,"{""type"":""Point"",""coordinates"":[-58.7069476752955,-34.6458069272743]}",0101000020E610000049B0EC427D5A4DC02D1628CDA95241C0
28406856,Piquete Suspension ST 132Kv,APSS1,S,AT Geografico,ITUZAINGO                                                                                                                                    ,"{""type"":""Point"",""coordinates"":[-58.7060458105026,-34.6465462843961]}",0101000020E61000000DCB88B55F5A4DC0716A5507C25241C0
28406857,Piquete Suspension ST 132Kv,APSS1,S,AT Geografico,ITUZAINGO                                                                                                                                    ,"{""type"":""Point"",""coordinates"":[-58.7052754499929,-34.6471765707577]}",0101000020E610000019324877465A4DC022128FAED65241C0
28406858,Piquete Suspension ST 132Kv,APSS1,S,AT Geografico,ITUZAINGO                                                                                                                                    ,"{""type"":""Point"",""coordinates"":[-58.7046695916316,-34.6476729407513]}",0101000020E61000008845F99C325A4DC0F78369F2E65241C0
28406859,Piquete Suspension ST 132Kv,APSS1,S,AT Geografico,ITUZAINGO                                                                                                                                    ,"{""type"":""Point"",""coordinates"":[-58.7038480066144,-34.648346037529]}",0101000020E6100000C0E104B1175A4DC0CAD6C100FD5241C0
28406860,Piquete Suspension ST 132Kv,APSS1,S,AT Geografico,ITUZAINGO                                                                                                                                    ,"{""type"":""Point"",""coordinates"":[-58.703087172994,-34.6489693477797]}",0101000020E61000008B1FAFC2FE594DC0F868766D115341C0
28406861,Piquete Suspension ST 132Kv,APSS1,S,AT Geografico,ITUZAINGO                                                                                                                                    ,"{""type"":""Point"",""coordinates"":[-58.7021229637994,-34.6497592520592]}",0101000020E610000000A54F2ADF594DC012EFA84F2B5341C0
28406864,Piquete Suspension ST 132Kv,APSS1,S,AT Geografico,ITUZAINGO                                                                                                                                    ,"{""type"":""Point"",""coordinates"":[-58.7023702856442,-34.6508002688203]}",0101000020E61000000F43FF44E7594DC0D267576C4D5341C0
28406865,Piquete Suspension ST 132Kv,APSS1,S,AT Geografico,ITUZAINGO                                                                                                                                    ,"{""type"":""Point"",""coordinates"":[-58.7026679305578,-34.6510500489321]}",0101000020E6100000D3D8D205F1594DC07E1CA69B555341C0
28406868,Piquete Suspension ST 132Kv,APSS1,S,AT Geografico,ITUZAINGO                                                                                                                                    ,"{""type"":""Point"",""coordinates"":[-58.702596728612,-34.6524475071058]}",0101000020E610000023D589B0EE594DC026B06066835341C0
28406869,Piquete Suspension ST 132Kv,APSS1,S,AT Geografico,ITUZAINGO                                                                                                                                    ,"{""type"":""Point"",""coordinates"":[-58.7020279086622,-34.6529141419029]}",0101000020E6100000AD4AEE0CDC594DC0D148CBB0925341C0
28406870,Piquete Suspension ST 132Kv,APSS1,S,AT Geografico,ITUZAINGO                                                                                                                                    ,"{""type"":""Point"",""coordinates"":[-58.701466736378,-34.6533744949753]}",0101000020E6100000DBFC79A9C9594DC0CCFA83C6A15341C0
28406871,Piquete Suspension ST 132Kv,APSS1,S,AT Geografico,ITUZAINGO                                                                                                                                    ,"{""type"":""Point"",""coordinates"":[-58.7008060689945,-34.6539164579806]}",0101000020E6100000B2956503B4594DC0E1ABD488B35341C0
28406872,Piquete Suspension ST 132Kv,APSS1,S,AT Geografico,ITUZAINGO                                                                                                                                    ,"{""type"":""Point"",""coordinates"":[-58.6999753363928,-34.6545979145703]}",0101000020E610000029E8B4CA98594DC0008E4DDDC95341C0
28406873,Piquete Suspension ST 132Kv,APSS1,S,AT Geografico,ITUZAINGO                                                                                                                                    ,"{""type"":""Point"",""coordinates"":[-58.6994432100972,-34.6550344129874]}",0101000020E61000006E63E85A87594DC087C4EA2AD85341C0
28406874,Piquete Suspension ST 132Kv,APSS1,S,AT Geografico,ITUZAINGO                                                                                                                                    ,"{""type"":""Point"",""coordinates"":[-58.6987361406755,-34.6556144047558]}",0101000020E6100000075E942F70594DC03F9B3D2CEB5341C0
28406875,Piquete Suspension ST 132Kv,APSS1,S,AT Geografico,ITUZAINGO                                                                                                                                    ,"{""type"":""Point"",""coordinates"":[-58.6980260737933,-34.6561968427297]}",0101000020E610000043591BEB58594DC09EA11542FE5341C0
28406876,Piquete Suspension ST 132Kv,APSS1,S,AT Geografico,ITUZAINGO                                                                                                                                    ,"{""type"":""Point"",""coordinates"":[-58.6972870844826,-34.6568029912268]}",0101000020E610000057E303B440594DC0F99DD31E125441C0
28406877,Piquete Suspension ST 132Kv,APSS1,S,AT Geografico,ITUZAINGO                                                                                                                                    ,"{""type"":""Point"",""coordinates"":[-58.6965520070961,-34.6574059174966]}",0101000020E61000007038BD9D28594DC022EC89E0255441C0
28406878,Piquete Suspension ST 132Kv,APSS1,S,AT Geografico,ITUZAINGO                                                                                                                                    ,"{""type"":""Point"",""coordinates"":[-58.6957532159886,-34.6580610878567]}",0101000020E6100000FF60FE700E594DC0B08E81583B5441C0
28406879,Piquete Suspension ST 132Kv,APSS1,S,AT Geografico,ITUZAINGO                                                                                                                                    ,"{""type"":""Point"",""coordinates"":[-58.6951445285767,-34.6585603240523]}",0101000020E61000007E1DF47EFA584DC0BE1F67B44B5441C0
28406880,Piquete Suspension ST 132Kv,APSS1,S,AT Geografico,ITUZAINGO                                                                                                                                    ,"{""type"":""Point"",""coordinates"":[-58.6945011991553,-34.6590879630586]}",0101000020E6100000CDB3506AE5584DC00B438FFE5C5441C0
28406883,Piquete Suspension ST 132Kv,APSS1,S,AT Geografico,ITUZAINGO                                                                                                                                    ,"{""type"":""Point"",""coordinates"":[-58.6924673540591,-34.6600513067092]}",0101000020E61000009B9D2FC5A2584DC0C1FFAB8F7C5441C0
28406884,Piquete Suspension ST 132Kv,APSS1,S,AT Geografico,ITUZAINGO                                                                                                                                    ,"{""type"":""Point"",""coordinates"":[-58.6916535611495,-34.6607315548235]}",0101000020E61000004CA6981A88584DC081B301DA925441C0
28406885,Piquete Suspension ST 132Kv,APSS1,S,AT Geografico,ITUZAINGO                                                                                                                                    ,"{""type"":""Point"",""coordinates"":[-58.6908921258942,-34.661368021947]}",0101000020E6100000C2E336276F584DC0F97014B5A75441C0
28406886,Piquete Suspension ST 132Kv,APSS1,S,AT Geografico,ITUZAINGO                                                                                                                                    ,"{""type"":""Point"",""coordinates"":[-58.6900603627882,-34.6620632576352]}",0101000020E61000007438E1E553584DC08FB6237DBE5441C0
28406887,Piquete Suspension ST 132Kv,APSS1,S,AT Geografico,ITUZAINGO                                                                                                                                    ,"{""type"":""Point"",""coordinates"":[-58.6895149993911,-34.6625190942927]}",0101000020E6100000413E0A0742584DC0337BF96CCD5441C0
28406888,Piquete Suspension ST 132Kv,APSS1,S,AT Geografico,ITUZAINGO                                                                                                                                    ,"{""type"":""Point"",""coordinates"":[-58.6885947064198,-34.6632882949199]}",0101000020E6100000CA2210DF23584DC018407FA1E65441C0
28406891,Piquete Suspension ST 132Kv,APSS1,S,AT Geografico,ITUZAINGO                                                                                                                                    ,"{""type"":""Point"",""coordinates"":[-58.6866340152509,-34.6652497941396]}",0101000020E610000071E9979FE3574DC009C0BEE7265541C0
28406892,Piquete Suspension ST 132Kv,APSS1,S,AT Geografico,ITUZAINGO                                                                                                                                    ,"{""type"":""Point"",""coordinates"":[-58.6857911327419,-34.6659452822419]}",0101000020E6100000B681FB00C8574DC0CA13ECB13D5541C0
28406893,Piquete Suspension ST 132Kv,APSS1,S,AT Geografico,ITUZAINGO                                                                                                                                    ,"{""type"":""Point"",""coordinates"":[-58.6850644224309,-34.6665343071842]}",0101000020E610000031FFE430B0574DC0518205FF505541C0
28406898,Piquete Suspension ST 132Kv,APSS1,S,AT Geografico,ITUZAINGO                                                                                                                                    ,"{""type"":""Point"",""coordinates"":[-58.6848407954017,-34.6680347274761]}",0101000020E6100000BE9BF9DCA8574DC0158D7529825541C0
28406899,Piquete Suspension ST 132Kv,APSS1,S,AT Geografico,ITUZAINGO                                                                                                                                    ,"{""type"":""Point"",""coordinates"":[-58.6841604131112,-34.6686082221048]}",0101000020E6100000E5C3839192574DC071E347F4945541C0
28406900,Piquete Suspension ST 132Kv,APSS1,S,AT Geografico,ITUZAINGO                                                                                                                                    ,"{""type"":""Point"",""coordinates"":[-58.6835228900736,-34.669133767797]}",0101000020E61000007B7795AD7D574DC02CABE02CA65541C0
28406901,Piquete Suspension ST 132Kv,APSS1,S,AT Geografico,ITUZAINGO                                                                                                                                    ,"{""type"":""Point"",""coordinates"":[-58.6827681298731,-34.6697559454173]}",0101000020E6100000314732F264574DC031EF1490BA5541C0
28406902,Piquete Suspension ST 132Kv,APSS1,S,AT Geografico,ITUZAINGO                                                                                                                                    ,"{""type"":""Point"",""coordinates"":[-58.6820512582631,-34.6703468767909]}",0101000020E6100000BE37A4744D574DC075652CEDCD5541C0
28406903,Piquete Suspension ST 132Kv,APSS1,S,AT Geografico,ITUZAINGO                                                                                                                                    ,"{""type"":""Point"",""coordinates"":[-58.681334081664,-34.6709380466647]}",0101000020E6100000D83287F435574DC09008444CE15541C0
28406904,Piquete Suspension ST 132Kv,APSS1,S,AT Geografico,ITUZAINGO                                                                                                                                    ,"{""type"":""Point"",""coordinates"":[-58.680649359959,-34.6715024518734]}",0101000020E61000009E88AA841F574DC06EFDD6CAF35541C0
28406905,Piquete Suspension ST 132Kv,APSS1,S,AT Geografico,ITUZAINGO                                                                                                                                    ,"{""type"":""Point"",""coordinates"":[-58.6800299704197,-34.6720129946751]}",0101000020E61000004FA0D9380B574DC0ED4E9585045641C0
28406906,Piquete Suspension ST 132Kv,APSS1,S,AT Geografico,ITUZAINGO                                                                                                                                    ,"{""type"":""Point"",""coordinates"":[-58.6792179918948,-34.6726822677691]}",0101000020E61000007B057B9DF0564DC06E55DA731A5641C0
28406907,Piquete Suspension ST 132Kv,APSS1,S,AT Geografico,ITUZAINGO                                                                                                                                    ,"{""type"":""Point"",""coordinates"":[-58.678431090997,-34.6733308548492]}",0101000020E6100000FC357AD4D6564DC0807B98B42F5641C0
28406908,Piquete Suspension ST 132Kv,APSS1,S,AT Geografico,ITUZAINGO                                                                                                                                    ,"{""type"":""Point"",""coordinates"":[-58.677656404517,-34.6739693592618]}",0101000020E6100000A8A9EF71BD564DC08E44C2A0445641C0
28406909,Piquete Suspension ST 132Kv,APSS1,S,AT Geografico,ITUZAINGO                                                                                                                                    ,"{""type"":""Point"",""coordinates"":[-58.6768599956506,-34.6746257517933]}",0101000020E61000001DA52C59A3564DC0EC7EFA225A5641C0
28406910,Piquete Suspension ST 132Kv,APSS1,S,AT Geografico,ITUZAINGO                                                                                                                                    ,"{""type"":""Point"",""coordinates"":[-58.6760805830562,-34.6752681207262]}",0101000020E6100000F0D7FCCE89564DC06F468F2F6F5641C0
28406911,Piquete Suspension ST 132Kv,APSS1,S,AT Geografico,ITUZAINGO                                                                                                                                    ,"{""type"":""Point"",""coordinates"":[-58.6754543756999,-34.6757842113737]}",0101000020E61000001AC9FA4975564DC06880D718805641C0
28406912,Piquete Suspension ST 132Kv,APSS1,S,AT Geografico,ITUZAINGO                                                                                                                                    ,"{""type"":""Point"",""coordinates"":[-58.6747848240555,-34.6763360134592]}",0101000020E6100000E8935F595F564DC00575B12D925641C0
28406913,Piquete Suspension ST 132Kv,APSS1,S,AT Geografico,ITUZAINGO                                                                                                                                    ,"{""type"":""Point"",""coordinates"":[-58.6740235229682,-34.6769634159477]}",0101000020E61000000FF11D6746564DC0C10ABABCA65641C0
28406914,Piquete Suspension ST 132Kv,APSS1,S,AT Geografico,ITUZAINGO                                                                                                                                    ,"{""type"":""Point"",""coordinates"":[-58.6733418392668,-34.6775251919106]}",0101000020E6100000FC56BD1030564DC06EBC3E25B95641C0
28406915,Piquete Suspension ST 132Kv,APSS1,S,AT Geografico,ITUZAINGO                                                                                                                                    ,"{""type"":""Point"",""coordinates"":[-58.6725466261694,-34.6781805127801]}",0101000020E61000006037020216564DC06696799ECE5641C0
28406916,Piquete Suspension ST 132Kv,APSS1,S,AT Geografico,ITUZAINGO                                                                                                                                    ,"{""type"":""Point"",""coordinates"":[-58.6717766690657,-34.6788150055249]}",0101000020E61000002DED23C7FC554DC0BC61FC68E35641C0
28406918,Piquete Suspension ST 132Kv,APSS1,S,AT Geografico,ITUZAINGO                                                                                                                                    ,"{""type"":""Point"",""coordinates"":[-58.7081930916633,-34.6447860661234]}",0101000020E610000037F93B12A65A4DC04B758D59885241C0
28442969,Piquete Suspension ST 132Kv,APSS1,S,AT Geografico,ITUZAINGO                                                                                                                                    ,"{""type"":""Point"",""coordinates"":[-58.7078320409963,-34.6450818964112]}",0101000020E6100000EC91853D9A5A4DC0FB29280B925241C0
28481436,Piquete Suspension ST 132Kv,APSS1,S,AT Geografico,HURLINGHAM                                                                                                                                   ,"{""type"":""Point"",""coordinates"":[-58.6790438996329,-34.5946787416771]}",0101000020E610000060BC16E9EA564DC09290D96E1E4C41C0
28481437,Piquete Suspension ST 132Kv,APSS1,S,AT Geografico,HURLINGHAM                                                                                                                                   ,"{""type"":""Point"",""coordinates"":[-58.6822254933868,-34.5940535494859]}",0101000020E6100000FE4B3B2A53574DC0AE8E5BF2094C41C0
28481438,Piquete Suspension ST 132Kv,APSS1,S,AT Geografico,HURLINGHAM                                                                                                                                   ,"{""type"":""Point"",""coordinates"":[-58.6854288840157,-34.5934239801883]}",0101000020E6100000614A3822BC574DC010C92551F54B41C0
28481439,Piquete Suspension ST 132Kv,APSS1,S,AT Geografico,HURLINGHAM                                                                                                                                   ,"{""type"":""Point"",""coordinates"":[-58.6886463174329,-34.5927915561528]}",0101000020E61000004AF1019025584DC0BE82FD97E04B41C0
28481440,Piquete Suspension ST 132Kv,APSS1,S,AT Geografico,HURLINGHAM                                                                                                                                   ,"{""type"":""Point"",""coordinates"":[-58.6918086783786,-34.5921698645772]}",0101000020E6100000D45CD02F8D584DC09204DD38CC4B41C0
28481442,Piquete Suspension ST 132Kv,APSS1,S,AT Geografico,SANMIGUEL                                                                                                                                    ,"{""type"":""Point"",""coordinates"":[-58.696308408281,-34.5905117113578]}",0101000020E610000095BF48A220594DC0E11744E3954B41C0
28481443,Piquete Suspension ST 132Kv,APSS1,S,AT Geografico,SANMIGUEL                                                                                                                                    ,"{""type"":""Point"",""coordinates"":[-58.6991363839023,-34.5884331171258]}",0101000020E6100000E826104D7D594DC022F8C0C6514B41C0
28481445,Piquete Suspension ST 132Kv,APSS1,S,AT Geografico,SANMIGUEL                                                                                                                                    ,"{""type"":""Point"",""coordinates"":[-58.7044691045522,-34.5845145443906]}",0101000020E61000000D8C2A0B2C5A4DC0CF18625FD14A41C0
28481446,Piquete Suspension ST 132Kv,APSS1,S,AT Geografico,SANMIGUEL                                                                                                                                    ,"{""type"":""Point"",""coordinates"":[-58.7061781798958,-34.5832597053325]}",0101000020E61000008EE6ED0B645A4DC02BBD0741A84A41C0
28481447,Piquete Suspension ST 132Kv,APSS1,S,AT Geografico,SANMIGUEL                                                                                                                                    ,"{""type"":""Point"",""coordinates"":[-58.7070345336088,-34.5826309287543]}",0101000020E61000000B7F8B1B805A4DC09F5178A6934A41C0
28481448,Piquete Suspension ST 132Kv,APSS1,S,AT Geografico,SANMIGUEL                                                                                                                                    ,"{""type"":""Point"",""coordinates"":[-58.7084438948946,-34.5815960726819]}",0101000020E6100000C3CF1F4AAE5A4DC049D377BD714A41C0
28481449,Piquete Suspension ST 132Kv,APSS1,S,AT Geografico,SANMIGUEL                                                                                                                                    ,"{""type"":""Point"",""coordinates"":[-58.7097454721604,-34.5806403214911]}",0101000020E6100000D9B48BF0D85A4DC082C50B6C524A41C0
28481450,Piquete Suspension ST 132Kv,APSS1,S,AT Geografico,SANMIGUEL                                                                                                                                    ,"{""type"":""Point"",""coordinates"":[-58.7116164170555,-34.5792664183519]}",0101000020E610000069462B3F165B4DC0063FE966254A41C0
28481451,Piquete Suspension ST 132Kv,APSS1,S,AT Geografico,SANMIGUEL                                                                                                                                    ,"{""type"":""Point"",""coordinates"":[-58.7126494783681,-34.578507771391]}",0101000020E61000001B8D1D19385B4DC0934DEB8A0C4A41C0
28481452,Piquete Suspension ST 132Kv,APSS1,S,AT Geografico,SANMIGUEL                                                                                                                                    ,"{""type"":""Point"",""coordinates"":[-58.7138938719727,-34.5775938982625]}",0101000020E61000000678D8DF605B4DC006B4CB98EE4941C0
28481453,Piquete Suspension ST 132Kv,APSS1,S,AT Geografico,SANMIGUEL                                                                                                                                    ,"{""type"":""Point"",""coordinates"":[-58.7147613694355,-34.5769567950187]}",0101000020E6100000BD15F14C7D5B4DC0BEE762B8D94941C0
28481454,Piquete Suspension ST 132Kv,APSS1,S,AT Geografico,SANMIGUEL                                                                                                                                    ,"{""type"":""Point"",""coordinates"":[-58.7160426753723,-34.5760157549072]}",0101000020E6100000D1A15049A75B4DC04EA75EE2BA4941C0
28481455,Piquete Suspension ST 132Kv,APSS1,S,AT Geografico,SANMIGUEL                                                                                                                                    ,"{""type"":""Point"",""coordinates"":[-58.7173595125414,-34.5750485824225]}",0101000020E610000085EBBE6FD25B4DC0CF8E23319B4941C0
28481458,Piquete Suspension ST 132Kv,APSS1,S,AT Geografico,SANMIGUEL                                                                                                                                    ,"{""type"":""Point"",""coordinates"":[-58.7199335854046,-34.5732867959759]}",0101000020E6100000644DA2C8265C4DC0F6F83376614941C0
28481459,Piquete Suspension ST 132Kv,APSS1,S,AT Geografico,SANMIGUEL                                                                                                                                    ,"{""type"":""Point"",""coordinates"":[-58.7211951372708,-34.5723718255949]}",0101000020E6100000654E4C1F505C4DC0760AE07A434941C0
28481462,Piquete Suspension ST 132Kv,APSS1,S,AT Geografico,SANMIGUEL                                                                                                                                    ,"{""type"":""Point"",""coordinates"":[-58.7232218356328,-34.5707489828516]}",0101000020E6100000E5E57988925C4DC057C97B4D0E4941C0
28481463,Piquete Suspension ST 132Kv,APSS1,S,AT Geografico,SANMIGUEL                                                                                                                                    ,"{""type"":""Point"",""coordinates"":[-58.7239216139001,-34.5702428496703]}",0101000020E6100000C248A476A95C4DC0550EBBB7FD4841C0
28481464,Piquete Suspension ST 132Kv,APSS1,S,AT Geografico,SANMIGUEL                                                                                                                                    ,"{""type"":""Point"",""coordinates"":[-58.7245154725406,-34.569813317555]}",0101000020E610000006014AECBC5C4DC0B0DC8DA4EF4841C0
28481465,Piquete Suspension ST 132Kv,APSS1,S,AT Geografico,SANMIGUEL                                                                                                                                    ,"{""type"":""Point"",""coordinates"":[-58.7253130741343,-34.5692364084167]}",0101000020E610000050620E0FD75C4DC0CEEB16BDDC4841C0
28481466,Piquete Suspension ST 132Kv,APSS1,S,AT Geografico,SANMIGUEL                                                                                                                                    ,"{""type"":""Point"",""coordinates"":[-58.7260332203772,-34.5687155115567]}",0101000020E610000033AA14A8EE5C4DC0986E7DABCB4841C0
28481467,Piquete Suspension ST 132Kv,APSS1,S,AT Geografico,SANMIGUEL                                                                                                                                    ,"{""type"":""Point"",""coordinates"":[-58.7267553106559,-34.5681931975242]}",0101000020E61000000EBB6951065D4DC08B96008EBA4841C0
28481468,Piquete Suspension ST 132Kv,APSS1,S,AT Geografico,SANMIGUEL                                                                                                                                    ,"{""type"":""Point"",""coordinates"":[-58.7274788426749,-34.5676698295791]}",0101000020E610000005E9D6061E5D4DC0F07BAC67A94841C0
28481469,Piquete Suspension ST 132Kv,APSS1,S,AT Geografico,SANMIGUEL                                                                                                                                    ,"{""type"":""Point"",""coordinates"":[-58.7282954051345,-34.5670791546126]}",0101000020E61000009870A9C8385D4DC0FAA6BB0C964841C0
28481470,Piquete Suspension ST 132Kv,APSS1,S,AT Geografico,SANMIGUEL                                                                                                                                    ,"{""type"":""Point"",""coordinates"":[-58.7288729063533,-34.5666614003448]}",0101000020E610000027DD17B54B5D4DC07A315B5C884841C0
28481471,Piquete Suspension ST 132Kv,APSS1,S,AT Geografico,SANMIGUEL                                                                                                                                    ,"{""type"":""Point"",""coordinates"":[-58.7296065519445,-34.5661306837929]}",0101000020E610000043C65BBF635D4DC0871362F8764841C0
28481472,Piquete Suspension ST 132Kv,APSS1,S,AT Geografico,SANMIGUEL                                                                                                                                    ,"{""type"":""Point"",""coordinates"":[-58.7302818589315,-34.5656421591101]}",0101000020E6100000827C3EE0795D4DC0ED4E57F6664841C0
28481473,Piquete Suspension ST 132Kv,APSS1,S,AT Geografico,SANMIGUEL                                                                                                                                    ,"{""type"":""Point"",""coordinates"":[-58.7308926083456,-34.5652003278067]}",0101000020E6100000C9DD94E38D5D4DC025CFFD7B584841C0
28481474,Piquete Suspension ST 132Kv,APSS1,S,AT Geografico,SANMIGUEL                                                                                                                                    ,"{""type"":""Point"",""coordinates"":[-58.7316405078252,-34.5646592679766]}",0101000020E6100000E5C46A65A65D4DC0E6AB40C1464841C0
28481475,Piquete Suspension ST 132Kv,APSS1,S,AT Geografico,SANMIGUEL                                                                                                                                    ,"{""type"":""Point"",""coordinates"":[-58.7324074793691,-34.5641043983978]}",0101000020E6100000389E3D87BF5D4DC0F652AB92344841C0
28481476,Piquete Suspension ST 132Kv,APSS1,S,AT Geografico,SANMIGUEL                                                                                                                                    ,"{""type"":""Point"",""coordinates"":[-58.7331380668043,-34.5635758395225]}",0101000020E61000004330DA77D75D4DC04FC8CB40234841C0
28481477,Piquete Suspension ST 132Kv,APSS1,S,AT Geografico,SANMIGUEL                                                                                                                                    ,"{""type"":""Point"",""coordinates"":[-58.7338678088918,-34.5630478809587]}",0101000020E610000083635F61EF5D4DC05E66F5F3114841C0
28481480,Piquete Suspension ST 132Kv,APSS1,S,AT Geografico,SANMIGUEL                                                                                                                                    ,"{""type"":""Point"",""coordinates"":[-58.7358682207687,-34.5615695883527]}",0101000020E6100000FF2E0BEE305E4DC091332483E14741C0
28481481,Piquete Suspension ST 132Kv,APSS1,S,AT Geografico,SANMIGUEL                                                                                                                                    ,"{""type"":""Point"",""coordinates"":[-58.7366726806968,-34.5609877414372]}",0101000020E61000008BB9574A4B5E4DC001774172CE4741C0
28481483,Piquete Suspension ST 132Kv,APSS1,S,AT Geografico,JOSECPAZ                                                                                                                                     ,"{""type"":""Point"",""coordinates"":[-58.7619551468049,-34.544099189465]}",0101000020E6100000E5450ABF87614DC02144D00AA54541C0
28481484,Piquete Suspension ST 132Kv,APSS1,S,AT Geografico,JOSECPAZ                                                                                                                                     ,"{""type"":""Point"",""coordinates"":[-58.7604559349811,-34.5452617278051]}",0101000020E61000007E65BD9E56614DC07A57E422CB4541C0
28481485,Piquete Suspension ST 132Kv,APSS1,S,AT Geografico,JOSECPAZ                                                                                                                                     ,"{""type"":""Point"",""coordinates"":[-58.7594755849652,-34.5460218955503]}",0101000020E61000009DC4F77E36614DC0F324A40BE44541C0
28481486,Piquete Suspension ST 132Kv,APSS1,S,AT Geografico,JOSECPAZ                                                                                                                                     ,"{""type"":""Point"",""coordinates"":[-58.7582379705949,-34.5469815155887]}",0101000020E610000032251BF10D614DC0247C847D034641C0
28481487,Piquete Suspension ST 132Kv,APSS1,S,AT Geografico,JOSECPAZ                                                                                                                                     ,"{""type"":""Point"",""coordinates"":[-58.7570000190128,-34.5479413617701]}",0101000020E61000009D5D6A60E5604DC0D9764AF1224641C0
28481488,Piquete Suspension ST 132Kv,APSS1,S,AT Geografico,JOSECPAZ                                                                                                                                     ,"{""type"":""Point"",""coordinates"":[-58.7557592281797,-34.5489033739177]}",0101000020E61000005157E8B7BC604DC0FDD13B77424641C0
28481489,Piquete Suspension ST 132Kv,APSS1,S,AT Geografico,JOSECPAZ                                                                                                                                     ,"{""type"":""Point"",""coordinates"":[-58.7550869459594,-34.5494245941249]}",0101000020E61000001D4465B0A6604DC03EB18B8B534641C0
28481493,Piquete Suspension ST 132Kv,APSS1,S,AT Geografico,SANMIGUEL                                                                                                                                    ,"{""type"":""Point"",""coordinates"":[-58.7508383016864,-34.551910816658]}",0101000020E6100000DF292F781B604DC065ED7D03A54641C0
28481494,Piquete Suspension ST 132Kv,APSS1,S,AT Geografico,SANMIGUEL                                                                                                                                    ,"{""type"":""Point"",""coordinates"":[-58.7501217554725,-34.552435954105]}",0101000020E6100000E0E25BFD03604DC0FB01AA38B64641C0
28481495,Piquete Suspension ST 132Kv,APSS1,S,AT Geografico,SANMIGUEL                                                                                                                                    ,"{""type"":""Point"",""coordinates"":[-58.749427619276,-34.5529455606456]}",0101000020E610000039C1853EED5F4DC081B88DEBC64641C0
28481496,Piquete Suspension ST 132Kv,APSS1,S,AT Geografico,SANMIGUEL                                                                                                                                    ,"{""type"":""Point"",""coordinates"":[-58.7487275073094,-34.5534502550536]}",0101000020E610000033C18E4DD65F4DC083B53C75D74641C0
28481497,Piquete Suspension ST 132Kv,APSS1,S,AT Geografico,SANMIGUEL                                                                                                                                    ,"{""type"":""Point"",""coordinates"":[-58.747873694934,-34.5539953211922]}",0101000020E6100000E2A34253BA5F4DC02E549551E94641C0
28481498,Piquete Suspension ST 132Kv,APSS1,S,AT Geografico,SANMIGUEL                                                                                                                                    ,"{""type"":""Point"",""coordinates"":[-58.7470272149682,-34.5545172743796]}",0101000020E61000004EC178969E5F4DC084430B6CFA4641C0
28481499,Piquete Suspension ST 132Kv,APSS1,S,AT Geografico,SANMIGUEL                                                                                                                                    ,"{""type"":""Point"",""coordinates"":[-58.7462837039181,-34.5549757248664]}",0101000020E6100000D4EE7239865F4DC0FC2FCE71094741C0
28481500,Piquete Suspension ST 132Kv,APSS1,S,AT Geografico,SANMIGUEL                                                                                                                                    ,"{""type"":""Point"",""coordinates"":[-58.745357296291,-34.5553496240134]}",0101000020E6100000CDB32DDE675F4DC0DC7D4CB2154741C0
28481503,Piquete Suspension ST 132Kv,APSS1,S,AT Geografico,SANMIGUEL                                                                                                                                    ,"{""type"":""Point"",""coordinates"":[-58.7442645379109,-34.5566581162733]}",0101000020E610000035F3740F445F4DC03339BA92404741C0
28481506,Piquete Suspension ST 132Kv,APSS1,S,AT Geografico,SANMIGUEL                                                                                                                                    ,"{""type"":""Point"",""coordinates"":[-58.7419372470889,-34.5580273432665]}",0101000020E61000002AF7B9CCF75E4DC03FCDA2706D4741C0
28481507,Piquete Suspension ST 132Kv,APSS1,S,AT Geografico,SANMIGUEL                                                                                                                                    ,"{""type"":""Point"",""coordinates"":[-58.7412293544043,-34.5585231405416]}",0101000020E610000037007E9AE05E4DC0B657AFAF7D4741C0
28481508,Piquete Suspension ST 132Kv,APSS1,S,AT Geografico,SANMIGUEL                                                                                                                                    ,"{""type"":""Point"",""coordinates"":[-58.7404195229999,-34.5590903216454]}",0101000020E6100000644D2211C65E4DC0197D8B45904741C0
28481509,Piquete Suspension ST 132Kv,APSS1,S,AT Geografico,SANMIGUEL                                                                                                                                    ,"{""type"":""Point"",""coordinates"":[-58.7399679047428,-34.5593993023972]}",0101000020E6100000DD7AAF44B75E4DC0C39976659A4741C0
28481510,Piquete Suspension ST 132Kv,APSS1,S,AT Geografico,SANMIGUEL                                                                                                                                    ,"{""type"":""Point"",""coordinates"":[-58.7394923993245,-34.5597452893861]}",0101000020E6100000A45EDBAFA75E4DC06A00D0BBA54741C0
28481511,Piquete Suspension ST 132Kv,APSS1,S,AT Geografico,SANMIGUEL                                                                                                                                    ,"{""type"":""Point"",""coordinates"":[-58.7389370274544,-34.5601493826682]}",0101000020E61000002E5C0F7D955E4DC099B797F9B24741C0
28481512,Piquete Suspension ST 132Kv,APSS1,S,AT Geografico,JOSECPAZ                                                                                                                                     ,"{""type"":""Point"",""coordinates"":[-58.7631317142573,-34.5431868039309]}",0101000020E61000003FA3CD4CAE614DC045402B25874541C0
28948715,Piquete Suspension ST 132Kv,APSS1,S,AT Geografico,PILAR                                                                                                                                        ,"{""type"":""Point"",""coordinates"":[-58.83467237406,-34.3975113774738]}",0101000020E61000002CBB5A8BD66A4DC0D6041FA7E13241C0
28948716,Piquete Suspension ST 132Kv,APSS1,S,AT Geografico,PILAR                                                                                                                                        ,"{""type"":""Point"",""coordinates"":[-58.8336963450051,-34.4002074934482]}",0101000020E6100000BE4BD48FB66A4DC0B7FCC7FF393341C0
28948717,Piquete Suspension ST 132Kv,APSS1,S,AT Geografico,PILAR                                                                                                                                        ,"{""type"":""Point"",""coordinates"":[-58.8327150762351,-34.4029046984218]}",0101000020E61000006EA85968966A4DC02F909361923341C0
28948718,Piquete Suspension ST 132Kv,APSS1,S,AT Geografico,PILAR                                                                                                                                        ,"{""type"":""Point"",""coordinates"":[-58.83174371818,-34.4055921732229]}",0101000020E6100000451E0294766A4DC0C5C0BF71EA3341C0
28948719,Piquete Suspension ST 132Kv,APSS1,S,AT Geografico,PILAR                                                                                                                                        ,"{""type"":""Point"",""coordinates"":[-58.830764161955,-34.408293215895]}",0101000020E61000008A24E57A566A4DC047B9BCF3423441C0
28948720,Piquete Suspension ST 132Kv,APSS1,S,AT Geografico,PILAR                                                                                                                                        ,"{""type"":""Point"",""coordinates"":[-58.829788585513,-34.4109839257721]}",0101000020E6100000ACAF2A83366A4DC0B62F0C1F9B3441C0
28948722,Piquete Suspension ST 132Kv,APSS1,S,AT Geografico,PILAR                                                                                                                                        ,"{""type"":""Point"",""coordinates"":[-58.8278535124555,-34.4163732356387]}",0101000020E610000002F0981AF7694DC0C2FFDAB74B3541C0
28948723,Piquete Suspension ST 132Kv,APSS1,S,AT Geografico,PILAR                                                                                                                                        ,"{""type"":""Point"",""coordinates"":[-58.8270465892957,-34.4190652862414]}",0101000020E610000087A5A2A9DC694DC0E0A569EEA33541C0
28948724,Piquete Suspension ST 132Kv,APSS1,S,AT Geografico,PILAR                                                                                                                                        ,"{""type"":""Point"",""coordinates"":[-58.8262376435487,-34.4217601035585]}",0101000020E6100000FEE1B427C2694DC048C52D3CFC3541C0
28948725,Piquete Suspension ST 132Kv,APSS1,S,AT Geografico,PILAR                                                                                                                                        ,"{""type"":""Point"",""coordinates"":[-58.8252491421224,-34.424421073962]}",0101000020E6100000DD3B8EC3A1694DC03233046E533641C0
28948726,Piquete Suspension ST 132Kv,APSS1,S,AT Geografico,PILAR                                                                                                                                        ,"{""type"":""Point"",""coordinates"":[-58.8242598832,-34.4270787979016]}",0101000020E6100000D3DF0C5981694DC0B8E69E84AA3641C0
28948727,Piquete Suspension ST 132Kv,APSS1,S,AT Geografico,PILAR                                                                                                                                        ,"{""type"":""Point"",""coordinates"":[-58.8232844853734,-34.429701270463]}",0101000020E6100000D6FDD16261694DC014D88373003741C0
28948728,Piquete Suspension ST 132Kv,APSS1,S,AT Geografico,PILAR                                                                                                                                        ,"{""type"":""Point"",""coordinates"":[-58.8223009741766,-34.4323468831068]}",0101000020E610000060C7872841694DC04DBC8524573741C0
28948733,Piquete Suspension ST 132Kv,APSS1,S,AT Geografico,PILAR                                                                                                                                        ,"{""type"":""Point"",""coordinates"":[-58.8216829796297,-34.4437109760205]}",0101000020E610000040986AE82C694DC02F717185CB3841C0
28948734,Piquete Suspension ST 132Kv,APSS1,S,AT Geografico,PILAR                                                                                                                                        ,"{""type"":""Point"",""coordinates"":[-58.8217041072377,-34.4459261138446]}",0101000020E610000094C9A5992D694DC092B25D1B143941C0
28948735,Piquete Suspension ST 132Kv,APSS1,S,AT Geografico,PILAR                                                                                                                                        ,"{""type"":""Point"",""coordinates"":[-58.8212806098334,-34.4485557483511]}",0101000020E6100000610918B91F694DC0EACC56466A3941C0
28948736,Piquete Suspension ST 132Kv,APSS1,S,AT Geografico,PILAR                                                                                                                                        ,"{""type"":""Point"",""coordinates"":[-58.8210348825988,-34.4520416251597]}",0101000020E610000091D1C8AB17694DC0E93EFE7FDC3941C0
29293189,Piquete Suspension ST 132Kv,APSS1,S,AT Geografico,SANFERNANDO                                                                                                                                  ,"{""type"":""Point"",""coordinates"":[-58.5514140491193,-34.4585111150683]}",0101000020E6100000E0C24DBC94464DC00B09027EB03A41C0
29293190,Piquete Suspension ST 132Kv,APSS1,S,AT Geografico,SANFERNANDO                                                                                                                                  ,"{""type"":""Point"",""coordinates"":[-58.5521929602443,-34.4588814207301]}",0101000020E610000051AA4842AE464DC088635BA0BC3A41C0
29293193,Piquete Suspension ST 132Kv,APSS1,S,AT Geografico,TIGRE                                                                                                                                        ,"{""type"":""Point"",""coordinates"":[-58.5832691757285,-34.4331702749934]}",0101000020E61000006D427990A84A4DC01C59A21F723741C0
29293195,Piquete Suspension ST 132Kv,APSS1,S,AT Geografico,TIGRE                                                                                                                                        ,"{""type"":""Point"",""coordinates"":[-58.5821425850369,-34.4321805590227]}",0101000020E6100000D42BF2A5834A4DC0177C4BB1513741C0
29293196,Piquete Suspension ST 132Kv,APSS1,S,AT Geografico,TIGRE                                                                                                                                        ,"{""type"":""Point"",""coordinates"":[-58.581896523481,-34.4315393175276]}",0101000020E6100000E000D5957B4A4DC00EDC2BAE3C3741C0
29293197,Piquete Suspension ST 132Kv,APSS1,S,AT Geografico,TIGRE                                                                                                                                        ,"{""type"":""Point"",""coordinates"":[-58.5816050665864,-34.4307797620859]}",0101000020E61000009A16EA08724A4DC006F88ECA233741C0
29293198,Piquete Suspension ST 132Kv,APSS1,S,AT Geografico,TIGRE                                                                                                                                        ,"{""type"":""Point"",""coordinates"":[-58.5812761522941,-34.4299225736607]}",0101000020E61000001C06C841674A4DC0ADD7F0B3073741C0
29293202,Piquete Suspension ST 132Kv,APSS1,S,AT Geografico,SANFERNANDO                                                                                                                                  ,"{""type"":""Point"",""coordinates"":[-58.5512652136282,-34.458653704567]}",0101000020E610000056FAC7DB8F464DC0FBA6222AB53A41C0
29293203,Piquete Suspension ST 132Kv,APSS1,S,AT Geografico,SANFERNANDO                                                                                                                                  ,"{""type"":""Point"",""coordinates"":[-58.5521326467686,-34.4590457869837]}",0101000020E610000068765648AC464DC0153B2903C23A41C0
29293207,Piquete Suspension ST 132Kv,APSS1,S,AT Geografico,TIGRE                                                                                                                                        ,"{""type"":""Point"",""coordinates"":[-58.5834072643528,-34.4319449093666]}",0101000020E61000007452D816AD4A4DC0A4B385F8493741C0
29293210,Piquete Suspension ST 132Kv,APSS1,S,AT Geografico,TIGRE                                                                                                                                        ,"{""type"":""Point"",""coordinates"":[-58.5824690998033,-34.4302593955864]}",0101000020E6100000F74AF3588E4A4DC0946B68BD123741C0
29318038,Piquete Suspension ST 132Kv,APSS1,S,AT Geografico,PILAR                                                                                                                                        ,"{""type"":""Point"",""coordinates"":[-58.7774186530035,-34.4429284926449]}",0101000020E6100000ACF9547482634DC028307FE1B13841C0
29318039,Piquete Suspension ST 132Kv,APSS1,S,AT Geografico,PILAR                                                                                                                                        ,"{""type"":""Point"",""coordinates"":[-58.7768811231281,-34.443629597032]}",0101000020E6100000805B34D770634DC01D65C9DAC83841C0
29318040,Piquete Suspension ST 132Kv,APSS1,S,AT Geografico,PILAR                                                                                                                                        ,"{""type"":""Point"",""coordinates"":[-58.7763360160562,-34.4443405696235]}",0101000020E61000008BD583FA5E634DC0DA68DB26E03841C0
29318041,Piquete Suspension ST 132Kv,APSS1,S,AT Geografico,PILAR                                                                                                                                        ,"{""type"":""Point"",""coordinates"":[-58.7757823455957,-34.4450626960288]}",0101000020E6100000EB92FDD54C634DC07A0E7ED0F73841C0
29318042,Piquete Suspension ST 132Kv,APSS1,S,AT Geografico,PILAR                                                                                                                                        ,"{""type"":""Point"",""coordinates"":[-58.7752321760566,-34.4457802410942]}",0101000020E6100000247CD5CE3A634DC0F359B2530F3941C0
29318043,Piquete Suspension ST 132Kv,APSS1,S,AT Geografico,PILAR                                                                                                                                        ,"{""type"":""Point"",""coordinates"":[-58.7747092892392,-34.4464621892842]}",0101000020E61000004A988AAC29634DC027F04AAC253941C0
29318044,Piquete Suspension ST 132Kv,APSS1,S,AT Geografico,PILAR                                                                                                                                        ,"{""type"":""Point"",""coordinates"":[-58.7742141793552,-34.4471078982018]}",0101000020E61000001337427319634DC0AF47E4D43A3941C0
29318045,Piquete Suspension ST 132Kv,APSS1,S,AT Geografico,PILAR                                                                                                                                        ,"{""type"":""Point"",""coordinates"":[-58.7737020667032,-34.4477757687237]}",0101000020E61000003EAB58AB08634DC0034E65B7503941C0
29318046,Piquete Suspension ST 132Kv,APSS1,S,AT Geografico,PILAR                                                                                                                                        ,"{""type"":""Point"",""coordinates"":[-58.7731500696728,-34.4484956396291]}",0101000020E61000008612DC94F6624DC0874D1C4E683941C0
29318047,Piquete Suspension ST 132Kv,APSS1,S,AT Geografico,PILAR                                                                                                                                        ,"{""type"":""Point"",""coordinates"":[-58.7725868568965,-34.4492301214737]}",0101000020E61000004DD84920E4624DC0C70D645F803941C0
29318048,Piquete Suspension ST 132Kv,APSS1,S,AT Geografico,PILAR                                                                                                                                        ,"{""type"":""Point"",""coordinates"":[-58.7720843071119,-34.4498854796882]}",0101000020E6100000786698A8D3624DC05B1AEFD8953941C0
29318049,Piquete Suspension ST 132Kv,APSS1,S,AT Geografico,PILAR                                                                                                                                        ,"{""type"":""Point"",""coordinates"":[-58.771558645008,-34.4505709643606]}",0101000020E6100000B6A0056FC2624DC0603A324FAC3941C0
29318050,Piquete Suspension ST 132Kv,APSS1,S,AT Geografico,PILAR                                                                                                                                        ,"{""type"":""Point"",""coordinates"":[-58.7710361906602,-34.4512522522601]}",0101000020E610000086755B50B1624DC009DA40A2C23941C0
29318051,Piquete Suspension ST 132Kv,APSS1,S,AT Geografico,PILAR                                                                                                                                        ,"{""type"":""Point"",""coordinates"":[-58.770506669378,-34.4519427415604]}",0101000020E6100000032A69F69F624DC04E557F42D93941C0
29318052,Piquete Suspension ST 132Kv,APSS1,S,AT Geografico,PILAR                                                                                                                                        ,"{""type"":""Point"",""coordinates"":[-58.7699944755322,-34.4526096811919]}",0101000020E61000007241D12D8F624DC04049311DEF3941C0
29318053,Piquete Suspension ST 132Kv,APSS1,S,AT Geografico,PILAR                                                                                                                                        ,"{""type"":""Point"",""coordinates"":[-58.7694707802243,-34.4532926987448]}",0101000020E61000003E25BE047E624DC0EA4FC27E053A41C0
29318054,Piquete Suspension ST 132Kv,APSS1,S,AT Geografico,PILAR                                                                                                                                        ,"{""type"":""Point"",""coordinates"":[-58.7689481884059,-34.4539742633877]}",0101000020E6100000C7C2ECE46C624DC0E23C23D41B3A41C0
29318055,Piquete Suspension ST 132Kv,APSS1,S,AT Geografico,PILAR                                                                                                                                        ,"{""type"":""Point"",""coordinates"":[-58.7684197829656,-34.4546633962112]}",0101000020E6100000E6B756945B624DC02AB50069323A41C0
29318056,Piquete Suspension ST 132Kv,APSS1,S,AT Geografico,PILAR                                                                                                                                        ,"{""type"":""Point"",""coordinates"":[-58.7678611800629,-34.4553918965779]}",0101000020E61000007B1E704649624DC034551B484A3A41C0
29318057,Piquete Suspension ST 132Kv,APSS1,S,AT Geografico,PILAR                                                                                                                                        ,"{""type"":""Point"",""coordinates"":[-58.7673093937823,-34.4561114916822]}",0101000020E6100000B31AB83137624DC0650D82DC613A41C0
29318060,Piquete Suspension ST 132Kv,APSS1,S,AT Geografico,PILAR                                                                                                                                        ,"{""type"":""Point"",""coordinates"":[-58.7654154115915,-34.4572993819494]}",0101000020E6100000EE51D821F9614DC016FA40C9883A41C0
29318061,Piquete Suspension ST 132Kv,APSS1,S,AT Geografico,PILAR                                                                                                                                        ,"{""type"":""Point"",""coordinates"":[-58.7650418620931,-34.4577756139587]}",0101000020E610000066E148E4EC614DC0EC6D2D64983A41C0
29318062,Piquete Suspension ST 132Kv,APSS1,S,AT Geografico,PILAR                                                                                                                                        ,"{""type"":""Point"",""coordinates"":[-58.7645388374056,-34.4584531683787]}",0101000020E6100000ED969B68DC614DC08B77EA97AE3A41C0
29318063,Piquete Suspension ST 132Kv,APSS1,S,AT Geografico,PILAR                                                                                                                                        ,"{""type"":""Point"",""coordinates"":[-58.7640285294462,-34.4591015250888]}",0101000020E61000005F97D5AFCB614DC06BE6B9D6C33A41C0
29318064,Piquete Suspension ST 132Kv,APSS1,S,AT Geografico,PILAR                                                                                                                                        ,"{""type"":""Point"",""coordinates"":[-58.7635092144102,-34.4597613126554]}",0101000020E6100000100B81ABBA614DC017E96C75D93A41C0
29318065,Piquete Suspension ST 132Kv,APSS1,S,AT Geografico,PILAR                                                                                                                                        ,"{""type"":""Point"",""coordinates"":[-58.7629847670398,-34.4604276076549]}",0101000020E61000001AE41E7CA9614DC0DA86B64AEF3A41C0
29318066,Piquete Suspension ST 132Kv,APSS1,S,AT Geografico,PILAR                                                                                                                                        ,"{""type"":""Point"",""coordinates"":[-58.762509823418,-34.4611122554481]}",0101000020E6100000BF3A01EC99614DC09777F4B9053B41C0
29318067,Piquete Suspension ST 132Kv,APSS1,S,AT Geografico,PILAR                                                                                                                                        ,"{""type"":""Point"",""coordinates"":[-58.7619929134513,-34.4618072672027]}",0101000020E61000004C87D9FB88614DC067D822801C3B41C0
29318068,Piquete Suspension ST 132Kv,APSS1,S,AT Geografico,PILAR                                                                                                                                        ,"{""type"":""Point"",""coordinates"":[-58.7614490395678,-34.4625385180827]}",0101000020E6100000D241812977614DC01E275076343B41C0
29318069,Piquete Suspension ST 132Kv,APSS1,S,AT Geografico,PILAR                                                                                                                                        ,"{""type"":""Point"",""coordinates"":[-58.7609865271582,-34.4631603642948]}",0101000020E6100000AE6BAB0168614DC093B9BCD6483B41C0
29318070,Piquete Suspension ST 132Kv,APSS1,S,AT Geografico,PILAR                                                                                                                                        ,"{""type"":""Point"",""coordinates"":[-58.7604522039917,-34.4638787457207]}",0101000020E61000006628717F56614DC00917F560603B41C0
29318071,Piquete Suspension ST 132Kv,APSS1,S,AT Geografico,MALVINASARGENTINAS                                                                                                                           ,"{""type"":""Point"",""coordinates"":[-58.7600855906644,-34.4645654400089]}",0101000020E61000003F08117C4A614DC05BD85DE1763B41C0
29318072,Piquete Suspension ST 132Kv,APSS1,S,AT Geografico,MALVINASARGENTINAS                                                                                                                           ,"{""type"":""Point"",""coordinates"":[-58.7593104534944,-34.4651732837557]}",0101000020E61000007CA2BE1531614DC0115A54CC8A3B41C0
29318073,Piquete Suspension ST 132Kv,APSS1,S,AT Geografico,MALVINASARGENTINAS                                                                                                                           ,"{""type"":""Point"",""coordinates"":[-58.7587926427105,-34.4658183288621]}",0101000020E61000008871081E20614DC08A2B5CEF9F3B41C0
29318074,Piquete Suspension ST 132Kv,APSS1,S,AT Geografico,MALVINASARGENTINAS                                                                                                                           ,"{""type"":""Point"",""coordinates"":[-58.7582518268635,-34.4664920184293]}",0101000020E6100000674157650E614DC0E07FAD02B63B41C0
29318075,Piquete Suspension ST 132Kv,APSS1,S,AT Geografico,MALVINASARGENTINAS                                                                                                                           ,"{""type"":""Point"",""coordinates"":[-58.75776170511,-34.467102547056]}",0101000020E6100000E8CDE655FE604DC0E9BD2904CA3B41C0
29318076,Piquete Suspension ST 132Kv,APSS1,S,AT Geografico,MALVINASARGENTINAS                                                                                                                           ,"{""type"":""Point"",""coordinates"":[-58.75728676836,-34.467694149562]}",0101000020E61000005EE6D7C5EE604DC01F73E266DD3B41C0
29318077,Piquete Suspension ST 132Kv,APSS1,S,AT Geografico,MALVINASARGENTINAS                                                                                                                           ,"{""type"":""Point"",""coordinates"":[-58.7567573827253,-34.4683535636852]}",0101000020E6100000E3E7086DDD604DC0207F7302F33B41C0
29318079,Piquete Suspension ST 132Kv,APSS1,S,AT Geografico,MALVINASARGENTINAS                                                                                                                           ,"{""type"":""Point"",""coordinates"":[-58.7557718054279,-34.4688555387825]}",0101000020E610000098C66921BD604DC040CF5275033C41C0
29318080,Piquete Suspension ST 132Kv,APSS1,S,AT Geografico,MALVINASARGENTINAS                                                                                                                           ,"{""type"":""Point"",""coordinates"":[-58.7553471271859,-34.4686174139012]}",0101000020E61000000E32F436AF604DC05485C9A7FB3B41C0
29318083,Piquete Suspension ST 132Kv,APSS1,S,AT Geografico,MALVINASARGENTINAS                                                                                                                           ,"{""type"":""Point"",""coordinates"":[-58.7540510166364,-34.4691257974916]}",0101000020E610000002FC63BE84604DC0E1F76A500C3C41C0
29318084,Piquete Suspension ST 132Kv,APSS1,S,AT Geografico,MALVINASARGENTINAS                                                                                                                           ,"{""type"":""Point"",""coordinates"":[-58.7535626811819,-34.4697411327494]}",0101000020E6100000C294EFBD74604DC0515F397A203C41C0
29318085,Piquete Suspension ST 132Kv,APSS1,S,AT Geografico,MALVINASARGENTINAS                                                                                                                           ,"{""type"":""Point"",""coordinates"":[-58.7530889284804,-34.4703380819527]}",0101000020E6100000C466CF3765604DC06F06CC09343C41C0
29318086,Piquete Suspension ST 132Kv,APSS1,S,AT Geografico,MALVINASARGENTINAS                                                                                                                           ,"{""type"":""Point"",""coordinates"":[-58.7525064944961,-34.4710719597746]}",0101000020E6100000BCF1FF2152604DC0B7A502164C3C41C0
29318087,Piquete Suspension ST 132Kv,APSS1,S,AT Geografico,MALVINASARGENTINAS                                                                                                                           ,"{""type"":""Point"",""coordinates"":[-58.7519891368255,-34.4717238267275]}",0101000020E610000072CE162E41604DC0EF444472613C41C0
29318088,Piquete Suspension ST 132Kv,APSS1,S,AT Geografico,MALVINASARGENTINAS                                                                                                                           ,"{""type"":""Point"",""coordinates"":[-58.7514310502562,-34.4724269975604]}",0101000020E6100000510685E42E604DC07E22E47C783C41C0
29318089,Piquete Suspension ST 132Kv,APSS1,S,AT Geografico,MALVINASARGENTINAS                                                                                                                           ,"{""type"":""Point"",""coordinates"":[-58.7509738052735,-34.4730031002985]}",0101000020E6100000AEE6DEE81F604DC02A58975D8B3C41C0
29318090,Piquete Suspension ST 132Kv,APSS1,S,AT Geografico,MALVINASARGENTINAS                                                                                                                           ,"{""type"":""Point"",""coordinates"":[-58.7506108970315,-34.4734603370226]}",0101000020E6100000BB62930414604DC091BB2B599A3C41C0
29318093,Piquete Suspension ST 132Kv,APSS1,S,AT Geografico,MALVINASARGENTINAS                                                                                                                           ,"{""type"":""Point"",""coordinates"":[-58.7486327097983,-34.4756770749572]}",0101000020E61000005AA65632D35F4DC0F13284FCE23C41C0
29318096,Piquete Suspension ST 132Kv,APSS1,S,AT Geografico,PILAR                                                                                                                                        ,"{""type"":""Point"",""coordinates"":[-58.7709086672302,-34.4527339954383]}",0101000020E610000075FA9C22AD624DC0F6180430F33941C0
29318097,Piquete Suspension ST 132Kv,APSS1,S,AT Geografico,PILAR                                                                                                                                        ,"{""type"":""Point"",""coordinates"":[-58.7718240446469,-34.4532246836721]}",0101000020E610000035035B21CB624DC04D0E3544033A41C0
29318098,Piquete Suspension ST 132Kv,APSS1,S,AT Geografico,PILAR                                                                                                                                        ,"{""type"":""Point"",""coordinates"":[-58.7725227237694,-34.4535992023357]}",0101000020E6100000D7004D06E2624DC0FEC2E5890F3A41C0
29318099,Piquete Suspension ST 132Kv,APSS1,S,AT Geografico,PILAR                                                                                                                                        ,"{""type"":""Point"",""coordinates"":[-58.773305026751,-34.4540185379748]}",0101000020E61000002BDDBBA8FB624DC091308A471D3A41C0
29318100,Piquete Suspension ST 132Kv,APSS1,S,AT Geografico,PILAR                                                                                                                                        ,"{""type"":""Point"",""coordinates"":[-58.774295375245,-34.4545493785766]}",0101000020E6100000810F611C1C634DC0A9B38DAC2E3A41C0
29318101,Piquete Suspension ST 132Kv,APSS1,S,AT Geografico,PILAR                                                                                                                                        ,"{""type"":""Point"",""coordinates"":[-58.7750716566302,-34.454965466011]}",0101000020E61000003FA44C8C35634DC0D2A9F24E3C3A41C0
29318102,Piquete Suspension ST 132Kv,APSS1,S,AT Geografico,PILAR                                                                                                                                        ,"{""type"":""Point"",""coordinates"":[-58.7759382479839,-34.4554299490762]}",0101000020E61000003C67CBF151634DC0597350874B3A41C0
29318103,Piquete Suspension ST 132Kv,APSS1,S,AT Geografico,PILAR                                                                                                                                        ,"{""type"":""Point"",""coordinates"":[-58.7769045733169,-34.4559478752255]}",0101000020E61000001E41EB9B71634DC02063FE7F5C3A41C0
29318104,Piquete Suspension ST 132Kv,APSS1,S,AT Geografico,PILAR                                                                                                                                        ,"{""type"":""Point"",""coordinates"":[-58.7776056020459,-34.4563236003437]}",0101000020E61000009FFC929488634DC044EFCDCF683A41C0
29318105,Piquete Suspension ST 132Kv,APSS1,S,AT Geografico,PILAR                                                                                                                                        ,"{""type"":""Point"",""coordinates"":[-58.7785531261798,-34.4568314261389]}",0101000020E61000000A92FBA0A7634DC0A086C173793A41C0
29318106,Piquete Suspension ST 132Kv,APSS1,S,AT Geografico,PILAR                                                                                                                                        ,"{""type"":""Point"",""coordinates"":[-58.7794386615015,-34.4573060169349]}",0101000020E6100000893164A5C4634DC0E77FE900893A41C0
29318107,Piquete Suspension ST 132Kv,APSS1,S,AT Geografico,PILAR                                                                                                                                        ,"{""type"":""Point"",""coordinates"":[-58.7801765767817,-34.4577014838283]}",0101000020E6100000013179D3DC634DC0C22F54F6953A41C0
29318108,Piquete Suspension ST 132Kv,APSS1,S,AT Geografico,PILAR                                                                                                                                        ,"{""type"":""Point"",""coordinates"":[-58.7809622525143,-34.4581225378035]}",0101000020E6100000D3FA3292F6634DC097B662C2A33A41C0
29318109,Piquete Suspension ST 132Kv,APSS1,S,AT Geografico,PILAR                                                                                                                                        ,"{""type"":""Point"",""coordinates"":[-58.7817069231993,-34.4585216081603]}",0101000020E61000004D19F3F80E644DC061C707D6B03A41C0
29318114,Piquete Suspension ST 132Kv,APSS1,S,AT Geografico,PILAR                                                                                                                                        ,"{""type"":""Point"",""coordinates"":[-58.7821669323367,-34.4613882328146]}",0101000020E61000000833C90B1E644DC0555905C50E3B41C0
29318115,Piquete Suspension ST 132Kv,APSS1,S,AT Geografico,PILAR                                                                                                                                        ,"{""type"":""Point"",""coordinates"":[-58.7817655288305,-34.4618922601412]}",0101000020E6100000D2BB91E410644DC084CA1B491F3B41C0
29318120,Piquete Suspension ST 132Kv,APSS1,S,AT Geografico,PILAR                                                                                                                                        ,"{""type"":""Point"",""coordinates"":[-58.7811850120952,-34.4428228837055]}",0101000020E61000008589D7DEFD634DC0BFB7956BAE3841C0
29318121,Piquete Suspension ST 132Kv,APSS1,S,AT Geografico,PILAR                                                                                                                                        ,"{""type"":""Point"",""coordinates"":[-58.780627621854,-34.4435248078024]}",0101000020E6100000D11B1D9BEB634DC0F23CC06BC53841C0
29318122,Piquete Suspension ST 132Kv,APSS1,S,AT Geografico,PILAR                                                                                                                                        ,"{""type"":""Point"",""coordinates"":[-58.7801109805363,-34.4441526397504]}",0101000020E6100000B25336ADDA634DC07B1463FED93841C0
29318123,Piquete Suspension ST 132Kv,APSS1,S,AT Geografico,PILAR                                                                                                                                        ,"{""type"":""Point"",""coordinates"":[-58.7796444452597,-34.4447415371537]}",0101000020E61000000473A163CB634DC0B89F6A4AED3841C0
29318124,Piquete Suspension ST 132Kv,APSS1,S,AT Geografico,PILAR                                                                                                                                        ,"{""type"":""Point"",""coordinates"":[-58.7792012251952,-34.4453009946997]}",0101000020E6100000B49BA1DDBC634DC04C8E7C9FFF3841C0
29318125,Piquete Suspension ST 132Kv,APSS1,S,AT Geografico,PILAR                                                                                                                                        ,"{""type"":""Point"",""coordinates"":[-58.7785973432483,-34.4460632337906]}",0101000020E61000008500E713A9634DC0148A9C99183941C0
29318126,Piquete Suspension ST 132Kv,APSS1,S,AT Geografico,PILAR                                                                                                                                        ,"{""type"":""Point"",""coordinates"":[-58.778000540795,-34.4468165198939]}",0101000020E6100000127E8F8595634DC0E020A248313941C0
29318127,Piquete Suspension ST 132Kv,APSS1,S,AT Geografico,PILAR                                                                                                                                        ,"{""type"":""Point"",""coordinates"":[-58.777411640724,-34.4475598149998]}",0101000020E61000003938823982634DC0C436D8A3493941C0
29318128,Piquete Suspension ST 132Kv,APSS1,S,AT Geografico,PILAR                                                                                                                                        ,"{""type"":""Point"",""coordinates"":[-58.7769434843711,-34.4481506986313]}",0101000020E61000006C1B54E272634DC0882689005D3941C0
29318129,Piquete Suspension ST 132Kv,APSS1,S,AT Geografico,PILAR                                                                                                                                        ,"{""type"":""Point"",""coordinates"":[-58.7765066461223,-34.4487020447296]}",0101000020E6100000611CDD9164634DC088E18F116F3941C0
29318130,Piquete Suspension ST 132Kv,APSS1,S,AT Geografico,PILAR                                                                                                                                        ,"{""type"":""Point"",""coordinates"":[-58.7759321532307,-34.4494271149113]}",0101000020E61000003C05ABBE51634DC05F3DE4D3863941C0
29318131,Piquete Suspension ST 132Kv,APSS1,S,AT Geografico,PILAR                                                                                                                                        ,"{""type"":""Point"",""coordinates"":[-58.7752992490338,-34.4502258881165]}",0101000020E6100000509B7B013D634DC0F2A27C00A13941C0
29318132,Piquete Suspension ST 132Kv,APSS1,S,AT Geografico,PILAR                                                                                                                                        ,"{""type"":""Point"",""coordinates"":[-58.7745858934046,-34.4510889614017]}",0101000020E6100000D50E6CA125634DC04F677848BD3941C0
29318133,Piquete Suspension ST 132Kv,APSS1,S,AT Geografico,PILAR                                                                                                                                        ,"{""type"":""Point"",""coordinates"":[-58.7741763152074,-34.4516134466271]}",0101000020E6100000A993A13518634DC03DD92B78CE3941C0
29318134,Piquete Suspension ST 132Kv,APSS1,S,AT Geografico,PILAR                                                                                                                                        ,"{""type"":""Point"",""coordinates"":[-58.7736469167757,-34.4522913555438]}",0101000020E6100000FB19B7DC06634DC08129E2AEE43941C0
29318135,Piquete Suspension ST 132Kv,APSS1,S,AT Geografico,PILAR                                                                                                                                        ,"{""type"":""Point"",""coordinates"":[-58.7732402761698,-34.4528120605166]}",0101000020E6100000BB0C9189F9624DC09E93DFBEF53941C0
29318136,Piquete Suspension ST 132Kv,APSS1,S,AT Geografico,PILAR                                                                                                                                        ,"{""type"":""Point"",""coordinates"":[-58.7726500975984,-34.4536175577334]}",0101000020E6100000D337CA32E6624DC097ADDF23103A41C0
29318137,Piquete Suspension ST 132Kv,APSS1,S,AT Geografico,PILAR                                                                                                                                        ,"{""type"":""Point"",""coordinates"":[-58.7722382432003,-34.4541679816541]}",0101000020E610000002A2E7B3D8624DC01A0C2A2D223A41C0
29318138,Piquete Suspension ST 132Kv,APSS1,S,AT Geografico,PILAR                                                                                                                                        ,"{""type"":""Point"",""coordinates"":[-58.7716630643477,-34.4549314145493]}",0101000020E6100000CB73F4DAC5624DC0C1B44D313B3A41C0
29318140,Piquete Suspension ST 132Kv,APSS1,S,AT Geografico,PILAR                                                                                                                                        ,"{""type"":""Point"",""coordinates"":[-58.772741563756,-34.4555173836849]}",0101000020E6100000CB4B1032E9624DC0D8D7C4644E3A41C0
29318141,Piquete Suspension ST 132Kv,APSS1,S,AT Geografico,PILAR                                                                                                                                        ,"{""type"":""Point"",""coordinates"":[-58.7735209905257,-34.4559344188568]}",0101000020E6100000E3895EBC02634DC02C0E1D0F5C3A41C0
29318142,Piquete Suspension ST 132Kv,APSS1,S,AT Geografico,PILAR                                                                                                                                        ,"{""type"":""Point"",""coordinates"":[-58.774383938663,-34.4563961319279]}",0101000020E61000007D8D4D031F634DC057533E306B3A41C0
29318143,Piquete Suspension ST 132Kv,APSS1,S,AT Geografico,PILAR                                                                                                                                        ,"{""type"":""Point"",""coordinates"":[-58.7754072461008,-34.4569436295323]}",0101000020E6100000C78A6D8B40634DC0717AFC207D3A41C0
29318144,Piquete Suspension ST 132Kv,APSS1,S,AT Geografico,PILAR                                                                                                                                        ,"{""type"":""Point"",""coordinates"":[-58.7761842896354,-34.4573593587859]}",0101000020E61000009CD3BD015A634DC0A94060C08A3A41C0
29318145,Piquete Suspension ST 132Kv,APSS1,S,AT Geografico,PILAR                                                                                                                                        ,"{""type"":""Point"",""coordinates"":[-58.7771294045649,-34.4578649965052]}",0101000020E6100000DFAEF0F978634DC087FCF8519B3A41C0
29318146,Piquete Suspension ST 132Kv,APSS1,S,AT Geografico,PILAR                                                                                                                                        ,"{""type"":""Point"",""coordinates"":[-58.7779116548865,-34.4582834914053]}",0101000020E61000001975EE9B92634DC0FAF08F08A93A41C0
29318148,Piquete Suspension ST 132Kv,APSS1,S,AT Geografico,PILAR                                                                                                                                        ,"{""type"":""Point"",""coordinates"":[-58.7780624736697,-34.4594798062651]}",0101000020E61000000254178D97634DC0598AFA3BD03A41C0
29318149,Piquete Suspension ST 132Kv,APSS1,S,AT Geografico,PILAR                                                                                                                                        ,"{""type"":""Point"",""coordinates"":[-58.7774143685336,-34.4603009687152]}",0101000020E61000006625645082634DC079796324EB3A41C0
29318150,Piquete Suspension ST 132Kv,APSS1,S,AT Geografico,PILAR                                                                                                                                        ,"{""type"":""Point"",""coordinates"":[-58.7769169234947,-34.4609312281215]}",0101000020E6100000330F850372634DC04E3E63CBFF3A41C0
29318154,Piquete Suspension ST 132Kv,APSS1,S,AT Geografico,PILAR                                                                                                                                        ,"{""type"":""Point"",""coordinates"":[-58.7778678860499,-34.4626600018328]}",0101000020E6100000BA98C52C91634DC005856471383B41C0
29318155,Piquete Suspension ST 132Kv,APSS1,S,AT Geografico,PILAR                                                                                                                                        ,"{""type"":""Point"",""coordinates"":[-58.7785922863873,-34.4630424717761]}",0101000020E6100000C4797BE9A8634DC00078C8F9443B41C0
29318156,Piquete Suspension ST 132Kv,APSS1,S,AT Geografico,PILAR                                                                                                                                        ,"{""type"":""Point"",""coordinates"":[-58.7795617512295,-34.4635543191641]}",0101000020E61000001A5FF1ADC8634DC0575D78BF553B41C0
29318158,Piquete Suspension ST 132Kv,APSS1,S,AT Geografico,PILAR                                                                                                                                        ,"{""type"":""Point"",""coordinates"":[-58.7807146935117,-34.4632092773632]}",0101000020E6100000DF118675EE634DC042BD0C714A3B41C0
29318159,Piquete Suspension ST 132Kv,APSS1,S,AT Geografico,PILAR                                                                                                                                        ,"{""type"":""Point"",""coordinates"":[-58.77112788875,-34.4556462051411]}",0101000020E6100000829B9351B4624DC056D0669D523A41C0
29318160,Piquete Suspension ST 132Kv,APSS1,S,AT Geografico,PILAR                                                                                                                                        ,"{""type"":""Point"",""coordinates"":[-58.7706632222394,-34.4562638753454]}",0101000020E6100000C5DFAB17A5624DC03B7ACBDA663A41C0
29318161,Piquete Suspension ST 132Kv,APSS1,S,AT Geografico,PILAR                                                                                                                                        ,"{""type"":""Point"",""coordinates"":[-58.7703133004385,-34.4567290107447]}",0101000020E61000004B8750A099624DC03024A218763A41C0
29318163,Piquete Suspension ST 132Kv,APSS1,S,AT Geografico,PILAR                                                                                                                                        ,"{""type"":""Point"",""coordinates"":[-58.7698547703099,-34.4582025478251]}",0101000020E61000004493E2998A624DC02BED8E61A63A41C0
29318165,Piquete Suspension ST 132Kv,APSS1,S,AT Geografico,PILAR                                                                                                                                        ,"{""type"":""Point"",""coordinates"":[-58.7693195378953,-34.4597156137501]}",0101000020E61000008FB7071079624DC0364213F6D73A41C0
29318166,Piquete Suspension ST 132Kv,APSS1,S,AT Geografico,PILAR                                                                                                                                        ,"{""type"":""Point"",""coordinates"":[-58.7689619095,-34.4601792619047]}",0101000020E6100000089606586D624DC0CE167027E73A41C0
29318167,Piquete Suspension ST 132Kv,APSS1,S,AT Geografico,PILAR                                                                                                                                        ,"{""type"":""Point"",""coordinates"":[-58.7683998231,-34.4609028709789]}",0101000020E6100000BF3BE7EC5A624DC053BE82DDFE3A41C0
29318168,Piquete Suspension ST 132Kv,APSS1,S,AT Geografico,PILAR                                                                                                                                        ,"{""type"":""Point"",""coordinates"":[-58.7678748294751,-34.4615763752834]}",0101000020E61000003802F0B849624DC05F3946EF143B41C0
29318169,Piquete Suspension ST 132Kv,APSS1,S,AT Geografico,PILAR                                                                                                                                        ,"{""type"":""Point"",""coordinates"":[-58.7673900064698,-34.4621968071641]}",0101000020E61000004C88F2D539624DC0F68AD543293B41C0
29318170,Piquete Suspension ST 132Kv,APSS1,S,AT Geografico,PILAR                                                                                                                                        ,"{""type"":""Point"",""coordinates"":[-58.7669104471425,-34.4628127565817]}",0101000020E61000000CB81C1F2A624DC059D8CA723D3B41C0
29318171,Piquete Suspension ST 132Kv,APSS1,S,AT Geografico,PILAR                                                                                                                                        ,"{""type"":""Point"",""coordinates"":[-58.7663201143776,-34.4635687339875]}",0101000020E610000061C20AC716624DC04FF66338563B41C0
29318172,Piquete Suspension ST 132Kv,APSS1,S,AT Geografico,PILAR                                                                                                                                        ,"{""type"":""Point"",""coordinates"":[-58.7657814372152,-34.4642566261734]}",0101000020E61000008B5C4A2005624DC0E12ED9C26C3B41C0
29318173,Piquete Suspension ST 132Kv,APSS1,S,AT Geografico,PILAR                                                                                                                                        ,"{""type"":""Point"",""coordinates"":[-58.7652363894422,-34.4649575227681]}",0101000020E6100000822E1944F3614DC0B82865BA833B41C0
29318174,Piquete Suspension ST 132Kv,APSS1,S,AT Geografico,PILAR                                                                                                                                        ,"{""type"":""Point"",""coordinates"":[-58.7647322641375,-34.4656020858393]}",0101000020E6100000515530BFE2614DC089D061D9983B41C0
29318175,Piquete Suspension ST 132Kv,APSS1,S,AT Geografico,PILAR                                                                                                                                        ,"{""type"":""Point"",""coordinates"":[-58.7642494742179,-34.4662200988241]}",0101000020E610000028E040EDD2614DC0FB97A619AD3B41C0
29318176,Piquete Suspension ST 132Kv,APSS1,S,AT Geografico,MALVINASARGENTINAS                                                                                                                           ,"{""type"":""Point"",""coordinates"":[-58.7638669390837,-34.4667099220796]}",0101000020E610000014EE5064C6614DC074069626BD3B41C0
29318177,Piquete Suspension ST 132Kv,APSS1,S,AT Geografico,MALVINASARGENTINAS                                                                                                                           ,"{""type"":""Point"",""coordinates"":[-58.7633904060182,-34.4673192363784]}",0101000020E6100000D6F6DDC6B6614DC0BC84E21DD13B41C0
29318178,Piquete Suspension ST 132Kv,APSS1,S,AT Geografico,MALVINASARGENTINAS                                                                                                                           ,"{""type"":""Point"",""coordinates"":[-58.762923052168,-34.4679198709611]}",0101000020E610000085366B76A7614DC09B765FCCE43B41C0
29318181,Piquete Suspension ST 132Kv,APSS1,S,AT Geografico,MALVINASARGENTINAS                                                                                                                           ,"{""type"":""Point"",""coordinates"":[-58.7611283035665,-34.4702168465631]}",0101000020E610000069F0F9A66C614DC02C02CD10303C41C0
29318182,Piquete Suspension ST 132Kv,APSS1,S,AT Geografico,MALVINASARGENTINAS                                                                                                                           ,"{""type"":""Point"",""coordinates"":[-58.7606778173262,-34.4707905577263]}",0101000020E6100000B41A06E45D614DC0955970DD423C41C0
29318186,Piquete Suspension ST 132Kv,APSS1,S,AT Geografico,MALVINASARGENTINAS                                                                                                                           ,"{""type"":""Point"",""coordinates"":[-58.7596601446924,-34.4721867153488]}",0101000020E6100000A8C32A8B3C614DC0AC03429D703C41C0
29318187,Piquete Suspension ST 132Kv,APSS1,S,AT Geografico,MALVINASARGENTINAS                                                                                                                           ,"{""type"":""Point"",""coordinates"":[-58.7590726841894,-34.4729386215308]}",0101000020E6100000B3F0304B29614DC0BD3EB440893C41C0
29318188,Piquete Suspension ST 132Kv,APSS1,S,AT Geografico,MALVINASARGENTINAS                                                                                                                           ,"{""type"":""Point"",""coordinates"":[-58.7585053059908,-34.473663903707]}",0101000020E61000005589ADB316614DC0CEDBCF04A13C41C0
29318189,Piquete Suspension ST 132Kv,APSS1,S,AT Geografico,MALVINASARGENTINAS                                                                                                                           ,"{""type"":""Point"",""coordinates"":[-58.7579684483632,-34.4743480294849]}",0101000020E61000005C8F301C05614DC0A0C7AC6FB73C41C0
29318190,Piquete Suspension ST 132Kv,APSS1,S,AT Geografico,MALVINASARGENTINAS                                                                                                                           ,"{""type"":""Point"",""coordinates"":[-58.7575070106028,-34.4749384580208]}",0101000020E6100000D0835EFDF5604DC0EB678CC8CA3C41C0
29318191,Piquete Suspension ST 132Kv,APSS1,S,AT Geografico,MALVINASARGENTINAS                                                                                                                           ,"{""type"":""Point"",""coordinates"":[-58.7569897252168,-34.4755985248314]}",0101000020E61000006B9B100AE5604DC0A2169769E03C41C0
29318192,Piquete Suspension ST 132Kv,APSS1,S,AT Geografico,MALVINASARGENTINAS                                                                                                                           ,"{""type"":""Point"",""coordinates"":[-58.7564919344161,-34.4762317532487]}",0101000020E61000009E004BBAD4604DC089C27E29F53C41C0
29318193,Piquete Suspension ST 132Kv,APSS1,S,AT Geografico,MALVINASARGENTINAS                                                                                                                           ,"{""type"":""Point"",""coordinates"":[-58.7559723407224,-34.4768964411754]}",0101000020E6100000A90AA0B3C3604DC0AE364DF10A3D41C0
29318194,Piquete Suspension ST 132Kv,APSS1,S,AT Geografico,MALVINASARGENTINAS                                                                                                                           ,"{""type"":""Point"",""coordinates"":[-58.7554013610239,-34.4776239529098]}",0101000020E6100000C779E6FDB0604DC04FC41CC8223D41C0
29318195,Piquete Suspension ST 132Kv,APSS1,S,AT Geografico,MALVINASARGENTINAS                                                                                                                           ,"{""type"":""Point"",""coordinates"":[-58.7547785147348,-34.478419120517]}",0101000020E6100000384116959C604DC0653376D63C3D41C0
29318197,Piquete Suspension ST 132Kv,APSS1,S,AT Geografico,MALVINASARGENTINAS                                                                                                                           ,"{""type"":""Point"",""coordinates"":[-58.7533775833134,-34.4786729826028]}",0101000020E610000074EF38AD6E604DC004E10228453D41C0
29318198,Piquete Suspension ST 132Kv,APSS1,S,AT Geografico,MALVINASARGENTINAS                                                                                                                           ,"{""type"":""Point"",""coordinates"":[-58.7528763174003,-34.4784094566257]}",0101000020E610000064954C405E604DC0FB2665853C3D41C0
29318199,Piquete Suspension ST 132Kv,APSS1,S,AT Geografico,MALVINASARGENTINAS                                                                                                                           ,"{""type"":""Point"",""coordinates"":[-58.7522857881188,-34.4780989983061]}",0101000020E6100000A69B94E64A604DC0D1FC1459323D41C0
29318200,Piquete Suspension ST 132Kv,APSS1,S,AT Geografico,MALVINASARGENTINAS                                                                                                                           ,"{""type"":""Point"",""coordinates"":[-58.751314130569,-34.4775881587296]}",0101000020E610000087E8B90F2B604DC0A359D99B213D41C0
29318201,Piquete Suspension ST 132Kv,APSS1,S,AT Geografico,MALVINASARGENTINAS                                                                                                                           ,"{""type"":""Point"",""coordinates"":[-58.750515223094,-34.4771681304945]}",0101000020E61000005D2B01E210604DC06E9565D8133D41C0
29318202,Piquete Suspension ST 132Kv,APSS1,S,AT Geografico,MALVINASARGENTINAS                                                                                                                           ,"{""type"":""Point"",""coordinates"":[-58.7497091241317,-34.4767443118295]}",0101000020E61000004FD4F477F65F4DC052EE25F5053D41C0
29318207,Piquete Suspension ST 132Kv,APSS1,S,AT Geografico,PILAR                                                                                                                                        ,"{""type"":""Point"",""coordinates"":[-58.7793994350872,-34.4419040582424]}",0101000020E6100000351C565CC3634DC0780FEB4F903841C0
29318208,Piquete Suspension ST 132Kv,APSS1,S,AT Geografico,PILAR                                                                                                                                        ,"{""type"":""Point"",""coordinates"":[-58.7785623602513,-34.4420709883063]}",0101000020E6100000829671EEA7634DC09BA43AC8953841C0
29426787,Piquete Suspension ST 132Kv,APSS1,S,AT Geografico,MALVINASARGENTINAS                                                                                                                           ,"{""type"":""Point"",""coordinates"":[-58.747185383674,-34.4775069610057]}",0101000020E6100000E47649C5A35F4DC0DC90B6F21E3D41C0
29426788,Piquete Suspension ST 132Kv,APSS1,S,AT Geografico,MALVINASARGENTINAS                                                                                                                           ,"{""type"":""Point"",""coordinates"":[-58.74668003653,-34.4781485976925]}",0101000020E610000076BC2036935F4DC0D2DB26F9333D41C0
29426789,Piquete Suspension ST 132Kv,APSS1,S,AT Geografico,MALVINASARGENTINAS                                                                                                                           ,"{""type"":""Point"",""coordinates"":[-58.7461839355764,-34.4787784826094]}",0101000020E6100000F60C88F4825F4DC0FA6A029D483D41C0
29426790,Piquete Suspension ST 132Kv,APSS1,S,AT Geografico,MALVINASARGENTINAS                                                                                                                           ,"{""type"":""Point"",""coordinates"":[-58.7456360514578,-34.4794741013734]}",0101000020E61000006CDD8B00715F4DC0C15648685F3D41C0
29426791,Piquete Suspension ST 132Kv,APSS1,S,AT Geografico,MALVINASARGENTINAS                                                                                                                           ,"{""type"":""Point"",""coordinates"":[-58.7451255466592,-34.4801222486451]}",0101000020E610000061281F46605F4DC0A30156A5743D41C0
29426792,Piquete Suspension ST 132Kv,APSS1,S,AT Geografico,MALVINASARGENTINAS                                                                                                                           ,"{""type"":""Point"",""coordinates"":[-58.7445948600776,-34.4807960058639]}",0101000020E6100000CA6666E24E5F4DC0CF9D38B98A3D41C0
29426793,Piquete Suspension ST 132Kv,APSS1,S,AT Geografico,MALVINASARGENTINAS                                                                                                                           ,"{""type"":""Point"",""coordinates"":[-58.7441694214184,-34.4813361310376]}",0101000020E61000006FD68FF1405F4DC048981E6C9C3D41C0
29426794,Piquete Suspension ST 132Kv,APSS1,S,AT Geografico,MALVINASARGENTINAS                                                                                                                           ,"{""type"":""Point"",""coordinates"":[-58.7436203135658,-34.4820332503446]}",0101000020E61000000BB44FF32E5F4DC04BE8FA43B33D41C0
29426795,Piquete Suspension ST 132Kv,APSS1,S,AT Geografico,MALVINASARGENTINAS                                                                                                                           ,"{""type"":""Point"",""coordinates"":[-58.7431413675945,-34.4826412838838]}",0101000020E6100000BD0F9F411F5F4DC083FD8830C73D41C0
29426796,Piquete Suspension ST 132Kv,APSS1,S,AT Geografico,MALVINASARGENTINAS                                                                                                                           ,"{""type"":""Point"",""coordinates"":[-58.7426387578793,-34.4832793472856]}",0101000020E6100000B8EA6CC90E5F4DC047B6FF18DC3D41C0
29426797,Piquete Suspension ST 132Kv,APSS1,S,AT Geografico,MALVINASARGENTINAS                                                                                                                           ,"{""type"":""Point"",""coordinates"":[-58.7422193164954,-34.4838118191355]}",0101000020E61000005567E50A015F4DC07D4DB28BED3D41C0
29426798,Piquete Suspension ST 132Kv,APSS1,S,AT Geografico,MALVINASARGENTINAS                                                                                                                           ,"{""type"":""Point"",""coordinates"":[-58.7417484029936,-34.4844096236683]}",0101000020E6100000E35B969CF15E4DC0F9C27122013E41C0
29426799,Piquete Suspension ST 132Kv,APSS1,S,AT Geografico,MALVINASARGENTINAS                                                                                                                           ,"{""type"":""Point"",""coordinates"":[-58.7412447211133,-34.4850490144665]}",0101000020E6100000D7C1651BE15E4DC0990B0B16163E41C0
29426800,Piquete Suspension ST 132Kv,APSS1,S,AT Geografico,MALVINASARGENTINAS                                                                                                                           ,"{""type"":""Point"",""coordinates"":[-58.7407205589534,-34.4857143906736]}",0101000020E6100000001768EECF5E4DC0E6919FE32B3E41C0
29426801,Piquete Suspension ST 132Kv,APSS1,S,AT Geografico,MALVINASARGENTINAS                                                                                                                           ,"{""type"":""Point"",""coordinates"":[-58.740271748724,-34.4862841039863]}",0101000020E610000015768339C15E4DC0CD97B98E3E3E41C0
29426802,Piquete Suspension ST 132Kv,APSS1,S,AT Geografico,MALVINASARGENTINAS                                                                                                                           ,"{""type"":""Point"",""coordinates"":[-58.7397417432969,-34.4869568728629]}",0101000020E6100000227981DBAF5E4DC01AC1519A543E41C0
29426803,Piquete Suspension ST 132Kv,APSS1,S,AT Geografico,MALVINASARGENTINAS                                                                                                                           ,"{""type"":""Point"",""coordinates"":[-58.7392265033311,-34.4876108860689]}",0101000020E610000064125CF99E5E4DC0796B94086A3E41C0
29426804,Piquete Suspension ST 132Kv,APSS1,S,AT Geografico,MALVINASARGENTINAS                                                                                                                           ,"{""type"":""Point"",""coordinates"":[-58.7387136589183,-34.48826184586]}",0101000020E6100000D7144F2B8E5E4DC03EED395D7F3E41C0
29426805,Piquete Suspension ST 132Kv,APSS1,S,AT Geografico,MALVINASARGENTINAS                                                                                                                           ,"{""type"":""Point"",""coordinates"":[-58.7382227874239,-34.4888849033299]}",0101000020E6100000E89294157E5E4DC0AAA7CFC7933E41C0
29426806,Piquete Suspension ST 132Kv,APSS1,S,AT Geografico,MALVINASARGENTINAS                                                                                                                           ,"{""type"":""Point"",""coordinates"":[-58.7377406905877,-34.4894968119589]}",0101000020E6100000588075496E5E4DC0106EDFD4A73E41C0
29426807,Piquete Suspension ST 132Kv,APSS1,S,AT Geografico,MALVINASARGENTINAS                                                                                                                           ,"{""type"":""Point"",""coordinates"":[-58.7372799388756,-34.4900816175206]}",0101000020E6100000D4BB64305F5E4DC099CF93FEBA3E41C0
29426808,Piquete Suspension ST 132Kv,APSS1,S,AT Geografico,MALVINASARGENTINAS                                                                                                                           ,"{""type"":""Point"",""coordinates"":[-58.7367604187641,-34.4907410022014]}",0101000020E61000001ECA572A4E5E4DC06FA1E599D03E41C0
29426809,Piquete Suspension ST 132Kv,APSS1,S,AT Geografico,MALVINASARGENTINAS                                                                                                                           ,"{""type"":""Point"",""coordinates"":[-58.7363986941049,-34.491200102285]}",0101000020E6100000B2FFF94F425E4DC0948D1BA5DF3E41C0
29426810,Piquete Suspension ST 132Kv,APSS1,S,AT Geografico,MALVINASARGENTINAS                                                                                                                           ,"{""type"":""Point"",""coordinates"":[-58.7359436821489,-34.4917775934461]}",0101000020E61000007F430F67335E4DC0D4607491F23E41C0
29426811,Piquete Suspension ST 132Kv,APSS1,S,AT Geografico,MALVINASARGENTINAS                                                                                                                           ,"{""type"":""Point"",""coordinates"":[-58.7354959862957,-34.492345789472]}",0101000020E610000056BD83BB245E4DC0800DD42F053F41C0
29426812,Piquete Suspension ST 132Kv,APSS1,S,AT Geografico,MALVINASARGENTINAS                                                                                                                           ,"{""type"":""Point"",""coordinates"":[-58.7346619464356,-34.4934042907672]}",0101000020E610000038C71467095E4DC08B462EDF273F41C0
29426813,Piquete Suspension ST 132Kv,APSS1,S,AT Geografico,MALVINASARGENTINAS                                                                                                                           ,"{""type"":""Point"",""coordinates"":[-58.7341238093318,-34.4940872365815]}",0101000020E6100000C325DCC4F75D4DC0903E25403E3F41C0
29426814,Piquete Suspension ST 132Kv,APSS1,S,AT Geografico,MALVINASARGENTINAS                                                                                                                           ,"{""type"":""Point"",""coordinates"":[-58.7338030211391,-34.494494339884]}",0101000020E6100000C8BFE441ED5D4DC0EBED2C974B3F41C0
29426815,Piquete Suspension ST 132Kv,APSS1,S,AT Geografico,MALVINASARGENTINAS                                                                                                                           ,"{""type"":""Point"",""coordinates"":[-58.7332556707037,-34.4951889555717]}",0101000020E6100000B2A36252DB5D4DC0ACC2085A623F41C0
29426816,Piquete Suspension ST 132Kv,APSS1,S,AT Geografico,MALVINASARGENTINAS                                                                                                                           ,"{""type"":""Point"",""coordinates"":[-58.7328032161346,-34.4957631326826]}",0101000020E6100000CED9EB7ECC5D4DC09AB7942A753F41C0
29426817,Piquete Suspension ST 132Kv,APSS1,S,AT Geografico,MALVINASARGENTINAS                                                                                                                           ,"{""type"":""Point"",""coordinates"":[-58.7322954981088,-34.4964074289197]}",0101000020E610000059B1DFDBBB5D4DC0D35954478A3F41C0
29426818,Piquete Suspension ST 132Kv,APSS1,S,AT Geografico,MALVINASARGENTINAS                                                                                                                           ,"{""type"":""Point"",""coordinates"":[-58.7317439503857,-34.4970344287374]}",0101000020E6100000F0F927C9A95D4DC0E534FCD29E3F41C0
29426819,Piquete Suspension ST 132Kv,APSS1,S,AT Geografico,MALVINASARGENTINAS                                                                                                                           ,"{""type"":""Point"",""coordinates"":[-58.7312130352072,-34.4977225121399]}",0101000020E6100000E04F8463985D4DC0DA0F0C5FB53F41C0
29426820,Piquete Suspension ST 132Kv,APSS1,S,AT Geografico,MALVINASARGENTINAS                                                                                                                           ,"{""type"":""Point"",""coordinates"":[-58.7306551713612,-34.4984455067802]}",0101000020E610000022D3D01B865D4DC0BE3AF70FCD3F41C0
29426821,Piquete Suspension ST 132Kv,APSS1,S,AT Geografico,MALVINASARGENTINAS                                                                                                                           ,"{""type"":""Point"",""coordinates"":[-58.7302752135236,-34.4989379253879]}",0101000020E6100000E3947FA8795D4DC03223AC32DD3F41C0
29426822,Piquete Suspension ST 132Kv,APSS1,S,AT Geografico,MALVINASARGENTINAS                                                                                                                           ,"{""type"":""Point"",""coordinates"":[-58.7294709614405,-34.4999801980865]}",0101000020E61000006862F14D5F5D4DC0EEB6E359FF3F41C0
29426825,Piquete Suspension ST 132Kv,APSS1,S,AT Geografico,MALVINASARGENTINAS                                                                                                                           ,"{""type"":""Point"",""coordinates"":[-58.7287170042885,-34.5021481967393]}",0101000020E6100000A4BA4A99465D4DC0CB5E6164464041C0
29426826,Piquete Suspension ST 132Kv,APSS1,S,AT Geografico,MALVINASARGENTINAS                                                                                                                           ,"{""type"":""Point"",""coordinates"":[-58.7281777469551,-34.5028355942596]}",0101000020E6100000696CACED345D4DC0044EB0EA5C4041C0
29426827,Piquete Suspension ST 132Kv,APSS1,S,AT Geografico,MALVINASARGENTINAS                                                                                                                           ,"{""type"":""Point"",""coordinates"":[-58.7276727414351,-34.5034793178433]}",0101000020E6100000CB536161245D4DC0B82CA202724041C0
29426828,Piquete Suspension ST 132Kv,APSS1,S,AT Geografico,MALVINASARGENTINAS                                                                                                                           ,"{""type"":""Point"",""coordinates"":[-58.7273041432012,-34.5039491571461]}",0101000020E6100000AAA55A4D185D4DC00B65EE67814041C0
29426829,Piquete Suspension ST 132Kv,APSS1,S,AT Geografico,MALVINASARGENTINAS                                                                                                                           ,"{""type"":""Point"",""coordinates"":[-58.7267696552949,-34.5046304385258]}",0101000020E6100000BD9BBEC9065D4DC06404EFBA974041C0
29426830,Piquete Suspension ST 132Kv,APSS1,S,AT Geografico,MALVINASARGENTINAS                                                                                                                           ,"{""type"":""Point"",""coordinates"":[-58.726218476658,-34.5053329801622]}",0101000020E6100000A27F1FBAF45C4DC089B147C0AE4041C0
29426831,Piquete Suspension ST 132Kv,APSS1,S,AT Geografico,MALVINASARGENTINAS                                                                                                                           ,"{""type"":""Point"",""coordinates"":[-58.7257204763576,-34.5059677271409]}",0101000020E610000027FF9768E45C4DC06C73EC8CC34041C0
29426832,Piquete Suspension ST 132Kv,APSS1,S,AT Geografico,MALVINASARGENTINAS                                                                                                                           ,"{""type"":""Point"",""coordinates"":[-58.7252092465386,-34.5066193238589]}",0101000020E6100000F55116A8D35C4DC06FBFE9E6D84041C0
29426836,Piquete Suspension ST 132Kv,APSS1,S,AT Geografico,MALVINASARGENTINAS                                                                                                                           ,"{""type"":""Point"",""coordinates"":[-58.7482937566858,-34.47729559698]}",0101000020E61000001F62FE16C85F4DC0E1C6A905183D41C0
29426837,Piquete Suspension ST 132Kv,APSS1,S,AT Geografico,MALVINASARGENTINAS                                                                                                                           ,"{""type"":""Point"",""coordinates"":[-58.7478348559902,-34.4778808436673]}",0101000020E6100000B8A4740DB95F4DC0C67711332B3D41C0
29426838,Piquete Suspension ST 132Kv,APSS1,S,AT Geografico,MALVINASARGENTINAS                                                                                                                           ,"{""type"":""Point"",""coordinates"":[-58.7472123963866,-34.4786746645324]}",0101000020E6100000B3D2E2A7A45F4DC094CB1E36453D41C0
29426839,Piquete Suspension ST 132Kv,APSS1,S,AT Geografico,MALVINASARGENTINAS                                                                                                                           ,"{""type"":""Point"",""coordinates"":[-58.7467253012208,-34.4792958424656]}",0101000020E61000006BEBD5B1945F4DC0D03FF090593D41C0
29426840,Piquete Suspension ST 132Kv,APSS1,S,AT Geografico,MALVINASARGENTINAS                                                                                                                           ,"{""type"":""Point"",""coordinates"":[-58.7462563108722,-34.4798922154822]}",0101000020E6100000A1D0A853855F4DC0ED8CAD1B6D3D41C0
29426841,Piquete Suspension ST 132Kv,APSS1,S,AT Geografico,MALVINASARGENTINAS                                                                                                                           ,"{""type"":""Point"",""coordinates"":[-58.745729002395,-34.480570889165]}",0101000020E6100000907B460C745F4DC0CD2FCE58833D41C0
29426842,Piquete Suspension ST 132Kv,APSS1,S,AT Geografico,MALVINASARGENTINAS                                                                                                                           ,"{""type"":""Point"",""coordinates"":[-58.7452644117069,-34.4811626368669]}",0101000020E6100000B79301D3645F4DC043B3BEBC963D41C0
29426843,Piquete Suspension ST 132Kv,APSS1,S,AT Geografico,MALVINASARGENTINAS                                                                                                                           ,"{""type"":""Point"",""coordinates"":[-58.744757749806,-34.4818079172933]}",0101000020E6100000056ED138545F4DC041DDBFE1AB3D41C0
29426844,Piquete Suspension ST 132Kv,APSS1,S,AT Geografico,MALVINASARGENTINAS                                                                                                                           ,"{""type"":""Point"",""coordinates"":[-58.744129107116,-34.4826101501083]}",0101000020E61000004E88619F3F5F4DC062B75D2BC63D41C0
29426845,Piquete Suspension ST 132Kv,APSS1,S,AT Geografico,MALVINASARGENTINAS                                                                                                                           ,"{""type"":""Point"",""coordinates"":[-58.7435236698715,-34.4833911030525]}",0101000020E610000035F39AC82B5F4DC0D66479C2DF3D41C0
29426846,Piquete Suspension ST 132Kv,APSS1,S,AT Geografico,MALVINASARGENTINAS                                                                                                                           ,"{""type"":""Point"",""coordinates"":[-58.7430490397142,-34.4839927379331]}",0101000020E6100000C2721E3B1C5F4DC048765A79F33D41C0
29426847,Piquete Suspension ST 132Kv,APSS1,S,AT Geografico,MALVINASARGENTINAS                                                                                                                           ,"{""type"":""Point"",""coordinates"":[-58.7424255801785,-34.4847917347685]}",0101000020E6100000494A29CD075F4DC0D619D3A70D3E41C0
29426848,Piquete Suspension ST 132Kv,APSS1,S,AT Geografico,MALVINASARGENTINAS                                                                                                                           ,"{""type"":""Point"",""coordinates"":[-58.741955476447,-34.4853923217319]}",0101000020E6100000CE36A565F85E4DC0BBC8E955213E41C0
29426849,Piquete Suspension ST 132Kv,APSS1,S,AT Geografico,MALVINASARGENTINAS                                                                                                                           ,"{""type"":""Point"",""coordinates"":[-58.7414427802219,-34.4860458925353]}",0101000020E61000004A74D698E75E4DC0A96576C0363E41C0
29426850,Piquete Suspension ST 132Kv,APSS1,S,AT Geografico,MALVINASARGENTINAS                                                                                                                           ,"{""type"":""Point"",""coordinates"":[-58.7409078319066,-34.4867282191289]}",0101000020E6100000CDB15D11D65E4DC074993B1C4D3E41C0
29426851,Piquete Suspension ST 132Kv,APSS1,S,AT Geografico,MALVINASARGENTINAS                                                                                                                           ,"{""type"":""Point"",""coordinates"":[-58.7403708574664,-34.487413923923]}",0101000020E610000063DDE578C45E4DC0A16E5794633E41C0
29426852,Piquete Suspension ST 132Kv,APSS1,S,AT Geografico,MALVINASARGENTINAS                                                                                                                           ,"{""type"":""Point"",""coordinates"":[-58.7398654386047,-34.4880592929638]}",0101000020E6100000BE1F23E9B35E4DC0ECE416BA783E41C0
29426853,Piquete Suspension ST 132Kv,APSS1,S,AT Geografico,MALVINASARGENTINAS                                                                                                                           ,"{""type"":""Point"",""coordinates"":[-58.7394177688515,-34.4886307444042]}",0101000020E610000038A6CF3DA55E4DC0A884C5738B3E41C0
29426854,Piquete Suspension ST 132Kv,APSS1,S,AT Geografico,MALVINASARGENTINAS                                                                                                                           ,"{""type"":""Point"",""coordinates"":[-58.7389505388844,-34.4892269345934]}",0101000020E61000005DEF66EE955E4DC04F33FAFC9E3E41C0
29426855,Piquete Suspension ST 132Kv,APSS1,S,AT Geografico,MALVINASARGENTINAS                                                                                                                           ,"{""type"":""Point"",""coordinates"":[-58.7384471293507,-34.4898703391982]}",0101000020E61000007A317F6F855E4DC085113F12B43E41C0
29426856,Piquete Suspension ST 132Kv,APSS1,S,AT Geografico,MALVINASARGENTINAS                                                                                                                           ,"{""type"":""Point"",""coordinates"":[-58.7379331146247,-34.490527820772]}",0101000020E61000006DF9A097745E4DC037FF999DC93E41C0
29426857,Piquete Suspension ST 132Kv,APSS1,S,AT Geografico,MALVINASARGENTINAS                                                                                                                           ,"{""type"":""Point"",""coordinates"":[-58.7374614900974,-34.4911290951649]}",0101000020E610000089035B23655E4DC07BEC7451DD3E41C0
29426858,Piquete Suspension ST 132Kv,APSS1,S,AT Geografico,MALVINASARGENTINAS                                                                                                                           ,"{""type"":""Point"",""coordinates"":[-58.7370035293339,-34.4917141912885]}",0101000020E610000047C3B321565E4DC01848997DF03E41C0
29426859,Piquete Suspension ST 132Kv,APSS1,S,AT Geografico,MALVINASARGENTINAS                                                                                                                           ,"{""type"":""Point"",""coordinates"":[-58.7364555377341,-34.4924148386905]}",0101000020E61000005AC3D02C445E4DC0D51E0E73073F41C0
29426860,Piquete Suspension ST 132Kv,APSS1,S,AT Geografico,MALVINASARGENTINAS                                                                                                                           ,"{""type"":""Point"",""coordinates"":[-58.7361491363625,-34.4928053127242]}",0101000020E6100000EED388223A5E4DC0FFB8963E143F41C0
29426861,Piquete Suspension ST 132Kv,APSS1,S,AT Geografico,MALVINASARGENTINAS                                                                                                                           ,"{""type"":""Point"",""coordinates"":[-58.735734919261,-34.4933356463198]}",0101000020E61000002E60D48F2C5E4DC08772599F253F41C0
29426862,Piquete Suspension ST 132Kv,APSS1,S,AT Geografico,MALVINASARGENTINAS                                                                                                                           ,"{""type"":""Point"",""coordinates"":[-58.7350932971485,-34.4941533864902]}",0101000020E61000007E618389175E4DC06A170D6B403F41C0
29426863,Piquete Suspension ST 132Kv,APSS1,S,AT Geografico,MALVINASARGENTINAS                                                                                                                           ,"{""type"":""Point"",""coordinates"":[-58.7345089973091,-34.4948998623601]}",0101000020E6100000B6070D64045E4DC0DDD0F1E0583F41C0
29426864,Piquete Suspension ST 132Kv,APSS1,S,AT Geografico,MALVINASARGENTINAS                                                                                                                           ,"{""type"":""Point"",""coordinates"":[-58.7338718029281,-34.4957131638629]}",0101000020E61000003384E082EF5D4DC06E7E6987733F41C0
29426865,Piquete Suspension ST 132Kv,APSS1,S,AT Geografico,MALVINASARGENTINAS                                                                                                                           ,"{""type"":""Point"",""coordinates"":[-58.7335293080169,-34.4961511059633]}",0101000020E61000008F4BD249E45D4DC048FE22E1813F41C0
29426866,Piquete Suspension ST 132Kv,APSS1,S,AT Geografico,MALVINASARGENTINAS                                                                                                                           ,"{""type"":""Point"",""coordinates"":[-58.732920534374,-34.4969281535134]}",0101000020E6100000FBD90E57D05D4DC0A2E67B579B3F41C0
29426867,Piquete Suspension ST 132Kv,APSS1,S,AT Geografico,MALVINASARGENTINAS                                                                                                                           ,"{""type"":""Point"",""coordinates"":[-58.7325341888103,-34.4974181762168]}",0101000020E6100000331228AEC35D4DC0C6A41766AB3F41C0
29426868,Piquete Suspension ST 132Kv,APSS1,S,AT Geografico,MALVINASARGENTINAS                                                                                                                           ,"{""type"":""Point"",""coordinates"":[-58.7319738825787,-34.4981349939996]}",0101000020E6100000D099F751B15D4DC0541C32E3C23F41C0
29426869,Piquete Suspension ST 132Kv,APSS1,S,AT Geografico,MALVINASARGENTINAS                                                                                                                           ,"{""type"":""Point"",""coordinates"":[-58.7313747036898,-34.4989005559766]}",0101000020E610000014BCB0AF9D5D4DC015F031F9DB3F41C0
29426870,Piquete Suspension ST 132Kv,APSS1,S,AT Geografico,MALVINASARGENTINAS                                                                                                                           ,"{""type"":""Point"",""coordinates"":[-58.7309094608702,-34.4994940672214]}",0101000020E61000002063F3708E5D4DC084A1ED6BEF3F41C0
29426871,Piquete Suspension ST 132Kv,APSS1,S,AT Geografico,MALVINASARGENTINAS                                                                                                                           ,"{""type"":""Point"",""coordinates"":[-58.730306944062,-34.5002666975121]}",0101000020E6100000DB64ACB27A5D4DC0D28B38BD084041C0
29426875,Piquete Suspension ST 132Kv,APSS1,S,AT Geografico,MALVINASARGENTINAS                                                                                                                           ,"{""type"":""Point"",""coordinates"":[-58.7295947290354,-34.5023156338867]}",0101000020E610000044452E5C635D4DC011E8F1E04B4041C0
29426876,Piquete Suspension ST 132Kv,APSS1,S,AT Geografico,MALVINASARGENTINAS                                                                                                                           ,"{""type"":""Point"",""coordinates"":[-58.7291171767891,-34.5029216409709]}",0101000020E61000006AA12EB6535D4DC0DC3580BC5F4041C0
29426877,Piquete Suspension ST 132Kv,APSS1,S,AT Geografico,MALVINASARGENTINAS                                                                                                                           ,"{""type"":""Point"",""coordinates"":[-58.7286076775766,-34.5035681762245]}",0101000020E610000031673104435D4DC0621808EC744041C0
29426878,Piquete Suspension ST 132Kv,APSS1,S,AT Geografico,MALVINASARGENTINAS                                                                                                                           ,"{""type"":""Point"",""coordinates"":[-58.7280634393876,-34.5042587801411]}",0101000020E6100000A2CACA2E315D4DC09DB63C8D8B4041C0
29426879,Piquete Suspension ST 132Kv,APSS1,S,AT Geografico,MALVINASARGENTINAS                                                                                                                           ,"{""type"":""Point"",""coordinates"":[-58.7274888686042,-34.5049878587717]}",0101000020E6100000FB6DF15A1E5D4DC098263171A34041C0
29426880,Piquete Suspension ST 132Kv,APSS1,S,AT Geografico,MALVINASARGENTINAS                                                                                                                           ,"{""type"":""Point"",""coordinates"":[-58.7269409732196,-34.5056830739613]}",0101000020E6100000DD0CDD660C5D4DC0FE661439BA4041C0
29426881,Piquete Suspension ST 132Kv,APSS1,S,AT Geografico,MALVINASARGENTINAS                                                                                                                           ,"{""type"":""Point"",""coordinates"":[-58.7263232157888,-34.5064669186146]}",0101000020E6100000BF11BD28F85C4DC058FA71E8D34041C0
29426882,Piquete Suspension ST 132Kv,APSS1,S,AT Geografico,MALVINASARGENTINAS                                                                                                                           ,"{""type"":""Point"",""coordinates"":[-58.7259008719908,-34.5070028011365]}",0101000020E61000004BABDC51EA5C4DC04BEEC077E54041C0
29753761,Piquete Suspension ST 132Kv,APSS1,S,AT Geografico,MERLO                                                                                                                                        ,"{""type"":""Point"",""coordinates"":[-58.7641360575005,-34.7047138071302]}",0101000020E61000006054D835CF614DC0FC54E10F345A41C0
29753762,Piquete Suspension ST 132Kv,APSS1,S,AT Geografico,MERLO                                                                                                                                        ,"{""type"":""Point"",""coordinates"":[-58.7648684991222,-34.7041733537661]}",0101000020E610000038BC0236E7614DC0ED913A5A225A41C0
29753763,Piquete Suspension ST 132Kv,APSS1,S,AT Geografico,MERLO                                                                                                                                        ,"{""type"":""Point"",""coordinates"":[-58.7655830270765,-34.7036461072902]}",0101000020E61000004AD5E79FFE614DC078625D13115A41C0
29753764,Piquete Suspension ST 132Kv,APSS1,S,AT Geografico,MERLO                                                                                                                                        ,"{""type"":""Point"",""coordinates"":[-58.7663113805452,-34.7031086476013]}",0101000020E610000045FFC67D16624DC0B97DD376FF5941C0
29753765,Piquete Suspension ST 132Kv,APSS1,S,AT Geografico,MERLO                                                                                                                                        ,"{""type"":""Point"",""coordinates"":[-58.7670527452152,-34.7025615749753]}",0101000020E6100000D180CBC82E624DC0F9F8A589ED5941C0
29753766,Piquete Suspension ST 132Kv,APSS1,S,AT Geografico,MERLO                                                                                                                                        ,"{""type"":""Point"",""coordinates"":[-58.7676712198149,-34.7021051770512]}",0101000020E6100000C097EF0C43624DC0C7E41A95DE5941C0
29753767,Piquete Suspension ST 132Kv,APSS1,S,AT Geografico,MERLO                                                                                                                                        ,"{""type"":""Point"",""coordinates"":[-58.7684459310721,-34.7015334739038]}",0101000020E61000007A59AF6F5C624DC0A9BB4FD9CB5941C0
29753768,Piquete Suspension ST 132Kv,APSS1,S,AT Geografico,MERLO                                                                                                                                        ,"{""type"":""Point"",""coordinates"":[-58.7690285850539,-34.7011034920576]}",0101000020E61000006D3F57876F624DC0D9BF5CC2BD5941C0
29753769,Piquete Suspension ST 132Kv,APSS1,S,AT Geografico,MERLO                                                                                                                                        ,"{""type"":""Point"",""coordinates"":[-58.769737364125,-34.7005804235853]}",0101000020E61000008FB602C186624DC01CC28B9EAC5941C0
29753770,Piquete Suspension ST 132Kv,APSS1,S,AT Geografico,MERLO                                                                                                                                        ,"{""type"":""Point"",""coordinates"":[-58.7705323904426,-34.699993692911]}",0101000020E6100000DABA2CCEA0624DC0BB3AB164995941C0
29753771,Piquete Suspension ST 132Kv,APSS1,S,AT Geografico,MERLO                                                                                                                                        ,"{""type"":""Point"",""coordinates"":[-58.7712452192768,-34.6994676124397]}",0101000020E6100000C6FED029B8624DC01B059C27885941C0
29753772,Piquete Suspension ST 132Kv,APSS1,S,AT Geografico,MERLO                                                                                                                                        ,"{""type"":""Point"",""coordinates"":[-58.7719661762571,-34.6989355219987]}",0101000020E61000003452A4C9CF624DC0A07F1CB8765941C0
29753776,Piquete Suspension ST 132Kv,APSS1,S,AT Geografico,MERLO                                                                                                                                        ,"{""type"":""Point"",""coordinates"":[-58.7643935573103,-34.7056121918495]}",0101000020E6100000DEF5E8A5D7614DC08AD31380515A41C0
29753777,Piquete Suspension ST 132Kv,APSS1,S,AT Geografico,MERLO                                                                                                                                        ,"{""type"":""Point"",""coordinates"":[-58.7650454121423,-34.7051271168779]}",0101000020E6100000928D1002ED614DC0B641F99A415A41C0
29753778,Piquete Suspension ST 132Kv,APSS1,S,AT Geografico,MERLO                                                                                                                                        ,"{""type"":""Point"",""coordinates"":[-58.7656315885485,-34.7046909082507]}",0101000020E6100000D9CC443700624DC0D65CCA4F335A41C0
29753779,Piquete Suspension ST 132Kv,APSS1,S,AT Geografico,MERLO                                                                                                                                        ,"{""type"":""Point"",""coordinates"":[-58.7663888253414,-34.7041273922749]}",0101000020E61000003E6E6E0719624DC0EB04ADD8205A41C0
29753780,Piquete Suspension ST 132Kv,APSS1,S,AT Geografico,MERLO                                                                                                                                        ,"{""type"":""Point"",""coordinates"":[-58.7670349818205,-34.703646529421]}",0101000020E61000004AE7C8332E624DC050E7E716115A41C0
29753781,Piquete Suspension ST 132Kv,APSS1,S,AT Geografico,MERLO                                                                                                                                        ,"{""type"":""Point"",""coordinates"":[-58.767606544385,-34.7032211709338]}",0101000020E6100000262A66EE40624DC00182BD26035A41C0
29753782,Piquete Suspension ST 132Kv,APSS1,S,AT Geografico,MERLO                                                                                                                                        ,"{""type"":""Point"",""coordinates"":[-58.7682478225266,-34.702743921354]}",0101000020E6100000CA7CD4F155624DC0CDD64783F35941C0
29753783,Piquete Suspension ST 132Kv,APSS1,S,AT Geografico,MERLO                                                                                                                                        ,"{""type"":""Point"",""coordinates"":[-58.7690001596998,-34.7021840083303]}",0101000020E6100000C943E4986E624DC0C1C6632AE15941C0
29753784,Piquete Suspension ST 132Kv,APSS1,S,AT Geografico,MERLO                                                                                                                                        ,"{""type"":""Point"",""coordinates"":[-58.7697354622351,-34.7016367610166]}",0101000020E6100000886F0EB186624DC06A1EBF3BCF5941C0
29753785,Piquete Suspension ST 132Kv,APSS1,S,AT Geografico,MERLO                                                                                                                                        ,"{""type"":""Point"",""coordinates"":[-58.7704707550998,-34.7010895090028]}",0101000020E6100000D0D623C99E624DC02B5E104DBD5941C0
29753786,Piquete Suspension ST 132Kv,APSS1,S,AT Geografico,MERLO                                                                                                                                        ,"{""type"":""Point"",""coordinates"":[-58.7712060383159,-34.7005422522984]}",0101000020E6100000B28524E1B6624DC0398B575EAB5941C0
29753787,Piquete Suspension ST 132Kv,APSS1,S,AT Geografico,MERLO                                                                                                                                        ,"{""type"":""Point"",""coordinates"":[-58.7718553818294,-34.700058948933]}",0101000020E61000006E193B28CC624DC03C7819889B5941C0
29753788,Piquete Suspension ST 132Kv,APSS1,S,AT Geografico,MERLO                                                                                                                                        ,"{""type"":""Point"",""coordinates"":[-58.7725849722915,-34.6995159070733]}",0101000020E6100000BAAF7A10E4624DC0AFF4BBBC895941C0
29753793,Piquete Suspension ST 132Kv,APSS1,S,AT Geografico,MERLO                                                                                                                                        ,"{""type"":""Point"",""coordinates"":[-58.7677147962396,-34.6901589712867]}",0101000020E610000095407B7A44624DC0DA5B1121575841C0
29753794,Piquete Suspension ST 132Kv,APSS1,S,AT Geografico,MERLO                                                                                                                                        ,"{""type"":""Point"",""coordinates"":[-58.7667699647829,-34.6888714616013]}",0101000020E61000001326A98425624DC0DB5CA7F02C5841C0
29753795,Piquete Suspension ST 132Kv,APSS1,S,AT Geografico,MERLO                                                                                                                                        ,"{""type"":""Point"",""coordinates"":[-58.7658773477489,-34.6876550612809]}",0101000020E610000018AAD84408624DC0B190BF14055841C0
29753798,Piquete Suspension ST 132Kv,APSS1,S,AT Geografico,MERLO                                                                                                                                        ,"{""type"":""Point"",""coordinates"":[-58.7704605839604,-34.6906376510167]}",0101000020E6100000C97BD1739E624DC05B4086D0665841C0
29753799,Piquete Suspension ST 132Kv,APSS1,S,AT Geografico,MERLO                                                                                                                                        ,"{""type"":""Point"",""coordinates"":[-58.7718445472471,-34.6897029123782]}",0101000020E6100000D50258CDCB624DC0654F5E2F485841C0
29753800,Piquete Suspension ST 132Kv,APSS1,S,AT Geografico,MERLO                                                                                                                                        ,"{""type"":""Point"",""coordinates"":[-58.7733073416004,-34.6886689539402]}",0101000020E61000001BF726BCFB624DC0CE78E54D265841C0
29753801,Piquete Suspension ST 132Kv,APSS1,S,AT Geografico,MERLO                                                                                                                                        ,"{""type"":""Point"",""coordinates"":[-58.7746767483839,-34.6877009653853]}",0101000020E6100000EBA3919B28634DC0EFE0D195065841C0
29753802,Piquete Suspension ST 132Kv,APSS1,S,AT Geografico,MERLO                                                                                                                                        ,"{""type"":""Point"",""coordinates"":[-58.7760576494549,-34.6867248127461]}",0101000020E61000001A1C68DB55634DC0570C4299E65741C0
29753803,Piquete Suspension ST 132Kv,APSS1,S,AT Geografico,MERLO                                                                                                                                        ,"{""type"":""Point"",""coordinates"":[-58.7775190243535,-34.6857187671979]}",0101000020E6100000D7CE4EBE85634DC02CAFEFA1C55741C0
29753804,Piquete Suspension ST 132Kv,APSS1,S,AT Geografico,MERLO                                                                                                                                        ,"{""type"":""Point"",""coordinates"":[-58.7663186127475,-34.6856305245611]}",0101000020E61000008C0872BA16624DC08810B4BDC25741C0
29753805,Piquete Suspension ST 132Kv,APSS1,S,AT Geografico,MERLO                                                                                                                                        ,"{""type"":""Point"",""coordinates"":[-58.7675758290144,-34.6847102040558]}",0101000020E61000009368BDEC3F624DC01AD47E95A45741C0
29753806,Piquete Suspension ST 132Kv,APSS1,S,AT Geografico,MERLO                                                                                                                                        ,"{""type"":""Point"",""coordinates"":[-58.7688660930406,-34.6837656562066]}",0101000020E61000006E4E42346A624DC08CC40DA2855741C0
29753807,Piquete Suspension ST 132Kv,APSS1,S,AT Geografico,MERLO                                                                                                                                        ,"{""type"":""Point"",""coordinates"":[-58.7702343354217,-34.6828512172665]}",0101000020E61000004072E80997624DC0BF182FAB675741C0
29753808,Piquete Suspension ST 132Kv,APSS1,S,AT Geografico,MERLO                                                                                                                                        ,"{""type"":""Point"",""coordinates"":[-58.7715247957371,-34.6819706413081]}",0101000020E610000034DF1253C1624DC010A060D04A5741C0
29753809,Piquete Suspension ST 132Kv,APSS1,S,AT Geografico,MERLO                                                                                                                                        ,"{""type"":""Point"",""coordinates"":[-58.7728367158179,-34.6810753880225]}",0101000020E6100000FCCA4150EC624DC05FD5727A2D5741C0
29753810,Piquete Suspension ST 132Kv,APSS1,S,AT Geografico,MERLO                                                                                                                                        ,"{""type"":""Point"",""coordinates"":[-58.7742558073783,-34.680101804205]}",0101000020E6100000C3B675D01A634DC06B816F930D5741C0
29753811,Piquete Suspension ST 132Kv,APSS1,S,AT Geografico,MERLO                                                                                                                                        ,"{""type"":""Point"",""coordinates"":[-58.7756111840047,-34.6791549009703]}",0101000020E610000027DB2E3A47634DC0F14A3C8CEE5641C0
29753812,Piquete Suspension ST 132Kv,APSS1,S,AT Geografico,MERLO                                                                                                                                        ,"{""type"":""Point"",""coordinates"":[-58.7768221541609,-34.6783088524662]}",0101000020E6100000FB7689E86E634DC000F710D3D25641C0
29753813,Piquete Suspension ST 132Kv,APSS1,S,AT Geografico,MERLO                                                                                                                                        ,"{""type"":""Point"",""coordinates"":[-58.7780417029554,-34.6775139636705]}",0101000020E6100000138FDADE96634DC02E460EC7B85641C0
29753814,Piquete Suspension ST 132Kv,APSS1,S,AT Geografico,MERLO                                                                                                                                        ,"{""type"":""Point"",""coordinates"":[-58.7795894573338,-34.6766264245655]}",0101000020E61000000CC75B96C9634DC0268FD6B19B5641C0
29753815,Piquete Suspension ST 132Kv,APSS1,S,AT Geografico,MERLO                                                                                                                                        ,"{""type"":""Point"",""coordinates"":[-58.7810034364177,-34.6756425763836]}",0101000020E610000022BDACEBF7634DC022ADB8747B5641C0
29753816,Piquete Suspension ST 132Kv,APSS1,S,AT Geografico,MERLO                                                                                                                                        ,"{""type"":""Point"",""coordinates"":[-58.7824410579191,-34.6746541096279]}",0101000020E6100000B767510727644DC05F7BDC105B5641C0
29753817,Piquete Suspension ST 132Kv,APSS1,S,AT Geografico,MERLO                                                                                                                                        ,"{""type"":""Point"",""coordinates"":[-58.78374208163,-34.6737430904137]}",0101000020E6100000C38C18A951644DC0C69DAD363D5641C0
29753818,Piquete Suspension ST 132Kv,APSS1,S,AT Geografico,MERLO                                                                                                                                        ,"{""type"":""Point"",""coordinates"":[-58.7850479718918,-34.6728286288068]}",0101000020E61000008288B2737C644DC0D0449E3F1F5641C0
29753822,Piquete Suspension ST 132Kv,APSS1,S,AT Geografico,MERLO                                                                                                                                        ,"{""type"":""Point"",""coordinates"":[-58.7788802553079,-34.6847541475616]}",0101000020E610000013062459B2634DC0E9C91E06A65741C0
29753823,Piquete Suspension ST 132Kv,APSS1,S,AT Geografico,MERLO                                                                                                                                        ,"{""type"":""Point"",""coordinates"":[-58.7803288484228,-34.6837275777106]}",0101000020E6100000FA0CD2D0E1634DC0F3D1A062845741C0
29753824,Piquete Suspension ST 132Kv,APSS1,S,AT Geografico,MERLO                                                                                                                                        ,"{""type"":""Point"",""coordinates"":[-58.7817582761714,-34.6827145471838]}",0101000020E61000004CC4BAA710644DC03354B630635741C0
29753825,Piquete Suspension ST 132Kv,APSS1,S,AT Geografico,MERLO                                                                                                                                        ,"{""type"":""Point"",""coordinates"":[-58.7831699525464,-34.6817140555261]}",0101000020E6100000C4B2BAE93E644DC0A3DAFA67425741C0
29753826,Piquete Suspension ST 132Kv,APSS1,S,AT Geografico,MERLO                                                                                                                                        ,"{""type"":""Point"",""coordinates"":[-58.7845763209678,-34.6807172847834]}",0101000020E6100000EBE233FF6C644DC0BBFB75BE215741C0
29753827,Piquete Suspension ST 132Kv,APSS1,S,AT Geografico,MERLO                                                                                                                                        ,"{""type"":""Point"",""coordinates"":[-58.7859874868812,-34.6797170726879]}",0101000020E61000002A9CEB3C9B644DC014DD12F8005741C0
29753828,Piquete Suspension ST 132Kv,APSS1,S,AT Geografico,MERLO                                                                                                                                        ,"{""type"":""Point"",""coordinates"":[-58.7873925188357,-34.6787211673157]}",0101000020E6100000D5C12E47C9644DC0A25CD055E05641C0
29753829,Piquete Suspension ST 132Kv,APSS1,S,AT Geografico,MERLO                                                                                                                                        ,"{""type"":""Point"",""coordinates"":[-58.7888014050022,-34.6777224890465]}",0101000020E6100000FCC2C671F7644DC0F31B4B9CBF5641C0
29753830,Piquete Suspension ST 132Kv,APSS1,S,AT Geografico,MERLO                                                                                                                                        ,"{""type"":""Point"",""coordinates"":[-58.7902075285712,-34.6767257280993]}",0101000020E61000001122328525654DC03446DBF29E5641C0
29753831,Piquete Suspension ST 132Kv,APSS1,S,AT Geografico,MERLO                                                                                                                                        ,"{""type"":""Point"",""coordinates"":[-58.7916159692229,-34.6757272836489]}",0101000020E6100000E3660DAC53654DC0C0244C3B7E5641C0
29753832,Piquete Suspension ST 132Kv,APSS1,S,AT Geografico,MERLO                                                                                                                                        ,"{""type"":""Point"",""coordinates"":[-58.7930223538243,-34.6747302558054]}",0101000020E61000000D56A9C181654DC026279F8F5D5641C0
29753833,Piquete Suspension ST 132Kv,APSS1,S,AT Geografico,MERLO                                                                                                                                        ,"{""type"":""Point"",""coordinates"":[-58.794275787044,-34.6735771566402]}",0101000020E6100000E9AD38D4AA654DC01B8DB9C6375641C0
18075889,Piquete Retencion ST 220Kv,APRS2,S,AT Geografico,GRALSANMARTIN                                                                                                                                 ,"{""type"":""Point"",""coordinates"":[-58.5556576885901,-34.5617844701388]}",0101000020E6100000FA2188CA1F474DC0C552B38DE84741C0
29054838,Piquete Retencion ST 220Kv,APRS2,S,AT Geografico,GRALSANMARTIN                                                                                                                                 ,"{""type"":""Point"",""coordinates"":[-58.5579384724015,-34.5621137266223]}",0101000020E6100000821222876A474DC0D83CB457F34741C0
29054846,Piquete Retencion ST 220Kv,APRS2,S,AT Geografico,GRALSANMARTIN                                                                                                                                 ,"{""type"":""Point"",""coordinates"":[-58.5631661517236,-34.5665534976638]}",0101000020E610000000EF15D415484DC03BF333D3844841C0
29054851,Piquete Retencion ST 220Kv,APRS2,S,AT Geografico,GRALSANMARTIN                                                                                                                                 ,"{""type"":""Point"",""coordinates"":[-58.5681421051359,-34.5654241106579]}",0101000020E61000000A8568E1B8484DC0A3D237D15F4841C0
29054852,Piquete Retencion ST 220Kv,APRS2,S,AT Geografico,GRALSANMARTIN                                                                                                                                 ,"{""type"":""Point"",""coordinates"":[-58.5688428393089,-34.5646974197728]}",0101000020E6100000A5B297D7CF484DC0A4074B01484841C0
29054860,Piquete Retencion ST 220Kv,APRS2,S,AT Geografico,GRALSANMARTIN                                                                                                                                 ,"{""type"":""Point"",""coordinates"":[-58.5789323029965,-34.5624923111287]}",0101000020E6100000E6FB25741A4A4DC04F4680BFFF4741C0
29054861,Piquete Retencion ST 220Kv,APRS2,S,AT Geografico,GRALSANMARTIN                                                                                                                                 ,"{""type"":""Point"",""coordinates"":[-58.5809309155385,-34.5622084970523]}",0101000020E610000090BCB9F15B4A4DC0C02FB272F64741C0
29054863,Piquete Retencion ST 220Kv,APRS2,S,AT Geografico,GRALSANMARTIN                                                                                                                                 ,"{""type"":""Point"",""coordinates"":[-58.5823271628158,-34.5622242513253]}",0101000020E6100000E0EE4BB2894A4DC0EE3ADAF6F64741C0
29054864,Piquete Retencion ST 220Kv,APRS2,S,AT Geografico,GRALSANMARTIN                                                                                                                                 ,"{""type"":""Point"",""coordinates"":[-58.5830729577686,-34.562148560975]}",0101000020E610000029667A22A24A4DC0C770EA7BF44741C0
29054874,Piquete Retencion ST 220Kv,APRS2,S,AT Geografico,GRALSANMARTIN                                                                                                                                 ,"{""type"":""Point"",""coordinates"":[-58.5908392409607,-34.5560782154996]}",0101000020E61000004F8FC89EA04B4DC062CB2A922D4741C0
29054875,Piquete Retencion ST 220Kv,APRS2,S,AT Geografico,GRALSANMARTIN                                                                                                                                 ,"{""type"":""Point"",""coordinates"":[-58.5908603539516,-34.5554711075038]}",0101000020E6100000D25CE44FA14B4DC00B4D60AD194741C0
29054876,Piquete Retencion ST 220Kv,APRS2,S,AT Geografico,GRALSANMARTIN                                                                                                                                 ,"{""type"":""Point"",""coordinates"":[-58.5901533551795,-34.5549212304689]}",0101000020E6100000760F28258A4B4DC02D5CACA8074741C0
18082453,Piquete Retencion DT 220Kv,APRD2,S,AT Geografico,MORENO                                                                                                                                        ,"{""type"":""Point"",""coordinates"":[-58.7994607369527,-34.5898190553505]}",0101000020E6100000ECD2BBBA54664DC0D7A4D8307F4B41C0
18082460,Piquete Retencion DT 220Kv,APRD2,S,AT Geografico,MORENO                                                                                                                                        ,"{""type"":""Point"",""coordinates"":[-58.7748904789525,-34.5918717581766]}",0101000020E6100000948A789C2F634DC0B1652A74C24B41C0
18082462,Piquete Retencion DT 220Kv,APRD2,S,AT Geografico,MORENO                                                                                                                                        ,"{""type"":""Point"",""coordinates"":[-58.7680717047336,-34.5927510821323]}",0101000020E61000002768722C50624DC09F367844DF4B41C0
18082466,Piquete Retencion DT 220Kv,APRD2,S,AT Geografico,MORENO                                                                                                                                        ,"{""type"":""Point"",""coordinates"":[-58.7538091601563,-34.5937248299588]}",0101000020E6100000F0258DD17C604DC086BFDB2CFF4B41C0
18082470,Piquete Retencion DT 220Kv,APRD2,S,AT Geografico,MORENO                                                                                                                                        ,"{""type"":""Point"",""coordinates"":[-58.741111037853,-34.5905073372253]}",0101000020E61000004224FBB9DC5E4DC026B792BE954B41C0
18082471,Piquete Retencion DT 220Kv,APRD2,S,AT Geografico,MORENO                                                                                                                                        ,"{""type"":""Point"",""coordinates"":[-58.7384059370546,-34.5896582454551]}",0101000020E61000003369F315845E4DC0F405E0EB794B41C0
18082475,Piquete Retencion DT 220Kv,APRD2,S,AT Geografico,SANMIGUEL                                                                                                                                     ,"{""type"":""Point"",""coordinates"":[-58.7264423208472,-34.5907030029142]}",0101000020E6100000043CDD0FFC5C4DC02995EF279C4B41C0
18082476,Piquete Retencion DT 220Kv,APRD2,S,AT Geografico,SANMIGUEL                                                                                                                                     ,"{""type"":""Point"",""coordinates"":[-58.7234061133543,-34.590620845987]}",0101000020E6100000A84A4F92985C4DC0CFECC076994B41C0
18082484,Piquete Retencion DT 220Kv,APRD2,S,AT Geografico,SANMIGUEL                                                                                                                                     ,"{""type"":""Point"",""coordinates"":[-58.6940193120513,-34.5928183529298]}",0101000020E6100000C206F49FD5584DC0A826C778E14B41C0
18082487,Piquete Retencion DT 220Kv,APRD2,S,AT Geografico,HURLINGHAM                                                                                                                                    ,"{""type"":""Point"",""coordinates"":[-58.6830533762588,-34.5946657008684]}",0101000020E6100000203A044B6E574DC033A474011E4C41C0
18082494,Piquete Retencion DT 220Kv,APRD2,S,AT Geografico,PILAR                                                                                                                                         ,"{""type"":""Point"",""coordinates"":[-58.9201526881482,-34.5208063411003]}",0101000020E610000025763390C7754DC0A1493DC8A94241C0
18082499,Piquete Retencion DT 220Kv,APRD2,S,AT Geografico,PILAR                                                                                                                                         ,"{""type"":""Point"",""coordinates"":[-58.9054940571688,-34.5087771880255]}",0101000020E61000009821B13AE7734DC0A2C2639C1F4141C0
18082507,Piquete Retencion DT 220Kv,APRD2,S,AT Geografico,PILAR                                                                                                                                         ,"{""type"":""Point"",""coordinates"":[-58.8954053246135,-34.4836483085749]}",0101000020E610000091F044A49C724DC0260C1230E83D41C0
18082511,Piquete Retencion DT 220Kv,APRD2,S,AT Geografico,PILAR                                                                                                                                         ,"{""type"":""Point"",""coordinates"":[-58.8852063275718,-34.4761786149948]}",0101000020E61000000891E1704E714DC0823ABD6BF33C41C0
18082516,Piquete Retencion DT 220Kv,APRD2,S,AT Geografico,PILAR                                                                                                                                         ,"{""type"":""Point"",""coordinates"":[-58.8791600550876,-34.4615976728176]}",0101000020E61000008546125188704DC0A154EEA1153B41C0
18082519,Piquete Retencion DT 220Kv,APRD2,S,AT Geografico,PILAR                                                                                                                                         ,"{""type"":""Point"",""coordinates"":[-58.885435454982,-34.45334460681]}",0101000020E6100000ECEEF0F255714DC092083232073A41C0
18082521,Piquete Retencion DT 220Kv,APRD2,S,AT Geografico,PILAR                                                                                                                                         ,"{""type"":""Point"",""coordinates"":[-58.8847572015502,-34.4496716120211]}",0101000020E610000086C756B93F714DC003C9E1D68E3941C0
18082523,Piquete Retencion DT 220Kv,APRD2,S,AT Geografico,PILAR                                                                                                                                         ,"{""type"":""Point"",""coordinates"":[-58.8766189489887,-34.4470482283542]}",0101000020E6100000E67ABA0C35704DC00A4258E0383941C0
18082525,Piquete Retencion DT 220Kv,APRD2,S,AT Geografico,PILAR                                                                                                                                         ,"{""type"":""Point"",""coordinates"":[-58.8711331893593,-34.4443511822454]}",0101000020E61000001461D74A816F4DC06BD7E17FE03841C0
18082526,Piquete Retencion DT 220Kv,APRD2,S,AT Geografico,PILAR                                                                                                                                         ,"{""type"":""Point"",""coordinates"":[-58.868850664493,-34.441401130205]}",0101000020E6100000768DA27F366F4DC0E8520DD57F3841C0
18082537,Piquete Retencion DT 220Kv,APRD2,S,AT Geografico,PILAR                                                                                                                                         ,"{""type"":""Point"",""coordinates"":[-58.8470357004835,-34.4304471488454]}",0101000020E6100000800F74AA6B6C4DC04B7965E4183741C0
18082542,Piquete Retencion DT 220Kv,APRD2,S,AT Geografico,PILAR                                                                                                                                         ,"{""type"":""Point"",""coordinates"":[-58.8371209110235,-34.416851382902]}",0101000020E610000064D22BC7266B4DC09E6DD8625B3541C0
18082549,Piquete Retencion DT 220Kv,APRD2,S,AT Geografico,PILAR                                                                                                                                         ,"{""type"":""Point"",""coordinates"":[-58.8383004582042,-34.3951125666817]}",0101000020E6100000B91AEE6D4D6B4DC07C11700C933241C0
18082660,Piquete Retencion DT 220Kv,APRD2,S,AT Geografico,SANMIGUEL                                                                                                                                     ,"{""type"":""Point"",""coordinates"":[-58.6607964341275,-34.5669389012873]}",0101000020E610000011F240FA94544DC0F5ED3374914841C0
18082662,Piquete Retencion DT 220Kv,APRD2,S,AT Geografico,SANMIGUEL                                                                                                                                     ,"{""type"":""Point"",""coordinates"":[-58.6452991662864,-34.5604910347193]}",0101000020E610000003ABBF2999524DC00FE9932BBE4741C0
18082663,Piquete Retencion DT 220Kv,APRD2,S,AT Geografico,SANMIGUEL                                                                                                                                     ,"{""type"":""Point"",""coordinates"":[-58.6370383111921,-34.5529541099958]}",0101000020E6100000436FAC788A514DC0704F4533C74641C0
18082664,Piquete Retencion DT 220Kv,APRD2,S,AT Geografico,GRALSANMARTIN                                                                                                                                 ,"{""type"":""Point"",""coordinates"":[-58.6151509240509,-34.5482943604506]}",0101000020E61000008F73F643BD4E4DC0B65B75822E4641C0
18082665,Piquete Retencion DT 220Kv,APRD2,S,AT Geografico,GRALSANMARTIN                                                                                                                                 ,"{""type"":""Point"",""coordinates"":[-58.5913101211298,-34.553756116074]}",0101000020E6100000F305D00CB04B4DC0B53FFC7AE14641C0
18082818,Piquete Retencion DT 220Kv,APRD2,S,AT Geografico,ESCOBAR                                                                                                                                       ,"{""type"":""Point"",""coordinates"":[-58.7243832630599,-34.3703033719911]}",0101000020E6100000544E3C97B85C4DC07426D419662F41C0
18082827,Piquete Retencion DT 220Kv,APRD2,S,AT Geografico,TIGRE                                                                                                                                         ,"{""type"":""Point"",""coordinates"":[-58.6953594125563,-34.3857555854169]}",0101000020E610000097F2878901594DC0B2CE6370603141C0
18082840,Piquete Retencion DT 220Kv,APRD2,S,AT Geografico,TIGRE                                                                                                                                         ,"{""type"":""Point"",""coordinates"":[-58.6547906082579,-34.4019086696971]}",0101000020E61000000919BC2DD0534DC0F92948BE713341C0
18082841,Piquete Retencion DT 220Kv,APRD2,S,AT Geografico,TIGRE                                                                                                                                         ,"{""type"":""Point"",""coordinates"":[-58.6691872160585,-34.3959001485403]}",0101000020E6100000B2EF3BEDA7554DC0223B27DBAC3241C0
18082853,Piquete Retencion DT 220Kv,APRD2,S,AT Geografico,TIGRE                                                                                                                                         ,"{""type"":""Point"",""coordinates"":[-58.6781836194451,-34.4069749774271]}",0101000020E61000008F1989B8CE564DC0822B8DC1173441C0
18082875,Piquete Retencion DT 220Kv,APRD2,S,AT Geografico,TIGRE                                                                                                                                         ,"{""type"":""Point"",""coordinates"":[-58.6589496287152,-34.4310861877848]}",0101000020E61000008A85207658544DC087250BD52D3741C0
18718029,Piquete Retencion DT 220Kv,APRD2,S,AT Geografico,PILAR                                                                                                                                         ,"{""type"":""Point"",""coordinates"":[-58.8340434819572,-34.3948749663719]}",0101000020E61000006339D3EFC16A4DC0C3494D438B3241C0
18763813,Piquete Retencion DT 220Kv,APRD2,S,AT Geografico,ESCOBAR                                                                                                                                       ,"{""type"":""Point"",""coordinates"":[-58.7634383246487,-34.3743281001871]}",0101000020E61000008670D658B8614DC08623B2FBE92F41C0
18765045,Piquete Retencion DT 220Kv,APRD2,S,AT Geografico,ESCOBAR                                                                                                                                       ,"{""type"":""Point"",""coordinates"":[-58.7519557366658,-34.3651738806244]}",0101000020E61000007B82E81540604DC051518904BE2E41C0
18778583,Piquete Retencion DT 220Kv,APRD2,S,AT Geografico,TIGRE                                                                                                                                         ,"{""type"":""Point"",""coordinates"":[-58.6547225558547,-34.4440701862085]}",0101000020E6100000BAACDEF2CD534DC07172B74AD73841C0
27556033,Piquete Retencion DT 220Kv,APRD2,S,AT Geografico,GRALRODRIGUEZ                                                                                                                                 ,"{""type"":""Point"",""coordinates"":[-58.9280296799049,-34.5283610094768]}",0101000020E6100000507432ADC9764DC09C176455A14341C0
27560602,Piquete Retencion DT 220Kv,APRD2,S,AT Geografico,PILAR                                                                                                                                         ,"{""type"":""Point"",""coordinates"":[-58.8760615479079,-34.5542638328297]}",0101000020E610000018C6E8C822704DC0FFAD051EF24641C0
27560610,Piquete Retencion DT 220Kv,APRD2,S,AT Geografico,MORENO                                                                                                                                        ,"{""type"":""Point"",""coordinates"":[-58.8498431484673,-34.5664542420423]}",0101000020E6100000CCB208A9C76C4DC04C209692814841C0
27560611,Piquete Retencion DT 220Kv,APRD2,S,AT Geografico,MORENO                                                                                                                                        ,"{""type"":""Point"",""coordinates"":[-58.8479573452494,-34.5673497857717]}",0101000020E6100000DE1FC5DD896C4DC015A4F3EA9E4841C0
27560619,Piquete Retencion DT 220Kv,APRD2,S,AT Geografico,MORENO                                                                                                                                        ,"{""type"":""Point"",""coordinates"":[-58.8224334472113,-34.5792372228209]}",0101000020E61000006074CB7F45694DC020520072244A41C0
27568522,Piquete Retencion DT 220Kv,APRD2,S,AT Geografico,HURLINGHAM                                                                                                                                    ,"{""type"":""Point"",""coordinates"":[-58.6747231497424,-34.5963459352915]}",0101000020E6100000B0FF02545D564DC000974810554C41C0
27571708,Piquete Retencion DT 220Kv,APRD2,S,AT Geografico,MORENO                                                                                                                                        ,"{""type"":""Point"",""coordinates"":[-58.7509468349895,-34.5936617785244]}",0101000020E610000040A8A0061F604DC0DDD2F11BFD4B41C0
27596316,Piquete Retencion DT 220Kv,APRD2,S,AT Geografico,MARCOSPAZ                                                                                                                                     ,"{""type"":""Point"",""coordinates"":[-58.7192493240719,-34.9131258718656]}",0101000020E61000008B47A25C105C4DC0AB65FE4EE17441C0
27596317,Piquete Retencion DT 220Kv,APRD2,S,AT Geografico,MARCOSPAZ                                                                                                                                     ,"{""type"":""Point"",""coordinates"":[-58.7201392049752,-34.9107162205994]}",0101000020E6100000D2F77E852D5C4DC0A4B45F59927441C0
27596323,Piquete Retencion DT 220Kv,APRD2,S,AT Geografico,MARCOSPAZ                                                                                                                                     ,"{""type"":""Point"",""coordinates"":[-58.720448846733,-34.8918443725102]}",0101000020E61000006294F5AA375C4DC0CB86D6F4277241C0
27596341,Piquete Retencion DT 220Kv,APRD2,S,AT Geografico,LAMATANZA                                                                                                                                     ,"{""type"":""Point"",""coordinates"":[-58.7038902188385,-34.8381590877957]}",0101000020E610000057F11E13195A4DC0C17607CC486B41C0
27605444,Piquete Retencion DT 220Kv,APRD2,S,AT Geografico,LAMATANZA                                                                                                                                     ,"{""type"":""Point"",""coordinates"":[-58.7042319411365,-34.8163487335005]}",0101000020E610000071FDB145245A4DC0FB41841D7E6841C0
27605467,Piquete Retencion DT 220Kv,APRD2,S,AT Geografico,LAMATANZA                                                                                                                                     ,"{""type"":""Point"",""coordinates"":[-58.7334813370199,-34.7904373654797]}",0101000020E6100000065D69B7E25D4DC0CC22350D2D6541C0
27638027,Piquete Retencion DT 220Kv,APRD2,S,AT Geografico,MERLO                                                                                                                                         ,"{""type"":""Point"",""coordinates"":[-58.7701115864977,-34.7617323455885]}",0101000020E61000009B23370493624DC0D44D0C72806141C0
27638028,Piquete Retencion DT 220Kv,APRD2,S,AT Geografico,MERLO                                                                                                                                         ,"{""type"":""Point"",""coordinates"":[-58.7701146609832,-34.7615250675629]}",0101000020E6100000EB8B011E93624DC0242246A7796141C0
27638044,Piquete Retencion DT 220Kv,APRD2,S,AT Geografico,MERLO                                                                                                                                         ,"{""type"":""Point"",""coordinates"":[-58.7504666544669,-34.7448289813296]}",0101000020E610000047D6944A0F604DC03DF6598E565F41C0
27638046,Piquete Retencion DT 220Kv,APRD2,S,AT Geografico,MERLO                                                                                                                                         ,"{""type"":""Point"",""coordinates"":[-58.7483708971007,-34.7431106621547]}",0101000020E6100000B229189ECA5F4DC0B0A10B401E5F41C0
27638047,Piquete Retencion DT 220Kv,APRD2,S,AT Geografico,MERLO                                                                                                                                         ,"{""type"":""Point"",""coordinates"":[-58.7470241759017,-34.7421749997291]}",0101000020E6100000DD68FA7C9E5F4DC063DF2397FF5E41C0
27638061,Piquete Retencion DT 220Kv,APRD2,S,AT Geografico,MERLO                                                                                                                                         ,"{""type"":""Point"",""coordinates"":[-58.7426075425198,-34.7247528370934]}",0101000020E6100000517192C30D5F4DC0ED7F72B3C45C41C0
27674237,Piquete Retencion DT 220Kv,APRD2,S,AT Geografico,MARCOSPAZ                                                                                                                                     ,"{""type"":""Point"",""coordinates"":[-58.7199050456939,-34.9107119568931]}",0101000020E61000008BBD39D9255C4DC046779B35927441C0
27674250,Piquete Retencion DT 220Kv,APRD2,S,AT Geografico,LAMATANZA                                                                                                                                     ,"{""type"":""Point"",""coordinates"":[-58.7123563144265,-34.866297317857]}",0101000020E6100000C8C7E07D2E5B4DC075679CD4E26E41C0
27674528,Piquete Retencion DT 220Kv,APRD2,S,AT Geografico,LAMATANZA                                                                                                                                     ,"{""type"":""Point"",""coordinates"":[-58.7035600768943,-34.8377696797334]}",0101000020E61000002584B0410E5A4DC0840470093C6B41C0
27674538,Piquete Retencion DT 220Kv,APRD2,S,AT Geografico,LAMATANZA                                                                                                                                     ,"{""type"":""Point"",""coordinates"":[-58.7041425681333,-34.8005871071944]}",0101000020E610000055EDFA57215A4DC0E37F69A3796641C0
27675124,Piquete Retencion DT 220Kv,APRD2,S,AT Geografico,LAMATANZA                                                                                                                                     ,"{""type"":""Point"",""coordinates"":[-58.7044735406184,-34.779976155934]}",0101000020E610000039ED60302C5A4DC0BAB23842D66341C0
27675133,Piquete Retencion DT 220Kv,APRD2,S,AT Geografico,MERLO                                                                                                                                         ,"{""type"":""Point"",""coordinates"":[-58.6766171187924,-34.7563817799107]}",0101000020E61000004090C6639B564DC0D800401ED16041C0
27677042,Piquete Retencion DT 220Kv,APRD2,S,AT Geografico,MERLO                                                                                                                                         ,"{""type"":""Point"",""coordinates"":[-58.6689594274229,-34.7501627493846]}",0101000020E6100000EE906776A0554DC05FA43D55056041C0
27677054,Piquete Retencion DT 220Kv,APRD2,S,AT Geografico,LAMATANZA                                                                                                                                     ,"{""type"":""Point"",""coordinates"":[-58.6342035543843,-34.7230815181894]}",0101000020E6100000368B02952D514DC09C7B68EF8D5C41C0
27677059,Piquete Retencion DT 220Kv,APRD2,S,AT Geografico,LAMATANZA                                                                                                                                     ,"{""type"":""Point"",""coordinates"":[-58.6200106734326,-34.7114510770441]}",0101000020E61000002CC87E825C4F4DC0E34D32D4105B41C0
27700697,Piquete Retencion DT 220Kv,APRD2,S,AT Geografico,GRALRODRIGUEZ                                                                                                                                 ,"{""type"":""Point"",""coordinates"":[-58.9277810655118,-34.5289983656384]}",0101000020E61000004E1CAB87C1764DC0F906EC37B64341C0
27700706,Piquete Retencion DT 220Kv,APRD2,S,AT Geografico,PILAR                                                                                                                                         ,"{""type"":""Point"",""coordinates"":[-58.8974710665819,-34.5453330486298]}",0101000020E6100000AF09F854E0724DC085A52C79CD4541C0
27700716,Piquete Retencion DT 220Kv,APRD2,S,AT Geografico,PILAR                                                                                                                                         ,"{""type"":""Point"",""coordinates"":[-58.8621031455561,-34.5609596955558]}",0101000020E61000009BF85765596E4DC0A964FD86CD4741C0
27700723,Piquete Retencion DT 220Kv,APRD2,S,AT Geografico,MORENO                                                                                                                                        ,"{""type"":""Point"",""coordinates"":[-58.8448513873779,-34.5794586554449]}",0101000020E61000005B621B17246C4DC08D4283B32B4A41C0
27700735,Piquete Retencion DT 220Kv,APRD2,S,AT Geografico,MORENO                                                                                                                                        ,"{""type"":""Point"",""coordinates"":[-58.8005105157537,-34.5905265205314]}",0101000020E610000012A2EA2077664DC0338D7E5F964B41C0
27700740,Piquete Retencion DT 220Kv,APRD2,S,AT Geografico,MORENO                                                                                                                                        ,"{""type"":""Point"",""coordinates"":[-58.7802432885268,-34.59200267211]}",0101000020E6100000AD921703DF634DC0B3ED59BEC64B41C0
27700743,Piquete Retencion DT 220Kv,APRD2,S,AT Geografico,MORENO                                                                                                                                        ,"{""type"":""Point"",""coordinates"":[-58.7727206631253,-34.5958143922781]}",0101000020E61000008988BC82E8624DC008A960A5434C41C0
27700745,Piquete Retencion DT 220Kv,APRD2,S,AT Geografico,MORENO                                                                                                                                        ,"{""type"":""Point"",""coordinates"":[-58.7655081915221,-34.5933795456929]}",0101000020E610000025B4232CFC614DC0EA6E67DCF34B41C0
27700748,Piquete Retencion DT 220Kv,APRD2,S,AT Geografico,MORENO                                                                                                                                        ,"{""type"":""Point"",""coordinates"":[-58.7566293472766,-34.5945874626149]}",0101000020E610000092DFFE3AD9604DC07B4525711B4C41C0
27700749,Piquete Retencion DT 220Kv,APRD2,S,AT Geografico,MORENO                                                                                                                                        ,"{""type"":""Point"",""coordinates"":[-58.7545600143816,-34.5940324660838]}",0101000020E6100000AC512C6C95604DC0C94B7F41094C41C0
27700750,Piquete Retencion DT 220Kv,APRD2,S,AT Geografico,MORENO                                                                                                                                        ,"{""type"":""Point"",""coordinates"":[-58.7510063438654,-34.5939824411936]}",0101000020E6100000CDFED2F920604DC090A9DB9D074C41C0
27700776,Piquete Retencion DT 220Kv,APRD2,S,AT Geografico,GRALRODRIGUEZ                                                                                                                                 ,"{""type"":""Point"",""coordinates"":[-58.9258406766353,-34.5327269080274]}",0101000020E610000045BA81F281764DC0A1D63365304441C0
27703137,Piquete Retencion DT 220Kv,APRD2,S,AT Geografico,MORENO                                                                                                                                        ,"{""type"":""Point"",""coordinates"":[-58.7384506768734,-34.5898824394828]}",0101000020E6100000B070418D855E4DC01A088D44814B41C0
27703142,Piquete Retencion DT 220Kv,APRD2,S,AT Geografico,SANMIGUEL                                                                                                                                     ,"{""type"":""Point"",""coordinates"":[-58.7214137210461,-34.5914752419233]}",0101000020E6100000B263E948575C4DC02A3AF275B54B41C0
27703149,Piquete Retencion DT 220Kv,APRD2,S,AT Geografico,SANMIGUEL                                                                                                                                     ,"{""type"":""Point"",""coordinates"":[-58.6941104911239,-34.5932048802374]}",0101000020E6100000FF97D19CD8584DC044393423EE4B41C0
27703153,Piquete Retencion DT 220Kv,APRD2,S,AT Geografico,HURLINGHAM                                                                                                                                    ,"{""type"":""Point"",""coordinates"":[-58.6834456357089,-34.5977867702246]}",0101000020E610000060FB86257B574DC04B0CE246844C41C0
27703156,Piquete Retencion DT 220Kv,APRD2,S,AT Geografico,HURLINGHAM                                                                                                                                    ,"{""type"":""Point"",""coordinates"":[-58.6730839505989,-34.5962944742595]}",0101000020E61000006FA4699D27564DC079DD9860534C41C0
27779986,Piquete Retencion DT 220Kv,APRD2,S,AT Geografico,GRALRODRIGUEZ                                                                                                                                 ,"{""type"":""Point"",""coordinates"":[-58.926966105122,-34.5282881113992]}",0101000020E6100000EFFF48D3A6764DC0A1A9E0F19E4341C0
27798279,Piquete Retencion DT 220Kv,APRD2,S,AT Geografico,SANMIGUEL                                                                                                                                     ,"{""type"":""Point"",""coordinates"":[-58.6523642577939,-34.5644543366026]}",0101000020E6100000E72608AC80534DC08FE5290A404841C0
27922860,Piquete Retencion DT 220Kv,APRD2,S,AT Geografico,TIGRE                                                                                                                                         ,"{""type"":""Point"",""coordinates"":[-58.6784712603165,-34.4099531462137]}",0101000020E6100000EB2A7125D8564DC0AEF03D58793441C0
27922861,Piquete Retencion DT 220Kv,APRD2,S,AT Geografico,TIGRE                                                                                                                                         ,"{""type"":""Point"",""coordinates"":[-58.676462799307,-34.4111609521916]}",0101000020E6100000F9FD3F5596564DC008870DECA03441C0
27922862,Piquete Retencion DT 220Kv,APRD2,S,AT Geografico,TIGRE                                                                                                                                         ,"{""type"":""Point"",""coordinates"":[-58.6796103302577,-34.4128714494464]}",0101000020E6100000843DA778FD564DC08A69BEF8D83441C0
27947684,Piquete Retencion DT 220Kv,APRD2,S,AT Geografico,PILAR                                                                                                                                         ,"{""type"":""Point"",""coordinates"":[-58.8360666176907,-34.3924293523954]}",0101000020E610000020211E3B046B4DC0A84301203B3241C0
27949771,Piquete Retencion DT 220Kv,APRD2,S,AT Geografico,ESCOBAR                                                                                                                                       ,"{""type"":""Point"",""coordinates"":[-58.7448617236031,-34.3623097931634]}",0101000020E6100000727503A1575F4DC02054D42A602E41C0
28838742,Piquete Retencion DT 220Kv,APRD2,S,AT Geografico,PILAR                                                                                                                                         ,"{""type"":""Point"",""coordinates"":[-58.9022835288922,-34.5424006864125]}",0101000020E6100000DD27D4067E734DC01ABCBC626D4541C0
28922167,Piquete Retencion DT 220Kv,APRD2,S,AT Geografico,SANMIGUEL                                                                                                                                     ,"{""type"":""Point"",""coordinates"":[-58.7172044647143,-34.5912432179501]}",0101000020E61000001B3F1C5BCD5B4DC0EA8996DBAD4B41C0
29052001,Piquete Retencion DT 220Kv,APRD2,S,AT Geografico,HURLINGHAM                                                                                                                                    ,"{""type"":""Point"",""coordinates"":[-58.6726764870976,-34.5952090556848]}",0101000020E6100000A56F5C431A564DC07C3972CF2F4C41C0
29052004,Piquete Retencion DT 220Kv,APRD2,S,AT Geografico,HURLINGHAM                                                                                                                                    ,"{""type"":""Point"",""coordinates"":[-58.6733695620725,-34.5954513770765]}",0101000020E6100000919C4BF930564DC067732FC0374C41C0
29052478,Piquete Retencion DT 220Kv,APRD2,S,AT Geografico,HURLINGHAM                                                                                                                                    ,"{""type"":""Point"",""coordinates"":[-58.6831555240273,-34.5877438961964]}",0101000020E6100000B0E3E4A371574DC0214B26313B4B41C0
29135457,Piquete Retencion DT 220Kv,APRD2,S,AT Geografico,ESCOBAR                                                                                                                                       ,"{""type"":""Point"",""coordinates"":[-58.8067961879143,-34.395845275251]}",0101000020E610000096D0F41845674DC055BDD70EAB3241C0
29690074,Piquete Retencion DT 220Kv,APRD2,S,AT Geografico,TIGRE                                                                                                                                         ,"{""type"":""Point"",""coordinates"":[-58.6194666185893,-34.4119185433142]}",0101000020E6100000FFE6A1AE4A4F4DC03E1330BFB93441C0
29690081,Piquete Retencion DT 220Kv,APRD2,S,AT Geografico,TIGRE                                                                                                                                         ,"{""type"":""Point"",""coordinates"":[-58.6010692827447,-34.4291092850206]}",0101000020E6100000660298D6EF4C4DC061C9940DED3641C0
29690084,Piquete Retencion DT 220Kv,APRD2,S,AT Geografico,TIGRE                                                                                                                                         ,"{""type"":""Point"",""coordinates"":[-58.5924345919565,-34.4301751320955]}",0101000020E610000072BC8EE5D44B4DC08FF38DFA0F3741C0
29690085,Piquete Retencion DT 220Kv,APRD2,S,AT Geografico,TIGRE                                                                                                                                         ,"{""type"":""Point"",""coordinates"":[-58.5917073118735,-34.4311109735428]}",0101000020E610000086A6B010BD4B4DC01728F6A42E3741C0
29690087,Piquete Retencion DT 220Kv,APRD2,S,AT Geografico,TIGRE                                                                                                                                         ,"{""type"":""Point"",""coordinates"":[-58.5873045641826,-34.436553868243]}",0101000020E61000005BFAC3CB2C4B4DC0E18545FFE03741C0
29690088,Piquete Retencion DT 220Kv,APRD2,S,AT Geografico,TIGRE                                                                                                                                         ,"{""type"":""Point"",""coordinates"":[-58.5861822858335,-34.4379411416444]}",0101000020E61000001A936905084B4DC0BB7790740E3841C0
29690089,Piquete Retencion DT 220Kv,APRD2,S,AT Geografico,TIGRE                                                                                                                                         ,"{""type"":""Point"",""coordinates"":[-58.5846474033566,-34.4383128079829]}",0101000020E6100000CF8DE2B9D54A4DC02EDA53A21A3841C0
42058671,Piquete Retencion DT 220Kv,APRD2,S,AT Geografico,MERLO                                                                                                                                         ,"{""type"":""Point"",""coordinates"":[-58.6651730747298,-34.749544545348]}",0101000020E610000076122D6424554DC01A955E13F15F41C0
19931299,Desvio en T Doble Terna,ADTDT,S,AT Geografico,TIGRE                                                                                                                                            ,"{""type"":""Point"",""coordinates"":[-58.5842397109486,-34.4383001974068]}",0101000020E61000003FC6E95DC84A4DC0A0D88A381A3841C0
27906922,Desvio en T Doble Terna,ADTDT,S,AT Geografico,TIGRE                                                                                                                                            ,"{""type"":""Point"",""coordinates"":[-58.7020768977936,-34.4444321022391]}",0101000020E610000080A6E1A7DD594DC06334B026E33841C0
27906929,Desvio en T Doble Terna,ADTDT,S,AT Geografico,TIGRE                                                                                                                                            ,"{""type"":""Point"",""coordinates"":[-58.7127978407867,-34.4326695984581]}",0101000020E61000004C6BABF53C5B4DC0E7ACA7B7613741C0
29135464,Desvio en T Doble Terna,ADTDT,S,AT Geografico,TIGRE                                                                                                                                            ,"{""type"":""Point"",""coordinates"":[-58.6692193578103,-34.3956675561271]}",0101000020E61000009CD2DBFAA8554DC0B6D3063CA53241C0
29580472,Desvio en T Doble Terna,ADTDT,S,AT Geografico,SANISIDRO                                                                                                                                        ,"{""type"":""Point"",""coordinates"":[-58.5636600268237,-34.4915484161261]}",0101000020E610000097A2020326484DC0BFD4F90EEB3E41C0
29692415,Desvio en T Doble Terna,ADTDT,S,AT Geografico,TIGRE                                                                                                                                            ,"{""type"":""Point"",""coordinates"":[-58.6588562654458,-34.4764067896847]}",0101000020E6100000606DF06655544DC0DBA4CEE5FA3C41C0
18082882,Piquete Suspencion DT 132Kv,APSD1,S,AT Geografico,MORENO                                                                                                                                       ,"{""type"":""Point"",""coordinates"":[-58.7710909375566,-34.6360873999341]}",0101000020E610000010869B1BB3624DC0A60EDA4F6B5141C0
18082884,Piquete Suspencion DT 132Kv,APSD1,S,AT Geografico,MORENO                                                                                                                                       ,"{""type"":""Point"",""coordinates"":[-58.7749576244866,-34.6363314652313]}",0101000020E6100000557ABACF31634DC0C24A384F735141C0
18082886,Piquete Suspencion DT 132Kv,APSD1,S,AT Geografico,MORENO                                                                                                                                       ,"{""type"":""Point"",""coordinates"":[-58.7783907226511,-34.6362943694746]}",0101000020E6100000F1A5A44EA2634DC0D6C20918725141C0
18082887,Piquete Suspencion DT 132Kv,APSD1,S,AT Geografico,MORENO                                                                                                                                       ,"{""type"":""Point"",""coordinates"":[-58.7801642639848,-34.6362751678821]}",0101000020E61000004FA92F6CDC634DC0BEA7F676715141C0
18082894,Piquete Suspencion DT 132Kv,APSD1,S,AT Geografico,MORENO                                                                                                                                       ,"{""type"":""Point"",""coordinates"":[-58.7940569518462,-34.6337884736217]}",0101000020E6100000A8AB7FA8A3654DC0BC640FFB1F5141C0
18082895,Piquete Suspencion DT 132Kv,APSD1,S,AT Geografico,MORENO                                                                                                                                       ,"{""type"":""Point"",""coordinates"":[-58.7957230073124,-34.6328836045638]}",0101000020E6100000698A6240DA654DC055E37754025141C0
18082896,Piquete Suspencion DT 132Kv,APSD1,S,AT Geografico,MORENO                                                                                                                                       ,"{""type"":""Point"",""coordinates"":[-58.7973998631202,-34.6319728260962]}",0101000020E6100000D9F7DE3211664DC097054E7CE45041C0
18082900,Piquete Suspencion DT 132Kv,APSD1,S,AT Geografico,MORENO                                                                                                                                       ,"{""type"":""Point"",""coordinates"":[-58.8042383414984,-34.6292228529404]}",0101000020E610000062762F48F1664DC02CA3DB5F8A5041C0
18082901,Piquete Suspencion DT 132Kv,APSD1,S,AT Geografico,MORENO                                                                                                                                       ,"{""type"":""Point"",""coordinates"":[-58.8060684087869,-34.6287328145222]}",0101000020E61000000E0AE73F2D674DC0C2251E517A5041C0
18082902,Piquete Suspencion DT 132Kv,APSD1,S,AT Geografico,MORENO                                                                                                                                       ,"{""type"":""Point"",""coordinates"":[-58.8078936093294,-34.6282440458903]}",0101000020E6100000C75BCB0E69674DC0BA80074D6A5041C0
18082903,Piquete Suspencion DT 132Kv,APSD1,S,AT Geografico,MORENO                                                                                                                                       ,"{""type"":""Point"",""coordinates"":[-58.8097203741784,-34.6277548249806]}",0101000020E61000002900CFEAA4674DC0509925455A5041C0
18082904,Piquete Suspencion DT 132Kv,APSD1,S,AT Geografico,MORENO                                                                                                                                       ,"{""type"":""Point"",""coordinates"":[-58.8115644761891,-34.6272609271801]}",0101000020E6100000E7E94158E1674DC00B2608164A5041C0
18082906,Piquete Suspencion DT 132Kv,APSD1,S,AT Geografico,MORENO                                                                                                                                       ,"{""type"":""Point"",""coordinates"":[-58.8138908172197,-34.6278509340825]}",0101000020E6100000983C05932D684DC0D7525E6B5D5041C0
18082909,Piquete Suspencion DT 132Kv,APSD1,S,AT Geografico,MORENO                                                                                                                                       ,"{""type"":""Point"",""coordinates"":[-58.8173553181221,-34.6327257469846]}",0101000020E6100000E8455C199F684DC066514328FD5041C0
18082910,Piquete Suspencion DT 132Kv,APSD1,S,AT Geografico,MORENO                                                                                                                                       ,"{""type"":""Point"",""coordinates"":[-58.8185596800462,-34.6334891871806]}",0101000020E6100000B6CF4790C6684DC0BAA7762C165141C0
18082911,Piquete Suspencion DT 132Kv,APSD1,S,AT Geografico,MORENO                                                                                                                                       ,"{""type"":""Point"",""coordinates"":[-58.8195107989197,-34.6340933666223]}",0101000020E6100000140AD8BAE5684DC06720B0F8295141C0
18082912,Piquete Suspencion DT 132Kv,APSD1,S,AT Geografico,MORENO                                                                                                                                       ,"{""type"":""Point"",""coordinates"":[-58.8205477112308,-34.6347509059728]}",0101000020E6100000A54518B507694DC03F2187843F5141C0
18082923,Piquete Suspencion DT 132Kv,APSD1,S,AT Geografico,HURLINGHAM                                                                                                                                   ,"{""type"":""Point"",""coordinates"":[-58.6789700408687,-34.6091991371862]}",0101000020E61000005D3F847DE8564DC0A47BC13CFA4D41C0
18082925,Piquete Suspencion DT 132Kv,APSD1,S,AT Geografico,HURLINGHAM                                                                                                                                   ,"{""type"":""Point"",""coordinates"":[-58.679245629628,-34.6070507369366]}",0101000020E6100000089A5285F1564DC0E313ABD6B34D41C0
18082926,Piquete Suspencion DT 132Kv,APSD1,S,AT Geografico,HURLINGHAM                                                                                                                                   ,"{""type"":""Point"",""coordinates"":[-58.6783891079276,-34.6058915800291]}",0101000020E61000007C414C74D5564DC0C492F4DA8D4D41C0
18082928,Piquete Suspencion DT 132Kv,APSD1,S,AT Geografico,HURLINGHAM                                                                                                                                   ,"{""type"":""Point"",""coordinates"":[-58.6766335328569,-34.6035232274611]}",0101000020E6100000A27F77ED9B564DC03729C63F404D41C0
18082931,Piquete Suspencion DT 132Kv,APSD1,S,AT Geografico,HURLINGHAM                                                                                                                                   ,"{""type"":""Point"",""coordinates"":[-58.6740615126401,-34.6000693967143]}",0101000020E61000000424CCA547564DC0F61BF112CF4C41C0
18083021,Piquete Suspencion DT 132Kv,APSD1,S,AT Geografico,SANFERNANDO                                                                                                                                  ,"{""type"":""Point"",""coordinates"":[-58.554709076992,-34.4588115245344]}",0101000020E6100000CC3C00B500474DC099730656BA3A41C0
18083022,Piquete Suspencion DT 132Kv,APSD1,S,AT Geografico,SANFERNANDO                                                                                                                                  ,"{""type"":""Point"",""coordinates"":[-58.5558989540984,-34.4583322387876]}",0101000020E6100000DDDD69B227474DC0C4257CA1AA3A41C0
18083023,Piquete Suspencion DT 132Kv,APSD1,S,AT Geografico,SANFERNANDO                                                                                                                                  ,"{""type"":""Point"",""coordinates"":[-58.5568222949452,-34.4579603026405]}",0101000020E6100000973CF5F345474DC0825A75719E3A41C0
18083031,Piquete Suspencion DT 132Kv,APSD1,S,AT Geografico,SANFERNANDO                                                                                                                                  ,"{""type"":""Point"",""coordinates"":[-58.5653336393195,-34.4553896484109]}",0101000020E61000005E1A4ADA5C484DC04E6E3F354A3A41C0
18083039,Piquete Suspencion DT 132Kv,APSD1,S,AT Geografico,SANFERNANDO                                                                                                                                  ,"{""type"":""Point"",""coordinates"":[-58.5707581594687,-34.4495018116549]}",0101000020E6100000F46B769A0E494DC072467E46893941C0
18083040,Piquete Suspencion DT 132Kv,APSD1,S,AT Geografico,SANFERNANDO                                                                                                                                  ,"{""type"":""Point"",""coordinates"":[-58.5714634444933,-34.4487118562362]}",0101000020E6100000A57AD2B625494DC05AEEDD636F3941C0
18083068,Piquete Suspencion DT 132Kv,APSD1,S,AT Geografico,PILAR                                                                                                                                        ,"{""type"":""Point"",""coordinates"":[-58.8334185048008,-34.3970891042508]}",0101000020E61000000F002375AD6A4DC0732DD6D0D33241C0
18083100,Piquete Suspencion DT 132Kv,APSD1,S,AT Geografico,PILAR                                                                                                                                        ,"{""type"":""Point"",""coordinates"":[-58.7972845198156,-34.4389471396535]}",0101000020E6100000821B4D6B0D664DC000BE7C6B2F3841C0
18083101,Piquete Suspencion DT 132Kv,APSD1,S,AT Geografico,PILAR                                                                                                                                        ,"{""type"":""Point"",""coordinates"":[-58.7953122587382,-34.4392497496139]}",0101000020E6100000B6B1C6CACC654DC011AFF655393841C0
18083102,Piquete Suspencion DT 132Kv,APSD1,S,AT Geografico,PILAR                                                                                                                                        ,"{""type"":""Point"",""coordinates"":[-58.7933332680725,-34.4395533605196]}",0101000020E61000009A99CCF18B654DC0AB23D648433841C0
18083103,Piquete Suspencion DT 132Kv,APSD1,S,AT Geografico,PILAR                                                                                                                                        ,"{""type"":""Point"",""coordinates"":[-58.7913986364143,-34.4398501431853]}",0101000020E6100000CCBFEE8C4C654DC09B0F6E024D3841C0
18083106,Piquete Suspencion DT 132Kv,APSD1,S,AT Geografico,PILAR                                                                                                                                        ,"{""type"":""Point"",""coordinates"":[-58.7856976631092,-34.4407244879358]}",0101000020E61000007ECCB3BD91644DC07E1DF7A8693841C0
18083107,Piquete Suspencion DT 132Kv,APSD1,S,AT Geografico,PILAR                                                                                                                                        ,"{""type"":""Point"",""coordinates"":[-58.7837987898393,-34.4410156297991]}",0101000020E61000008680CC8453644DC08E813D33733841C0
18083110,Piquete Suspencion DT 132Kv,APSD1,S,AT Geografico,PILAR                                                                                                                                        ,"{""type"":""Point"",""coordinates"":[-58.7817784421846,-34.462548830042]}",0101000020E610000050F3E45011644DC0B5EAD0CC343B41C0
18083112,Piquete Suspencion DT 132Kv,APSD1,S,AT Geografico,PILAR                                                                                                                                        ,"{""type"":""Point"",""coordinates"":[-58.8384074188088,-34.3968623363868]}",0101000020E6100000F7402EEF506B4DC0D4E59162CC3241C0
18083113,Piquete Suspencion DT 132Kv,APSD1,S,AT Geografico,PILAR                                                                                                                                        ,"{""type"":""Point"",""coordinates"":[-58.8382395676929,-34.3985647250942]}",0101000020E610000023BA246F4B6B4DC038CF3D2B043341C0
18083114,Piquete Suspencion DT 132Kv,APSD1,S,AT Geografico,PILAR                                                                                                                                        ,"{""type"":""Point"",""coordinates"":[-58.8381358893517,-34.4002182219645]}",0101000020E6100000492F6D09486B4DC0E34CC7593A3341C0
18083115,Piquete Suspencion DT 132Kv,APSD1,S,AT Geografico,PILAR                                                                                                                                        ,"{""type"":""Point"",""coordinates"":[-58.838058483915,-34.4019156105082]}",0101000020E610000069461A80456B4DC0377181F8713341C0
18083116,Piquete Suspencion DT 132Kv,APSD1,S,AT Geografico,PILAR                                                                                                                                        ,"{""type"":""Point"",""coordinates"":[-58.8379684608079,-34.4037410907133]}",0101000020E6100000E81FEF8C426B4DC01855BEC9AD3341C0
18083117,Piquete Suspencion DT 132Kv,APSD1,S,AT Geografico,PILAR                                                                                                                                        ,"{""type"":""Point"",""coordinates"":[-58.8378839112524,-34.405374090282]}",0101000020E61000003756AEC73F6B4DC01734564CE33341C0
18083118,Piquete Suspencion DT 132Kv,APSD1,S,AT Geografico,PILAR                                                                                                                                        ,"{""type"":""Point"",""coordinates"":[-58.8378055200066,-34.4070462356864]}",0101000020E6100000126B16363D6B4DC0D71D4F171A3441C0
18083119,Piquete Suspencion DT 132Kv,APSD1,S,AT Geografico,PILAR                                                                                                                                        ,"{""type"":""Point"",""coordinates"":[-58.837713860742,-34.4089030161662]}",0101000020E61000007BA531353A6B4DC0B6D51CEF563441C0
18083120,Piquete Suspencion DT 132Kv,APSD1,S,AT Geografico,PILAR                                                                                                                                        ,"{""type"":""Point"",""coordinates"":[-58.8376370322634,-34.4107446419008]}",0101000020E6100000B3BEB5B0376B4DC04AFCC947933441C0
18083121,Piquete Suspencion DT 132Kv,APSD1,S,AT Geografico,PILAR                                                                                                                                        ,"{""type"":""Point"",""coordinates"":[-58.8375496069058,-34.4124854698717]}",0101000020E6100000133855D3346B4DC04496E952CC3441C0
18083122,Piquete Suspencion DT 132Kv,APSD1,S,AT Geografico,PILAR                                                                                                                                        ,"{""type"":""Point"",""coordinates"":[-58.8374565516418,-34.4142963741928]}",0101000020E6100000A98FBAC6316B4DC03601E1A9073541C0
18083123,Piquete Suspencion DT 132Kv,APSD1,S,AT Geografico,PILAR                                                                                                                                        ,"{""type"":""Point"",""coordinates"":[-58.8374023586468,-34.4153509518191]}",0101000020E610000097FD1F00306B4DC0703651382A3541C0
18083124,Piquete Suspencion DT 132Kv,APSD1,S,AT Geografico,PILAR                                                                                                                                        ,"{""type"":""Point"",""coordinates"":[-58.8383309682027,-34.4179538608029]}",0101000020E6100000C7D3DD6D4E6B4DC054B119837F3541C0
18083125,Piquete Suspencion DT 132Kv,APSD1,S,AT Geografico,PILAR                                                                                                                                        ,"{""type"":""Point"",""coordinates"":[-58.8393980015877,-34.419431871451]}",0101000020E6100000D092CA64716B4DC022648DF1AF3541C0
18083126,Piquete Suspencion DT 132Kv,APSD1,S,AT Geografico,PILAR                                                                                                                                        ,"{""type"":""Point"",""coordinates"":[-58.8404444951616,-34.4208813726978]}",0101000020E610000042696AAF936B4DC0CB9DD970DF3541C0
18083128,Piquete Suspencion DT 132Kv,APSD1,S,AT Geografico,PILAR                                                                                                                                        ,"{""type"":""Point"",""coordinates"":[-58.8425563253197,-34.4238063627611]}",0101000020E61000009B24BBE2D86B4DC0A7F271493F3641C0
18083129,Piquete Suspencion DT 132Kv,APSD1,S,AT Geografico,PILAR                                                                                                                                        ,"{""type"":""Point"",""coordinates"":[-58.8436579149523,-34.4253319275113]}",0101000020E6100000A2DD88FBFC6B4DC0844DCF46713641C0
18083130,Piquete Suspencion DT 132Kv,APSD1,S,AT Geografico,PILAR                                                                                                                                        ,"{""type"":""Point"",""coordinates"":[-58.844660190899,-34.4267199580508]}",0101000020E610000077123CD31D6C4DC0783074C29E3641C0
18083131,Piquete Suspencion DT 132Kv,APSD1,S,AT Geografico,PILAR                                                                                                                                        ,"{""type"":""Point"",""coordinates"":[-58.8487195977568,-34.4309517970623]}",0101000020E610000081EB01D8A26C4DC07944B16D293741C0
18083134,Piquete Suspencion DT 132Kv,APSD1,S,AT Geografico,PILAR                                                                                                                                        ,"{""type"":""Point"",""coordinates"":[-58.854153150932,-34.4336547605818]}",0101000020E6100000A383F4E3546D4DC0113ACBFF813741C0
18083135,Piquete Suspencion DT 132Kv,APSD1,S,AT Geografico,PILAR                                                                                                                                        ,"{""type"":""Point"",""coordinates"":[-58.8559307083706,-34.434538608176]}",0101000020E6100000080C30238F6D4DC0917B0BF69E3741C0
18083136,Piquete Suspencion DT 132Kv,APSD1,S,AT Geografico,PILAR                                                                                                                                        ,"{""type"":""Point"",""coordinates"":[-58.8577510967632,-34.4354439558522]}",0101000020E6100000615AB6C9CA6D4DC022D0A6A0BC3741C0
18083137,Piquete Suspencion DT 132Kv,APSD1,S,AT Geografico,PILAR                                                                                                                                        ,"{""type"":""Point"",""coordinates"":[-58.8594957931818,-34.4363113986061]}",0101000020E6100000F66149F5036E4DC055F1490DD93741C0
18083138,Piquete Suspencion DT 132Kv,APSD1,S,AT Geografico,PILAR                                                                                                                                        ,"{""type"":""Point"",""coordinates"":[-58.8613050435502,-34.4372113341334]}",0101000020E6100000C9F6603E3F6E4DC093C57E8AF63741C0
18083139,Piquete Suspencion DT 132Kv,APSD1,S,AT Geografico,PILAR                                                                                                                                        ,"{""type"":""Point"",""coordinates"":[-58.8630073594195,-34.4380578336489]}",0101000020E610000000757006776E4DC0A8A37247123841C0
18083144,Piquete Suspencion DT 132Kv,APSD1,S,AT Geografico,PILAR                                                                                                                                        ,"{""type"":""Point"",""coordinates"":[-58.8751610800098,-34.4438231976293]}",0101000020E6100000EAAF3C4705704DC00D83D332CF3841C0
18083146,Piquete Suspencion DT 132Kv,APSD1,S,AT Geografico,PILAR                                                                                                                                        ,"{""type"":""Point"",""coordinates"":[-58.8785249213827,-34.444382598161]}",0101000020E6100000A9072F8173704DC0A5016B87E13841C0
18083148,Piquete Suspencion DT 132Kv,APSD1,S,AT Geografico,PILAR                                                                                                                                        ,"{""type"":""Point"",""coordinates"":[-58.8825058744242,-34.4450630386275]}",0101000020E61000000097D6F3F5704DC01EC85DD3F73841C0
18083149,Piquete Suspencion DT 132Kv,APSD1,S,AT Geografico,PILAR                                                                                                                                        ,"{""type"":""Point"",""coordinates"":[-58.8846986618117,-34.4454377788074]}",0101000020E6100000F0A545CE3D714DC0B830EA1A043941C0
18083150,Piquete Suspencion DT 132Kv,APSD1,S,AT Geografico,PILAR                                                                                                                                        ,"{""type"":""Point"",""coordinates"":[-58.8868272658367,-34.4458015095974]}",0101000020E61000001EFC4B8E83714DC03C1D1C06103941C0
18083151,Piquete Suspencion DT 132Kv,APSD1,S,AT Geografico,PILAR                                                                                                                                        ,"{""type"":""Point"",""coordinates"":[-58.888944437097,-34.4461632470648]}",0101000020E61000007AA56AEEC8714DC00C6995E01B3941C0
18083154,Piquete Suspencion DT 132Kv,APSD1,S,AT Geografico,PILAR                                                                                                                                        ,"{""type"":""Point"",""coordinates"":[-58.8976647251977,-34.4476527677974]}",0101000020E6100000A3BF7EADE6724DC0B3D396AF4C3941C0
18083155,Piquete Suspencion DT 132Kv,APSD1,S,AT Geografico,PILAR                                                                                                                                        ,"{""type"":""Point"",""coordinates"":[-58.8995244712904,-34.4479704570653]}",0101000020E61000006B122D9E23734DC0BB558F18573941C0
18083156,Piquete Suspencion DT 132Kv,APSD1,S,AT Geografico,PILAR                                                                                                                                        ,"{""type"":""Point"",""coordinates"":[-58.9015896722,-34.4483230961122]}",0101000020E61000005041564A67734DC0F6EBB5A6623941C0
18083158,Piquete Suspencion DT 132Kv,APSD1,S,AT Geografico,PILAR                                                                                                                                        ,"{""type"":""Point"",""coordinates"":[-58.9067766987908,-34.4492129784533]}",0101000020E6100000660A454211744DC0A1B295CF7F3941C0
18083159,Piquete Suspencion DT 132Kv,APSD1,S,AT Geografico,PILAR                                                                                                                                        ,"{""type"":""Point"",""coordinates"":[-58.9087011909643,-34.4495279346162]}",0101000020E61000009383145250744DC053E8A0218A3941C0
18083160,Piquete Suspencion DT 132Kv,APSD1,S,AT Geografico,PILAR                                                                                                                                        ,"{""type"":""Point"",""coordinates"":[-58.9107856461601,-34.4498687928728]}",0101000020E61000003EF6C19F94744DC09570F44C953941C0
18083161,Piquete Suspencion DT 132Kv,APSD1,S,AT Geografico,PILAR                                                                                                                                        ,"{""type"":""Point"",""coordinates"":[-58.9128599763636,-34.4502086947289]}",0101000020E61000008C278098D8744DC0241E4270A03941C0
18083162,Piquete Suspencion DT 132Kv,APSD1,S,AT Geografico,PILAR                                                                                                                                        ,"{""type"":""Point"",""coordinates"":[-58.9146116200044,-34.4504407309189]}",0101000020E6100000F73A5AFE11754DC0A40AB80AA83941C0
18083163,Piquete Suspencion DT 132Kv,APSD1,S,AT Geografico,PILAR                                                                                                                                        ,"{""type"":""Point"",""coordinates"":[-58.916313629596,-34.4506476728944]}",0101000020E610000036FFD7C349754DC0C98CACD2AE3941C0
18083164,Piquete Suspencion DT 132Kv,APSD1,S,AT Geografico,PILAR                                                                                                                                        ,"{""type"":""Point"",""coordinates"":[-58.9182103420798,-34.4508782591546]}",0101000020E6100000790A9FEA87754DC0F2C5F860B63941C0
18083165,Piquete Suspencion DT 132Kv,APSD1,S,AT Geografico,PILAR                                                                                                                                        ,"{""type"":""Point"",""coordinates"":[-58.9204932228418,-34.4511531801828]}",0101000020E6100000C825D0B8D2754DC0892F2D63BF3941C0
18083166,Piquete Suspencion DT 132Kv,APSD1,S,AT Geografico,PILAR                                                                                                                                        ,"{""type"":""Point"",""coordinates"":[-58.9226799502761,-34.4514215152493]}",0101000020E61000002F8E69601A764DC06B5A222EC83941C0
18083167,Piquete Suspencion DT 132Kv,APSD1,S,AT Geografico,PILAR                                                                                                                                        ,"{""type"":""Point"",""coordinates"":[-58.9250079793977,-34.4517027607897]}",0101000020E6100000B40656A966764DC06C8D6465D13941C0
18083168,Piquete Suspencion DT 132Kv,APSD1,S,AT Geografico,PILAR                                                                                                                                        ,"{""type"":""Point"",""coordinates"":[-58.9271449257596,-34.4519640385627]}",0101000020E61000001F6557AFAC764DC01F4C26F5D93941C0
18083169,Piquete Suspencion DT 132Kv,APSD1,S,AT Geografico,PILAR                                                                                                                                        ,"{""type"":""Point"",""coordinates"":[-58.929443612021,-34.4522432776312]}",0101000020E6100000958D1E02F8764DC081A1931BE33941C0
18083170,Piquete Suspencion DT 132Kv,APSD1,S,AT Geografico,PILAR                                                                                                                                        ,"{""type"":""Point"",""coordinates"":[-58.9315254840339,-34.4524958296997]}",0101000020E61000007DA8203A3C774DC083112362EB3941C0
18083172,Piquete Suspencion DT 132Kv,APSD1,S,AT Geografico,PILAR                                                                                                                                        ,"{""type"":""Point"",""coordinates"":[-58.937119143022,-34.4515366702084]}",0101000020E610000018DE2385F3774DC0ACBE1FF4CB3941C0
18083180,Piquete Suspencion DT 132Kv,APSD1,S,AT Geografico,PILAR                                                                                                                                        ,"{""type"":""Point"",""coordinates"":[-58.946122938546,-34.4400452305435]}",0101000020E61000007486738E1A794DC0FBF8F066533841C0
18083186,Piquete Suspencion DT 132Kv,APSD1,S,AT Geografico,PILAR                                                                                                                                        ,"{""type"":""Point"",""coordinates"":[-58.9480510925626,-34.4287102870449]}",0101000020E61000002FBFFABC59794DC08A288BFADF3641C0
18083187,Piquete Suspencion DT 132Kv,APSD1,S,AT Geografico,PILAR                                                                                                                                        ,"{""type"":""Point"",""coordinates"":[-58.948226698725,-34.4269691845073]}",0101000020E6100000E21B127E5F794DC0E4ED1DEDA63641C0
18083188,Piquete Suspencion DT 132Kv,APSD1,S,AT Geografico,PILAR                                                                                                                                        ,"{""type"":""Point"",""coordinates"":[-58.9484644644421,-34.424611649839]}",0101000020E61000003D19984867794DC08BC7AEAC593641C0
18083190,Piquete Suspencion DT 132Kv,APSD1,S,AT Geografico,PILAR                                                                                                                                        ,"{""type"":""Point"",""coordinates"":[-58.9502865762069,-34.4213723975726]}",0101000020E61000007B5193FDA2794DC07681DD87EF3541C0
18083191,Piquete Suspencion DT 132Kv,APSD1,S,AT Geografico,PILAR                                                                                                                                        ,"{""type"":""Point"",""coordinates"":[-58.9518120355124,-34.420509401149]}",0101000020E6100000843B0EFAD4794DC03BCC8640D33541C0
18083192,Piquete Suspencion DT 132Kv,APSD1,S,AT Geografico,PILAR                                                                                                                                        ,"{""type"":""Point"",""coordinates"":[-58.9533274084698,-34.4196520739214]}",0101000020E61000000EE1ECA1067A4DC06E98BE28B73541C0
18083261,Piquete Suspencion DT 132Kv,APSD1,S,AT Geografico,TIGRE                                                                                                                                        ,"{""type"":""Point"",""coordinates"":[-58.7140133686029,-34.4285991804643]}",0101000020E61000002F8741CA645B4DC0E0978356DC3641C0
18083263,Piquete Suspencion DT 132Kv,APSD1,S,AT Geografico,TIGRE                                                                                                                                        ,"{""type"":""Point"",""coordinates"":[-58.7152552340723,-34.426617804751]}",0101000020E61000000C51C77B8D5B4DC002A687699B3641C0
18083264,Piquete Suspencion DT 132Kv,APSD1,S,AT Geografico,TIGRE                                                                                                                                        ,"{""type"":""Point"",""coordinates"":[-58.7162334135978,-34.4253260751057]}",0101000020E610000037DA5789AD5B4DC0875BB715713641C0
18083265,Piquete Suspencion DT 132Kv,APSD1,S,AT Geografico,TIGRE                                                                                                                                        ,"{""type"":""Point"",""coordinates"":[-58.7172299178485,-34.4240115664594]}",0101000020E6100000A76FA030CE5B4DC0D588D102463641C0
18083266,Piquete Suspencion DT 132Kv,APSD1,S,AT Geografico,TIGRE                                                                                                                                        ,"{""type"":""Point"",""coordinates"":[-58.7182657875673,-34.4226467679664]}",0101000020E6100000FCB72122F05B4DC087160F4A193641C0
18083267,Piquete Suspencion DT 132Kv,APSD1,S,AT Geografico,TIGRE                                                                                                                                        ,"{""type"":""Point"",""coordinates"":[-58.7194211374012,-34.4211191154231]}",0101000020E61000003A98E8FD155C4DC03C3B2E3BE73541C0
18083268,Piquete Suspencion DT 132Kv,APSD1,S,AT Geografico,TIGRE                                                                                                                                        ,"{""type"":""Point"",""coordinates"":[-58.7204979020167,-34.4196973166374]}",0101000020E6100000CFFF7646395C4DC09C9644A4B83541C0
18083269,Piquete Suspencion DT 132Kv,APSD1,S,AT Geografico,TIGRE                                                                                                                                        ,"{""type"":""Point"",""coordinates"":[-58.7215599378837,-34.418294908015]}",0101000020E61000003CA877135C5C4DC0000103B08A3541C0
18083272,Piquete Suspencion DT 132Kv,APSD1,S,AT Geografico,TIGRE                                                                                                                                        ,"{""type"":""Point"",""coordinates"":[-58.7248437534593,-34.41402867934]}",0101000020E6100000A2E81BAEC75C4DC083AF4AE4FE3441C0
18083273,Piquete Suspencion DT 132Kv,APSD1,S,AT Geografico,TIGRE                                                                                                                                        ,"{""type"":""Point"",""coordinates"":[-58.7257999248196,-34.4128258652996]}",0101000020E61000000C450E03E75C4DC0D3335B7AD73441C0
18083274,Piquete Suspencion DT 132Kv,APSD1,S,AT Geografico,TIGRE                                                                                                                                        ,"{""type"":""Point"",""coordinates"":[-58.7266494446178,-34.4117571771934]}",0101000020E61000001F2558D9025D4DC02CF88C75B43441C0
18083275,Piquete Suspencion DT 132Kv,APSD1,S,AT Geografico,TIGRE                                                                                                                                        ,"{""type"":""Point"",""coordinates"":[-58.7275787479236,-34.4105880831471]}",0101000020E61000005ECCE74C215D4DC0429F7A268E3441C0
18083276,Piquete Suspencion DT 132Kv,APSD1,S,AT Geografico,TIGRE                                                                                                                                        ,"{""type"":""Point"",""coordinates"":[-58.7285503760704,-34.4093671089781]}",0101000020E6100000FB5A8323415D4DC03D8F3424663441C0
18083279,Piquete Suspencion DT 132Kv,APSD1,S,AT Geografico,TIGRE                                                                                                                                        ,"{""type"":""Point"",""coordinates"":[-58.7313754127061,-34.40573760985]}",0101000020E6100000E455A3B59D5D4DC00988C235EF3341C0
18083280,Piquete Suspencion DT 132Kv,APSD1,S,AT Geografico,TIGRE                                                                                                                                        ,"{""type"":""Point"",""coordinates"":[-58.7323757048687,-34.4044683838892]}",0101000020E6100000E865B27CBE5D4DC0F788B89EC53341C0
18083281,Piquete Suspencion DT 132Kv,APSD1,S,AT Geografico,TIGRE                                                                                                                                        ,"{""type"":""Point"",""coordinates"":[-58.7333068460552,-34.4032868574667]}",0101000020E6100000B6DEACFFDC5D4DC0F6DC5BE79E3341C0
18083282,Piquete Suspencion DT 132Kv,APSD1,S,AT Geografico,ESCOBAR                                                                                                                                      ,"{""type"":""Point"",""coordinates"":[-58.734318756486,-34.402002795709]}",0101000020E610000033F93128FE5D4DC0473CDED3743341C0
18083283,Piquete Suspencion DT 132Kv,APSD1,S,AT Geografico,ESCOBAR                                                                                                                                      ,"{""type"":""Point"",""coordinates"":[-58.7355695626573,-34.4004155175604]}",0101000020E6100000EEC5B724275E4DC0CE5DD0D0403341C0
18083284,Piquete Suspencion DT 132Kv,APSD1,S,AT Geografico,ESCOBAR                                                                                                                                      ,"{""type"":""Point"",""coordinates"":[-58.7364653650365,-34.3992786959351]}",0101000020E6100000F3BB407F445E4DC0F68376901B3341C0
18083285,Piquete Suspencion DT 132Kv,APSD1,S,AT Geografico,ESCOBAR                                                                                                                                      ,"{""type"":""Point"",""coordinates"":[-58.7375009042238,-34.3979644918454]}",0101000020E6100000AC34FC6D665E4DC0FEB81E80F03241C0
18083288,Piquete Suspencion DT 132Kv,APSD1,S,AT Geografico,ESCOBAR                                                                                                                                      ,"{""type"":""Point"",""coordinates"":[-58.7400983599058,-34.3943775992229]}",0101000020E610000036CF058BBB5E4DC0F57715F77A3241C0
18083289,Piquete Suspencion DT 132Kv,APSD1,S,AT Geografico,ESCOBAR                                                                                                                                      ,"{""type"":""Point"",""coordinates"":[-58.7412496121088,-34.3929403101038]}",0101000020E610000007176D44E15E4DC083963ADE4B3241C0
18083290,Piquete Suspencion DT 132Kv,APSD1,S,AT Geografico,ESCOBAR                                                                                                                                      ,"{""type"":""Point"",""coordinates"":[-58.742392020229,-34.3915140014397]}",0101000020E6100000EDD8A3B3065F4DC0040E7C211D3241C0
18083291,Piquete Suspencion DT 132Kv,APSD1,S,AT Geografico,ESCOBAR                                                                                                                                      ,"{""type"":""Point"",""coordinates"":[-58.7433184071751,-34.3903573528469]}",0101000020E61000007CAABC0E255F4DC07E1DD03AF73141C0
18083292,Piquete Suspencion DT 132Kv,APSD1,S,AT Geografico,ESCOBAR                                                                                                                                      ,"{""type"":""Point"",""coordinates"":[-58.7443375670274,-34.3890848256627]}",0101000020E610000094C81174465F4DC0A8CB1488CD3141C0
18083293,Piquete Suspencion DT 132Kv,APSD1,S,AT Geografico,ESCOBAR                                                                                                                                      ,"{""type"":""Point"",""coordinates"":[-58.7453774460571,-34.3877863785367]}",0101000020E6100000E6FE3487685F4DC01AD3EAFBA23141C0
18083294,Piquete Suspencion DT 132Kv,APSD1,S,AT Geografico,ESCOBAR                                                                                                                                      ,"{""type"":""Point"",""coordinates"":[-58.7465551590018,-34.3863157639916]}",0101000020E61000004D49941E8F5F4DC0F62282CB723141C0
18083295,Piquete Suspencion DT 132Kv,APSD1,S,AT Geografico,ESCOBAR                                                                                                                                      ,"{""type"":""Point"",""coordinates"":[-58.7472416013388,-34.3854585710837]}",0101000020E6100000F9FADF9CA55F4DC04062DAB4563141C0
18083296,Piquete Suspencion DT 132Kv,APSD1,S,AT Geografico,ESCOBAR                                                                                                                                      ,"{""type"":""Point"",""coordinates"":[-58.748592486696,-34.383771592738]}",0101000020E6100000FC31ECE0D15F4DC0CCF8736D1F3141C0
18083298,Piquete Suspencion DT 132Kv,APSD1,S,AT Geografico,ESCOBAR                                                                                                                                      ,"{""type"":""Point"",""coordinates"":[-58.7502722796681,-34.3815689116225]}",0101000020E610000091220CEC08604DC05D4B0640D73041C0
18083301,Piquete Suspencion DT 132Kv,APSD1,S,AT Geografico,ESCOBAR                                                                                                                                      ,"{""type"":""Point"",""coordinates"":[-58.7531527622446,-34.3781987055565]}",0101000020E6100000C75D494F67604DC0A0E0AFD0683041C0
18083305,Piquete Suspencion DT 132Kv,APSD1,S,AT Geografico,ESCOBAR                                                                                                                                      ,"{""type"":""Point"",""coordinates"":[-58.7581024551608,-34.375151511792]}",0101000020E61000006CF7518009614DC08118F9F6043041C0
18083306,Piquete Suspencion DT 132Kv,APSD1,S,AT Geografico,ESCOBAR                                                                                                                                      ,"{""type"":""Point"",""coordinates"":[-58.7597965645769,-34.3744664294361]}",0101000020E61000004C3C8A0341614DC061F01584EE2F41C0
18083308,Piquete Suspencion DT 132Kv,APSD1,S,AT Geografico,ESCOBAR                                                                                                                                      ,"{""type"":""Point"",""coordinates"":[-58.7621736892976,-34.3741103734615]}",0101000020E6100000D4B34EE88E614DC0418E45D9E22F41C0
18083309,Piquete Suspencion DT 132Kv,APSD1,S,AT Geografico,ESCOBAR                                                                                                                                      ,"{""type"":""Point"",""coordinates"":[-58.7640157221743,-34.3750129633392]}",0101000020E61000002C2F6644CB614DC0148FBE6C003041C0
18083310,Piquete Suspencion DT 132Kv,APSD1,S,AT Geografico,ESCOBAR                                                                                                                                      ,"{""type"":""Point"",""coordinates"":[-58.7655826764857,-34.3757807289299]}",0101000020E6100000F9F1F69CFE614DC0469C3A95193041C0
18083312,Piquete Suspencion DT 132Kv,APSD1,S,AT Geografico,ESCOBAR                                                                                                                                      ,"{""type"":""Point"",""coordinates"":[-58.7687728707353,-34.3773437342108]}",0101000020E610000016EE402667624DC093E4AACC4C3041C0
18083313,Piquete Suspencion DT 132Kv,APSD1,S,AT Geografico,ESCOBAR                                                                                                                                      ,"{""type"":""Point"",""coordinates"":[-58.7705422475694,-34.3782105632083]}",0101000020E610000098BFDC20A1624DC098FD2734693041C0
18083314,Piquete Suspencion DT 132Kv,APSD1,S,AT Geografico,ESCOBAR                                                                                                                                      ,"{""type"":""Point"",""coordinates"":[-58.7721535444443,-34.3789999103814]}",0101000020E6100000807066EDD5624DC03623AE11833041C0
18083315,Piquete Suspencion DT 132Kv,APSD1,S,AT Geografico,ESCOBAR                                                                                                                                      ,"{""type"":""Point"",""coordinates"":[-58.7737540792149,-34.37978395003]}",0101000020E6100000EDAFA85F0A634DC05876AEC29C3041C0
18083316,Piquete Suspencion DT 132Kv,APSD1,S,AT Geografico,ESCOBAR                                                                                                                                      ,"{""type"":""Point"",""coordinates"":[-58.7754125259848,-34.3805938496121]}",0101000020E6100000BB01B8B740634DC03F929C4CB73041C0
18083317,Piquete Suspencion DT 132Kv,APSD1,S,AT Geografico,ESCOBAR                                                                                                                                      ,"{""type"":""Point"",""coordinates"":[-58.7770420411081,-34.3813944839444]}",0101000020E61000008E16151D76634DC041B5D188D13041C0
18083318,Piquete Suspencion DT 132Kv,APSD1,S,AT Geografico,ESCOBAR                                                                                                                                      ,"{""type"":""Point"",""coordinates"":[-58.7785659251231,-34.3821408738236]}",0101000020E61000008017590CA8634DC0BEC4FDFDE93041C0
18083319,Piquete Suspencion DT 132Kv,APSD1,S,AT Geografico,ESCOBAR                                                                                                                                      ,"{""type"":""Point"",""coordinates"":[-58.7801515486287,-34.3829139977029]}",0101000020E61000005CA48501DC634DC043A86C53033141C0
18083321,Piquete Suspencion DT 132Kv,APSD1,S,AT Geografico,ESCOBAR                                                                                                                                      ,"{""type"":""Point"",""coordinates"":[-58.7836966063097,-34.384654056396]}",0101000020E6100000130B9F2B50644DC0473F18583C3141C0
18083322,Piquete Suspencion DT 132Kv,APSD1,S,AT Geografico,ESCOBAR                                                                                                                                      ,"{""type"":""Point"",""coordinates"":[-58.7852948834441,-34.3854362979307]}",0101000020E6100000E10DF18A84644DC0E22603FA553141C0
18083323,Piquete Suspencion DT 132Kv,APSD1,S,AT Geografico,ESCOBAR                                                                                                                                      ,"{""type"":""Point"",""coordinates"":[-58.7868925679937,-34.3862186527152]}",0101000020E6100000D07F4AE5B8644DC02A42E19C6F3141C0
18083324,Piquete Suspencion DT 132Kv,APSD1,S,AT Geografico,ESCOBAR                                                                                                                                      ,"{""type"":""Point"",""coordinates"":[-58.7886596064013,-34.3870838958936]}",0101000020E6100000BA9548CCF2644DC0EDD510F78B3141C0
18083325,Piquete Suspencion DT 132Kv,APSD1,S,AT Geografico,ESCOBAR                                                                                                                                      ,"{""type"":""Point"",""coordinates"":[-58.7903777007869,-34.3879251321079]}",0101000020E6100000072FB4182B654DC099D9DD87A73141C0
18083326,Piquete Suspencion DT 132Kv,APSD1,S,AT Geografico,ESCOBAR                                                                                                                                      ,"{""type"":""Point"",""coordinates"":[-58.7921090677236,-34.3887728259547]}",0101000020E61000006D5E76D463654DC04186D64EC33141C0
18083327,Piquete Suspencion DT 132Kv,APSD1,S,AT Geografico,ESCOBAR                                                                                                                                      ,"{""type"":""Point"",""coordinates"":[-58.7937033759268,-34.3895533780726]}",0101000020E61000004E2A7D1298654DC0236F95E2DC3141C0
18083328,Piquete Suspencion DT 132Kv,APSD1,S,AT Geografico,ESCOBAR                                                                                                                                      ,"{""type"":""Point"",""coordinates"":[-58.795373404874,-34.3903709645913]}",0101000020E61000006605B5CBCE654DC0281DFFACF73141C0
18083329,Piquete Suspencion DT 132Kv,APSD1,S,AT Geografico,ESCOBAR                                                                                                                                      ,"{""type"":""Point"",""coordinates"":[-58.7970643130531,-34.3911987337689]}",0101000020E610000097AF123406664DC017E3D3CC123241C0
18083330,Piquete Suspencion DT 132Kv,APSD1,S,AT Geografico,ESCOBAR                                                                                                                                      ,"{""type"":""Point"",""coordinates"":[-58.7987096008482,-34.3920029269387]}",0101000020E61000007952BF1D3C664DC0AA91E3262D3241C0
18083331,Piquete Suspencion DT 132Kv,APSD1,S,AT Geografico,ESCOBAR                                                                                                                                      ,"{""type"":""Point"",""coordinates"":[-58.8005816063824,-34.3929212721712]}",0101000020E61000008298447579664DC063F0863E4B3241C0
18083427,Piquete Suspencion DT 132Kv,APSD1,S,AT Geografico,LAMATANZA                                                                                                                                    ,"{""type"":""Point"",""coordinates"":[-58.6226568864147,-34.7784082091545]}",0101000020E6100000DEE38938B34F4DC0D8A054E1A26341C0
18083428,Piquete Suspencion DT 132Kv,APSD1,S,AT Geografico,LAMATANZA                                                                                                                                    ,"{""type"":""Point"",""coordinates"":[-58.6220471757752,-34.7765965358317]}",0101000020E61000000A43EA3D9F4F4DC0C2CAE983676341C0
18083430,Piquete Suspencion DT 132Kv,APSD1,S,AT Geografico,LAMATANZA                                                                                                                                    ,"{""type"":""Point"",""coordinates"":[-58.620638113908,-34.7732523389851]}",0101000020E610000066F1D811714F4DC08EBFC1EEF96241C0
18083431,Piquete Suspencion DT 132Kv,APSD1,S,AT Geografico,LAMATANZA                                                                                                                                    ,"{""type"":""Point"",""coordinates"":[-58.6197226902046,-34.7712283932014]}",0101000020E61000004982B712534F4DC0FE45AB9CB76241C0
18083435,Piquete Suspencion DT 132Kv,APSD1,S,AT Geografico,LAMATANZA                                                                                                                                    ,"{""type"":""Point"",""coordinates"":[-58.6163103045435,-34.7665134059716]}",0101000020E6100000DE198D41E34E4DC0F64B7D1C1D6241C0
18083436,Piquete Suspencion DT 132Kv,APSD1,S,AT Geografico,LAMATANZA                                                                                                                                    ,"{""type"":""Point"",""coordinates"":[-58.6156242035457,-34.7670541757494]}",0101000020E6100000656D1EC6CC4E4DC0478DCBD42E6241C0
18083437,Piquete Suspencion DT 132Kv,APSD1,S,AT Geografico,LAMATANZA                                                                                                                                    ,"{""type"":""Point"",""coordinates"":[-58.6147354753078,-34.7677545373654]}",0101000020E6100000AF11EDA6AF4E4DC086ABDAC7456241C0
18083438,Piquete Suspencion DT 132Kv,APSD1,S,AT Geografico,LAMATANZA                                                                                                                                    ,"{""type"":""Point"",""coordinates"":[-58.6137922748933,-34.768497805239]}",0101000020E61000001F9AC9BE904E4DC04B46D6225E6241C0
18083439,Piquete Suspencion DT 132Kv,APSD1,S,AT Geografico,LAMATANZA                                                                                                                                    ,"{""type"":""Point"",""coordinates"":[-58.6128401935194,-34.7692480501343]}",0101000020E61000008F6B268C714E4DC053EB58B8766241C0
18083440,Piquete Suspencion DT 132Kv,APSD1,S,AT Geografico,LAMATANZA                                                                                                                                    ,"{""type"":""Point"",""coordinates"":[-58.6118866924081,-34.7699993922351]}",0101000020E610000010609A4D524E4DC078CB0F578F6241C0
18083441,Piquete Suspencion DT 132Kv,APSD1,S,AT Geografico,LAMATANZA                                                                                                                                    ,"{""type"":""Point"",""coordinates"":[-58.6109043849841,-34.7707734106459]}",0101000020E6100000AD3E691D324E4DC0D8ACFFB3A86241C0
18083442,Piquete Suspencion DT 132Kv,APSD1,S,AT Geografico,LAMATANZA                                                                                                                                    ,"{""type"":""Point"",""coordinates"":[-58.6099831134355,-34.7714993144473]}",0101000020E6100000AEA839ED134E4DC00138527DC06241C0
18083446,Piquete Suspencion DT 132Kv,APSD1,S,AT Geografico,LAMATANZA                                                                                                                                    ,"{""type"":""Point"",""coordinates"":[-58.6068864992107,-34.7722145453385]}",0101000020E61000003D3FF174AE4D4DC0BBDC1CEDD76241C0
18083450,Piquete Suspencion DT 132Kv,APSD1,S,AT Geografico,LAMATANZA                                                                                                                                    ,"{""type"":""Point"",""coordinates"":[-58.6033525241116,-34.7702732870774]}",0101000020E61000005F82CFA73A4D4DC06C7DA850986241C0
18083451,Piquete Suspencion DT 132Kv,APSD1,S,AT Geografico,LAMATANZA                                                                                                                                    ,"{""type"":""Point"",""coordinates"":[-58.6024551371923,-34.77098317079]}",0101000020E610000024C6FB3F1D4D4DC09B279893AF6241C0
18083452,Piquete Suspencion DT 132Kv,APSD1,S,AT Geografico,LAMATANZA                                                                                                                                    ,"{""type"":""Point"",""coordinates"":[-58.6015981268178,-34.7716612147457]}",0101000020E61000003902DC2A014D4DC04E7670CBC56241C0
18083453,Piquete Suspencion DT 132Kv,APSD1,S,AT Geografico,LAMATANZA                                                                                                                                    ,"{""type"":""Point"",""coordinates"":[-58.6007280360715,-34.7723495947441]}",0101000020E6100000D55B02A8E44C4DC09B40FD59DC6241C0
18083454,Piquete Suspencion DT 132Kv,APSD1,S,AT Geografico,LAMATANZA                                                                                                                                    ,"{""type"":""Point"",""coordinates"":[-58.5998144591541,-34.7730723597821]}",0101000020E61000000DDE5EB8C64C4DC04D5AFB08F46241C0
18083455,Piquete Suspencion DT 132Kv,APSD1,S,AT Geografico,LAMATANZA                                                                                                                                    ,"{""type"":""Point"",""coordinates"":[-58.5989947536053,-34.7737208426933]}",0101000020E6100000F39A2EDCAB4C4DC0F7CCD948096341C0
18083456,Piquete Suspencion DT 132Kv,APSD1,S,AT Geografico,LAMATANZA                                                                                                                                    ,"{""type"":""Point"",""coordinates"":[-58.5982467713282,-34.7743125701243]}",0101000020E61000006BE5A659934C4DC065C89EAC1C6341C0
18083483,Piquete Suspencion DT 132Kv,APSD1,S,AT Geografico,LAMATANZA                                                                                                                                    ,"{""type"":""Point"",""coordinates"":[-58.5739572042674,-34.7658028279974]}",0101000020E6100000E5D0FE6D77494DC06FB7BAD3056241C0
18083484,Piquete Suspencion DT 132Kv,APSD1,S,AT Geografico,LAMATANZA                                                                                                                                    ,"{""type"":""Point"",""coordinates"":[-58.5728223035389,-34.7641357744472]}",0101000020E6100000350FC23D52494DC0257A7833CF6141C0
18083485,Piquete Suspencion DT 132Kv,APSD1,S,AT Geografico,LAMATANZA                                                                                                                                    ,"{""type"":""Point"",""coordinates"":[-58.571641376442,-34.762401032422]}",0101000020E6100000EE6D6C8B2B494DC03A58665B966141C0
18083486,Piquete Suspencion DT 132Kv,APSD1,S,AT Geografico,LAMATANZA                                                                                                                                    ,"{""type"":""Point"",""coordinates"":[-58.5704312894887,-34.7606233704447]}",0101000020E6100000097C7AE403494DC013514A1B5C6141C0
18083487,Piquete Suspencion DT 132Kv,APSD1,S,AT Geografico,LAMATANZA                                                                                                                                    ,"{""type"":""Point"",""coordinates"":[-58.5692293582114,-34.7588576042123]}",0101000020E610000077B8F281DC484DC0D434F83E226141C0
18083488,Piquete Suspencion DT 132Kv,APSD1,S,AT Geografico,LAMATANZA                                                                                                                                    ,"{""type"":""Point"",""coordinates"":[-58.5680130366945,-34.7570706106495]}",0101000020E6100000FA26B4A6B4484DC054C094B0E76041C0
18083497,Piquete Suspencion DT 132Kv,APSD1,S,AT Geografico,LAMATANZA                                                                                                                                    ,"{""type"":""Point"",""coordinates"":[-58.5573653303133,-34.7414235130713]}",0101000020E610000057CF44BF57474DC0389036F7E65E41C0
18083499,Piquete Suspencion DT 132Kv,APSD1,S,AT Geografico,LAMATANZA                                                                                                                                    ,"{""type"":""Point"",""coordinates"":[-58.555032936626,-34.7387462621714]}",0101000020E61000008081BB510B474DC0BC08CE3C8F5E41C0
18083500,Piquete Suspencion DT 132Kv,APSD1,S,AT Geografico,LAMATANZA                                                                                                                                    ,"{""type"":""Point"",""coordinates"":[-58.5536841349935,-34.737438359942]}",0101000020E6100000360E2A1FDF464DC024625361645E41C0
18083501,Piquete Suspencion DT 132Kv,APSD1,S,AT Geografico,LAMATANZA                                                                                                                                    ,"{""type"":""Point"",""coordinates"":[-58.5523299889644,-34.7361252198619]}",0101000020E6100000E599C3BFB2464DC0AD88E859395E41C0
18083502,Piquete Suspencion DT 132Kv,APSD1,S,AT Geografico,LAMATANZA                                                                                                                                    ,"{""type"":""Point"",""coordinates"":[-58.5509857341631,-34.7348216164415]}",0101000020E6100000886556B386464DC04B817DA20E5E41C0
18083503,Piquete Suspencion DT 132Kv,APSD1,S,AT Geografico,LAMATANZA                                                                                                                                    ,"{""type"":""Point"",""coordinates"":[-58.5493613687479,-34.7332463000534]}",0101000020E6100000A13A2C7951464DC03752C703DB5D41C0
18083505,Piquete Suspencion DT 132Kv,APSD1,S,AT Geografico,LAMATANZA                                                                                                                                    ,"{""type"":""Point"",""coordinates"":[-58.5456590277286,-34.7306902843527]}",0101000020E61000003F6EAF27D8454DC062665D42875D41C0
18083506,Piquete Suspencion DT 132Kv,APSD1,S,AT Geografico,LAMATANZA                                                                                                                                    ,"{""type"":""Point"",""coordinates"":[-58.5435997063583,-34.7295777536176]}",0101000020E61000004776D8AC94454DC0A2D6C7CD625D41C0
18083507,Piquete Suspencion DT 132Kv,APSD1,S,AT Geografico,LAMATANZA                                                                                                                                    ,"{""type"":""Point"",""coordinates"":[-58.5415423825012,-34.7284662382605]}",0101000020E6100000C61EC34251454DC0DAC8B6613E5D41C0
18083508,Piquete Suspencion DT 132Kv,APSD1,S,AT Geografico,LAMATANZA                                                                                                                                    ,"{""type"":""Point"",""coordinates"":[-58.5394814396207,-34.7273525635633]}",0101000020E610000028FC51BA0D454DC0479588E3195D41C0
18083509,Piquete Suspencion DT 132Kv,APSD1,S,AT Geografico,LAMATANZA                                                                                                                                    ,"{""type"":""Point"",""coordinates"":[-58.5373851030949,-34.7262198058399]}",0101000020E61000003893F908C9444DC01DE545C5F45C41C0
18083510,Piquete Suspencion DT 132Kv,APSD1,S,AT Geografico,LAMATANZA                                                                                                                                    ,"{""type"":""Point"",""coordinates"":[-58.5355358039721,-34.7252231754138]}",0101000020E6100000D9F2ED6F8C444DC00D5AEE1CD45C41C0
18083511,Piquete Suspencion DT 132Kv,APSD1,S,AT Geografico,LAMATANZA                                                                                                                                    ,"{""type"":""Point"",""coordinates"":[-58.5338649243354,-34.7243397584971]}",0101000020E6100000414093AF55444DC0FCF74A2AB75C41C0
18083512,Piquete Suspencion DT 132Kv,APSD1,S,AT Geografico,LAMATANZA                                                                                                                                    ,"{""type"":""Point"",""coordinates"":[-58.5327567464905,-34.7237525683426]}",0101000020E61000003C73815F31444DC0B7B695ECA35C41C0
18083513,Piquete Suspencion DT 132Kv,APSD1,S,AT Geografico,LAMATANZA                                                                                                                                    ,"{""type"":""Point"",""coordinates"":[-58.5314057742306,-34.7230367107302]}",0101000020E6100000F39CBA1A05444DC0663289778C5C41C0
18083515,Piquete Suspencion DT 132Kv,APSD1,S,AT Geografico,LAMATANZA                                                                                                                                    ,"{""type"":""Point"",""coordinates"":[-58.5274423468855,-34.7209496510227]}",0101000020E61000000733173B83434DC03F9A0214485C41C0
18083516,Piquete Suspencion DT 132Kv,APSD1,S,AT Geografico,LAMATANZA                                                                                                                                    ,"{""type"":""Point"",""coordinates"":[-58.525769627811,-34.7200758394751]}",0101000020E6100000D3564E6B4C434DC0B897F2712B5C41C0
18083517,Piquete Suspencion DT 132Kv,APSD1,S,AT Geografico,LAMATANZA                                                                                                                                    ,"{""type"":""Point"",""coordinates"":[-58.5240915815505,-34.7191992039965]}",0101000020E6100000266FD56E15434DC0B23C32B80E5C41C0
18083532,Piquete Suspencion DT 132Kv,APSD1,S,AT Geografico,LAMATANZA                                                                                                                                    ,"{""type"":""Point"",""coordinates"":[-58.5126578538127,-34.7135602043663]}",0101000020E6100000E214C6C59E414DC077BDD6F0555B41C0
18083580,Piquete Suspencion DT 132Kv,APSD1,S,AT Geografico,LAMATANZA                                                                                                                                    ,"{""type"":""Point"",""coordinates"":[-58.546159225163,-34.7182114147327]}",0101000020E6100000F33DA58BE8454DC00DF2045AEE5B41C0
18083605,Piquete Suspencion DT 132Kv,APSD1,S,AT Geografico,LAMATANZA                                                                                                                                    ,"{""type"":""Point"",""coordinates"":[-58.5580799954812,-34.7109726879564]}",0101000020E61000005E92502A6F474DC09C8F2D27015B41C0
18083607,Piquete Suspencion DT 132Kv,APSD1,S,AT Geografico,LAMATANZA                                                                                                                                    ,"{""type"":""Point"",""coordinates"":[-58.5595887491855,-34.7102527475626]}",0101000020E6100000087BA89AA0474DC07B56E18FE95A41C0
18083610,Piquete Suspencion DT 132Kv,APSD1,S,AT Geografico,LAMATANZA                                                                                                                                    ,"{""type"":""Point"",""coordinates"":[-58.5615479896438,-34.7093177985987]}",0101000020E6100000C653F5CDE0474DC0DAB9F5ECCA5A41C0
18083611,Piquete Suspencion DT 132Kv,APSD1,S,AT Geografico,LAMATANZA                                                                                                                                    ,"{""type"":""Point"",""coordinates"":[-58.5628950067377,-34.7086749714514]}",0101000020E610000092828EF10C484DC050F088DCB55A41C0
18083645,Piquete Suspencion DT 132Kv,APSD1,S,AT Geografico,MARCOSPAZ                                                                                                                                    ,"{""type"":""Point"",""coordinates"":[-58.8214231319143,-34.7826660549036]}",0101000020E6100000F3DFA76424694DC005C0BA662E6441C0
18083646,Piquete Suspencion DT 132Kv,APSD1,S,AT Geografico,MARCOSPAZ                                                                                                                                    ,"{""type"":""Point"",""coordinates"":[-58.8194769978691,-34.7826133857336]}",0101000020E610000004D64C9FE4684DC09D91E8AC2C6441C0
18083647,Piquete Suspencion DT 132Kv,APSD1,S,AT Geografico,MARCOSPAZ                                                                                                                                    ,"{""type"":""Point"",""coordinates"":[-58.8172706210223,-34.7825536357934]}",0101000020E6100000E1A2DE529C684DC0978CB0B72A6441C0
18083648,Piquete Suspencion DT 132Kv,APSD1,S,AT Geografico,MARCOSPAZ                                                                                                                                    ,"{""type"":""Point"",""coordinates"":[-58.815311612093,-34.7825005511435]}",0101000020E610000085FE82215C684DC0B82162FA286441C0
18083649,Piquete Suspencion DT 132Kv,APSD1,S,AT Geografico,MARCOSPAZ                                                                                                                                    ,"{""type"":""Point"",""coordinates"":[-58.8133442817638,-34.7824472093428]}",0101000020E6100000334859AA1B684DC0A27CEB3A276441C0
18083650,Piquete Suspencion DT 132Kv,APSD1,S,AT Geografico,MARCOSPAZ                                                                                                                                    ,"{""type"":""Point"",""coordinates"":[-58.8113814773835,-34.7823939584343]}",0101000020E6100000A2F82659DB674DC01F08387C256441C0
18083651,Piquete Suspencion DT 132Kv,APSD1,S,AT Geografico,MARCOSPAZ                                                                                                                                    ,"{""type"":""Point"",""coordinates"":[-58.8094182816026,-34.7823406651887]}",0101000020E61000003F22AC049B674DC07CA829BD236441C0
18083652,Piquete Suspencion DT 132Kv,APSD1,S,AT Geografico,MARCOSPAZ                                                                                                                                    ,"{""type"":""Point"",""coordinates"":[-58.8074558522546,-34.7822873610582]}",0101000020E6100000E2329FB65A674DC0D7E803FE216441C0
18083653,Piquete Suspencion DT 132Kv,APSD1,S,AT Geografico,MARCOSPAZ                                                                                                                                    ,"{""type"":""Point"",""coordinates"":[-58.8054943705178,-34.7822340510037]}",0101000020E6100000373E85701A674DC07670D13E206441C0
18083654,Piquete Suspencion DT 132Kv,APSD1,S,AT Geografico,MARCOSPAZ                                                                                                                                    ,"{""type"":""Point"",""coordinates"":[-58.803539480383,-34.7821808886]}",0101000020E610000013A5B661DA664DC0EF0BDC801E6441C0
18083655,Piquete Suspencion DT 132Kv,APSD1,S,AT Geografico,MARCOSPAZ                                                                                                                                    ,"{""type"":""Point"",""coordinates"":[-58.8015871379513,-34.7821277640884]}",0101000020E61000008E3247689A664DC0CF0638C31C6441C0
18083656,Piquete Suspencion DT 132Kv,APSD1,S,AT Geografico,MARCOSPAZ                                                                                                                                    ,"{""type"":""Point"",""coordinates"":[-58.7996381443551,-34.782074699427]}",0101000020E6100000D951EF8A5A664DC0B58814061B6441C0
18083657,Piquete Suspencion DT 132Kv,APSD1,S,AT Geografico,MARCOSPAZ                                                                                                                                    ,"{""type"":""Point"",""coordinates"":[-58.7976804063736,-34.7820213652154]}",0101000020E610000073043D641A664DC0CD2FAE46196441C0
18083658,Piquete Suspencion DT 132Kv,APSD1,S,AT Geografico,MARCOSPAZ                                                                                                                                    ,"{""type"":""Point"",""coordinates"":[-58.7957122450177,-34.7819677152429]}",0101000020E61000005DB01AE6D9654DC07DBFA184176441C0
18083659,Piquete Suspencion DT 132Kv,APSD1,S,AT Geografico,MARCOSPAZ                                                                                                                                    ,"{""type"":""Point"",""coordinates"":[-58.7937509831065,-34.7819142216494]}",0101000020E610000023CED8A199654DC07821E5C3156441C0
18083660,Piquete Suspencion DT 132Kv,APSD1,S,AT Geografico,MARCOSPAZ                                                                                                                                    ,"{""type"":""Point"",""coordinates"":[-58.7912368160416,-34.7818456012137]}",0101000020E610000013257C3F47654DC0FDDD4384136441C0
18083661,Piquete Suspencion DT 132Kv,APSD1,S,AT Geografico,MARCOSPAZ                                                                                                                                    ,"{""type"":""Point"",""coordinates"":[-58.7892196846024,-34.7817905090202]}",0101000020E6100000005D8F2605654DC051481EB6116441C0
18083662,Piquete Suspencion DT 132Kv,APSD1,S,AT Geografico,MARCOSPAZ                                                                                                                                    ,"{""type"":""Point"",""coordinates"":[-58.7877538360784,-34.7817503632532]}",0101000020E6100000AAA0211ED5644DC085E75965106441C0
18083663,Piquete Suspencion DT 132Kv,APSD1,S,AT Geografico,MARCOSPAZ                                                                                                                                    ,"{""type"":""Point"",""coordinates"":[-58.7857470667287,-34.7816907986638]}",0101000020E61000009043215C93644DC02BECAF710E6441C0
18083664,Piquete Suspencion DT 132Kv,APSD1,S,AT Geografico,MARCOSPAZ                                                                                                                                    ,"{""type"":""Point"",""coordinates"":[-58.7837384050831,-34.781631208846]}",0101000020E6100000C539418A51644DC069C3CF7D0C6441C0
18083665,Piquete Suspencion DT 132Kv,APSD1,S,AT Geografico,MARCOSPAZ                                                                                                                                    ,"{""type"":""Point"",""coordinates"":[-58.781708568235,-34.7815751399535]}",0101000020E61000003BC9BF060F644DC0C4BB78A70A6441C0
18083666,Piquete Suspencion DT 132Kv,APSD1,S,AT Geografico,MARCOSPAZ                                                                                                                                    ,"{""type"":""Point"",""coordinates"":[-58.7796939286546,-34.781519457316]}",0101000020E6100000043BBA02CD634DC0102E5FD4086441C0
18083667,Piquete Suspencion DT 132Kv,APSD1,S,AT Geografico,MARCOSPAZ                                                                                                                                    ,"{""type"":""Point"",""coordinates"":[-58.7776719938429,-34.7814635394707]}",0101000020E6100000034982C18A634DC088854CFF066441C0
18083668,Piquete Suspencion DT 132Kv,APSD1,S,AT Geografico,MARCOSPAZ                                                                                                                                    ,"{""type"":""Point"",""coordinates"":[-58.7756611225922,-34.7814078942279]}",0101000020E6100000F92719DD48634DC0C645832C056441C0
18083669,Piquete Suspencion DT 132Kv,APSD1,S,AT Geografico,MARCOSPAZ                                                                                                                                    ,"{""type"":""Point"",""coordinates"":[-58.7736436796323,-34.7813519945592]}",0101000020E610000093638FC106634DC0EBA59757036441C0
18083670,Piquete Suspencion DT 132Kv,APSD1,S,AT Geografico,MARCOSPAZ                                                                                                                                    ,"{""type"":""Point"",""coordinates"":[-58.7716495911436,-34.781294706599]}",0101000020E61000007DF7EE69C5624DC0BDB00677016441C0
18083671,Piquete Suspencion DT 132Kv,APSD1,S,AT Geografico,MARCOSPAZ                                                                                                                                    ,"{""type"":""Point"",""coordinates"":[-58.7696514939023,-34.7812446136231]}",0101000020E61000005FD0ADF083624DC0FDD7D0D2FF6341C0
18083673,Piquete Suspencion DT 132Kv,APSD1,S,AT Geografico,MARCOSPAZ                                                                                                                                    ,"{""type"":""Point"",""coordinates"":[-58.7649686720772,-34.7786581462575]}",0101000020E6100000A284527EEA614DC05678F411AB6341C0
18083674,Piquete Suspencion DT 132Kv,APSD1,S,AT Geografico,MARCOSPAZ                                                                                                                                    ,"{""type"":""Point"",""coordinates"":[-58.7634991633352,-34.7774619049451]}",0101000020E61000002A863057BA614DC009D027DF836341C0
18083675,Piquete Suspencion DT 132Kv,APSD1,S,AT Geografico,MARCOSPAZ                                                                                                                                    ,"{""type"":""Point"",""coordinates"":[-58.7621298375295,-34.7762859180735]}",0101000020E610000060BF73788D614DC0483C43565D6341C0
18083676,Piquete Suspencion DT 132Kv,APSD1,S,AT Geografico,MARCOSPAZ                                                                                                                                    ,"{""type"":""Point"",""coordinates"":[-58.760813901217,-34.7751669372213]}",0101000020E6100000E008945962614DC0292792AB386341C0
18083677,Piquete Suspencion DT 132Kv,APSD1,S,AT Geografico,MARCOSPAZ                                                                                                                                    ,"{""type"":""Point"",""coordinates"":[-58.7595036911408,-34.7740598818099]}",0101000020E61000001352BD6A37614DC072C2EA64146341C0
18083678,Piquete Suspencion DT 132Kv,APSD1,S,AT Geografico,MARCOSPAZ                                                                                                                                    ,"{""type"":""Point"",""coordinates"":[-58.758184008759,-34.7729419328859]}",0101000020E610000031FC702C0C614DC0DFB9E1C2EF6241C0
18083679,Piquete Suspencion DT 132Kv,APSD1,S,AT Geografico,MERLO                                                                                                                                        ,"{""type"":""Point"",""coordinates"":[-58.7570110396949,-34.7719474509002]}",0101000020E6100000AF19DDBCE5604DC069EC8F2CCF6241C0
18083680,Piquete Suspencion DT 132Kv,APSD1,S,AT Geografico,MERLO                                                                                                                                        ,"{""type"":""Point"",""coordinates"":[-58.755328268432,-34.7705570342066]}",0101000020E61000006C54C198AE604DC063CFE69CA16241C0
18083683,Piquete Suspencion DT 132Kv,APSD1,S,AT Geografico,MERLO                                                                                                                                        ,"{""type"":""Point"",""coordinates"":[-58.7511573239201,-34.7693213977943]}",0101000020E6100000A43156EC25604DC0E1D1A11F796241C0
18083684,Piquete Suspencion DT 132Kv,APSD1,S,AT Geografico,MERLO                                                                                                                                        ,"{""type"":""Point"",""coordinates"":[-58.7497664382861,-34.7681501274255]}",0101000020E6100000E809BE58F85F4DC0F8DA4DBE526241C0
18083685,Piquete Suspencion DT 132Kv,APSD1,S,AT Geografico,MERLO                                                                                                                                        ,"{""type"":""Point"",""coordinates"":[-58.7483743668965,-34.7669772508785]}",0101000020E61000001B7E33BBCA5F4DC044A6804F2C6241C0
18083686,Piquete Suspencion DT 132Kv,APSD1,S,AT Geografico,MERLO                                                                                                                                        ,"{""type"":""Point"",""coordinates"":[-58.7469987438492,-34.7658038722356]}",0101000020E6100000217EA3A79D5F4DC071337DDC056241C0
18083688,Piquete Suspencion DT 132Kv,APSD1,S,AT Geografico,MERLO                                                                                                                                        ,"{""type"":""Point"",""coordinates"":[-58.7470251455601,-34.7635515549468]}",0101000020E610000033BC1C859E5F4DC040A7AE0EBC6141C0
18083690,Piquete Suspencion DT 132Kv,APSD1,S,AT Geografico,MERLO                                                                                                                                        ,"{""type"":""Point"",""coordinates"":[-58.747093952528,-34.7614866688726]}",0101000020E6100000D9924EC6A05F4DC0EF922965786141C0
18083691,Piquete Suspencion DT 132Kv,APSD1,S,AT Geografico,MERLO                                                                                                                                        ,"{""type"":""Point"",""coordinates"":[-58.7457229652112,-34.7603247066881]}",0101000020E6100000A8BAA1D9735F4DC075C8EA51526141C0
18083692,Piquete Suspencion DT 132Kv,APSD1,S,AT Geografico,MERLO                                                                                                                                        ,"{""type"":""Point"",""coordinates"":[-58.7443460412433,-34.7591576652989]}",0101000020E6100000000628BB465F4DC0B17B10142C6141C0
18083693,Piquete Suspencion DT 132Kv,APSD1,S,AT Geografico,MERLO                                                                                                                                        ,"{""type"":""Point"",""coordinates"":[-58.7431057315674,-34.7581063733573]}",0101000020E6100000AC46AF161E5F4DC0B43A30A1096141C0
18083694,Piquete Suspencion DT 132Kv,APSD1,S,AT Geografico,MERLO                                                                                                                                        ,"{""type"":""Point"",""coordinates"":[-58.7418660765198,-34.7570555975314]}",0101000020E61000000955B477F55E4DC05953A432E76041C0
18083695,Piquete Suspencion DT 132Kv,APSD1,S,AT Geografico,MERLO                                                                                                                                        ,"{""type"":""Point"",""coordinates"":[-58.7406148906264,-34.7559950084745]}",0101000020E6100000E915FF77CC5E4DC02BABC671C46041C0
18083696,Piquete Suspencion DT 132Kv,APSD1,S,AT Geografico,MERLO                                                                                                                                        ,"{""type"":""Point"",""coordinates"":[-58.7393583928675,-34.754929876995]}",0101000020E6100000C6B1BA4BA35E4DC0C23BCE8AA16041C0
18083697,Piquete Suspencion DT 132Kv,APSD1,S,AT Geografico,MERLO                                                                                                                                        ,"{""type"":""Point"",""coordinates"":[-58.7381068603193,-34.753868928355]}",0101000020E61000002A031D497A5E4DC0AC60ECC67E6041C0
18083699,Piquete Suspencion DT 132Kv,APSD1,S,AT Geografico,MERLO                                                                                                                                        ,"{""type"":""Point"",""coordinates"":[-58.7360978659471,-34.7533997357188]}",0101000020E6100000FA727274385E4DC01EDD0C676F6041C0
18083701,Piquete Suspencion DT 132Kv,APSD1,S,AT Geografico,MERLO                                                                                                                                        ,"{""type"":""Point"",""coordinates"":[-58.7339419921018,-34.7530885010231]}",0101000020E61000007E9EAACFF15D4DC0AC713934656041C0
18083702,Piquete Suspencion DT 132Kv,APSD1,S,AT Geografico,MERLO                                                                                                                                        ,"{""type"":""Point"",""coordinates"":[-58.7328493368682,-34.7521589084444]}",0101000020E61000003E5FCF01CE5D4DC0FC943CBE466041C0
18083703,Piquete Suspencion DT 132Kv,APSD1,S,AT Geografico,MERLO                                                                                                                                        ,"{""type"":""Point"",""coordinates"":[-58.7314668974895,-34.7509853853922]}",0101000020E6100000736911B5A05D4DC04B04034A206041C0
18083704,Piquete Suspencion DT 132Kv,APSD1,S,AT Geografico,MERLO                                                                                                                                        ,"{""type"":""Point"",""coordinates"":[-58.7301201693429,-34.7498228273258]}",0101000020E610000023BDE493745D4DC04594C431FA5F41C0
18083705,Piquete Suspencion DT 132Kv,APSD1,S,AT Geografico,MERLO                                                                                                                                        ,"{""type"":""Point"",""coordinates"":[-58.7287731836309,-34.7486827319603]}",0101000020E6100000C1F28E70485D4DC0BD6CF4D5D45F41C0
18083706,Piquete Suspencion DT 132Kv,APSD1,S,AT Geografico,MERLO                                                                                                                                        ,"{""type"":""Point"",""coordinates"":[-58.7273388599242,-34.7474694327613]}",0101000020E6100000033E9470195D4DC0113C1014AD5F41C0
18083707,Piquete Suspencion DT 132Kv,APSD1,S,AT Geografico,MERLO                                                                                                                                        ,"{""type"":""Point"",""coordinates"":[-58.7258734546557,-34.746227298003]}",0101000020E6100000F263DE6BE95C4DC010274860845F41C0
18083708,Piquete Suspencion DT 132Kv,APSD1,S,AT Geografico,MERLO                                                                                                                                        ,"{""type"":""Point"",""coordinates"":[-58.7245024848757,-34.7450650227414]}",0101000020E6100000B134577FBC5C4DC0AD08694A5E5F41C0
18083709,Piquete Suspencion DT 132Kv,APSD1,S,AT Geografico,MERLO                                                                                                                                        ,"{""type"":""Point"",""coordinates"":[-58.7234252575624,-34.7441517738516]}",0101000020E6100000542AE732995C4DC0FEF9855D405F41C0
18083710,Piquete Suspencion DT 132Kv,APSD1,S,AT Geografico,MERLO                                                                                                                                        ,"{""type"":""Point"",""coordinates"":[-58.7220237608649,-34.7429606024489]}",0101000020E6100000C8EC4B466B5C4DC006DE4055195F41C0
18083711,Piquete Suspencion DT 132Kv,APSD1,S,AT Geografico,MERLO                                                                                                                                        ,"{""type"":""Point"",""coordinates"":[-58.7206765567523,-34.7418136351592]}",0101000020E61000005F1F21213F5C4DC0235ECBBFF35E41C0
18083712,Piquete Suspencion DT 132Kv,APSD1,S,AT Geografico,MERLO                                                                                                                                        ,"{""type"":""Point"",""coordinates"":[-58.7192882759783,-34.7406289929561]}",0101000020E610000087DC62A3115C4DC0A59B4BEECC5E41C0
18083713,Piquete Suspencion DT 132Kv,APSD1,S,AT Geografico,MERLO                                                                                                                                        ,"{""type"":""Point"",""coordinates"":[-58.7179188393058,-34.7394510233483]}",0101000020E61000001C00B8C3E45B4DC02423C554A65E41C0
18083716,Piquete Suspencion DT 132Kv,APSD1,S,AT Geografico,MERLO                                                                                                                                        ,"{""type"":""Point"",""coordinates"":[-58.7171871809665,-34.7375093302199]}",0101000020E610000045AE1FCACC5B4DC00CE5AAB4665E41C0
18083717,Piquete Suspencion DT 132Kv,APSD1,S,AT Geografico,MERLO                                                                                                                                        ,"{""type"":""Point"",""coordinates"":[-58.7178985317313,-34.7369367810804]}",0101000020E6100000EBD05D19E45B4DC0D5FAC6F1535E41C0
18083718,Piquete Suspencion DT 132Kv,APSD1,S,AT Geografico,MERLO                                                                                                                                        ,"{""type"":""Point"",""coordinates"":[-58.718616446743,-34.7363690550745]}",0101000020E61000008590AC9FFB5B4DC067AA5857415E41C0
18083719,Piquete Suspencion DT 132Kv,APSD1,S,AT Geografico,MERLO                                                                                                                                        ,"{""type"":""Point"",""coordinates"":[-58.7193306650694,-34.7357989517477]}",0101000020E6100000D8BDF806135C4DC0FD17F9A82E5E41C0
18083720,Piquete Suspencion DT 132Kv,APSD1,S,AT Geografico,MERLO                                                                                                                                        ,"{""type"":""Point"",""coordinates"":[-58.720030160062,-34.7352203580018]}",0101000020E6100000C7CCC2F2295C4DC04A7C60B31B5E41C0
18083721,Piquete Suspencion DT 132Kv,APSD1,S,AT Geografico,MERLO                                                                                                                                        ,"{""type"":""Point"",""coordinates"":[-58.7207346313633,-34.7346549109112]}",0101000020E61000006D664B08415C4DC0C91A102C095E41C0
18083722,Piquete Suspencion DT 132Kv,APSD1,S,AT Geografico,MERLO                                                                                                                                        ,"{""type"":""Point"",""coordinates"":[-58.7214447402418,-34.7340941831671]}",0101000020E6100000DE9A1E4D585C4DC0747156CCF65D41C0
18083723,Piquete Suspencion DT 132Kv,APSD1,S,AT Geografico,MERLO                                                                                                                                        ,"{""type"":""Point"",""coordinates"":[-58.722121710094,-34.7335441995639]}",0101000020E6100000F14AF47B6E5C4DC016A6BDC6E45D41C0
18083724,Piquete Suspencion DT 132Kv,APSD1,S,AT Geografico,MERLO                                                                                                                                        ,"{""type"":""Point"",""coordinates"":[-58.7227948260496,-34.7329910050354]}",0101000020E6100000E9CC758A845C4DC0D57135A6D25D41C0
18083726,Piquete Suspencion DT 132Kv,APSD1,S,AT Geografico,MERLO                                                                                                                                        ,"{""type"":""Point"",""coordinates"":[-58.7247784818672,-34.7314830062496]}",0101000020E6100000643B928AC55C4DC002B6323CA15D41C0
18083727,Piquete Suspencion DT 132Kv,APSD1,S,AT Geografico,MERLO                                                                                                                                        ,"{""type"":""Point"",""coordinates"":[-58.7261823986748,-34.7303444974982]}",0101000020E61000009C9E7A8BF35C4DC0BFC8B1ED7B5D41C0
18083728,Piquete Suspencion DT 132Kv,APSD1,S,AT Geografico,MERLO                                                                                                                                        ,"{""type"":""Point"",""coordinates"":[-58.727402518178,-34.7293443485974]}",0101000020E61000001B4D95861B5D4DC0C55FD6275B5D41C0
18083729,Piquete Suspencion DT 132Kv,APSD1,S,AT Geografico,MERLO                                                                                                                                        ,"{""type"":""Point"",""coordinates"":[-58.7287751514487,-34.7282742556296]}",0101000020E610000003CE1081485D4DC05B393F17385D41C0
18083732,Piquete Suspencion DT 132Kv,APSD1,S,AT Geografico,MERLO                                                                                                                                        ,"{""type"":""Point"",""coordinates"":[-58.7311862054381,-34.7279246086137]}",0101000020E61000004AD27382975D4DC08CF931A22C5D41C0
18083734,Piquete Suspencion DT 132Kv,APSD1,S,AT Geografico,MERLO                                                                                                                                        ,"{""type"":""Point"",""coordinates"":[-58.7330296235194,-34.7279070725901]}",0101000020E6100000E9012AEAD35D4DC099A6170F2C5D41C0
18083735,Piquete Suspencion DT 132Kv,APSD1,S,AT Geografico,MERLO                                                                                                                                        ,"{""type"":""Point"",""coordinates"":[-58.7342231369051,-34.7270390853195]}",0101000020E6100000A67C1406FB5D4DC0322EE39D0F5D41C0
18083736,Piquete Suspencion DT 132Kv,APSD1,S,AT Geografico,MERLO                                                                                                                                        ,"{""type"":""Point"",""coordinates"":[-58.7354317205339,-34.726157065125]}",0101000020E610000030116AA0225E4DC04A3CF7B6F25C41C0
18083737,Piquete Suspencion DT 132Kv,APSD1,S,AT Geografico,MERLO                                                                                                                                        ,"{""type"":""Point"",""coordinates"":[-58.7366394922374,-34.7252711217977]}",0101000020E6100000FD0CF0334A5E4DC0576D22AFD55C41C0
18083738,Piquete Suspencion DT 132Kv,APSD1,S,AT Geografico,MERLO                                                                                                                                        ,"{""type"":""Point"",""coordinates"":[-58.7378680031224,-34.7243982590979]}",0101000020E610000075166F75725E4DC0670D0815B95C41C0
18083739,Piquete Suspencion DT 132Kv,APSD1,S,AT Geografico,MERLO                                                                                                                                        ,"{""type"":""Point"",""coordinates"":[-58.738235161417,-34.7241280998885]}",0101000020E61000008F85617D7E5E4DC05F91C53AB05C41C0
18083740,Piquete Suspencion DT 132Kv,APSD1,S,AT Geografico,MERLO                                                                                                                                        ,"{""type"":""Point"",""coordinates"":[-58.739450611113,-34.7232494514774]}",0101000020E610000064DE4F51A65E4DC001792270935C41C0
18083741,Piquete Suspencion DT 132Kv,APSD1,S,AT Geografico,MERLO                                                                                                                                        ,"{""type"":""Point"",""coordinates"":[-58.7404348637983,-34.722553311619]}",0101000020E6100000766AD291C65E4DC099827DA07C5C41C0
18718306,Piquete Suspencion DT 132Kv,APSD1,S,AT Geografico,ESCOBAR                                                                                                                                      ,"{""type"":""Point"",""coordinates"":[-58.8082645700006,-34.3959194083855]}",0101000020E61000008055A33675674DC00C6FB77CAD3241C0
18718307,Piquete Suspencion DT 132Kv,APSD1,S,AT Geografico,ESCOBAR                                                                                                                                      ,"{""type"":""Point"",""coordinates"":[-58.8102166694771,-34.3958510488408]}",0101000020E6100000020A092EB5674DC0DF6D463FAB3241C0
18718308,Piquete Suspencion DT 132Kv,APSD1,S,AT Geografico,ESCOBAR                                                                                                                                      ,"{""type"":""Point"",""coordinates"":[-58.8119869788123,-34.3957857487908]}",0101000020E61000006E637730EF674DC0C7A37F1BA93241C0
18718309,Piquete Suspencion DT 132Kv,APSD1,S,AT Geografico,ESCOBAR                                                                                                                                      ,"{""type"":""Point"",""coordinates"":[-58.8133694489111,-34.3957345819302]}",0101000020E6100000C551777D1C684DC0ABA4476EA73241C0
18718310,Piquete Suspencion DT 132Kv,APSD1,S,AT Geografico,ESCOBAR                                                                                                                                      ,"{""type"":""Point"",""coordinates"":[-58.814955149478,-34.3956784065305]}",0101000020E6100000795B497350684DC01CE40B97A53241C0
18718311,Piquete Suspencion DT 132Kv,APSD1,S,AT Geografico,ESCOBAR                                                                                                                                      ,"{""type"":""Point"",""coordinates"":[-58.8170370414282,-34.3956019051437]}",0101000020E6100000FE4676AB94684DC0E7694E15A33241C0
18718312,Piquete Suspencion DT 132Kv,APSD1,S,AT Geografico,ESCOBAR                                                                                                                                      ,"{""type"":""Point"",""coordinates"":[-58.8189935599866,-34.3955310307641]}",0101000020E610000070E3EDC7D4684DC0AFD7C4C2A03241C0
18718313,Piquete Suspencion DT 132Kv,APSD1,S,AT Geografico,ESCOBAR                                                                                                                                      ,"{""type"":""Point"",""coordinates"":[-58.8210306932445,-34.3954569123921]}",0101000020E6100000A63FA48817694DC0C3D904559E3241C0
18718314,Piquete Suspencion DT 132Kv,APSD1,S,AT Geografico,ESCOBAR                                                                                                                                      ,"{""type"":""Point"",""coordinates"":[-58.8227479257196,-34.3953949219409]}",0101000020E6100000A8E8D4CD4F694DC0C75E014D9C3241C0
18718315,Piquete Suspencion DT 132Kv,APSD1,S,AT Geografico,ESCOBAR                                                                                                                                      ,"{""type"":""Point"",""coordinates"":[-58.8245379349016,-34.3953284602503]}",0101000020E6100000625B84758A694DC0F9F97B1F9A3241C0
18718316,Piquete Suspencion DT 132Kv,APSD1,S,AT Geografico,ESCOBAR                                                                                                                                      ,"{""type"":""Point"",""coordinates"":[-58.8264745528011,-34.3952586361701]}",0101000020E6100000DEA00BEBC9694DC0F4E7C1D5973241C0
18718317,Piquete Suspencion DT 132Kv,APSD1,S,AT Geografico,ESCOBAR                                                                                                                                      ,"{""type"":""Point"",""coordinates"":[-58.8287684145353,-34.3951756950522]}",0101000020E61000008A315A15156A4DC02736FF1D953241C0
18718318,Piquete Suspencion DT 132Kv,APSD1,S,AT Geografico,ESCOBAR                                                                                                                                      ,"{""type"":""Point"",""coordinates"":[-58.8305778433748,-34.395109805791]}",0101000020E6100000D609F15F506A4DC0BD1947F5923241C0
18718319,Piquete Suspencion DT 132Kv,APSD1,S,AT Geografico,ESCOBAR                                                                                                                                      ,"{""type"":""Point"",""coordinates"":[-58.8322704638127,-34.3950478652419]}",0101000020E61000004AC0ABD6876A4DC0C4C8AEED903241C0
18719713,Piquete Suspencion DT 132Kv,APSD1,S,AT Geografico,ESCOBAR                                                                                                                                      ,"{""type"":""Point"",""coordinates"":[-58.8049090873712,-34.3951223270688]}",0101000020E61000009341CF4207674DC00457505E933241C0
19258182,Piquete Suspencion DT 132Kv,APSD1,S,AT Geografico,LAMATANZA                                                                                                                                    ,"{""type"":""Point"",""coordinates"":[-58.5882782975361,-34.7756793984187]}",0101000020E61000009D6E08B44C4B4DC0CE316876496341C0
19258183,Piquete Suspencion DT 132Kv,APSD1,S,AT Geografico,LAMATANZA                                                                                                                                    ,"{""type"":""Point"",""coordinates"":[-58.5844025693889,-34.7753491711798]}",0101000020E6100000A99C11B4CD4A4DC0569942A43E6341C0
19258185,Piquete Suspencion DT 132Kv,APSD1,S,AT Geografico,LAMATANZA                                                                                                                                    ,"{""type"":""Point"",""coordinates"":[-58.5892166938409,-34.7749155064411]}",0101000020E6100000E726DF736B4B4DC0FCA96A6E306341C0
19258186,Piquete Suspencion DT 132Kv,APSD1,S,AT Geografico,LAMATANZA                                                                                                                                    ,"{""type"":""Point"",""coordinates"":[-58.5835073524469,-34.7745860863019]}",0101000020E610000016DE715EB04A4DC03B4D0AA3256341C0
19258187,Piquete Suspencion DT 132Kv,APSD1,S,AT Geografico,LAMATANZA                                                                                                                                    ,"{""type"":""Point"",""coordinates"":[-58.5958989495201,-34.7744155058605]}",0101000020E610000070F4B16A464C4DC0D7971B0C206341C0
19258188,Piquete Suspencion DT 132Kv,APSD1,S,AT Geografico,LAMATANZA                                                                                                                                    ,"{""type"":""Point"",""coordinates"":[-58.5902681757986,-34.7740600280782]}",0101000020E6100000597657E88D4B4DC053DE2466146341C0
19258190,Piquete Suspencion DT 132Kv,APSD1,S,AT Geografico,LAMATANZA                                                                                                                                    ,"{""type"":""Point"",""coordinates"":[-58.5951626261172,-34.7737543635093]}",0101000020E6100000C47CF7492E4C4DC06C340B620A6341C0
19258191,Piquete Suspencion DT 132Kv,APSD1,S,AT Geografico,LAMATANZA                                                                                                                                    ,"{""type"":""Point"",""coordinates"":[-58.5912182112953,-34.773286545986]}",0101000020E61000001128D109AD4B4DC033B9B40DFB6241C0
19258192,Piquete Suspencion DT 132Kv,APSD1,S,AT Geografico,LAMATANZA                                                                                                                                    ,"{""type"":""Point"",""coordinates"":[-58.5945517695546,-34.7732050730782]}",0101000020E61000000F02BB451A4C4DC072FC4262F86241C0
19258193,Piquete Suspencion DT 132Kv,APSD1,S,AT Geografico,LAMATANZA                                                                                                                                    ,"{""type"":""Point"",""coordinates"":[-58.5921601679902,-34.7725203372372]}",0101000020E610000088C185E7CB4B4DC0DDF647F2E16241C0
19258194,Piquete Suspencion DT 132Kv,APSD1,S,AT Geografico,LAMATANZA                                                                                                                                    ,"{""type"":""Point"",""coordinates"":[-58.593772466135,-34.7725057069221]}",0101000020E610000059A875BC004C4DC0119A8D77E16241C0
19259430,Piquete Suspencion DT 132Kv,APSD1,S,AT Geografico,LAMATANZA                                                                                                                                    ,"{""type"":""Point"",""coordinates"":[-58.5826281382436,-34.773828984299]}",0101000020E610000024BE0F8F934A4DC0662102D40C6341C0
19259431,Piquete Suspencion DT 132Kv,APSD1,S,AT Geografico,LAMATANZA                                                                                                                                    ,"{""type"":""Point"",""coordinates"":[-58.5816376582016,-34.7729754137613]}",0101000020E6100000880C501A734A4DC0C15BBDDBF06241C0
19259432,Piquete Suspencion DT 132Kv,APSD1,S,AT Geografico,LAMATANZA                                                                                                                                    ,"{""type"":""Point"",""coordinates"":[-58.5806960063873,-34.7721646911992]}",0101000020E6100000F12C2A3F544A4DC0CDE9E74AD66241C0
19259433,Piquete Suspencion DT 132Kv,APSD1,S,AT Geografico,LAMATANZA                                                                                                                                    ,"{""type"":""Point"",""coordinates"":[-58.5797568345457,-34.7713557922035]}",0101000020E6100000CA00D278354A4DC0088C5EC9BB6241C0
19259434,Piquete Suspencion DT 132Kv,APSD1,S,AT Geografico,LAMATANZA                                                                                                                                    ,"{""type"":""Point"",""coordinates"":[-58.5788189920756,-34.7705482338916]}",0101000020E61000005DA2A0BD164A4DC008471453A16241C0
19259435,Piquete Suspencion DT 132Kv,APSD1,S,AT Geografico,LAMATANZA                                                                                                                                    ,"{""type"":""Point"",""coordinates"":[-58.5778742082443,-34.7697344373045]}",0101000020E610000035CE34C8F7494DC0F16975A8866241C0
19259436,Piquete Suspencion DT 132Kv,APSD1,S,AT Geografico,LAMATANZA                                                                                                                                    ,"{""type"":""Point"",""coordinates"":[-58.5769363144887,-34.7689262924262]}",0101000020E6100000414D950CD9494DC0A4803F2D6C6241C0
19259437,Piquete Suspencion DT 132Kv,APSD1,S,AT Geografico,LAMATANZA                                                                                                                                    ,"{""type"":""Point"",""coordinates"":[-58.5759645350284,-34.7680890967892]}",0101000020E61000002ACDB434B9494DC0DF8F57BE506241C0
19278591,Piquete Suspencion DT 132Kv,APSD1,S,AT Geografico,LAMATANZA                                                                                                                                    ,"{""type"":""Point"",""coordinates"":[-58.5324281729699,-34.7201511577504]}",0101000020E6100000F72F3B9B26444DC0705BC3E92D5C41C0
19278593,Piquete Suspencion DT 132Kv,APSD1,S,AT Geografico,LAMATANZA                                                                                                                                    ,"{""type"":""Point"",""coordinates"":[-58.5406798371055,-34.7195220266622]}",0101000020E6100000C1FC34FF34454DC007A23A4C195C41C0
19278594,Piquete Suspencion DT 132Kv,APSD1,S,AT Geografico,LAMATANZA                                                                                                                                    ,"{""type"":""Point"",""coordinates"":[-58.5391255092272,-34.719481104592]}",0101000020E6100000FB488F1002454DC00628F3F4175C41C0
19278595,Piquete Suspencion DT 132Kv,APSD1,S,AT Geografico,LAMATANZA                                                                                                                                    ,"{""type"":""Point"",""coordinates"":[-58.5374365430895,-34.7194360521249]}",0101000020E61000004C1F7CB8CA444DC04DB8057B165C41C0
19278596,Piquete Suspencion DT 132Kv,APSD1,S,AT Geografico,LAMATANZA                                                                                                                                    ,"{""type"":""Point"",""coordinates"":[-58.5356373740533,-34.7193880342434]}",0101000020E61000007A09F6C38F444DC0CA1A38E8145C41C0
19287201,Piquete Suspencion DT 132Kv,APSD1,S,AT Geografico,LAMATANZA                                                                                                                                    ,"{""type"":""Point"",""coordinates"":[-58.5031562934339,-34.7094258465119]}",0101000020E6100000A389E86C67404DC050DA5477CE5A41C0
19287202,Piquete Suspencion DT 132Kv,APSD1,S,AT Geografico,LAMATANZA                                                                                                                                    ,"{""type"":""Point"",""coordinates"":[-58.5020851222344,-34.7081283362823]}",0101000020E61000000AE7455344404DC003DA06F3A35A41C0
19330677,Piquete Suspencion DT 132Kv,APSD1,S,AT Geografico,LAMATANZA                                                                                                                                    ,"{""type"":""Point"",""coordinates"":[-58.7348820363063,-34.8611935895103]}",0101000020E6100000372D549D105E4DC05A3C6F973B6E41C0
19330722,Piquete Suspencion DT 132Kv,APSD1,S,AT Geografico,LAMATANZA                                                                                                                                    ,"{""type"":""Point"",""coordinates"":[-58.6635008504622,-34.8026031715914]}",0101000020E610000040CD8A98ED544DC04FD362B3BB6641C0
19330723,Piquete Suspencion DT 132Kv,APSD1,S,AT Geografico,LAMATANZA                                                                                                                                    ,"{""type"":""Point"",""coordinates"":[-58.661799360538,-34.801590659462]}",0101000020E61000001B0369D7B5544DC08F95D1859A6641C0
19330724,Piquete Suspencion DT 132Kv,APSD1,S,AT Geografico,LAMATANZA                                                                                                                                    ,"{""type"":""Point"",""coordinates"":[-58.6597594782154,-34.8003767155886]}",0101000020E61000009F14A3FF72544DC06FF784BE726641C0
19330725,Piquete Suspencion DT 132Kv,APSD1,S,AT Geografico,LAMATANZA                                                                                                                                    ,"{""type"":""Point"",""coordinates"":[-58.6579702321348,-34.7993118697469]}",0101000020E61000005B615A5E38544DC00AEFF1D94F6641C0
19330726,Piquete Suspencion DT 132Kv,APSD1,S,AT Geografico,LAMATANZA                                                                                                                                    ,"{""type"":""Point"",""coordinates"":[-58.6561582101767,-34.7982334150442]}",0101000020E6100000FDDA02FEFC534DC0361836832C6641C0
19330727,Piquete Suspencion DT 132Kv,APSD1,S,AT Geografico,LAMATANZA                                                                                                                                    ,"{""type"":""Point"",""coordinates"":[-58.6543059383987,-34.7971309487142]}",0101000020E61000001E80074CC0534DC0ABAD0D63086641C0
19330728,Piquete Suspencion DT 132Kv,APSD1,S,AT Geografico,LAMATANZA                                                                                                                                    ,"{""type"":""Point"",""coordinates"":[-58.6525833160929,-34.7961055982898]}",0101000020E61000006644A0D987534DC0A068CAC9E66541C0
19330729,Piquete Suspencion DT 132Kv,APSD1,S,AT Geografico,LAMATANZA                                                                                                                                    ,"{""type"":""Point"",""coordinates"":[-58.6509573008124,-34.7951377057658]}",0101000020E6100000790A9F9152534DC0510A8512C76541C0
19330730,Piquete Suspencion DT 132Kv,APSD1,S,AT Geografico,LAMATANZA                                                                                                                                    ,"{""type"":""Point"",""coordinates"":[-58.6493218893818,-34.794164175934]}",0101000020E610000063BCCBFA1C534DC044A5F52BA76541C0
19330731,Piquete Suspencion DT 132Kv,APSD1,S,AT Geografico,LAMATANZA                                                                                                                                    ,"{""type"":""Point"",""coordinates"":[-58.6476129792728,-34.7931468463128]}",0101000020E610000089386BFBE4524DC06AEBFAD5856541C0
19330732,Piquete Suspencion DT 132Kv,APSD1,S,AT Geografico,LAMATANZA                                                                                                                                    ,"{""type"":""Point"",""coordinates"":[-58.6457460815051,-34.7920354098641]}",0101000020E6100000CDCABECEA7524DC0F651936A616541C0
19330733,Piquete Suspencion DT 132Kv,APSD1,S,AT Geografico,LAMATANZA                                                                                                                                    ,"{""type"":""Point"",""coordinates"":[-58.6439722169981,-34.7909793061665]}",0101000020E61000000BC57DAE6D524DC021E655CF3E6541C0
19330734,Piquete Suspencion DT 132Kv,APSD1,S,AT Geografico,LAMATANZA                                                                                                                                    ,"{""type"":""Point"",""coordinates"":[-58.6421218150404,-34.7898775788367]}",0101000020E6100000C6D2310C31524DC03D7960B51A6541C0
19381070,Piquete Suspencion DT 132Kv,APSD1,S,AT Geografico,LAMATANZA                                                                                                                                    ,"{""type"":""Point"",""coordinates"":[-58.6908832060136,-34.8722521380881]}",0101000020E6100000889763DC6E584DC0307A43F5A56F41C0
19381100,Piquete Suspencion DT 132Kv,APSD1,S,AT Geografico,LAMATANZA                                                                                                                                    ,"{""type"":""Point"",""coordinates"":[-58.6853065932317,-34.8767319184238]}",0101000020E6100000E7D45E20B8574DC0AF7E62C0387041C0
19381105,Piquete Suspencion DT 132Kv,APSD1,S,AT Geografico,LAMATANZA                                                                                                                                    ,"{""type"":""Point"",""coordinates"":[-58.6844074491432,-34.8774538729662]}",0101000020E6100000BE9ACDA99A574DC0BA119468507041C0
19862808,Piquete Suspencion DT 132Kv,APSD1,S,AT Geografico,SANFERNANDO                                                                                                                                  ,"{""type"":""Point"",""coordinates"":[-58.5595641282375,-34.4574307454583]}",0101000020E6100000BC651FCC9F474DC0D3F635178D3A41C0
19863336,Piquete Suspencion DT 132Kv,APSD1,S,AT Geografico,SANFERNANDO                                                                                                                                  ,"{""type"":""Point"",""coordinates"":[-58.5606423698449,-34.4570405211802]}",0101000020E6100000349E1121C3474DC03AB5C54D803A41C0
19863337,Piquete Suspencion DT 132Kv,APSD1,S,AT Geografico,SANFERNANDO                                                                                                                                  ,"{""type"":""Point"",""coordinates"":[-58.5616059883827,-34.4566895868248]}",0101000020E6100000B5AB7CB4E2474DC005EBEBCD743A41C0
19863347,Piquete Suspencion DT 132Kv,APSD1,S,AT Geografico,SANFERNANDO                                                                                                                                  ,"{""type"":""Point"",""coordinates"":[-58.5680063890736,-34.4534102888691]}",0101000020E6100000BA7EF06EB4484DC06D2E2D59093A41C0
19931300,Piquete Suspencion DT 132Kv,APSD1,S,AT Geografico,TIGRE                                                                                                                                        ,"{""type"":""Point"",""coordinates"":[-58.5845421734853,-34.4372415100134]}",0101000020E610000041202747D24A4DC006FBA087F73741C0
19931301,Piquete Suspencion DT 132Kv,APSD1,S,AT Geografico,TIGRE                                                                                                                                        ,"{""type"":""Point"",""coordinates"":[-58.5847752782796,-34.4364779150708]}",0101000020E61000002BDC93EAD94A4DC0E0532182DE3741C0
19931302,Piquete Suspencion DT 132Kv,APSD1,S,AT Geografico,TIGRE                                                                                                                                        ,"{""type"":""Point"",""coordinates"":[-58.5850455100726,-34.4355773458838]}",0101000020E6100000803772C5E24A4DC084B99BFFC03741C0
19931304,Piquete Suspencion DT 132Kv,APSD1,S,AT Geografico,TIGRE                                                                                                                                        ,"{""type"":""Point"",""coordinates"":[-58.5851552131729,-34.4339026664608]}",0101000020E6100000A8D4B35DE64A4DC04E0C611F8A3741C0
20454348,Piquete Suspencion DT 132Kv,APSD1,S,AT Geografico,TIGRE                                                                                                                                        ,"{""type"":""Point"",""coordinates"":[-58.6371634085273,-34.4667853265992]}",0101000020E610000095EA10928E514DC082FF1F9FBF3B41C0
20454351,Piquete Suspencion DT 132Kv,APSD1,S,AT Geografico,TIGRE                                                                                                                                        ,"{""type"":""Point"",""coordinates"":[-58.6355514545743,-34.4674264635895]}",0101000020E6100000392904C059514DC06F335FA1D43B41C0
20454354,Piquete Suspencion DT 132Kv,APSD1,S,AT Geografico,TIGRE                                                                                                                                        ,"{""type"":""Point"",""coordinates"":[-58.6337812508697,-34.4681306566248]}",0101000020E6100000D6A678BE1F514DC0B63A92B4EB3B41C0
20454355,Piquete Suspencion DT 132Kv,APSD1,S,AT Geografico,TIGRE                                                                                                                                        ,"{""type"":""Point"",""coordinates"":[-58.6320338526012,-34.4688250949667]}",0101000020E610000091713B7CE6504DC08A36F175023C41C0
20454358,Piquete Suspencion DT 132Kv,APSD1,S,AT Geografico,TIGRE                                                                                                                                        ,"{""type"":""Point"",""coordinates"":[-58.6303929131117,-34.4694776364633]}",0101000020E6100000F2B808B7B0504DC01D68DBD7173C41C0
20454359,Piquete Suspencion DT 132Kv,APSD1,S,AT Geografico,TIGRE                                                                                                                                        ,"{""type"":""Point"",""coordinates"":[-58.628582865728,-34.470197236285]}",0101000020E61000005E90416775504DC0C5414C6C2F3C41C0
20454368,Piquete Suspencion DT 132Kv,APSD1,S,AT Geografico,TIGRE                                                                                                                                        ,"{""type"":""Point"",""coordinates"":[-58.6267727935986,-34.4709168408798]}",0101000020E6100000A94345173A504DC06B5BC700473C41C0
20454371,Piquete Suspencion DT 132Kv,APSD1,S,AT Geografico,TIGRE                                                                                                                                        ,"{""type"":""Point"",""coordinates"":[-58.6252074616391,-34.4715393843616]}",0101000020E61000003D7A50CC06504DC0EF4D0D675B3C41C0
20454374,Piquete Suspencion DT 132Kv,APSD1,S,AT Geografico,TIGRE                                                                                                                                        ,"{""type"":""Point"",""coordinates"":[-58.6235683773154,-34.4722500188771]}",0101000020E6100000DEB1AD16D14F4DC0674E49B0723C41C0
20454375,Piquete Suspencion DT 132Kv,APSD1,S,AT Geografico,TIGRE                                                                                                                                        ,"{""type"":""Point"",""coordinates"":[-58.6201059429075,-34.4728613854363]}",0101000020E6100000E76BACA15F4F4DC0BFFECCB8863C41C0
20454379,Piquete Suspencion DT 132Kv,APSD1,S,AT Geografico,TIGRE                                                                                                                                        ,"{""type"":""Point"",""coordinates"":[-58.6179937263858,-34.4734513973088]}",0101000020E6100000E3FA1D6B1A4F4DC0E7D72D0E9A3C41C0
20454380,Piquete Suspencion DT 132Kv,APSD1,S,AT Geografico,TIGRE                                                                                                                                        ,"{""type"":""Point"",""coordinates"":[-58.6169102178347,-34.4736773973892]}",0101000020E61000008C15FDE9F64E4DC007520176A13C41C0
20454382,Piquete Suspencion DT 132Kv,APSD1,S,AT Geografico,TIGRE                                                                                                                                        ,"{""type"":""Point"",""coordinates"":[-58.6147071631045,-34.4739871756663]}",0101000020E61000004E136DB9AE4E4DC0EA1A9D9CAB3C41C0
20454383,Piquete Suspencion DT 132Kv,APSD1,S,AT Geografico,TIGRE                                                                                                                                        ,"{""type"":""Point"",""coordinates"":[-58.6130812731616,-34.4741081646052]}",0101000020E610000077027972794E4DC078DF8A93AF3C41C0
20454384,Piquete Suspencion DT 132Kv,APSD1,S,AT Geografico,TIGRE                                                                                                                                        ,"{""type"":""Point"",""coordinates"":[-58.6114462394877,-34.4742060230077]}",0101000020E61000004CEED0DE434E4DC02A3170C8B23C41C0
20454388,Piquete Suspencion DT 132Kv,APSD1,S,AT Geografico,TIGRE                                                                                                                                        ,"{""type"":""Point"",""coordinates"":[-58.6053249826158,-34.4731793707628]}",0101000020E6100000B3E4FD497B4D4DC0BA484124913C41C0
20454389,Piquete Suspencion DT 132Kv,APSD1,S,AT Geografico,TIGRE                                                                                                                                        ,"{""type"":""Point"",""coordinates"":[-58.6028336099547,-34.4708989990451]}",0101000020E6100000B2D7D7A6294D4DC01B4F1C6B463C41C0
20454392,Piquete Suspencion DT 132Kv,APSD1,S,AT Geografico,TIGRE                                                                                                                                        ,"{""type"":""Point"",""coordinates"":[-58.6008102421504,-34.4688898347682]}",0101000020E6100000A9919A59E74C4DC0CBE00495043C41C0
20454393,Piquete Suspencion DT 132Kv,APSD1,S,AT Geografico,SANFERNANDO                                                                                                                                  ,"{""type"":""Point"",""coordinates"":[-58.5992467920931,-34.4682895112965]}",0101000020E6100000E5226F1EB44C4DC0050A24E9F03B41C0
20454394,Piquete Suspencion DT 132Kv,APSD1,S,AT Geografico,SANFERNANDO                                                                                                                                  ,"{""type"":""Point"",""coordinates"":[-58.5976833649921,-34.4676891683182]}",0101000020E61000008A0075E3804C4DC05C4F193DDD3B41C0
21386493,Piquete Suspencion DT 132Kv,APSD1,S,AT Geografico,MERLO                                                                                                                                        ,"{""type"":""Point"",""coordinates"":[-58.7423567125482,-34.7211238868794]}",0101000020E6100000282E758B055F4DC077419BC94D5C41C0
21386494,Piquete Suspencion DT 132Kv,APSD1,S,AT Geografico,MERLO                                                                                                                                        ,"{""type"":""Point"",""coordinates"":[-58.7438142040793,-34.7200494309685]}",0101000020E61000001069C84D355F4DC0AFC16A942A5C41C0
21386495,Piquete Suspencion DT 132Kv,APSD1,S,AT Geografico,MERLO                                                                                                                                        ,"{""type"":""Point"",""coordinates"":[-58.7452390895957,-34.7189989674238]}",0101000020E6100000DCC196FE635F4DC0B9787D28085C41C0
21386496,Piquete Suspencion DT 132Kv,APSD1,S,AT Geografico,MERLO                                                                                                                                        ,"{""type"":""Point"",""coordinates"":[-58.7466680101246,-34.7179454848509]}",0101000020E61000002D3A3ED1925F4DC06ADF3CA3E55B41C0
21386498,Piquete Suspencion DT 132Kv,APSD1,S,AT Geografico,MERLO                                                                                                                                        ,"{""type"":""Point"",""coordinates"":[-58.7519217301741,-34.7140717580961]}",0101000020E6100000F41FA4F83E604DC08D0210B4665B41C0
21386499,Piquete Suspencion DT 132Kv,APSD1,S,AT Geografico,MERLO                                                                                                                                        ,"{""type"":""Point"",""coordinates"":[-58.7533260588468,-34.7130362024732]}",0101000020E61000005FFC00FD6C604DC03E3E31C5445B41C0
21386500,Piquete Suspencion DT 132Kv,APSD1,S,AT Geografico,MERLO                                                                                                                                        ,"{""type"":""Point"",""coordinates"":[-58.7547914080689,-34.7119556044429]}",0101000020E61000009C7A3E019D604DC09DA47A5C215B41C0
21386501,Piquete Suspencion DT 132Kv,APSD1,S,AT Geografico,MERLO                                                                                                                                        ,"{""type"":""Point"",""coordinates"":[-58.7561769421931,-34.7109338218382]}",0101000020E6100000B25AF267CA604DC0263525E1FF5A41C0
21386502,Piquete Suspencion DT 132Kv,APSD1,S,AT Geografico,MERLO                                                                                                                                        ,"{""type"":""Point"",""coordinates"":[-58.7575575581308,-34.7099156247204]}",0101000020E61000003A8164A5F7604DC0F48BE383DE5A41C0
21386503,Piquete Suspencion DT 132Kv,APSD1,S,AT Geografico,MERLO                                                                                                                                        ,"{""type"":""Point"",""coordinates"":[-58.7589788409469,-34.7088673927174]}",0101000020E61000008E1CFA3726614DC00A76AE2ABC5A41C0
21386504,Piquete Suspencion DT 132Kv,APSD1,S,AT Geografico,MERLO                                                                                                                                        ,"{""type"":""Point"",""coordinates"":[-58.7603642723511,-34.7078455597793]}",0101000020E6100000B965D19D53614DC07EEFECAE9A5A41C0
21386505,Piquete Suspencion DT 132Kv,APSD1,S,AT Geografico,MERLO                                                                                                                                        ,"{""type"":""Point"",""coordinates"":[-58.7617496697711,-34.7068237101909]}",0101000020E6100000ECB35F0381614DC05BA70733795A41C0
23258894,Piquete Suspencion DT 132Kv,APSD1,S,AT Geografico,MERLO                                                                                                                                        ,"{""type"":""Point"",""coordinates"":[-58.7715429522023,-34.6953069738382]}",0101000020E6100000889561EBC1624DC072A8A4D1FF5841C0
23258895,Piquete Suspencion DT 132Kv,APSD1,S,AT Geografico,MERLO                                                                                                                                        ,"{""type"":""Point"",""coordinates"":[-58.7706031328696,-34.6940382927459]}",0101000020E610000060EF9A1FA3624DC0FAC12C3FD65841C0
23258896,Piquete Suspencion DT 132Kv,APSD1,S,AT Geografico,MERLO                                                                                                                                        ,"{""type"":""Point"",""coordinates"":[-58.7696427453758,-34.6927368377233]}",0101000020E6100000107F4AA783624DC0C860C799AB5841C0
24413952,Piquete Suspencion DT 132Kv,APSD1,S,AT Geografico,LAMATANZA                                                                                                                                    ,"{""type"":""Point"",""coordinates"":[-58.6820375892327,-34.8793420061371]}",0101000020E6100000D032FA014D574DC0D02D63478E7041C0
24413954,Piquete Suspencion DT 132Kv,APSD1,S,AT Geografico,LAMATANZA                                                                                                                                    ,"{""type"":""Point"",""coordinates"":[-58.6824113687557,-34.8790440295335]}",0101000020E6100000B29C774159574DC0934BC783847041C0
24413955,Piquete Suspencion DT 132Kv,APSD1,S,AT Geografico,LAMATANZA                                                                                                                                    ,"{""type"":""Point"",""coordinates"":[-58.6828075185946,-34.8787292374927]}",0101000020E6100000D7E99C3C66574DC0F5881C337A7041C0
24413956,Piquete Suspencion DT 132Kv,APSD1,S,AT Geografico,LAMATANZA                                                                                                                                    ,"{""type"":""Point"",""coordinates"":[-58.6831553013376,-34.8784528316252]}",0101000020E6100000BEAA06A271574DC058747324717041C0
24413957,Piquete Suspencion DT 132Kv,APSD1,S,AT Geografico,LAMATANZA                                                                                                                                    ,"{""type"":""Point"",""coordinates"":[-58.6835220731175,-34.8781614004516]}",0101000020E61000002011BBA67D574DC046C6BF97677041C0
27417689,Piquete Suspencion DT 132Kv,APSD1,S,AT Geografico,TIGRE                                                                                                                                        ,"{""type"":""Point"",""coordinates"":[-58.6403538205093,-34.4807426887491]}",0101000020E61000005F7A2E1DF7514DC0F7FBF6F9883D41C0
27417690,Piquete Suspencion DT 132Kv,APSD1,S,AT Geografico,TIGRE                                                                                                                                        ,"{""type"":""Point"",""coordinates"":[-58.6416154299249,-34.4805000767307]}",0101000020E61000007211547420524DC055A4C906813D41C0
27417691,Piquete Suspencion DT 132Kv,APSD1,S,AT Geografico,TIGRE                                                                                                                                        ,"{""type"":""Point"",""coordinates"":[-58.632034841054,-34.4823151551873]}",0101000020E610000032218684E6504DC088F2C480BC3D41C0
27417692,Piquete Suspencion DT 132Kv,APSD1,S,AT Geografico,TIGRE                                                                                                                                        ,"{""type"":""Point"",""coordinates"":[-58.6194780759618,-34.4840663609368]}",0101000020E6100000276CBE0E4B4F4DC09DA8F2E2F53D41C0
27417693,Piquete Suspencion DT 132Kv,APSD1,S,AT Geografico,TIGRE                                                                                                                                        ,"{""type"":""Point"",""coordinates"":[-58.6306218816167,-34.4825757573491]}",0101000020E6100000CCD7C237B8504DC018D4DB0AC53D41C0
27417694,Piquete Suspencion DT 132Kv,APSD1,S,AT Geografico,TIGRE                                                                                                                                        ,"{""type"":""Point"",""coordinates"":[-58.6214605139121,-34.4838839120038]}",0101000020E61000000581A3048C4F4DC0EF8E74E8EF3D41C0
27417695,Piquete Suspencion DT 132Kv,APSD1,S,AT Geografico,TIGRE                                                                                                                                        ,"{""type"":""Point"",""coordinates"":[-58.6178455196779,-34.4842991276903]}",0101000020E6100000967FDE8F154F4DC0A8748983FD3D41C0
27417696,Piquete Suspencion DT 132Kv,APSD1,S,AT Geografico,TIGRE                                                                                                                                        ,"{""type"":""Point"",""coordinates"":[-58.6027100233661,-34.4861976521902]}",0101000020E610000010AA1F9A254D4DC03DC683B93B3E41C0
27417697,Piquete Suspencion DT 132Kv,APSD1,S,AT Geografico,TIGRE                                                                                                                                        ,"{""type"":""Point"",""coordinates"":[-58.6047675471343,-34.4859512381031]}",0101000020E6100000DF4FE205694D4DC0478D71A6333E41C0
27417698,Piquete Suspencion DT 132Kv,APSD1,S,AT Geografico,TIGRE                                                                                                                                        ,"{""type"":""Point"",""coordinates"":[-58.6095164107557,-34.4854444396229]}",0101000020E610000014493DA2044E4DC04B1A1C0B233E41C0
27417699,Piquete Suspencion DT 132Kv,APSD1,S,AT Geografico,TIGRE                                                                                                                                        ,"{""type"":""Point"",""coordinates"":[-58.601805140342,-34.4863060117176]}",0101000020E6100000B72A6AF3074D4DC0691680463F3E41C0
27417700,Piquete Suspencion DT 132Kv,APSD1,S,AT Geografico,SANISIDRO                                                                                                                                    ,"{""type"":""Point"",""coordinates"":[-58.5879059353787,-34.4874989095736]}",0101000020E6100000B7C96E80404B4DC02BBA405D663E41C0
27417701,Piquete Suspencion DT 132Kv,APSD1,S,AT Geografico,SANISIDRO                                                                                                                                    ,"{""type"":""Point"",""coordinates"":[-58.5864841634573,-34.4875885027477]}",0101000020E6100000E8D5BEE9114B4DC07C9AD04C693E41C0
27417702,Piquete Suspencion DT 132Kv,APSD1,S,AT Geografico,SANISIDRO                                                                                                                                    ,"{""type"":""Point"",""coordinates"":[-58.5932798863581,-34.4870829983192]}",0101000020E610000029A46698F04B4DC0FD1B56BC583E41C0
27417703,Piquete Suspencion DT 132Kv,APSD1,S,AT Geografico,SANISIDRO                                                                                                                                    ,"{""type"":""Point"",""coordinates"":[-58.5947235275659,-34.4867737025917]}",0101000020E610000059878AE61F4C4DC08D97C6994E3E41C0
27417704,Piquete Suspencion DT 132Kv,APSD1,S,AT Geografico,SANISIDRO                                                                                                                                    ,"{""type"":""Point"",""coordinates"":[-58.5405200862524,-34.5025744533945]}",0101000020E610000082A41EC32F454DC03B91145C544041C0
27417705,Piquete Suspencion DT 132Kv,APSD1,S,AT Geografico,SANISIDRO                                                                                                                                    ,"{""type"":""Point"",""coordinates"":[-58.5431088888998,-34.5013297172888]}",0101000020E6100000EDFE919784454DC05D227A922B4041C0
27417707,Piquete Suspencion DT 132Kv,APSD1,S,AT Geografico,SANISIDRO                                                                                                                                    ,"{""type"":""Point"",""coordinates"":[-58.5553746365441,-34.4938766539354]}",0101000020E6100000107E1E8416474DC08C74A659373F41C0
27417708,Piquete Suspencion DT 132Kv,APSD1,S,AT Geografico,SANISIDRO                                                                                                                                    ,"{""type"":""Point"",""coordinates"":[-58.5453996614972,-34.5002010884309]}",0101000020E6100000A8B0F6A7CF454DC0031EDA96064041C0
27417709,Piquete Suspencion DT 132Kv,APSD1,S,AT Geografico,SANISIDRO                                                                                                                                    ,"{""type"":""Point"",""coordinates"":[-58.5461181113034,-34.4998443535198]}",0101000020E61000008FE6C132E7454DC09DBA57E6FA3F41C0
27417710,Piquete Suspencion DT 132Kv,APSD1,S,AT Geografico,SANISIDRO                                                                                                                                    ,"{""type"":""Point"",""coordinates"":[-58.5544661141278,-34.4946537260967]}",0101000020E6100000A775E1BEF8464DC0013734D0503F41C0
27417711,Piquete Suspencion DT 132Kv,APSD1,S,AT Geografico,SANISIDRO                                                                                                                                    ,"{""type"":""Point"",""coordinates"":[-58.5506586241959,-34.4976132084364]}",0101000020E61000003F1757FB7B464DC05E2524CAB13F41C0
27517291,Piquete Suspencion DT 132Kv,APSD1,S,AT Geografico,MORENO                                                                                                                                       ,"{""type"":""Point"",""coordinates"":[-58.7611958056216,-34.6351478941248]}",0101000020E6100000A37F39DD6E614DC0DBB1B4864C5141C0
27517292,Piquete Suspencion DT 132Kv,APSD1,S,AT Geografico,MORENO                                                                                                                                       ,"{""type"":""Point"",""coordinates"":[-58.764658034159,-34.6353213132864]}",0101000020E61000000EAB8050E0614DC024827335525141C0
27517294,Piquete Suspencion DT 132Kv,APSD1,S,AT Geografico,MORENO                                                                                                                                       ,"{""type"":""Point"",""coordinates"":[-58.7677578062803,-34.6357590653575]}",0101000020E61000007A9C46E345624DC04DEC948D605141C0
27517295,Piquete Suspencion DT 132Kv,APSD1,S,AT Geografico,MORENO                                                                                                                                       ,"{""type"":""Point"",""coordinates"":[-58.7695055276507,-34.6360364785084]}",0101000020E6100000F2AC39287F624DC0D220B1A4695141C0
27517296,Piquete Suspencion DT 132Kv,APSD1,S,AT Geografico,MORENO                                                                                                                                       ,"{""type"":""Point"",""coordinates"":[-58.776606178755,-34.6363804244974]}",0101000020E6100000E5CFCDD467634DC0F183EBE9745141C0
27534491,Piquete Suspencion DT 132Kv,APSD1,S,AT Geografico,MORENO                                                                                                                                       ,"{""type"":""Point"",""coordinates"":[-58.7884761527323,-34.6357277966438]}",0101000020E6100000A5D45CC9EC644DC01FDF47875F5141C0
27534493,Piquete Suspencion DT 132Kv,APSD1,S,AT Geografico,MORENO                                                                                                                                       ,"{""type"":""Point"",""coordinates"":[-58.8010973761113,-34.630449382514]}",0101000020E61000009AA7DB5B8A664DC02ED7BB90B25041C0
27534495,Piquete Suspencion DT 132Kv,APSD1,S,AT Geografico,MORENO                                                                                                                                       ,"{""type"":""Point"",""coordinates"":[-58.8214565655228,-34.6354465861953]}",0101000020E6100000A6001E7D25694DC022085150565141C0
27534496,Piquete Suspencion DT 132Kv,APSD1,S,AT Geografico,MORENO                                                                                                                                       ,"{""type"":""Point"",""coordinates"":[-58.8223233973273,-34.636024900609]}",0101000020E6100000D420A1E441694DC055C79143695141C0
27819195,Piquete Suspencion DT 132Kv,APSD1,S,AT Geografico,PILAR                                                                                                                                        ,"{""type"":""Point"",""coordinates"":[-58.9614204461333,-34.4173186296814]}",0101000020E610000096EC3ED30F7B4DC01D3F65B26A3541C0
27819196,Piquete Suspencion DT 132Kv,APSD1,S,AT Geografico,PILAR                                                                                                                                        ,"{""type"":""Point"",""coordinates"":[-58.9671969870874,-34.4177693474848]}",0101000020E61000003F2A621CCD7B4DC0FC5B4A77793541C0
27819198,Piquete Suspencion DT 132Kv,APSD1,S,AT Geografico,PILAR                                                                                                                                        ,"{""type"":""Point"",""coordinates"":[-58.9754481982848,-34.4181071325927]}",0101000020E6100000A6498F7CDB7C4DC0E65AD688843541C0
27895070,Piquete Suspencion DT 132Kv,APSD1,S,AT Geografico,TIGRE                                                                                                                                        ,"{""type"":""Point"",""coordinates"":[-58.6595200180727,-34.4762210646743]}",0101000020E6100000FB56E6266B544DC09D38D5CFF43C41C0
27895071,Piquete Suspencion DT 132Kv,APSD1,S,AT Geografico,TIGRE                                                                                                                                        ,"{""type"":""Point"",""coordinates"":[-58.6605776374619,-34.4759492486312]}",0101000020E610000018AFDACE8D544DC0A6B6ACE7EB3C41C0
27895074,Piquete Suspencion DT 132Kv,APSD1,S,AT Geografico,TIGRE                                                                                                                                        ,"{""type"":""Point"",""coordinates"":[-58.6652246403039,-34.4747548037835]}",0101000020E61000009A4CBD1426554DC042EFF1C3C43C41C0
27895078,Piquete Suspencion DT 132Kv,APSD1,S,AT Geografico,TIGRE                                                                                                                                        ,"{""type"":""Point"",""coordinates"":[-58.6716725451135,-34.473022036133]}",0101000020E61000001871AF5DF9554DC040BD6FFC8B3C41C0
27895079,Piquete Suspencion DT 132Kv,APSD1,S,AT Geografico,TIGRE                                                                                                                                        ,"{""type"":""Point"",""coordinates"":[-58.6732441500675,-34.4726179294547]}",0101000020E6100000B86143DD2C564DC074418BBE7E3C41C0
27898719,Piquete Suspencion DT 132Kv,APSD1,S,AT Geografico,TIGRE                                                                                                                                        ,"{""type"":""Point"",""coordinates"":[-58.697534370005,-34.4501717691658]}",0101000020E6100000F28065CE48594DC02013813A9F3941C0
27906923,Piquete Suspencion DT 132Kv,APSD1,S,AT Geografico,TIGRE                                                                                                                                        ,"{""type"":""Point"",""coordinates"":[-58.7013453870619,-34.4453573902882]}",0101000020E6100000CF5086AFC5594DC0E7289178013941C0
27906925,Piquete Suspencion DT 132Kv,APSD1,S,AT Geografico,TIGRE                                                                                                                                        ,"{""type"":""Point"",""coordinates"":[-58.703999730029,-34.4420093032242]}",0101000020E6100000016FC4A91C5A4DC012F0C6C2933841C0
27906926,Piquete Suspencion DT 132Kv,APSD1,S,AT Geografico,TIGRE                                                                                                                                        ,"{""type"":""Point"",""coordinates"":[-58.7090966124683,-34.4363648354183]}",0101000020E6100000C22084ADC35A4DC07F9F8CCDDA3741C0
27906927,Piquete Suspencion DT 132Kv,APSD1,S,AT Geografico,TIGRE                                                                                                                                        ,"{""type"":""Point"",""coordinates"":[-58.7100592172807,-34.4354933083318]}",0101000020E6100000CF386E38E35A4DC0BB74A63EBE3741C0
27906928,Piquete Suspencion DT 132Kv,APSD1,S,AT Geografico,TIGRE                                                                                                                                        ,"{""type"":""Point"",""coordinates"":[-58.7110421006608,-34.4346031222007]}",0101000020E61000006F35746D035B4DC0BB4B3A13A13741C0
28025911,Piquete Suspencion DT 132Kv,APSD1,S,AT Geografico,PILAR                                                                                                                                        ,"{""type"":""Point"",""coordinates"":[-58.831505038562,-34.3994655813251]}",0101000020E6100000A48AD1C16E6A4DC09BD52BB0213341C0
28025912,Piquete Suspencion DT 132Kv,APSD1,S,AT Geografico,PILAR                                                                                                                                        ,"{""type"":""Point"",""coordinates"":[-58.8304009123573,-34.4008378424338]}",0101000020E61000005692BC934A6A4DC0522088A74E3341C0
28025913,Piquete Suspencion DT 132Kv,APSD1,S,AT Geografico,PILAR                                                                                                                                        ,"{""type"":""Point"",""coordinates"":[-58.8292967497104,-34.4022100925349]}",0101000020E6100000B1575965266A4DC07BC7CC9E7B3341C0
28025914,Piquete Suspencion DT 132Kv,APSD1,S,AT Geografico,PILAR                                                                                                                                        ,"{""type"":""Point"",""coordinates"":[-58.8281925506396,-34.403582331636]}",0101000020E6100000E0E4A736026A4DC059CFF995A83341C0
28025915,Piquete Suspencion DT 132Kv,APSD1,S,AT Geografico,PILAR                                                                                                                                        ,"{""type"":""Point"",""coordinates"":[-58.8270822809502,-34.4049620582022]}",0101000020E610000020E409D5DD694DC0BB0CF6CBD53341C0
28025916,Piquete Suspencion DT 132Kv,APSD1,S,AT Geografico,PILAR                                                                                                                                        ,"{""type"":""Point"",""coordinates"":[-58.8259719744315,-34.4063417736358]}",0101000020E61000004ACC1C73B9694DC0D561DA01033441C0
28025917,Piquete Suspencion DT 132Kv,APSD1,S,AT Geografico,PILAR                                                                                                                                        ,"{""type"":""Point"",""coordinates"":[-58.8248616310587,-34.4077214779438]}",0101000020E6100000A48FE01095694DC09DD2A637303441C0
28025918,Piquete Suspencion DT 132Kv,APSD1,S,AT Geografico,PILAR                                                                                                                                        ,"{""type"":""Point"",""coordinates"":[-58.8237487507342,-34.4090997996696]}",0101000020E610000015435C9970694DC0CB30DA615D3441C0
28025919,Piquete Suspencion DT 132Kv,APSD1,S,AT Geografico,PILAR                                                                                                                                        ,"{""type"":""Point"",""coordinates"":[-58.8226424496537,-34.4104822696781]}",0101000020E61000002BC808594C694DC07DEDD9AE8A3441C0
28025920,Piquete Suspencion DT 132Kv,APSD1,S,AT Geografico,PILAR                                                                                                                                        ,"{""type"":""Point"",""coordinates"":[-58.8215303798603,-34.411860524019]}",0101000020E6100000CF1551E827694DC068967CD8B73441C0
28025921,Piquete Suspencion DT 132Kv,APSD1,S,AT Geografico,PILAR                                                                                                                                        ,"{""type"":""Point"",""coordinates"":[-58.8204198890829,-34.4132401837739]}",0101000020E6100000A74CD88403694DC0D759E90DE53441C0
28025922,Piquete Suspencion DT 132Kv,APSD1,S,AT Geografico,PILAR                                                                                                                                        ,"{""type"":""Point"",""coordinates"":[-58.8194226766085,-34.4144773560432]}",0101000020E61000002CD19ED7E2684DC0A99110980D3541C0
28025923,Piquete Suspencion DT 132Kv,APSD1,S,AT Geografico,PILAR                                                                                                                                        ,"{""type"":""Point"",""coordinates"":[-58.8184278168982,-34.4157386304432]}",0101000020E61000006FDB213EC2684DC0F9B766EC363541C0
28025924,Piquete Suspencion DT 132Kv,APSD1,S,AT Geografico,PILAR                                                                                                                                        ,"{""type"":""Point"",""coordinates"":[-58.8173417056761,-34.4170641824317]}",0101000020E610000098C42BA79E684DC043F0EF5B623541C0
28025926,Piquete Suspencion DT 132Kv,APSD1,S,AT Geografico,PILAR                                                                                                                                        ,"{""type"":""Point"",""coordinates"":[-58.8156905499962,-34.4190120891502]}",0101000020E6100000F0F1458C68684DC0B0C32930A23541C0
28025928,Piquete Suspencion DT 132Kv,APSD1,S,AT Geografico,PILAR                                                                                                                                        ,"{""type"":""Point"",""coordinates"":[-58.8129269618267,-34.4218774380094]}",0101000020E6100000838A9DFD0D684DC0D2957314003641C0
28025929,Piquete Suspencion DT 132Kv,APSD1,S,AT Geografico,PILAR                                                                                                                                        ,"{""type"":""Point"",""coordinates"":[-58.8118451068115,-34.4232296471776]}",0101000020E610000029965B8AEA674DC0ABA99A632C3641C0
28025930,Piquete Suspencion DT 132Kv,APSD1,S,AT Geografico,PILAR                                                                                                                                        ,"{""type"":""Point"",""coordinates"":[-58.8107632165915,-34.4245818457569]}",0101000020E6100000BD07CE16C7674DC02900ABB2583641C0
28025931,Piquete Suspencion DT 132Kv,APSD1,S,AT Geografico,PILAR                                                                                                                                        ,"{""type"":""Point"",""coordinates"":[-58.8097113450973,-34.4258964731048]}",0101000020E61000004D32119FA4674DC0C0BB8FC6833641C0
28025932,Piquete Suspencion DT 132Kv,APSD1,S,AT Geografico,PILAR                                                                                                                                        ,"{""type"":""Point"",""coordinates"":[-58.8086293854045,-34.4272486507957]}",0101000020E6100000D172EE2A81674DC0BD367315B03641C0
28025933,Piquete Suspencion DT 132Kv,APSD1,S,AT Geografico,PILAR                                                                                                                                        ,"{""type"":""Point"",""coordinates"":[-58.8075473904872,-34.4286008178932]}",0101000020E6100000720E80B65D674DC0F6F13F64DC3641C0
28025934,Piquete Suspencion DT 132Kv,APSD1,S,AT Geografico,PILAR                                                                                                                                        ,"{""type"":""Point"",""coordinates"":[-58.8064653603533,-34.4299529743961]}",0101000020E61000008809C6413A674DC0ACECF5B2083741C0
28025935,Piquete Suspencion DT 132Kv,APSD1,S,AT Geografico,PILAR                                                                                                                                        ,"{""type"":""Point"",""coordinates"":[-58.8053832949781,-34.4313051203025]}",0101000020E61000007F56C0CC16674DC0F7259501353741C0
28025936,Piquete Suspencion DT 132Kv,APSD1,S,AT Geografico,PILAR                                                                                                                                        ,"{""type"":""Point"",""coordinates"":[-58.8043011943695,-34.4326572556113]}",0101000020E6100000AEF96E57F3664DC01D9D1D50613741C0
28025937,Piquete Suspencion DT 132Kv,APSD1,S,AT Geografico,PILAR                                                                                                                                        ,"{""type"":""Point"",""coordinates"":[-58.8032491183351,-34.4339718214381]}",0101000020E610000025E5FADDD0664DC0233B7E638C3741C0
28025938,Piquete Suspencion DT 132Kv,APSD1,S,AT Geografico,PILAR                                                                                                                                        ,"{""type"":""Point"",""coordinates"":[-58.8022270697161,-34.4352488186583]}",0101000020E6100000C3326A60AF664DC04AE1B83BB63741C0
28025939,Piquete Suspencion DT 132Kv,APSD1,S,AT Geografico,PILAR                                                                                                                                        ,"{""type"":""Point"",""coordinates"":[-58.8012804257145,-34.4364030107698]}",0101000020E610000033AF635B90664DC0EF90C90DDC3741C0
28025941,Piquete Suspencion DT 132Kv,APSD1,S,AT Geografico,PILAR                                                                                                                                        ,"{""type"":""Point"",""coordinates"":[-58.7820033895302,-34.4412922415402]}",0101000020E610000060B2E3AF18644DC068B2A0437C3841C0
28027988,Piquete Suspencion DT 132Kv,APSD1,S,AT Geografico,PILAR                                                                                                                                        ,"{""type"":""Point"",""coordinates"":[-58.8326087026123,-34.3980943116268]}",0101000020E6100000DB0A06EC926A4DC08F9420C1F43241C0
28207055,Piquete Suspencion DT 132Kv,APSD1,S,AT Geografico,LAMATANZA                                                                                                                                    ,"{""type"":""Point"",""coordinates"":[-58.5665270220393,-34.7548946508605]}",0101000020E6100000BFFA1BF583484DC081AF4E63A06041C0
28207056,Piquete Suspencion DT 132Kv,APSD1,S,AT Geografico,LAMATANZA                                                                                                                                    ,"{""type"":""Point"",""coordinates"":[-58.5653387038709,-34.753153975295]}",0101000020E6100000F224C6045D484DC0455F7659676041C0
28207057,Piquete Suspencion DT 132Kv,APSD1,S,AT Geografico,LAMATANZA                                                                                                                                    ,"{""type"":""Point"",""coordinates"":[-58.5641501190037,-34.7514108386196]}",0101000020E6100000DF93331236484DC091DDF83A2E6041C0
28207058,Piquete Suspencion DT 132Kv,APSD1,S,AT Geografico,LAMATANZA                                                                                                                                    ,"{""type"":""Point"",""coordinates"":[-58.5629518358366,-34.7496526366294]}",0101000020E6100000181246CE0E484DC075D71A9EF45F41C0
28207059,Piquete Suspencion DT 132Kv,APSD1,S,AT Geografico,LAMATANZA                                                                                                                                    ,"{""type"":""Point"",""coordinates"":[-58.5617637547004,-34.7479123622059]}",0101000020E61000001842EDDFE7474DC062F99F97BB5F41C0
28207060,Piquete Suspencion DT 132Kv,APSD1,S,AT Geografico,LAMATANZA                                                                                                                                    ,"{""type"":""Point"",""coordinates"":[-58.5605797694166,-34.7461791362963]}",0101000020E6100000C938F013C1474DC0D5AC45CC825F41C0
28207061,Piquete Suspencion DT 132Kv,APSD1,S,AT Geografico,LAMATANZA                                                                                                                                    ,"{""type"":""Point"",""coordinates"":[-58.5594980838821,-34.7445914803065]}",0101000020E610000061391AA29D474DC0FB650CC64E5F41C0
28207062,Piquete Suspencion DT 132Kv,APSD1,S,AT Geografico,LAMATANZA                                                                                                                                    ,"{""type"":""Point"",""coordinates"":[-58.5584262276985,-34.7430171000874]}",0101000020E6100000D298B8827A474DC03A9F302F1B5F41C0
28260577,Piquete Suspencion DT 132Kv,APSD1,S,AT Geografico,LAMATANZA                                                                                                                                    ,"{""type"":""Point"",""coordinates"":[-58.5212983040954,-34.7178968554347]}",0101000020E61000006BC61FE7B9424DC023FF4D0BE45B41C0
28260578,Piquete Suspencion DT 132Kv,APSD1,S,AT Geografico,LAMATANZA                                                                                                                                    ,"{""type"":""Point"",""coordinates"":[-58.5196340300813,-34.7170617506298]}",0101000020E61000003E8B2E5E83424DC07515F0ADC85B41C0
28260579,Piquete Suspencion DT 132Kv,APSD1,S,AT Geografico,LAMATANZA                                                                                                                                    ,"{""type"":""Point"",""coordinates"":[-58.5178680321955,-34.7161739435393]}",0101000020E610000038F6EA7F49424DC0CEDF7896AB5B41C0
28260580,Piquete Suspencion DT 132Kv,APSD1,S,AT Geografico,LAMATANZA                                                                                                                                    ,"{""type"":""Point"",""coordinates"":[-58.5160101106686,-34.715243510668]}",0101000020E610000010DD8A9E0C424DC0607F6F198D5B41C0
28260581,Piquete Suspencion DT 132Kv,APSD1,S,AT Geografico,LAMATANZA                                                                                                                                    ,"{""type"":""Point"",""coordinates"":[-58.5142413715819,-34.714355250665]}",0101000020E6100000E29848A9D2414DC084AA2BFE6F5B41C0
28260582,Piquete Suspencion DT 132Kv,APSD1,S,AT Geografico,LAMATANZA                                                                                                                                    ,"{""type"":""Point"",""coordinates"":[-58.5093152027514,-34.7124009022342]}",0101000020E61000002396953D31414DC0505EE8F32F5B41C0
28260583,Piquete Suspencion DT 132Kv,APSD1,S,AT Geografico,LAMATANZA                                                                                                                                    ,"{""type"":""Point"",""coordinates"":[-58.5424681312899,-34.7195162630786]}",0101000020E61000008F8181986F454DC0746EE11B195C41C0
28260584,Piquete Suspencion DT 132Kv,APSD1,S,AT Geografico,LAMATANZA                                                                                                                                    ,"{""type"":""Point"",""coordinates"":[-58.547697941841,-34.7172517120729]}",0101000020E6100000902556F71A464DC0332D73E7CE5B41C0
28260585,Piquete Suspencion DT 132Kv,APSD1,S,AT Geografico,LAMATANZA                                                                                                                                    ,"{""type"":""Point"",""coordinates"":[-58.5492647216051,-34.7162714976169]}",0101000020E6100000FF11704E4E464DC021A9D0C8AE5B41C0
28260586,Piquete Suspencion DT 132Kv,APSD1,S,AT Geografico,LAMATANZA                                                                                                                                    ,"{""type"":""Point"",""coordinates"":[-58.5507790930784,-34.7153238100333]}",0101000020E6100000D10BE8ED7F464DC0581209BB8F5B41C0
28260587,Piquete Suspencion DT 132Kv,APSD1,S,AT Geografico,LAMATANZA                                                                                                                                    ,"{""type"":""Point"",""coordinates"":[-58.5523890485502,-34.7143164769966]}",0101000020E6100000841831AFB4464DC0E1D8E9B86E5B41C0
28260588,Piquete Suspencion DT 132Kv,APSD1,S,AT Geografico,LAMATANZA                                                                                                                                    ,"{""type"":""Point"",""coordinates"":[-58.5539930249396,-34.7133140685672]}",0101000020E6100000ED29523EE9464DC0E6221AE04D5B41C0
28260589,Piquete Suspencion DT 132Kv,APSD1,S,AT Geografico,LAMATANZA                                                                                                                                    ,"{""type"":""Point"",""coordinates"":[-58.5554981613706,-34.7123703883387]}",0101000020E6100000930952901A474DC0DD46F0F32E5B41C0
28261154,Piquete Suspencion DT 132Kv,APSD1,S,AT Geografico,LAMATANZA                                                                                                                                    ,"{""type"":""Point"",""coordinates"":[-58.6091375022848,-34.7721643644996]}",0101000020E6100000458AB937F84D4DC0CD542A48D66241C0
28261155,Piquete Suspencion DT 132Kv,APSD1,S,AT Geografico,LAMATANZA                                                                                                                                    ,"{""type"":""Point"",""coordinates"":[-58.6058976256706,-34.7713817970512]}",0101000020E61000005F7DAB0D8E4D4DC0458883A3BC6241C0
28261156,Piquete Suspencion DT 132Kv,APSD1,S,AT Geografico,LAMATANZA                                                                                                                                    ,"{""type"":""Point"",""coordinates"":[-58.6048075974481,-34.7704616019376]}",0101000020E6100000BDB4D9556A4D4DC0A5925B7C9E6241C0
28261157,Piquete Suspencion DT 132Kv,APSD1,S,AT Geografico,LAMATANZA                                                                                                                                    ,"{""type"":""Point"",""coordinates"":[-58.5873443314998,-34.7764442427517]}",0101000020E61000002FA45B192E4B4DC09EE46286626341C0
28261158,Piquete Suspencion DT 132Kv,APSD1,S,AT Geografico,LAMATANZA                                                                                                                                    ,"{""type"":""Point"",""coordinates"":[-58.5854181559568,-34.7762362883046]}",0101000020E6100000D8286DFBEE4A4DC04C1EF0B55B6341C0
28266980,Piquete Suspencion DT 132Kv,APSD1,S,AT Geografico,LAMATANZA                                                                                                                                    ,"{""type"":""Point"",""coordinates"":[-58.623196456928,-34.7799815131399]}",0101000020E610000097BEC8E6C44F4DC0D235296FD66341C0
28266981,Piquete Suspencion DT 132Kv,APSD1,S,AT Geografico,LAMATANZA                                                                                                                                    ,"{""type"":""Point"",""coordinates"":[-58.6187559315109,-34.7690969323803]}",0101000020E6100000D305F564334F4DC08203AEC4716241C0
28266982,Piquete Suspencion DT 132Kv,APSD1,S,AT Geografico,LAMATANZA                                                                                                                                    ,"{""type"":""Point"",""coordinates"":[-58.617812003506,-34.7670183280385]}",0101000020E61000003811B776144F4DC0D02D15A82D6241C0
18076076,Piquete Suspension ST 132Kv,APSS1,S,AT Geografico,PILAR                                                                                                                                        ,"{""type"":""Point"",""coordinates"":[-58.8145164181983,-34.467025129582]}",0101000020E6100000B91BF11242684DC081FBBC7AC73B41C0
18076077,Piquete Suspension ST 132Kv,APSS1,S,AT Geografico,JOSECPAZ                                                                                                                                     ,"{""type"":""Point"",""coordinates"":[-58.8130223825558,-34.4695168667471]}",0101000020E61000001FFF0F1E11684DC0B6CCF120193C41C0
18076079,Piquete Suspension ST 132Kv,APSS1,S,AT Geografico,JOSECPAZ                                                                                                                                     ,"{""type"":""Point"",""coordinates"":[-58.8107384107917,-34.4733257186455]}",0101000020E610000009FBB746C6674DC011F8E8EF953C41C0
18076080,Piquete Suspension ST 132Kv,APSS1,S,AT Geografico,JOSECPAZ                                                                                                                                     ,"{""type"":""Point"",""coordinates"":[-58.8098311453231,-34.4748386029331]}",0101000020E6100000F338068CA8674DC0F23CE782C73C41C0
18076081,Piquete Suspension ST 132Kv,APSS1,S,AT Geografico,JOSECPAZ                                                                                                                                     ,"{""type"":""Point"",""coordinates"":[-58.8082926771004,-34.4774038860841]}",0101000020E61000000DDF6A2276674DC07ADB0E921B3D41C0
28271811,Piquete Suspencion DT 132Kv,APSD1,S,AT Geografico,LAMATANZA                                                                                                                                    ,"{""type"":""Point"",""coordinates"":[-58.7037663680709,-34.8354939675622]}",0101000020E6100000D4712F04155A4DC0B2576177F16A41C0
28272147,Piquete Suspencion DT 132Kv,APSD1,S,AT Geografico,LAMATANZA                                                                                                                                    ,"{""type"":""Point"",""coordinates"":[-58.6675948364257,-34.8055674236831]}",0101000020E6100000A6B662BF73554DC096B855D51C6741C0
28272148,Piquete Suspencion DT 132Kv,APSD1,S,AT Geografico,LAMATANZA                                                                                                                                    ,"{""type"":""Point"",""coordinates"":[-58.6690406706738,-34.8067625195469]}",0101000020E6100000701EEC1FA3554DC0D08B86FE436741C0
28272149,Piquete Suspencion DT 132Kv,APSD1,S,AT Geografico,LAMATANZA                                                                                                                                    ,"{""type"":""Point"",""coordinates"":[-58.6707305999279,-34.8081613426958]}",0101000020E6100000F28E1380DA554DC08C62B4D4716741C0
28272150,Piquete Suspencion DT 132Kv,APSD1,S,AT Geografico,LAMATANZA                                                                                                                                    ,"{""type"":""Point"",""coordinates"":[-58.6723126415938,-34.8094702537673]}",0101000020E6100000992A34570E564DC0F481A5B89C6741C0
28272151,Piquete Suspencion DT 132Kv,APSD1,S,AT Geografico,LAMATANZA                                                                                                                                    ,"{""type"":""Point"",""coordinates"":[-58.6740267034539,-34.8108873782439]}",0101000020E61000008CFBCB8146564DC0F5255928CB6741C0
28272152,Piquete Suspencion DT 132Kv,APSD1,S,AT Geografico,LAMATANZA                                                                                                                                    ,"{""type"":""Point"",""coordinates"":[-58.6755090167869,-34.8121124249326]}",0101000020E61000005DA0571477564DC05BE1C84CF36741C0
28272153,Piquete Suspencion DT 132Kv,APSD1,S,AT Geografico,LAMATANZA                                                                                                                                    ,"{""type"":""Point"",""coordinates"":[-58.6770154500811,-34.813357395355]}",0101000020E6100000127E3871A8564DC032815A181C6841C0
28272154,Piquete Suspencion DT 132Kv,APSD1,S,AT Geografico,LAMATANZA                                                                                                                                    ,"{""type"":""Point"",""coordinates"":[-58.6786677720069,-34.8147236305953]}",0101000020E610000030CFE695DE564DC0B6572ADD486841C0
28272155,Piquete Suspencion DT 132Kv,APSD1,S,AT Geografico,LAMATANZA                                                                                                                                    ,"{""type"":""Point"",""coordinates"":[-58.6801700639211,-34.8159661142139]}",0101000020E610000039210AD00F574DC0AC98DF93716841C0
28272156,Piquete Suspencion DT 132Kv,APSD1,S,AT Geografico,LAMATANZA                                                                                                                                    ,"{""type"":""Point"",""coordinates"":[-58.6817334312573,-34.8172585219677]}",0101000020E61000008BEB830A43574DC0481D60ED9B6841C0
28272157,Piquete Suspencion DT 132Kv,APSD1,S,AT Geografico,LAMATANZA                                                                                                                                    ,"{""type"":""Point"",""coordinates"":[-58.6833626022969,-34.8186065305297]}",0101000020E61000005F16FE6C78574DC05E754A19C86841C0
28272158,Piquete Suspencion DT 132Kv,APSD1,S,AT Geografico,LAMATANZA                                                                                                                                    ,"{""type"":""Point"",""coordinates"":[-58.6849410954593,-34.8199125440647]}",0101000020E610000094575A26AC574DC0452BEDE4F26841C0
28272159,Piquete Suspencion DT 132Kv,APSD1,S,AT Geografico,LAMATANZA                                                                                                                                    ,"{""type"":""Point"",""coordinates"":[-58.686594320573,-34.821281143933]}",0101000020E6100000773D9C52E2574DC0C00193BD1F6941C0
28272160,Piquete Suspencion DT 132Kv,APSD1,S,AT Geografico,LAMATANZA                                                                                                                                    ,"{""type"":""Point"",""coordinates"":[-58.688148661959,-34.822568398393]}",0101000020E610000032F35E4115584DC011E9D8EB496941C0
28272161,Piquete Suspencion DT 132Kv,APSD1,S,AT Geografico,LAMATANZA                                                                                                                                    ,"{""type"":""Point"",""coordinates"":[-58.6897074292887,-34.8238592605528]}",0101000020E6100000324D425548584DC05D4A6238746941C0
28272162,Piquete Suspencion DT 132Kv,APSD1,S,AT Geografico,LAMATANZA                                                                                                                                    ,"{""type"":""Point"",""coordinates"":[-58.6913273262077,-34.8252006829681]}",0101000020E61000005972F0697D584DC00CFE0C2DA06941C0
28272163,Piquete Suspencion DT 132Kv,APSD1,S,AT Geografico,LAMATANZA                                                                                                                                    ,"{""type"":""Point"",""coordinates"":[-58.6929461493286,-34.8265411520564]}",0101000020E6100000AEA09C75B2584DC0B670B819CC6941C0
28272164,Piquete Suspencion DT 132Kv,APSD1,S,AT Geografico,LAMATANZA                                                                                                                                    ,"{""type"":""Point"",""coordinates"":[-58.6945540555227,-34.8278725178856]}",0101000020E610000013E3B425E7584DC0B7C906BAF76941C0
28272165,Piquete Suspencion DT 132Kv,APSD1,S,AT Geografico,LAMATANZA                                                                                                                                    ,"{""type"":""Point"",""coordinates"":[-58.6960504642001,-34.8291121872926]}",0101000020E6100000710D7E2E18594DC081912059206A41C0
28272166,Piquete Suspencion DT 132Kv,APSD1,S,AT Geografico,LAMATANZA                                                                                                                                    ,"{""type"":""Point"",""coordinates"":[-58.6973596217118,-34.8301954092597]}",0101000020E6100000D166801443594DC0AA07DAD7436A41C0
28272167,Piquete Suspencion DT 132Kv,APSD1,S,AT Geografico,LAMATANZA                                                                                                                                    ,"{""type"":""Point"",""coordinates"":[-58.6988785750636,-34.8314536402126]}",0101000020E6100000F3E267DA74594DC0356DA8126D6A41C0
28272168,Piquete Suspencion DT 132Kv,APSD1,S,AT Geografico,LAMATANZA                                                                                                                                    ,"{""type"":""Point"",""coordinates"":[-58.7005128503766,-34.832806493484]}",0101000020E6100000C765B367AA594DC083B43667996A41C0
28272169,Piquete Suspencion DT 132Kv,APSD1,S,AT Geografico,LAMATANZA                                                                                                                                    ,"{""type"":""Point"",""coordinates"":[-58.7021415154888,-34.8341513518927]}",0101000020E61000001B18EFC5DF594DC08725B478C56A41C0
28272170,Piquete Suspencion DT 132Kv,APSD1,S,AT Geografico,LAMATANZA                                                                                                                                    ,"{""type"":""Point"",""coordinates"":[-58.7054047980523,-34.836845763647]}",0101000020E6100000C40955B44A5A4DC0765411C31D6B41C0
28272171,Piquete Suspencion DT 132Kv,APSD1,S,AT Geografico,LAMATANZA                                                                                                                                    ,"{""type"":""Point"",""coordinates"":[-58.7068847232035,-34.8380671044714]}",0101000020E6100000BF19D8327B5A4DC06FC76AC8456B41C0
28272172,Piquete Suspencion DT 132Kv,APSD1,S,AT Geografico,LAMATANZA                                                                                                                                    ,"{""type"":""Point"",""coordinates"":[-58.7083569040518,-34.839283193459]}",0101000020E610000034666470AB5A4DC08FFEB5A16D6B41C0
28272173,Piquete Suspencion DT 132Kv,APSD1,S,AT Geografico,LAMATANZA                                                                                                                                    ,"{""type"":""Point"",""coordinates"":[-58.709972065132,-34.8406185931242]}",0101000020E61000005F68585DE05A4DC060F0DA63996B41C0
28272174,Piquete Suspencion DT 132Kv,APSD1,S,AT Geografico,LAMATANZA                                                                                                                                    ,"{""type"":""Point"",""coordinates"":[-58.7114249591793,-34.8418193626433]}",0101000020E6100000DC9D1AF90F5B4DC0A9D8A3BCC06B41C0
28272175,Piquete Suspencion DT 132Kv,APSD1,S,AT Geografico,LAMATANZA                                                                                                                                    ,"{""type"":""Point"",""coordinates"":[-58.7129909695894,-34.8431113586279]}",0101000020E61000006E5DC049435B4DC0AF18B012EB6B41C0
28272176,Piquete Suspencion DT 132Kv,APSD1,S,AT Geografico,LAMATANZA                                                                                                                                    ,"{""type"":""Point"",""coordinates"":[-58.7145644956327,-34.8444090008192]}",0101000020E610000000D071D9765B4DC0B77B1998156C41C0
28272177,Piquete Suspencion DT 132Kv,APSD1,S,AT Geografico,LAMATANZA                                                                                                                                    ,"{""type"":""Point"",""coordinates"":[-58.7161294546496,-34.8457029030922]}",0101000020E610000013B64521AA5B4DC0E57423FE3F6C41C0
28272178,Piquete Suspencion DT 132Kv,APSD1,S,AT Geografico,LAMATANZA                                                                                                                                    ,"{""type"":""Point"",""coordinates"":[-58.7177038906183,-34.8470027206265]}",0101000020E6100000783599B8DD5B4DC05C5BCC956A6C41C0
28272179,Piquete Suspencion DT 132Kv,APSD1,S,AT Geografico,LAMATANZA                                                                                                                                    ,"{""type"":""Point"",""coordinates"":[-58.7192685674712,-34.848295104471]}",0101000020E61000002E2A0FFE105C4DC0A78719EF946C41C0
28272180,Piquete Suspencion DT 132Kv,APSD1,S,AT Geografico,LAMATANZA                                                                                                                                    ,"{""type"":""Point"",""coordinates"":[-58.7208551681838,-34.8496056149025]}",0101000020E610000045406EFB445C4DC0894075E0BF6C41C0
28272181,Piquete Suspencion DT 132Kv,APSD1,S,AT Geografico,LAMATANZA                                                                                                                                    ,"{""type"":""Point"",""coordinates"":[-58.722298423057,-34.8507983370925]}",0101000020E6100000B27D5446745C4DC0DBA6BCF5E66C41C0
28272182,Piquete Suspencion DT 132Kv,APSD1,S,AT Geografico,LAMATANZA                                                                                                                                    ,"{""type"":""Point"",""coordinates"":[-58.723877079016,-34.8521026821691]}",0101000020E61000004B590E01A85C4DC0066060B3116D41C0
28272183,Piquete Suspencion DT 132Kv,APSD1,S,AT Geografico,LAMATANZA                                                                                                                                    ,"{""type"":""Point"",""coordinates"":[-58.7254444706001,-34.8533985246771]}",0101000020E610000054254A5DDB5C4DC0B4F8B0293C6D41C0
28272184,Piquete Suspencion DT 132Kv,APSD1,S,AT Geografico,LAMATANZA                                                                                                                                    ,"{""type"":""Point"",""coordinates"":[-58.7270145089514,-34.8546988241639]}",0101000020E6100000F7D4B9CF0E5D4DC05ADB64C5666D41C0
28272185,Piquete Suspencion DT 132Kv,APSD1,S,AT Geografico,LAMATANZA                                                                                                                                    ,"{""type"":""Point"",""coordinates"":[-58.7285822484036,-34.8559950249448]}",0101000020E610000075ABE02E425D4DC096D6B63E916D41C0
28272186,Piquete Suspencion DT 132Kv,APSD1,S,AT Geografico,LAMATANZA                                                                                                                                    ,"{""type"":""Point"",""coordinates"":[-58.7301527390092,-34.8572921289334]}",0101000020E61000008F901BA5755D4DC08A719CBFBB6D41C0
28272187,Piquete Suspencion DT 132Kv,APSD1,S,AT Geografico,LAMATANZA                                                                                                                                    ,"{""type"":""Point"",""coordinates"":[-58.7317240168648,-34.8585870679682]}",0101000020E6100000EB10F121A95D4DC091D8582EE66D41C0
28272188,Piquete Suspencion DT 132Kv,APSD1,S,AT Geografico,LAMATANZA                                                                                                                                    ,"{""type"":""Point"",""coordinates"":[-58.733297737318,-34.8598876857159]}",0101000020E61000007E0144B3DC5D4DC0FF30B8CC106E41C0
28281320,Piquete Suspencion DT 132Kv,APSD1,S,AT Geografico,LAMATANZA                                                                                                                                    ,"{""type"":""Point"",""coordinates"":[-58.6904275532158,-34.8726192120184]}",0101000020E6100000DBA818EE5F584DC07FBD80FCB16F41C0
28281321,Piquete Suspencion DT 132Kv,APSD1,S,AT Geografico,LAMATANZA                                                                                                                                    ,"{""type"":""Point"",""coordinates"":[-58.6894993531951,-34.8733639846809]}",0101000020E6100000014BCA8341584DC0B2DA1B64CA6F41C0
28281322,Piquete Suspencion DT 132Kv,APSD1,S,AT Geografico,LAMATANZA                                                                                                                                    ,"{""type"":""Point"",""coordinates"":[-58.6885639685671,-34.8741152496652]}",0101000020E61000008B1937DD22584DC09D1F2D02E36F41C0
28281323,Piquete Suspencion DT 132Kv,APSD1,S,AT Geografico,LAMATANZA                                                                                                                                    ,"{""type"":""Point"",""coordinates"":[-58.6876304997234,-34.8748653075252]}",0101000020E6100000A705B64604584DC0E11C1E96FB6F41C0
28281324,Piquete Suspencion DT 132Kv,APSD1,S,AT Geografico,LAMATANZA                                                                                                                                    ,"{""type"":""Point"",""coordinates"":[-58.6866964067689,-34.8756136398112]}",0101000020E610000032ADF8AAE5574DC0DC75951B147041C0
28281325,Piquete Suspencion DT 132Kv,APSD1,S,AT Geografico,LAMATANZA                                                                                                                                    ,"{""type"":""Point"",""coordinates"":[-58.6857702894139,-34.8763568547363]}",0101000020E6100000ECCC2252C7574DC0E05B1F762C7041C0
28281326,Piquete Suspencion DT 132Kv,APSD1,S,AT Geografico,LAMATANZA                                                                                                                                    ,"{""type"":""Point"",""coordinates"":[-58.6848666605716,-34.8770833043165]}",0101000020E61000004AA3F2B5A9574DC01DF40544447041C0
28281327,Piquete Suspencion DT 132Kv,APSD1,S,AT Geografico,LAMATANZA                                                                                                                                    ,"{""type"":""Point"",""coordinates"":[-58.6899612177189,-34.8729930245552]}",0101000020E610000036CE30A650584DC0E20C453CBE6F41C0
28281328,Piquete Suspencion DT 132Kv,APSD1,S,AT Geografico,LAMATANZA                                                                                                                                    ,"{""type"":""Point"",""coordinates"":[-58.6890311987571,-34.8737393030222]}",0101000020E6100000F24AA02C32584DC0E7DA81B0D66F41C0
28281329,Piquete Suspencion DT 132Kv,APSD1,S,AT Geografico,LAMATANZA                                                                                                                                    ,"{""type"":""Point"",""coordinates"":[-58.6880992322012,-34.8744882223256]}",0101000020E6100000785AB9A213584DC01AD0E53AEF6F41C0
28281330,Piquete Suspencion DT 132Kv,APSD1,S,AT Geografico,LAMATANZA                                                                                                                                    ,"{""type"":""Point"",""coordinates"":[-58.687162265799,-34.8752399493678]}",0101000020E61000007453E1EEF4574DC00158D7DC077041C0
28281331,Piquete Suspencion DT 132Kv,APSD1,S,AT Geografico,LAMATANZA                                                                                                                                    ,"{""type"":""Point"",""coordinates"":[-58.6862317252404,-34.8759866325528]}",0101000020E610000049B1F070D6574DC00C467954207041C0
28289069,Piquete Suspencion DT 132Kv,APSD1,S,AT Geografico,HURLINGHAM                                                                                                                                   ,"{""type"":""Point"",""coordinates"":[-58.6771741381838,-34.6106651839253]}",0101000020E61000001F9964A4AD564DC0F2E1D8462A4E41C0
28289070,Piquete Suspencion DT 132Kv,APSD1,S,AT Geografico,HURLINGHAM                                                                                                                                   ,"{""type"":""Point"",""coordinates"":[-58.6778128407839,-34.6101442061528]}",0101000020E6100000EAFC3792C2564DC09AA29134194E41C0
28333590,Piquete Suspencion DT 132Kv,APSD1,S,AT Geografico,HURLINGHAM                                                                                                                                   ,"{""type"":""Point"",""coordinates"":[-58.6775026077003,-34.6046937493175]}",0101000020E61000008083CB67B8564DC00BB5D29A664D41C0
28333591,Piquete Suspencion DT 132Kv,APSD1,S,AT Geografico,HURLINGHAM                                                                                                                                   ,"{""type"":""Point"",""coordinates"":[-58.6732097152481,-34.5989198321247]}",0101000020E61000008D2B67BC2B564DC060F3B167A94C41C0
28337252,Piquete Suspencion DT 132Kv,APSD1,S,AT Geografico,ITUZAINGO                                                                                                                                    ,"{""type"":""Point"",""coordinates"":[-58.6724775294121,-34.6230010189572]}",0101000020E6100000540F62BE13564DC0DEE5547FBE4F41C0
28337253,Piquete Suspencion DT 132Kv,APSD1,S,AT Geografico,ITUZAINGO                                                                                                                                    ,"{""type"":""Point"",""coordinates"":[-58.6717729554118,-34.622378137964]}",0101000020E610000056EAFCA7FC554DC086263A16AA4F41C0
28337254,Piquete Suspencion DT 132Kv,APSD1,S,AT Geografico,ITUZAINGO                                                                                                                                    ,"{""type"":""Point"",""coordinates"":[-58.6710744265019,-34.621764753365]}",0101000020E6100000F8804DC4E5554DC009C1C8FC954F41C0
28337255,Piquete Suspencion DT 132Kv,APSD1,S,AT Geografico,HURLINGHAM                                                                                                                                   ,"{""type"":""Point"",""coordinates"":[-58.6757721591919,-34.6023811994929]}",0101000020E61000005EA3BDB37F564DC013C6BFD31A4D41C0
28337256,Piquete Suspencion DT 132Kv,APSD1,S,AT Geografico,HURLINGHAM                                                                                                                                   ,"{""type"":""Point"",""coordinates"":[-58.6749167942353,-34.6012258743059]}",0101000020E61000007F616BAC63564DC095D32DF8F44C41C0
29229801,Piquete Suspencion DT 132Kv,APSD1,S,AT Geografico,TIGRE                                                                                                                                        ,"{""type"":""Point"",""coordinates"":[-58.6190552257881,-34.4731807750381]}",0101000020E6100000C3969E333D4F4DC035F10830913C41C0
29229802,Piquete Suspencion DT 132Kv,APSD1,S,AT Geografico,TIGRE                                                                                                                                        ,"{""type"":""Point"",""coordinates"":[-58.61581105023,-34.473855923368]}",0101000020E61000006CA080E5D24E4DC0CFF0964FA73C41C0
29229803,Piquete Suspencion DT 132Kv,APSD1,S,AT Geografico,TIGRE                                                                                                                                        ,"{""type"":""Point"",""coordinates"":[-58.6098097142747,-34.4743038564999]}",0101000020E6100000EACBA53E0E4E4DC04E0420FDB53C41C0
29293214,Piquete Suspencion DT 132Kv,APSD1,S,AT Geografico,SANFERNANDO                                                                                                                                  ,"{""type"":""Point"",""coordinates"":[-58.5628316964109,-34.4562619411661]}",0101000020E6100000519E78DE0A484DC0E7DB91CA663A41C0
29293215,Piquete Suspencion DT 132Kv,APSD1,S,AT Geografico,SANFERNANDO                                                                                                                                  ,"{""type"":""Point"",""coordinates"":[-58.564170439376,-34.4557959702609]}",0101000020E6100000BA3EA9BC36484DC0A8F5B885573A41C0
29293216,Piquete Suspencion DT 132Kv,APSD1,S,AT Geografico,SANFERNANDO                                                                                                                                  ,"{""type"":""Point"",""coordinates"":[-58.568481524032,-34.4526582532463]}",0101000020E61000007A0CA900C4484DC08DFAA4B4F03941C0
29293217,Piquete Suspencion DT 132Kv,APSD1,S,AT Geografico,SANFERNANDO                                                                                                                                  ,"{""type"":""Point"",""coordinates"":[-58.5690241903703,-34.4518139943608]}",0101000020E6100000FE22E0C8D5484DC0D4D37C0AD53941C0
29293218,Piquete Suspencion DT 132Kv,APSD1,S,AT Geografico,SANFERNANDO                                                                                                                                  ,"{""type"":""Point"",""coordinates"":[-58.569577226956,-34.4509606433795]}",0101000020E6100000462915E8E7484DC08A8C0F14B93941C0
29293219,Piquete Suspencion DT 132Kv,APSD1,S,AT Geografico,SANFERNANDO                                                                                                                                  ,"{""type"":""Point"",""coordinates"":[-58.5732478706553,-34.446278210105]}",0101000020E6100000AD7BAC2F60494DC0C1A8F6A41F3941C0
29293220,Piquete Suspencion DT 132Kv,APSD1,S,AT Geografico,SANFERNANDO                                                                                                                                  ,"{""type"":""Point"",""coordinates"":[-58.5740328236609,-34.445626660914]}",0101000020E6100000223A56E879494DC0F76C5F4B0A3941C0
29293221,Piquete Suspencion DT 132Kv,APSD1,S,AT Geografico,SANFERNANDO                                                                                                                                  ,"{""type"":""Point"",""coordinates"":[-58.5748049930985,-34.4449836424995]}",0101000020E6100000C677C33593494DC026E55739F53841C0
29293222,Piquete Suspencion DT 132Kv,APSD1,S,AT Geografico,SANFERNANDO                                                                                                                                  ,"{""type"":""Point"",""coordinates"":[-58.5755954165047,-34.4443261550994]}",0101000020E6100000B9CE501CAD494DC06274F0ADDF3841C0
29293223,Piquete Suspencion DT 132Kv,APSD1,S,AT Geografico,SANFERNANDO                                                                                                                                  ,"{""type"":""Point"",""coordinates"":[-58.5763631448791,-34.4436889929689]}",0101000020E610000014F07C44C6494DC0C93209CDCA3841C0
29293224,Piquete Suspencion DT 132Kv,APSD1,S,AT Geografico,TIGRE                                                                                                                                        ,"{""type"":""Point"",""coordinates"":[-58.5773648759928,-34.4422317206229]}",0101000020E6100000C31F9E17E7494DC01FAA8C0C9B3841C0
29293225,Piquete Suspencion DT 132Kv,APSD1,S,AT Geografico,TIGRE                                                                                                                                        ,"{""type"":""Point"",""coordinates"":[-58.5776605916602,-34.4412936547249]}",0101000020E61000002DAF42C8F0494DC0E47C7B4F7C3841C0
29293226,Piquete Suspencion DT 132Kv,APSD1,S,AT Geografico,TIGRE                                                                                                                                        ,"{""type"":""Point"",""coordinates"":[-58.5799587501476,-34.4403675660084]}",0101000020E6100000E1749C163C4A4DC0D01CE3F65D3841C0
29293227,Piquete Suspencion DT 132Kv,APSD1,S,AT Geografico,TIGRE                                                                                                                                        ,"{""type"":""Point"",""coordinates"":[-58.5811784788546,-34.440617840115]}",0101000020E6100000E0E86F0E644A4DC002AA562A663841C0
29293228,Piquete Suspencion DT 132Kv,APSD1,S,AT Geografico,TIGRE                                                                                                                                        ,"{""type"":""Point"",""coordinates"":[-58.5827097774913,-34.4400364590946]}",0101000020E61000003AB1E63B964A4DC0EB6D5C1D533841C0
29293229,Piquete Suspencion DT 132Kv,APSD1,S,AT Geografico,TIGRE                                                                                                                                        ,"{""type"":""Point"",""coordinates"":[-58.5834690683529,-34.439196104094]}",0101000020E6100000D8664B1DAF4A4DC0A9CEF393373841C0
29318205,Piquete Suspencion DT 132Kv,APSD1,S,AT Geografico,PILAR                                                                                                                                        ,"{""type"":""Point"",""coordinates"":[-58.7875552252187,-34.4404392262038]}",0101000020E6100000D90D109CCE644DC0DD350450603841C0
29471237,Piquete Suspencion DT 132Kv,APSD1,S,AT Geografico,PILAR                                                                                                                                        ,"{""type"":""Point"",""coordinates"":[-58.8414980615621,-34.4223431473011]}",0101000020E610000045075F35B66B4DC08BAC1A570F3641C0
29471238,Piquete Suspencion DT 132Kv,APSD1,S,AT Geografico,PILAR                                                                                                                                        ,"{""type"":""Point"",""coordinates"":[-58.8503711830998,-34.4317497817889]}",0101000020E6100000F16F82F6D86C4DC0546BAC93433741C0
29471239,Piquete Suspencion DT 132Kv,APSD1,S,AT Geografico,PILAR                                                                                                                                        ,"{""type"":""Point"",""coordinates"":[-58.8523571692118,-34.4327614232281]}",0101000020E610000054232B0A1A6D4DC01EDEEFB9643741C0
29471240,Piquete Suspencion DT 132Kv,APSD1,S,AT Geografico,PILAR                                                                                                                                        ,"{""type"":""Point"",""coordinates"":[-58.8649229147995,-34.4390115224904]}",0101000020E6100000FE4F48CBB56E4DC0F0D49187313841C0
29471241,Piquete Suspencion DT 132Kv,APSD1,S,AT Geografico,PILAR                                                                                                                                        ,"{""type"":""Point"",""coordinates"":[-58.8667886481737,-34.4399438932162]}",0101000020E6100000A23930EEF26E4DC021B8DC14503841C0
29471242,Piquete Suspencion DT 132Kv,APSD1,S,AT Geografico,PILAR                                                                                                                                        ,"{""type"":""Point"",""coordinates"":[-58.8732703018298,-34.4435326409891]}",0101000020E6100000AE763D52C76F4DC0D5E075ADC53841C0
29471243,Piquete Suspencion DT 132Kv,APSD1,S,AT Geografico,PILAR                                                                                                                                        ,"{""type"":""Point"",""coordinates"":[-58.8768598754359,-34.4440995836018]}",0101000020E6100000F815C4F13C704DC04FDE5141D83841C0
29471244,Piquete Suspencion DT 132Kv,APSD1,S,AT Geografico,PILAR                                                                                                                                        ,"{""type"":""Point"",""coordinates"":[-58.8804446237448,-34.4447095816818]}",0101000020E61000002776D068B2704DC048C55A3EEC3841C0
29471245,Piquete Suspencion DT 132Kv,APSD1,S,AT Geografico,PILAR                                                                                                                                        ,"{""type"":""Point"",""coordinates"":[-58.9032628555939,-34.4486096557273]}",0101000020E6100000D53B041E9E734DC060028C0A6C3941C0
29471246,Piquete Suspencion DT 132Kv,APSD1,S,AT Geografico,PILAR                                                                                                                                        ,"{""type"":""Point"",""coordinates"":[-58.9382148340817,-34.4501378500897]}",0101000020E61000005F80766C17784DC0DD69F81D9E3941C0
29471247,Piquete Suspencion DT 132Kv,APSD1,S,AT Geografico,PILAR                                                                                                                                        ,"{""type"":""Point"",""coordinates"":[-58.939310575609,-34.4487415676715]}",0101000020E6100000858335543B784DC0A3C01A5D703941C0
29471248,Piquete Suspencion DT 132Kv,APSD1,S,AT Geografico,PILAR                                                                                                                                        ,"{""type"":""Point"",""coordinates"":[-58.9404136121049,-34.4473356225891]}",0101000020E6100000105A26795F784DC094AD2E4B423941C0
29471249,Piquete Suspencion DT 132Kv,APSD1,S,AT Geografico,PILAR                                                                                                                                        ,"{""type"":""Point"",""coordinates"":[-58.941515417159,-34.4459299609074]}",0101000020E610000052B0C29383784DC0B233A33B143941C0
29471250,Piquete Suspencion DT 132Kv,APSD1,S,AT Geografico,PILAR                                                                                                                                        ,"{""type"":""Point"",""coordinates"":[-58.9426151673069,-34.4445280983869]}",0101000020E6100000F425229DA7784DC0CA5CF64BE63841C0
29471251,Piquete Suspencion DT 132Kv,APSD1,S,AT Geografico,PILAR                                                                                                                                        ,"{""type"":""Point"",""coordinates"":[-58.943797949201,-34.443017322255]}",0101000020E6100000CCEC065FCE784DC0C252A7CAB43841C0
29471252,Piquete Suspencion DT 132Kv,APSD1,S,AT Geografico,PILAR                                                                                                                                        ,"{""type"":""Point"",""coordinates"":[-58.9448221446595,-34.4417093281451]}",0101000020E6100000AEEC99EEEF784DC0505C67EE893841C0
29471253,Piquete Suspencion DT 132Kv,APSD1,S,AT Geografico,PILAR                                                                                                                                        ,"{""type"":""Point"",""coordinates"":[-58.9472148298986,-34.4369343397627]}",0101000020E6100000B759E6553E794DC0D8E3E576ED3741C0
29471254,Piquete Suspencion DT 132Kv,APSD1,S,AT Geografico,PILAR                                                                                                                                        ,"{""type"":""Point"",""coordinates"":[-58.9474036174086,-34.4350793629645]}",0101000020E6100000ED70908544794DC06E8C39AEB03741C0
29471255,Piquete Suspencion DT 132Kv,APSD1,S,AT Geografico,PILAR                                                                                                                                        ,"{""type"":""Point"",""coordinates"":[-58.9475603452047,-34.4335346882466]}",0101000020E6100000FCD14AA849794DC0B1D98D107E3741C0
29471256,Piquete Suspencion DT 132Kv,APSD1,S,AT Geografico,PILAR                                                                                                                                        ,"{""type"":""Point"",""coordinates"":[-58.9477155041444,-34.4320104029656]}",0101000020E6100000291BDCBD4E794DC07522EC1D4C3741C0
29471257,Piquete Suspencion DT 132Kv,APSD1,S,AT Geografico,PILAR                                                                                                                                        ,"{""type"":""Point"",""coordinates"":[-58.9478744876333,-34.4304418378604]}",0101000020E6100000858C82F353794DC06438D8B7183741C0
29506691,Piquete Suspencion DT 132Kv,APSD1,S,AT Geografico,PILAR                                                                                                                                        ,"{""type"":""Point"",""coordinates"":[-58.8930399423921,-34.4468926652532]}",0101000020E61000003C4C01224F724DC0DE0A63C7333941C0
29506692,Piquete Suspencion DT 132Kv,APSD1,S,AT Geografico,PILAR                                                                                                                                        ,"{""type"":""Point"",""coordinates"":[-58.8952518073852,-34.4472385264632]}",0101000020E6100000C733799C97724DC0D655AE1C3F3941C0
29506698,Piquete Suspencion DT 132Kv,APSD1,S,AT Geografico,PILAR                                                                                                                                        ,"{""type"":""Point"",""coordinates"":[-58.89082236319,-34.4465689352302]}",0101000020E610000027399A7706724DC08F1CBE2B293941C0
29577368,Piquete Suspencion DT 132Kv,APSD1,S,AT Geografico,TIGRE                                                                                                                                        ,"{""type"":""Point"",""coordinates"":[-58.6388385750958,-34.4810330943323]}",0101000020E6100000D2BA6176C5514DC0BC39107E923D41C0
29580456,Piquete Suspencion DT 132Kv,APSD1,S,AT Geografico,SANISIDRO                                                                                                                                    ,"{""type"":""Point"",""coordinates"":[-58.5571299679248,-34.4931503336781]}",0101000020E6100000E9EDE70850474DC05294D58C1F3F41C0
29692298,Piquete Suspencion DT 132Kv,APSD1,S,AT Geografico,TIGRE                                                                                                                                        ,"{""type"":""Point"",""coordinates"":[-58.6748142392688,-34.4721889324774]}",0101000020E61000006844205060564DC00A43DBAF703C41C0
29692300,Piquete Suspencion DT 132Kv,APSD1,S,AT Geografico,TIGRE                                                                                                                                        ,"{""type"":""Point"",""coordinates"":[-58.70298362703,-34.4432842086602]}",0101000020E6100000CBDB135EFB594DC0AD837589BD3841C0
29705216,Piquete Suspencion DT 132Kv,APSD1,S,AT Geografico,PILAR                                                                                                                                        ,"{""type"":""Point"",""coordinates"":[-58.9577084903768,-34.4163732782115]}",0101000020E610000090A21A31967A4DC05A6C36B84B3541C0
29705217,Piquete Suspencion DT 132Kv,APSD1,S,AT Geografico,PILAR                                                                                                                                        ,"{""type"":""Point"",""coordinates"":[-58.9595995061296,-34.416853234694]}",0101000020E6100000D00A1828D47A4DC0121F61725B3541C0
29705218,Piquete Suspencion DT 132Kv,APSD1,S,AT Geografico,PILAR                                                                                                                                        ,"{""type"":""Point"",""coordinates"":[-58.9718209499779,-34.4188272555121]}",0101000020E610000086DCFEA0647C4DC08C8CAA219C3541C0
29705219,Piquete Suspencion DT 132Kv,APSD1,S,AT Geografico,PILAR                                                                                                                                        ,"{""type"":""Point"",""coordinates"":[-58.9764465305119,-34.4167744702547]}",0101000020E6100000A86B2D33FC7C4DC0A0C6A7DD583541C0
29705220,Piquete Suspencion DT 132Kv,APSD1,S,AT Geografico,PILAR                                                                                                                                        ,"{""type"":""Point"",""coordinates"":[-58.977446183816,-34.4154385775503]}",0101000020E61000007D8BE0F41C7D4DC0A40960172D3541C0
29705221,Piquete Suspencion DT 132Kv,APSD1,S,AT Geografico,PILAR                                                                                                                                        ,"{""type"":""Point"",""coordinates"":[-58.9784412591829,-34.4141086675875]}",0101000020E6100000AC9F2C903D7D4DC0A0234883013541C0
29705222,Piquete Suspencion DT 132Kv,APSD1,S,AT Geografico,PILAR                                                                                                                                        ,"{""type"":""Point"",""coordinates"":[-58.9794385755202,-34.4127757527756]}",0101000020E61000006D26453E5E7D4DC06560FBD5D53441C0
29705223,Piquete Suspencion DT 132Kv,APSD1,S,AT Geografico,PILAR                                                                                                                                        ,"{""type"":""Point"",""coordinates"":[-58.9824991052822,-34.4086850270973]}",0101000020E6100000A6C4DA87C27D4DC0B7DF7CCA4F3441C0
29705224,Piquete Suspencion DT 132Kv,APSD1,S,AT Geografico,PILAR                                                                                                                                        ,"{""type"":""Point"",""coordinates"":[-58.9845392911217,-34.4059578296544]}",0101000020E6100000537F2C62057E4DC0E3F5186DF63341C0
29705259,Piquete Suspencion DT 132Kv,APSD1,S,AT Geografico,PILAR                                                                                                                                        ,"{""type"":""Point"",""coordinates"":[-58.9804587855864,-34.4114121869494]}",0101000020E6100000B69569AC7F7D4DC0D30F9027A93441C0
29705262,Piquete Suspencion DT 132Kv,APSD1,S,AT Geografico,PILAR                                                                                                                                        ,"{""type"":""Point"",""coordinates"":[-58.9814789621692,-34.4100486117228]}",0101000020E6100000441D461AA17D4DC0568F10797C3441C0
29705265,Piquete Suspencion DT 132Kv,APSD1,S,AT Geografico,PILAR                                                                                                                                        ,"{""type"":""Point"",""coordinates"":[-58.9835192149393,-34.4073214330741]}",0101000020E6100000749327F5E37D4DC0AE01D51B233441C0
29753759,Piquete Suspencion DT 132Kv,APSD1,S,AT Geografico,MERLO                                                                                                                                        ,"{""type"":""Point"",""coordinates"":[-58.7505361310989,-34.7150940387379]}",0101000020E61000009FC4649111604DC0CCF89233885B41C0
29753792,Piquete Suspencion DT 132Kv,APSD1,S,AT Geografico,MERLO                                                                                                                                        ,"{""type"":""Point"",""coordinates"":[-58.7724852192654,-34.6965769017663]}",0101000020E6100000B7B1B0CBE0624DC01F1E926E295941C0
18618329,Puesto Interconex. CAT/LAT,AINT,S,AT Geografico,HURLINGHAM                                                                                                                                     ,"{""type"":""Point"",""coordinates"":[-58.6713788962223,-34.5965001322293]}",0101000020E6100000E93F61BEEF554DC003FEC71D5A4C41C0
18618334,Puesto Interconex. CAT/LAT,AINT,S,AT Geografico,HURLINGHAM                                                                                                                                     ,"{""type"":""Point"",""coordinates"":[-58.6719539431298,-34.5961922974696]}",0101000020E61000009214399602564DC028E17907504C41C0
18628335,Puesto Interconex. CAT/LAT,AINT,S,AT Geografico,MALVINASARGENTINAS                                                                                                                             ,"{""type"":""Point"",""coordinates"":[-58.7489015889006,-34.4749144010524]}",0101000020E61000001320DC01DC5F4DC0B475BEFEC93C41C0
18668315,Puesto Interconex. CAT/LAT,AINT,S,AT Geografico,TIGRE                                                                                                                                          ,"{""type"":""Point"",""coordinates"":[-58.6583484059661,-34.4503458684531]}",0101000020E6100000C47FB4C244544DC08B72F4EEA43941C0
18778576,Puesto Interconex. CAT/LAT,AINT,S,AT Geografico,TIGRE                                                                                                                                          ,"{""type"":""Point"",""coordinates"":[-58.6593495594844,-34.4403349175159]}",0101000020E61000000E4FFD9065544DC0410203E55C3841C0
19863343,Puesto Interconex. CAT/LAT,AINT,S,AT Geografico,SANFERNANDO                                                                                                                                    ,"{""type"":""Point"",""coordinates"":[-58.5678282860392,-34.4541321452055]}",0101000020E61000001624E798AE484DC028DC8B00213A41C0
20463980,Puesto Interconex. CAT/LAT,AINT,S,AT Geografico,SANFERNANDO                                                                                                                                    ,"{""type"":""Point"",""coordinates"":[-58.5961465738355,-34.4670989212505]}",0101000020E6100000811FEB874E4C4DC04862BFE5C93B41C0
20463985,Puesto Interconex. CAT/LAT,AINT,S,AT Geografico,TIGRE                                                                                                                                          ,"{""type"":""Point"",""coordinates"":[-58.6387343305988,-34.4661413132768]}",0101000020E61000008760EA0BC2514DC04DEBBF84AA3B41C0
23286953,Puesto Interconex. CAT/LAT,AINT,S,AT Geografico,MORENO                                                                                                                                         ,"{""type"":""Point"",""coordinates"":[-58.788576398859,-34.667898998515]}",0101000020E610000092BF4912F0644DC096D3E1B67D5541C0
23351537,Puesto Interconex. CAT/LAT,AINT,S,AT Geografico,MORENO                                                                                                                                         ,"{""type"":""Point"",""coordinates"":[-58.7946054164344,-34.6718840508797]}",0101000020E6100000B5675AA1B5654DC0BF9DEC4B005641C0
26726321,Puesto Interconex. CAT/LAT,AINT,S,AT Geografico,LAMATANZA                                                                                                                                      ,"{""type"":""Point"",""coordinates"":[-58.6081461380397,-34.7023757943327]}",0101000020E6100000DE088FBBD74D4DC0A1143573E75941C0
26800217,Puesto Interconex. CAT/LAT,AINT,S,AT Geografico,GRALSANMARTIN                                                                                                                                  ,"{""type"":""Point"",""coordinates"":[-58.5902111861185,-34.5546720752883]}",0101000020E6100000670E470A8C4B4DC010AF9B7EFF4641C0
27116890,Puesto Interconex. CAT/LAT,AINT,S,AT Geografico,TIGRE                                                                                                                                          ,"{""type"":""Point"",""coordinates"":[-58.6577030521771,-34.4320122916146]}",0101000020E61000003BCA159D2F544DC033FAC32D4C3741C0
27417712,Puesto Interconex. CAT/LAT,AINT,S,AT Geografico,SANISIDRO                                                                                                                                      ,"{""type"":""Point"",""coordinates"":[-58.5317508045188,-34.5066028333189]}",0101000020E6100000D4830D6910444DC02D95945CD84041C0
29457173,Puesto Interconex. CAT/LAT,AINT,S,AT Geografico,MALVINASARGENTINAS                                                                                                                             ,"{""type"":""Point"",""coordinates"":[-58.7487104668763,-34.4762261734114]}",0101000020E610000008B49CBED55F4DC09226B0FAF43C41C0
36664834,Puesto Interconex. CAT/LAT,AINT,S,AT Geografico,MORENO                                                                                                                                         ,"{""type"":""Point"",""coordinates"":[-58.7882809403566,-34.6681977915077]}",0101000020E61000001D72CD63E6644DC07DE45681875541C0
18082883,Piquete Retencion DT 132Kv,APRD1,S,AT Geografico,MORENO                                                                                                                                        ,"{""type"":""Point"",""coordinates"":[-58.7726026763257,-34.6361957618113]}",0101000020E610000079CFFDA4E4624DC0A46ADBDC6E5141C0
18082888,Piquete Retencion DT 132Kv,APRD1,S,AT Geografico,MORENO                                                                                                                                        ,"{""type"":""Point"",""coordinates"":[-58.7823756333023,-34.636251189904]}",0101000020E6100000421C7FE224644DC0E656D2AD705141C0
18082889,Piquete Retencion DT 132Kv,APRD1,S,AT Geografico,MORENO                                                                                                                                        ,"{""type"":""Point"",""coordinates"":[-58.7846172524526,-34.6361601745614]}",0101000020E6100000A9948F566E644DC01D6154B26D5141C0
18082892,Piquete Retencion DT 132Kv,APRD1,S,AT Geografico,MORENO                                                                                                                                        ,"{""type"":""Point"",""coordinates"":[-58.7908018353897,-34.6352364597556]}",0101000020E6100000CE4E9AFE38654DC040F0A56D4F5141C0
18082893,Piquete Retencion DT 132Kv,APRD1,S,AT Geografico,MORENO                                                                                                                                        ,"{""type"":""Point"",""coordinates"":[-58.7923461829524,-34.6346849650944]}",0101000020E61000000F7287996B654DC0EC2B605B3D5141C0
18082899,Piquete Retencion DT 132Kv,APRD1,S,AT Geografico,MORENO                                                                                                                                        ,"{""type"":""Point"",""coordinates"":[-58.8023228549992,-34.6297357282373]}",0101000020E61000000687EB83B2664DC071F32A2E9B5041C0
18082908,Piquete Retencion DT 132Kv,APRD1,S,AT Geografico,MORENO                                                                                                                                        ,"{""type"":""Point"",""coordinates"":[-58.8160611880621,-34.6319048539185]}",0101000020E61000007A2169B174684DC0C1E11C42E25041C0
18082915,Piquete Retencion DT 132Kv,APRD1,S,AT Geografico,ITUZAINGO                                                                                                                                     ,"{""type"":""Point"",""coordinates"":[-58.6726422215347,-34.6238081635551]}",0101000020E610000038B3EB2319564DC038B926F2D84F41C0
18082920,Piquete Retencion DT 132Kv,APRD1,S,AT Geografico,ITUZAINGO                                                                                                                                     ,"{""type"":""Point"",""coordinates"":[-58.6703806734264,-34.621152469815]}",0101000020E61000004A1EAE08CF554DC0B2D793EC814F41C0
18082921,Piquete Retencion DT 132Kv,APRD1,S,AT Geografico,HURLINGHAM                                                                                                                                    ,"{""type"":""Point"",""coordinates"":[-58.6766696377277,-34.6110780279033]}",0101000020E61000004F1E561C9D564DC0119308CE374E41C0
18083016,Piquete Retencion DT 132Kv,APRD1,S,AT Geografico,SANFERNANDO                                                                                                                                   ,"{""type"":""Point"",""coordinates"":[-58.5477977760155,-34.4607648626259]}",0101000020E61000007767CE3C1E464DC0E40FD057FA3A41C0
18083024,Piquete Retencion DT 132Kv,APRD1,S,AT Geografico,SANFERNANDO                                                                                                                                   ,"{""type"":""Point"",""coordinates"":[-58.5578265211248,-34.4575557727814]}",0101000020E6100000408904DC66474DC093180430913A41C0
18083038,Piquete Retencion DT 132Kv,APRD1,S,AT Geografico,SANFERNANDO                                                                                                                                   ,"{""type"":""Point"",""coordinates"":[-58.5699983121052,-34.4503471880991]}",0101000020E610000030A266B4F5484DC0965D06FAA43941C0
18083041,Piquete Retencion DT 132Kv,APRD1,S,AT Geografico,SANFERNANDO                                                                                                                                   ,"{""type"":""Point"",""coordinates"":[-58.5721097821452,-34.4479935274448]}",0101000020E61000008704B2E43A494DC0FA9816DA573941C0
18083051,Piquete Retencion DT 132Kv,APRD1,S,AT Geografico,TIGRE                                                                                                                                         ,"{""type"":""Point"",""coordinates"":[-58.577895671106,-34.4405491183488]}",0101000020E61000003DF33F7CF8494DC078CBDBE9633841C0
18083067,Piquete Retencion DT 132Kv,APRD1,S,AT Geografico,PILAR                                                                                                                                         ,"{""type"":""Point"",""coordinates"":[-58.8340810245954,-34.3962614575979]}",0101000020E6100000FF6CC12AC36A4DC0278608B2B83241C0
18083099,Piquete Retencion DT 132Kv,APRD1,S,AT Geografico,PILAR                                                                                                                                         ,"{""type"":""Point"",""coordinates"":[-58.7991783209667,-34.4386565307642]}",0101000020E6100000AF1CA8794B664DC095E7AEE5253841C0
18083104,Piquete Retencion DT 132Kv,APRD1,S,AT Geografico,PILAR                                                                                                                                         ,"{""type"":""Point"",""coordinates"":[-58.7894566013084,-34.4401480205691]}",0101000020E6100000911DF6E90C654DC024DF34C5563841C0
18083111,Piquete Retencion DT 132Kv,APRD1,S,AT Geografico,PILAR                                                                                                                                         ,"{""type"":""Point"",""coordinates"":[-58.8385328364413,-34.395127717413]}",0101000020E61000009591420B556B4DC01904888B933241C0
18083193,Piquete Retencion DT 132Kv,APRD1,S,AT Geografico,PILAR                                                                                                                                         ,"{""type"":""Point"",""coordinates"":[-58.9546859193861,-34.4188829161384]}",0101000020E610000081DBF025337A4DC06FD594F49D3541C0
18083196,Piquete Retencion DT 132Kv,APRD1,S,AT Geografico,PILAR                                                                                                                                         ,"{""type"":""Point"",""coordinates"":[-58.8373547867369,-34.4164167070291]}",0101000020E6100000951710712E6B4DC0561985244D3541C0
18083197,Piquete Retencion DT 132Kv,APRD1,S,AT Geografico,PILAR                                                                                                                                         ,"{""type"":""Point"",""coordinates"":[-58.8457018548331,-34.4281677165197]}",0101000020E61000005F5658F53F6C4DC0D7D32133CE3641C0
18083202,Piquete Retencion DT 132Kv,APRD1,S,AT Geografico,PILAR                                                                                                                                         ,"{""type"":""Point"",""coordinates"":[-58.8462458987525,-34.428919383299]}",0101000020E610000015C21DC9516C4DC0DBF191D4E63641C0
18083204,Piquete Retencion DT 132Kv,APRD1,S,AT Geografico,PILAR                                                                                                                                         ,"{""type"":""Point"",""coordinates"":[-58.8687674581043,-34.4409272388484]}",0101000020E61000008431A6C5336F4DC07F62C34D703841C0
18083205,Piquete Retencion DT 132Kv,APRD1,S,AT Geografico,PILAR                                                                                                                                         ,"{""type"":""Point"",""coordinates"":[-58.9047468180449,-34.4488663342791]}",0101000020E6100000E15465BECE734DC08100B973743941C0
18083206,Piquete Retencion DT 132Kv,APRD1,S,AT Geografico,PILAR                                                                                                                                         ,"{""type"":""Point"",""coordinates"":[-58.9336565650263,-34.4527587628453]}",0101000020E6100000E53DEE0E82774DC0F0B2C7FFF33941C0
18083207,Piquete Retencion DT 132Kv,APRD1,S,AT Geografico,PILAR                                                                                                                                         ,"{""type"":""Point"",""coordinates"":[-58.9470304693425,-34.4387809215414]}",0101000020E61000001C125F4B38794DC0881026F9293841C0
18083259,Piquete Retencion DT 132Kv,APRD1,S,AT Geografico,TIGRE                                                                                                                                         ,"{""type"":""Point"",""coordinates"":[-58.7131581762028,-34.4310045801029]}",0101000020E610000042D561C4485B4DC0EDFB77282B3741C0
18083260,Piquete Retencion DT 132Kv,APRD1,S,AT Geografico,TIGRE                                                                                                                                         ,"{""type"":""Point"",""coordinates"":[-58.713644427583,-34.4295072594762]}",0101000020E61000008BB85AB3585B4DC0286C0818FA3641C0
18083262,Piquete Retencion DT 132Kv,APRD1,S,AT Geografico,TIGRE                                                                                                                                         ,"{""type"":""Point"",""coordinates"":[-58.7144273700835,-34.427710199316]}",0101000020E610000024F0265B725B4DC02D1D3335BF3641C0
18083270,Piquete Retencion DT 132Kv,APRD1,S,AT Geografico,TIGRE                                                                                                                                         ,"{""type"":""Point"",""coordinates"":[-58.7226316060929,-34.4168797214083]}",0101000020E6100000C79C45317F5C4DC03DE890505C3541C0
18083271,Piquete Retencion DT 132Kv,APRD1,S,AT Geografico,TIGRE                                                                                                                                         ,"{""type"":""Point"",""coordinates"":[-58.7236547604939,-34.4155281997821]}",0101000020E61000003CF51CB8A05C4DC09C502E07303541C0
18083277,Piquete Retencion DT 132Kv,APRD1,S,AT Geografico,TIGRE                                                                                                                                         ,"{""type"":""Point"",""coordinates"":[-58.7292012462312,-34.4085352985136]}",0101000020E6100000FD616877565D4DC0543079E24A3441C0
18083278,Piquete Retencion DT 132Kv,APRD1,S,AT Geografico,TIGRE                                                                                                                                         ,"{""type"":""Point"",""coordinates"":[-58.7302652131672,-34.4071479350242]}",0101000020E6100000D1FA9B54795D4DC012C86C6C1D3441C0
18083286,Piquete Retencion DT 132Kv,APRD1,S,AT Geografico,ESCOBAR                                                                                                                                       ,"{""type"":""Point"",""coordinates"":[-58.7385030178048,-34.3966900047268]}",0101000020E610000001BC5244875E4DC0CA79F2BCC63241C0
18083287,Piquete Retencion DT 132Kv,APRD1,S,AT Geografico,ESCOBAR                                                                                                                                       ,"{""type"":""Point"",""coordinates"":[-58.7391521560397,-34.3955566025351]}",0101000020E6100000AE7AB0899C5E4DC072CD4799A13241C0
18083297,Piquete Retencion DT 132Kv,APRD1,S,AT Geografico,ESCOBAR                                                                                                                                       ,"{""type"":""Point"",""coordinates"":[-58.749649202854,-34.382395169927]}",0101000020E610000080DD4C81F45F4DC0107E2E53F23041C0
18083299,Piquete Retencion DT 132Kv,APRD1,S,AT Geografico,ESCOBAR                                                                                                                                       ,"{""type"":""Point"",""coordinates"":[-58.7510235870476,-34.3806274647667]}",0101000020E61000006A72788A21604DC0F8909866B83041C0
18083300,Piquete Retencion DT 132Kv,APRD1,S,AT Geografico,ESCOBAR                                                                                                                                       ,"{""type"":""Point"",""coordinates"":[-58.752072304388,-34.3795638028102]}",0101000020E610000078C9BFE743604DC052E8F38B953041C0
18083302,Piquete Retencion DT 132Kv,APRD1,S,AT Geografico,ESCOBAR                                                                                                                                       ,"{""type"":""Point"",""coordinates"":[-58.7540854081821,-34.3769991250906]}",0101000020E61000003544E3DE85604DC03C71E081413041C0
18083303,Piquete Retencion DT 132Kv,APRD1,S,AT Geografico,ESCOBAR                                                                                                                                       ,"{""type"":""Point"",""coordinates"":[-58.7554043422391,-34.375842220555]}",0101000020E61000003596E816B1604DC0ABDE0E991B3041C0
18083304,Piquete Retencion DT 132Kv,APRD1,S,AT Geografico,ESCOBAR                                                                                                                                       ,"{""type"":""Point"",""coordinates"":[-58.7565206365313,-34.3757961559705]}",0101000020E61000005B5310ABD5604DC092EDA3161A3041C0
18083307,Piquete Retencion DT 132Kv,APRD1,S,AT Geografico,ESCOBAR                                                                                                                                       ,"{""type"":""Point"",""coordinates"":[-58.7616297387733,-34.3738432862871]}",0101000020E6100000A1D851157D614DC05737C818DA2F41C0
18083320,Piquete Retencion DT 132Kv,APRD1,S,AT Geografico,ESCOBAR                                                                                                                                       ,"{""type"":""Point"",""coordinates"":[-58.7819317492534,-34.383789322372]}",0101000020E6100000B05FED5616644DC02A122E02203141C0
18083332,Piquete Retencion DT 132Kv,APRD1,S,AT Geografico,ESCOBAR                                                                                                                                       ,"{""type"":""Point"",""coordinates"":[-58.8022621403335,-34.3937429807437]}",0101000020E610000096C69B86B0664DC074A9842B663241C0
18083333,Piquete Retencion DT 132Kv,APRD1,S,AT Geografico,ESCOBAR                                                                                                                                       ,"{""type"":""Point"",""coordinates"":[-58.803258474403,-34.3942306950073]}",0101000020E6100000DEE5762CD1664DC05A11C326763241C0
18083355,Piquete Retencion DT 132Kv,APRD1,S,AT Geografico,LAMATANZA                                                                                                                                     ,"{""type"":""Point"",""coordinates"":[-58.6413339928822,-34.7894080779162]}",0101000020E6100000049F763B17524DC093ECEA520B6541C0
18083425,Piquete Retencion DT 132Kv,APRD1,S,AT Geografico,LAMATANZA                                                                                                                                     ,"{""type"":""Point"",""coordinates"":[-58.6237313074821,-34.7815381633264]}",0101000020E61000003F906F6DD64F4DC00F084A71096441C0
18083429,Piquete Retencion DT 132Kv,APRD1,S,AT Geografico,LAMATANZA                                                                                                                                     ,"{""type"":""Point"",""coordinates"":[-58.6215400409774,-34.7752507957114]}",0101000020E61000008993C29F8E4F4DC0A6E3066B3B6341C0
18083444,Piquete Retencion DT 132Kv,APRD1,S,AT Geografico,LAMATANZA                                                                                                                                     ,"{""type"":""Point"",""coordinates"":[-58.608338073108,-34.7727954522345]}",0101000020E61000008574A005DE4D4DC01CEC1CF6EA6241C0
18083445,Piquete Retencion DT 132Kv,APRD1,S,AT Geografico,LAMATANZA                                                                                                                                     ,"{""type"":""Point"",""coordinates"":[-58.6074865591875,-34.7727233030528]}",0101000020E6100000293C9C1EC24D4DC00ABCE198E86241C0
18083457,Piquete Retencion DT 132Kv,APRD1,S,AT Geografico,LAMATANZA                                                                                                                                     ,"{""type"":""Point"",""coordinates"":[-58.5972620898142,-34.7750907862203]}",0101000020E61000003F728B15734C4DC0A41FC52C366341C0
18083498,Piquete Retencion DT 132Kv,APRD1,S,AT Geografico,LAMATANZA                                                                                                                                     ,"{""type"":""Point"",""coordinates"":[-58.5564310733797,-34.7401019452774]}",0101000020E61000006F52272239474DC0185619A9BB5E41C0
18083504,Piquete Retencion DT 132Kv,APRD1,S,AT Geografico,LAMATANZA                                                                                                                                     ,"{""type"":""Point"",""coordinates"":[-58.5477144588733,-34.7318006440504]}",0101000020E61000001834E4811B464DC0AAB1BCA4AB5D41C0
18083537,Piquete Retencion DT 132Kv,APRD1,S,AT Geografico,LAMATANZA                                                                                                                                     ,"{""type"":""Point"",""coordinates"":[-58.5111916688793,-34.7128912514896]}",0101000020E61000007EE985BA6E414DC04C604105405B41C0
18083545,Piquete Retencion DT 132Kv,APRD1,S,AT Geografico,LAMATANZA                                                                                                                                     ,"{""type"":""Point"",""coordinates"":[-58.5072851396711,-34.7121042510185]}",0101000020E610000031512EB8EE404DC0C3BB6A3B265B41C0
18083614,Piquete Retencion DT 132Kv,APRD1,S,AT Geografico,LAMATANZA                                                                                                                                     ,"{""type"":""Point"",""coordinates"":[-58.556652653404,-34.7116537517698]}",0101000020E61000000DCDE66440474DC0A4F65A78175B41C0
18083615,Piquete Retencion DT 132Kv,APRD1,S,AT Geografico,LAMATANZA                                                                                                                                     ,"{""type"":""Point"",""coordinates"":[-58.544032489245,-34.7195424854497]}",0101000020E610000060A24ADBA2454DC0648BD9F7195C41C0
18083714,Piquete Retencion DT 132Kv,APRD1,S,AT Geografico,MERLO                                                                                                                                         ,"{""type"":""Point"",""coordinates"":[-58.7165491382765,-34.738306700613]}",0101000020E6100000EE6FD5E1B75B4DC075C67ED5805E41C0
18083715,Piquete Retencion DT 132Kv,APRD1,S,AT Geografico,MERLO                                                                                                                                         ,"{""type"":""Point"",""coordinates"":[-58.716621353557,-34.7379461340234]}",0101000020E610000046929E3FBA5B4DC086EBD704755E41C0
18083725,Piquete Retencion DT 132Kv,APRD1,S,AT Geografico,MERLO                                                                                                                                         ,"{""type"":""Point"",""coordinates"":[-58.7233756433767,-34.7326124851693]}",0101000020E61000005083B592975C4DC0C738F43EC65D41C0
18083730,Piquete Retencion DT 132Kv,APRD1,S,AT Geografico,MERLO                                                                                                                                         ,"{""type"":""Point"",""coordinates"":[-58.7300406656251,-34.7272634284745]}",0101000020E610000014CEF7F8715D4DC0F96FD0F7165D41C0
18083731,Piquete Retencion DT 132Kv,APRD1,S,AT Geografico,MERLO                                                                                                                                         ,"{""type"":""Point"",""coordinates"":[-58.7304025772138,-34.7272301150579]}",0101000020E61000001706E7D47D5D4DC0836B5CE0155D41C0
18083742,Piquete Retencion DT 132Kv,APRD1,S,AT Geografico,MERLO                                                                                                                                         ,"{""type"":""Point"",""coordinates"":[-58.7406820663441,-34.7225751993276]}",0101000020E610000040D781ABCE5E4DC0A50119587D5C41C0
18083743,Piquete Retencion DT 132Kv,APRD1,S,AT Geografico,MERLO                                                                                                                                         ,"{""type"":""Point"",""coordinates"":[-58.6987840717649,-34.7236024735901]}",0101000020E61000001899A7C171594DC0DFAF7F019F5C41C0
18083744,Piquete Retencion DT 132Kv,APRD1,S,AT Geografico,MERLO                                                                                                                                         ,"{""type"":""Point"",""coordinates"":[-58.6958325920202,-34.7218660511486]}",0101000020E6100000DE1BD90A11594DC04FE3541B665C41C0
18083745,Piquete Retencion DT 132Kv,APRD1,S,AT Geografico,MERLO                                                                                                                                         ,"{""type"":""Point"",""coordinates"":[-58.6914503304403,-34.7182976958877]}",0101000020E61000005906C67181584DC09950CC2DF15B41C0
18083746,Piquete Retencion DT 132Kv,APRD1,S,AT Geografico,MERLO                                                                                                                                         ,"{""type"":""Point"",""coordinates"":[-58.671294651652,-34.7342820323288]}",0101000020E61000009C69AFFBEC554DC0417221F4FC5D41C0
18083747,Piquete Retencion DT 132Kv,APRD1,S,AT Geografico,MERLO                                                                                                                                         ,"{""type"":""Point"",""coordinates"":[-58.67597899117,-34.7390302401934]}",0101000020E6100000DDEDC57A86564DC05F31FC8A985E41C0
18083748,Piquete Retencion DT 132Kv,APRD1,S,AT Geografico,MERLO                                                                                                                                         ,"{""type"":""Point"",""coordinates"":[-58.6696517652767,-34.7442433944081]}",0101000020E61000003FC92726B7554DC0989F175E435F41C0
18083749,Piquete Retencion DT 132Kv,APRD1,S,AT Geografico,MERLO                                                                                                                                         ,"{""type"":""Point"",""coordinates"":[-58.6721823954625,-34.746607163092]}",0101000020E6100000B0BA9E120A564DC03D38D2D2905F41C0
18083751,Piquete Retencion DT 132Kv,APRD1,S,AT Geografico,MERLO                                                                                                                                         ,"{""type"":""Point"",""coordinates"":[-58.6664385525068,-34.7492523387154]}",0101000020E6100000B2E7C5DB4D554DC0F99D2980E75F41C0
18718305,Piquete Retencion DT 132Kv,APRD1,S,AT Geografico,ESCOBAR                                                                                                                                       ,"{""type"":""Point"",""coordinates"":[-58.8066267117248,-34.3959830980603]}",0101000020E61000001878498B3F674DC005F8FB92AF3241C0
18718320,Piquete Retencion DT 132Kv,APRD1,S,AT Geografico,PILAR                                                                                                                                         ,"{""type"":""Point"",""coordinates"":[-58.8342280972542,-34.3949755632236]}",0101000020E6100000358E7DFCC76A4DC0D8612B8F8E3241C0
19251031,Piquete Retencion DT 132Kv,APRD1,S,AT Geografico,LAMATANZA                                                                                                                                     ,"{""type"":""Point"",""coordinates"":[-58.6258230400215,-34.7819415638398]}",0101000020E6100000E6FC28F81A504DC0950942A9166441C0
19258184,Piquete Retencion DT 132Kv,APRD1,S,AT Geografico,LAMATANZA                                                                                                                                     ,"{""type"":""Point"",""coordinates"":[-58.5966658980862,-34.775104038249]}",0101000020E61000009E75538C5F4C4DC075A3EF9B366341C0
19259438,Piquete Retencion DT 132Kv,APRD1,S,AT Geografico,LAMATANZA                                                                                                                                     ,"{""type"":""Point"",""coordinates"":[-58.5748776387434,-34.7671528245326]}",0101000020E610000067CD289795494DC065335210326241C0
19270340,Piquete Retencion DT 132Kv,APRD1,S,AT Geografico,LAMATANZA                                                                                                                                     ,"{""type"":""Point"",""coordinates"":[-58.564729056027,-34.7077981768521]}",0101000020E6100000545EAD0A49484DC0C3DF7221995A41C0
19278590,Piquete Retencion DT 132Kv,APRD1,S,AT Geografico,LAMATANZA                                                                                                                                     ,"{""type"":""Point"",""coordinates"":[-58.530577099642,-34.72108588504]}",0101000020E6100000007C4DF3E9434DC057EDD28A4C5C41C0
19278597,Piquete Retencion DT 132Kv,APRD1,S,AT Geografico,LAMATANZA                                                                                                                                     ,"{""type"":""Point"",""coordinates"":[-58.5339296756131,-34.7193387186162]}",0101000020E6100000A28FBFCE57444DC0029A874A135C41C0
19287198,Piquete Retencion DT 132Kv,APRD1,S,AT Geografico,LAMATANZA                                                                                                                                     ,"{""type"":""Point"",""coordinates"":[-58.5076065179793,-34.7119541548096]}",0101000020E610000097FA1840F9404DC052945150215B41C0
19287199,Piquete Retencion DT 132Kv,APRD1,S,AT Geografico,LAMATANZA                                                                                                                                     ,"{""type"":""Point"",""coordinates"":[-58.5049784656647,-34.7112597880455]}",0101000020E6100000679B6522A3404DC0C64E8C8F0A5B41C0
19287200,Piquete Retencion DT 132Kv,APRD1,S,AT Geografico,LAMATANZA                                                                                                                                     ,"{""type"":""Point"",""coordinates"":[-58.504222316068,-34.7107168626756]}",0101000020E61000007BB65A5B8A404DC021F428C5F85A41C0
19287203,Piquete Retencion DT 132Kv,APRD1,S,AT Geografico,LAMATANZA                                                                                                                                     ,"{""type"":""Point"",""coordinates"":[-58.5012880955057,-34.7071628013811]}",0101000020E61000001F0954352A404DC09170884F845A41C0
19287204,Piquete Retencion DT 132Kv,APRD1,S,AT Geografico,LAMATANZA                                                                                                                                     ,"{""type"":""Point"",""coordinates"":[-58.5001748006593,-34.7062425887877]}",0101000020E6100000BC8E55BA05404DC05DF13A28665A41C0
19287205,Piquete Retencion DT 132Kv,APRD1,S,AT Geografico,LAMATANZA                                                                                                                                     ,"{""type"":""Point"",""coordinates"":[-58.4995953436601,-34.7051200428455]}",0101000020E61000007D207FBDF23F4DC046E3A15F415A41C0
19330676,Piquete Retencion DT 132Kv,APRD1,S,AT Geografico,LAMATANZA                                                                                                                                     ,"{""type"":""Point"",""coordinates"":[-58.736463660953,-34.8625015725032]}",0101000020E6100000273EF570445E4DC033539773666E41C0
19330855,Piquete Retencion DT 132Kv,APRD1,S,AT Geografico,LAMATANZA                                                                                                                                     ,"{""type"":""Point"",""coordinates"":[-58.6653176607882,-34.8036842548803]}",0101000020E6100000B0440D2129554DC0AE822B20DF6641C0
19381029,Piquete Retencion DT 132Kv,APRD1,S,AT Geografico,LAMATANZA                                                                                                                                     ,"{""type"":""Point"",""coordinates"":[-58.6913442268943,-34.8718738100772]}",0101000020E61000000565B6F77D584DC0A2429E8F996F41C0
19381037,Piquete Retencion DT 132Kv,APRD1,S,AT Geografico,LAMATANZA                                                                                                                                     ,"{""type"":""Point"",""coordinates"":[-58.6839323955176,-34.8778353215816]}",0101000020E610000026B6C3188B574DC0C0BB66E85C7041C0
19862807,Piquete Retencion DT 132Kv,APRD1,S,AT Geografico,SANFERNANDO                                                                                                                                   ,"{""type"":""Point"",""coordinates"":[-58.5589552310399,-34.4576449788998]}",0101000020E61000004B9F52D88B474DC0D0C6541C943A41C0
19863340,Piquete Retencion DT 132Kv,APRD1,S,AT Geografico,SANFERNANDO                                                                                                                                   ,"{""type"":""Point"",""coordinates"":[-58.5661915403786,-34.4550916978763]}",0101000020E61000005599E2F678484DC0A987DB71403A41C0
19931286,Piquete Retencion DT 132Kv,APRD1,S,AT Geografico,SANFERNANDO                                                                                                                                   ,"{""type"":""Point"",""coordinates"":[-58.5724841491169,-34.4469137012591]}",0101000020E6100000B7F71C2947494DC06A85D977343941C0
19931292,Piquete Retencion DT 132Kv,APRD1,S,AT Geografico,SANFERNANDO                                                                                                                                   ,"{""type"":""Point"",""coordinates"":[-58.5770645471016,-34.4431041818769]}",0101000020E6100000C4BD4640DD494DC0E8F048A3B73841C0
19931296,Piquete Retencion DT 132Kv,APRD1,S,AT Geografico,TIGRE                                                                                                                                         ,"{""type"":""Point"",""coordinates"":[-58.5788031081234,-34.440125406037]}",0101000020E61000004D1B6238164A4DC0A7888007563841C0
19931303,Piquete Retencion DT 132Kv,APRD1,S,AT Geografico,TIGRE                                                                                                                                         ,"{""type"":""Point"",""coordinates"":[-58.585257215778,-34.4346188067043]}",0101000020E6100000D8C15CB5E94A4DC0C782CC96A13741C0
19931305,Piquete Retencion DT 132Kv,APRD1,S,AT Geografico,TIGRE                                                                                                                                         ,"{""type"":""Point"",""coordinates"":[-58.5850298887434,-34.4331880421825]}",0101000020E6100000E9AA6742E24A4DC09B18ADB4723741C0
19931377,Piquete Retencion DT 132Kv,APRD1,S,AT Geografico,TIGRE                                                                                                                                         ,"{""type"":""Point"",""coordinates"":[-58.5814778872256,-34.4288151058613]}",0101000020E61000009A7D0EDE6D4A4DC03CDAD369E33641C0
20454376,Piquete Retencion DT 132Kv,APRD1,S,AT Geografico,TIGRE                                                                                                                                         ,"{""type"":""Point"",""coordinates"":[-58.6221781333561,-34.4728026392033]}",0101000020E61000007D867788A34F4DC09C6B00CC843C41C0
20454377,Piquete Retencion DT 132Kv,APRD1,S,AT Geografico,TIGRE                                                                                                                                         ,"{""type"":""Point"",""coordinates"":[-58.6211320970382,-34.4724982288281]}",0101000020E610000038A3AD41814F4DC00B1E6CD27A3C41C0
20454387,Piquete Retencion DT 132Kv,APRD1,S,AT Geografico,TIGRE                                                                                                                                         ,"{""type"":""Point"",""coordinates"":[-58.6067746695333,-34.473800892218]}",0101000020E6100000E1D7D8CAAA4D4DC02572F481A53C41C0
20454390,Piquete Retencion DT 132Kv,APRD1,S,AT Geografico,TIGRE                                                                                                                                         ,"{""type"":""Point"",""coordinates"":[-58.6032937182261,-34.472308466731]}",0101000020E6100000E9D482BA384D4DC0E41D959A743C41C0
21386506,Piquete Retencion DT 132Kv,APRD1,S,AT Geografico,MERLO                                                                                                                                         ,"{""type"":""Point"",""coordinates"":[-58.7480968945044,-34.7168919845559]}",0101000020E6100000551198A3C15F4DC04937D61DC35B41C0
21386507,Piquete Retencion DT 132Kv,APRD1,S,AT Geografico,MERLO                                                                                                                                         ,"{""type"":""Point"",""coordinates"":[-58.749146292483,-34.7161182470325]}",0101000020E610000026119506E45F4DC0698941C3A95B41C0
23245375,Piquete Retencion DT 132Kv,APRD1,S,AT Geografico,MERLO                                                                                                                                         ,"{""type"":""Point"",""coordinates"":[-58.7631162874575,-34.7058156713912]}",0101000020E610000064D664CBAD614DC091D0FC2A585A41C0
23258897,Piquete Retencion DT 132Kv,APRD1,S,AT Geografico,MERLO                                                                                                                                         ,"{""type"":""Point"",""coordinates"":[-58.7686703656,-34.6914439060204]}",0101000020E610000003D460CA63624DC01FB0E13B815841C0
24413953,Piquete Retencion DT 132Kv,APRD1,S,AT Geografico,LAMATANZA                                                                                                                                     ,"{""type"":""Point"",""coordinates"":[-58.6817442559973,-34.8795741661285]}",0101000020E610000049DF516543574DC0D8F6E2E2957041C0
27289097,Piquete Retencion DT 132Kv,APRD1,S,AT Geografico,PILAR                                                                                                                                         ,"{""type"":""Point"",""coordinates"":[-58.9558621696461,-34.4159102147072]}",0101000020E6100000870E0BB1597A4DC0AA1EC18B3C3541C0
27289098,Piquete Retencion DT 132Kv,APRD1,S,AT Geografico,PILAR                                                                                                                                         ,"{""type"":""Point"",""coordinates"":[-58.9632193259372,-34.4177768706092]}",0101000020E610000044E357C54A7B4DC0592566B6793541C0
27289100,Piquete Retencion DT 132Kv,APRD1,S,AT Geografico,PILAR                                                                                                                                         ,"{""type"":""Point"",""coordinates"":[-58.9696715514495,-34.4177657793536]}",0101000020E61000002CAB88321E7C4DC016DB5B59793541C0
27289101,Piquete Retencion DT 132Kv,APRD1,S,AT Geografico,PILAR                                                                                                                                         ,"{""type"":""Point"",""coordinates"":[-58.9737543621389,-34.4197924851054]}",0101000020E6100000A8DCA1FBA37C4DC0355199C2BB3541C0
27417729,Piquete Retencion DT 132Kv,APRD1,S,AT Geografico,TIGRE                                                                                                                                         ,"{""type"":""Point"",""coordinates"":[-58.6062756728287,-34.4857705982489]}",0101000020E61000006D94F5709A4D4DC0326B20BB2D3E41C0
27417730,Piquete Retencion DT 132Kv,APRD1,S,AT Geografico,SANISIDRO                                                                                                                                     ,"{""type"":""Point"",""coordinates"":[-58.5321971205152,-34.5066081974304]}",0101000020E6100000B2D105091F444DC0ACEC9389D84041C0
27417731,Piquete Retencion DT 132Kv,APRD1,S,AT Geografico,SANISIDRO                                                                                                                                     ,"{""type"":""Point"",""coordinates"":[-58.5335278671841,-34.5059747622761]}",0101000020E6100000B98722A44A444DC0DF49F0C7C34041C0
27417732,Piquete Retencion DT 132Kv,APRD1,S,AT Geografico,SANISIDRO                                                                                                                                     ,"{""type"":""Point"",""coordinates"":[-58.5348379910299,-34.5053299967119]}",0101000020E6100000D810409275444DC060C840A7AE4041C0
27417733,Piquete Retencion DT 132Kv,APRD1,S,AT Geografico,SANISIDRO                                                                                                                                     ,"{""type"":""Point"",""coordinates"":[-58.5361281135057,-34.5046752549203]}",0101000020E61000008CFC94D89F444DC0D57DE132994041C0
27417734,Piquete Retencion DT 132Kv,APRD1,S,AT Geografico,SANISIDRO                                                                                                                                     ,"{""type"":""Point"",""coordinates"":[-58.5374460598389,-34.5040063673461]}",0101000020E6100000A32F5108CB444DC0175DD847834041C0
27417735,Piquete Retencion DT 132Kv,APRD1,S,AT Geografico,SANISIDRO                                                                                                                                     ,"{""type"":""Point"",""coordinates"":[-58.5384138200225,-34.5035555882927]}",0101000020E6100000065B7ABEEA444DC0BBB76F82744041C0
27417736,Piquete Retencion DT 132Kv,APRD1,S,AT Geografico,SANISIDRO                                                                                                                                     ,"{""type"":""Point"",""coordinates"":[-58.5398559534814,-34.5028838243303]}",0101000020E61000007360F8FF19454DC0D497457F5E4041C0
27417737,Piquete Retencion DT 132Kv,APRD1,S,AT Geografico,SANISIDRO                                                                                                                                     ,"{""type"":""Point"",""coordinates"":[-58.541715651787,-34.5019996187291]}",0101000020E61000000D1440F056454DC0E2850486414041C0
27417738,Piquete Retencion DT 132Kv,APRD1,S,AT Geografico,SANISIDRO                                                                                                                                     ,"{""type"":""Point"",""coordinates"":[-58.5437887926979,-34.5009862067166]}",0101000020E6100000D04804DF9A454DC02CCCE650204041C0
27417739,Piquete Retencion DT 132Kv,APRD1,S,AT Geografico,SANISIDRO                                                                                                                                     ,"{""type"":""Point"",""coordinates"":[-58.544362806881,-34.5007015354938]}",0101000020E6100000355B32AEAD454DC05700E8FC164041C0
27417740,Piquete Retencion DT 132Kv,APRD1,S,AT Geografico,SANISIDRO                                                                                                                                     ,"{""type"":""Point"",""coordinates"":[-58.5473643037417,-34.4992371904966]}",0101000020E6100000C4C8930810464DC09F101701E73F41C0
27417741,Piquete Retencion DT 132Kv,APRD1,S,AT Geografico,SANISIDRO                                                                                                                                     ,"{""type"":""Point"",""coordinates"":[-58.5486387569788,-34.4986221503372]}",0101000020E6100000634577CB39464DC03061C2D9D23F41C0
27417742,Piquete Retencion DT 132Kv,APRD1,S,AT Geografico,SANISIDRO                                                                                                                                     ,"{""type"":""Point"",""coordinates"":[-58.5517637295416,-34.4970034077658]}",0101000020E610000007C0A231A0464DC0612DC3CE9D3F41C0
27417743,Piquete Retencion DT 132Kv,APRD1,S,AT Geografico,SANISIDRO                                                                                                                                     ,"{""type"":""Point"",""coordinates"":[-58.5526870613548,-34.4962006071088]}",0101000020E610000075B81A73BE464DC0CEE46180833F41C0
27417744,Piquete Retencion DT 132Kv,APRD1,S,AT Geografico,SANISIDRO                                                                                                                                     ,"{""type"":""Point"",""coordinates"":[-58.5534902705457,-34.4955022296887]}",0101000020E6100000F752E9C4D8464DC0D9CDF79D6C3F41C0
27417749,Piquete Retencion DT 132Kv,APRD1,S,AT Geografico,SANISIDRO                                                                                                                                     ,"{""type"":""Point"",""coordinates"":[-58.565490097446,-34.490641585707]}",0101000020E61000000D5FC1FA61484DC0A555EE57CD3E41C0
27417750,Piquete Retencion DT 132Kv,APRD1,S,AT Geografico,SANISIDRO                                                                                                                                     ,"{""type"":""Point"",""coordinates"":[-58.5669986386177,-34.4902572335732]}",0101000020E6100000AEDE506993484DC08169C0BFC03E41C0
27417751,Piquete Retencion DT 132Kv,APRD1,S,AT Geografico,SANISIDRO                                                                                                                                     ,"{""type"":""Point"",""coordinates"":[-58.5678205208883,-34.4900478517226]}",0101000020E6100000449BC357AE484DC0CD4F54E3B93E41C0
27417752,Piquete Retencion DT 132Kv,APRD1,S,AT Geografico,SANISIDRO                                                                                                                                     ,"{""type"":""Point"",""coordinates"":[-58.5693498356867,-34.4896582274542]}",0101000020E6100000EA209674E0484DC00391EC1EAD3E41C0
27417753,Piquete Retencion DT 132Kv,APRD1,S,AT Geografico,SANISIDRO                                                                                                                                     ,"{""type"":""Point"",""coordinates"":[-58.5743463814673,-34.4883938404843]}",0101000020E6100000347DA62E84494DC052397AB0833E41C0
27417754,Piquete Retencion DT 132Kv,APRD1,S,AT Geografico,SANISIDRO                                                                                                                                     ,"{""type"":""Point"",""coordinates"":[-58.5725335017738,-34.4888477513384]}",0101000020E6100000D2FD1CC748494DC0615C2890923E41C0
27417755,Piquete Retencion DT 132Kv,APRD1,S,AT Geografico,SANISIDRO                                                                                                                                     ,"{""type"":""Point"",""coordinates"":[-58.5706398593638,-34.4893295496268]}",0101000020E610000076E116BA0A494DC0864EC659A23E41C0
27417756,Piquete Retencion DT 132Kv,APRD1,S,AT Geografico,SANISIDRO                                                                                                                                     ,"{""type"":""Point"",""coordinates"":[-58.5761993372441,-34.4881723633094]}",0101000020E61000005DB85EE6C0494DC0C89C976E7C3E41C0
27417757,Piquete Retencion DT 132Kv,APRD1,S,AT Geografico,SANISIDRO                                                                                                                                     ,"{""type"":""Point"",""coordinates"":[-58.5773355839898,-34.4880704937075]}",0101000020E6100000CC06E621E6494DC0E94E0C18793E41C0
27417758,Piquete Retencion DT 132Kv,APRD1,S,AT Geografico,SANISIDRO                                                                                                                                     ,"{""type"":""Point"",""coordinates"":[-58.5788319778849,-34.4879271807598]}",0101000020E610000082728F2A174A4DC0B318DA65743E41C0
27417759,Piquete Retencion DT 132Kv,APRD1,S,AT Geografico,SANISIDRO                                                                                                                                     ,"{""type"":""Point"",""coordinates"":[-58.5803980276311,-34.4877958778875]}",0101000020E610000053AB897B4A4A4DC042536718703E41C0
27417760,Piquete Retencion DT 132Kv,APRD1,S,AT Geografico,SANISIDRO                                                                                                                                     ,"{""type"":""Point"",""coordinates"":[-58.5817939767538,-34.4876706740067]}",0101000020E610000066959B39784A4DC0E3091EFE6B3E41C0
27417761,Piquete Retencion DT 132Kv,APRD1,S,AT Geografico,SANISIDRO                                                                                                                                     ,"{""type"":""Point"",""coordinates"":[-58.5833827734637,-34.487642840349]}",0101000020E6100000C9896649AC4A4DC0B5B6A1146B3E41C0
27417762,Piquete Retencion DT 132Kv,APRD1,S,AT Geografico,SANISIDRO                                                                                                                                     ,"{""type"":""Point"",""coordinates"":[-58.5849062768627,-34.4876161311071]}",0101000020E6100000DE2C7935DE4A4DC0B20D94346A3E41C0
27417763,Piquete Retencion DT 132Kv,APRD1,S,AT Geografico,SANISIDRO                                                                                                                                     ,"{""type"":""Point"",""coordinates"":[-58.589337589577,-34.4873983144083]}",0101000020E6100000B9C4046A6F4B4DC02E416611633E41C0
27417764,Piquete Retencion DT 132Kv,APRD1,S,AT Geografico,SANISIDRO                                                                                                                                     ,"{""type"":""Point"",""coordinates"":[-58.5914157806219,-34.4872687361233]}",0101000020E6100000FC0D2683B34B4DC0A4016BD25E3E41C0
27417765,Piquete Retencion DT 132Kv,APRD1,S,AT Geografico,SANISIDRO                                                                                                                                     ,"{""type"":""Point"",""coordinates"":[-58.596918202454,-34.4866640432759]}",0101000020E6100000ADF6CED0674C4DC03101E3014B3E41C0
27417766,Piquete Retencion DT 132Kv,APRD1,S,AT Geografico,SANFERNANDO                                                                                                                                   ,"{""type"":""Point"",""coordinates"":[-58.5978960347305,-34.4866152422634]}",0101000020E6100000A8C975DB874C4DC0D2A08368493E41C0
27417767,Piquete Retencion DT 132Kv,APRD1,S,AT Geografico,SANISIDRO                                                                                                                                     ,"{""type"":""Point"",""coordinates"":[-58.5961576656446,-34.48670199419]}",0101000020E6100000FF99F6E44E4C4DC0D6F83D404C3E41C0
27417768,Piquete Retencion DT 132Kv,APRD1,S,AT Geografico,SANFERNANDO                                                                                                                                   ,"{""type"":""Point"",""coordinates"":[-58.5988847309265,-34.4865658910358]}",0101000020E61000009FB33E41A84C4DC084AC86CA473E41C0
27417769,Piquete Retencion DT 132Kv,APRD1,S,AT Geografico,TIGRE                                                                                                                                         ,"{""type"":""Point"",""coordinates"":[-58.5998516966863,-34.4865176166804]}",0101000020E6100000DADBBDF0C74C4DC0FD489235463E41C0
27417770,Piquete Retencion DT 132Kv,APRD1,S,AT Geografico,TIGRE                                                                                                                                         ,"{""type"":""Point"",""coordinates"":[-58.6008338065811,-34.4864111547788]}",0101000020E610000068CC461FE84C4DC0981781B8423E41C0
27417771,Piquete Retencion DT 132Kv,APRD1,S,AT Geografico,TIGRE                                                                                                                                         ,"{""type"":""Point"",""coordinates"":[-58.603647221411,-34.4860854155547]}",0101000020E61000000824E94F444D4DC05D6F010C383E41C0
27417772,Piquete Retencion DT 132Kv,APRD1,S,AT Geografico,TIGRE                                                                                                                                         ,"{""type"":""Point"",""coordinates"":[-58.6077837926519,-34.4855899396125]}",0101000020E61000004C3DFCDBCB4D4DC07FF3A6CF273E41C0
27417773,Piquete Retencion DT 132Kv,APRD1,S,AT Geografico,TIGRE                                                                                                                                         ,"{""type"":""Point"",""coordinates"":[-58.6110232676586,-34.4852567190695]}",0101000020E610000028D8AB02364E4DC0A74865E41C3E41C0
27417774,Piquete Retencion DT 132Kv,APRD1,S,AT Geografico,TIGRE                                                                                                                                         ,"{""type"":""Point"",""coordinates"":[-58.6121534063374,-34.4851159163388]}",0101000020E6100000502DF60A5B4E4DC0DFB84147183E41C0
27417775,Piquete Retencion DT 132Kv,APRD1,S,AT Geografico,TIGRE                                                                                                                                         ,"{""type"":""Point"",""coordinates"":[-58.6134449891794,-34.4849549860122]}",0101000020E6100000D2358B5D854E4DC0317A4601133E41C0
27417776,Piquete Retencion DT 132Kv,APRD1,S,AT Geografico,TIGRE                                                                                                                                         ,"{""type"":""Point"",""coordinates"":[-58.6148317707453,-34.4847165977854]}",0101000020E610000047F2B5CEB24E4DC082A887310B3E41C0
27417777,Piquete Retencion DT 132Kv,APRD1,S,AT Geografico,TIGRE                                                                                                                                         ,"{""type"":""Point"",""coordinates"":[-58.616036172588,-34.4845421888449]}",0101000020E61000009735F745DA4E4DC07F4F7B7A053E41C0
27417778,Piquete Retencion DT 132Kv,APRD1,S,AT Geografico,TIGRE                                                                                                                                         ,"{""type"":""Point"",""coordinates"":[-58.6230896565155,-34.4836547276228]}",0101000020E6100000DC9AE066C14F4DC009D9EA65E83D41C0
27417779,Piquete Retencion DT 132Kv,APRD1,S,AT Geografico,TIGRE                                                                                                                                         ,"{""type"":""Point"",""coordinates"":[-58.6243201313935,-34.483626695261]}",0101000020E6100000EB48D9B8E94F4DC027CFC37AE73D41C0
27417780,Piquete Retencion DT 132Kv,APRD1,S,AT Geografico,TIGRE                                                                                                                                         ,"{""type"":""Point"",""coordinates"":[-58.6260233524514,-34.4834300063011]}",0101000020E6100000CBA7808821504DC0EC7BD108E13D41C0
27417781,Piquete Retencion DT 132Kv,APRD1,S,AT Geografico,TIGRE                                                                                                                                         ,"{""type"":""Point"",""coordinates"":[-58.6275728357745,-34.4831380529351]}",0101000020E61000003CC1824E54504DC09367BC77D73D41C0
27417782,Piquete Retencion DT 132Kv,APRD1,S,AT Geografico,TIGRE                                                                                                                                         ,"{""type"":""Point"",""coordinates"":[-58.6290283084368,-34.4828696496803]}",0101000020E6100000447FE6FF83504DC0D5CD34ACCE3D41C0
27417783,Piquete Retencion DT 132Kv,APRD1,S,AT Geografico,TIGRE                                                                                                                                         ,"{""type"":""Point"",""coordinates"":[-58.6336177707686,-34.4820231827242]}",0101000020E6100000CBCE19631A514DC06BDB86EFB23D41C0
27417784,Piquete Retencion DT 132Kv,APRD1,S,AT Geografico,TIGRE                                                                                                                                         ,"{""type"":""Point"",""coordinates"":[-58.635498150323,-34.4816763159442]}",0101000020E61000002427DE0058514DC07E1ECC91A73D41C0
27417785,Piquete Retencion DT 132Kv,APRD1,S,AT Geografico,TIGRE                                                                                                                                         ,"{""type"":""Point"",""coordinates"":[-58.6371944658987,-34.4813501802144]}",0101000020E61000000D1D98968F514DC0EEF8F8E19C3D41C0
27417786,Piquete Retencion DT 132Kv,APRD1,S,AT Geografico,TIGRE                                                                                                                                         ,"{""type"":""Point"",""coordinates"":[-58.6429168384346,-34.4802401969653]}",0101000020E6100000E68F55194B524DC06918C282783D41C0
27417787,Piquete Retencion DT 132Kv,APRD1,S,AT Geografico,TIGRE                                                                                                                                         ,"{""type"":""Point"",""coordinates"":[-58.6442499807096,-34.4799739640859]}",0101000020E610000055CC8AC876524DC017576FC96F3D41C0
27417788,Piquete Retencion DT 132Kv,APRD1,S,AT Geografico,TIGRE                                                                                                                                         ,"{""type"":""Point"",""coordinates"":[-58.6457947228639,-34.4796654535692]}",0101000020E61000009C50C766A9524DC0E90C76AD653D41C0
27417789,Piquete Retencion DT 132Kv,APRD1,S,AT Geografico,TIGRE                                                                                                                                         ,"{""type"":""Point"",""coordinates"":[-58.6471384281863,-34.4793970755616]}",0101000020E6100000C785986ED5524DC0E3AA24E25C3D41C0
27417790,Piquete Retencion DT 132Kv,APRD1,S,AT Geografico,TIGRE                                                                                                                                         ,"{""type"":""Point"",""coordinates"":[-58.6483871838377,-34.4790802612775]}",0101000020E61000003EDDEA59FE524DC04D2C8380523D41C0
27417792,Piquete Retencion DT 132Kv,APRD1,S,AT Geografico,TIGRE                                                                                                                                         ,"{""type"":""Point"",""coordinates"":[-58.6512488814111,-34.4783541795068]}",0101000020E6100000D19B931F5C534DC08371B2B53A3D41C0
27417793,Piquete Retencion DT 132Kv,APRD1,S,AT Geografico,TIGRE                                                                                                                                         ,"{""type"":""Point"",""coordinates"":[-58.6527681633484,-34.4779686683435]}",0101000020E6100000C1B93CE88D534DC02186CB132E3D41C0
27417794,Piquete Retencion DT 132Kv,APRD1,S,AT Geografico,TIGRE                                                                                                                                         ,"{""type"":""Point"",""coordinates"":[-58.6544123026841,-34.4775514496542]}",0101000020E6100000701047C8C3534DC00936E967203D41C0
27417795,Piquete Retencion DT 132Kv,APRD1,S,AT Geografico,TIGRE                                                                                                                                         ,"{""type"":""Point"",""coordinates"":[-58.6557650638019,-34.4772081515573]}",0101000020E6100000B7710F1CF0534DC05C291E28153D41C0
27459115,Piquete Retencion DT 132Kv,APRD1,S,AT Geografico,HURLINGHAM                                                                                                                                    ,"{""type"":""Point"",""coordinates"":[-58.6723529005825,-34.5977647752671]}",0101000020E6100000B3AFEBA80F564DC0893C608E834C41C0
27459117,Piquete Retencion DT 132Kv,APRD1,S,AT Geografico,HURLINGHAM                                                                                                                                    ,"{""type"":""Point"",""coordinates"":[-58.6800961028014,-34.6082406391473]}",0101000020E6100000A3D59B630D574DC02F9E4AD4DA4D41C0
27517290,Piquete Retencion DT 132Kv,APRD1,S,AT Geografico,MORENO                                                                                                                                        ,"{""type"":""Point"",""coordinates"":[-58.7596165328035,-34.6350707833661]}",0101000020E61000002BF2521D3B614DC0E899DAFF495141C0
27517293,Piquete Retencion DT 132Kv,APRD1,S,AT Geografico,MORENO                                                                                                                                        ,"{""type"":""Point"",""coordinates"":[-58.7664927060821,-34.6355702500072]}",0101000020E61000005E9FD86E1C624DC0B90BAF5D5A5141C0
27517297,Piquete Retencion DT 132Kv,APRD1,S,AT Geografico,MORENO                                                                                                                                        ,"{""type"":""Point"",""coordinates"":[-58.7868243869005,-34.6360011698825]}",0101000020E610000068B758A9B6644DC0786E807C685141C0
27517299,Piquete Retencion DT 132Kv,APRD1,S,AT Geografico,MORENO                                                                                                                                        ,"{""type"":""Point"",""coordinates"":[-58.8146127840881,-34.629590281794]}",0101000020E6100000EA47513B45684DC0A417136A965041C0
27517419,Piquete Retencion DT 132Kv,APRD1,S,AT Geografico,MORENO                                                                                                                                        ,"{""type"":""Point"",""coordinates"":[-58.8235917482386,-34.6367171717568]}",0101000020E61000005AF853746B694DC099BFC2F27F5141C0
27534492,Piquete Retencion DT 132Kv,APRD1,S,AT Geografico,MORENO                                                                                                                                        ,"{""type"":""Point"",""coordinates"":[-58.7992645705548,-34.6310500695314]}",0101000020E610000038B12B4D4E664DC04A63A93FC65041C0
27547727,Piquete Retencion DT 132Kv,APRD1,S,AT Geografico,TIGRE                                                                                                                                         ,"{""type"":""Point"",""coordinates"":[-58.6179251881407,-34.4834854832635]}",0101000020E610000030382D2C184F4DC0885A31DAE23D41C0
27674243,Piquete Retencion DT 132Kv,APRD1,S,AT Geografico,MARCOSPAZ                                                                                                                                     ,"{""type"":""Point"",""coordinates"":[-58.7202013124422,-34.891723591148]}",0101000020E6100000E2BC7D8E2F5C4DC0AD86A6FF237241C0
27826398,Piquete Retencion DT 132Kv,APRD1,S,AT Geografico,PILAR                                                                                                                                         ,"{""type"":""Point"",""coordinates"":[-58.871215841598,-34.4431689101507]}",0101000020E6100000D5B52D00846F4DC0BED943C2B93841C0
27826399,Piquete Retencion DT 132Kv,APRD1,S,AT Geografico,PILAR                                                                                                                                         ,"{""type"":""Point"",""coordinates"":[-58.9360052778498,-34.4529087458404]}",0101000020E6100000C49F5C05CF774DC07CBAEDE9F83941C0
27826400,Piquete Retencion DT 132Kv,APRD1,S,AT Geografico,PILAR                                                                                                                                         ,"{""type"":""Point"",""coordinates"":[-58.9487007865652,-34.4223111105718]}",0101000020E610000057FE01076F794DC05C525C4A0E3641C0
27826401,Piquete Retencion DT 132Kv,APRD1,S,AT Geografico,PILAR                                                                                                                                         ,"{""type"":""Point"",""coordinates"":[-58.9557678811825,-34.4179948149985]}",0101000020E6100000791F189A567A4DC07D28A6DA803541C0
27826402,Piquete Retencion DT 132Kv,APRD1,S,AT Geografico,PILAR                                                                                                                                         ,"{""type"":""Point"",""coordinates"":[-58.9553646630309,-34.4169852191895]}",0101000020E61000005DBCA763497A4DC0C9AA8BC55F3541C0
27886889,Piquete Retencion DT 132Kv,APRD1,S,AT Geografico,TIGRE                                                                                                                                         ,"{""type"":""Point"",""coordinates"":[-58.6572145686322,-34.4768330462769]}",0101000020E6100000765D639B1F544DC0ABB481DD083D41C0
27895081,Piquete Retencion DT 132Kv,APRD1,S,AT Geografico,TIGRE                                                                                                                                         ,"{""type"":""Point"",""coordinates"":[-58.6764076920033,-34.4717283703169]}",0101000020E61000005AF5F98694564DC09F8D6198613C41C0
27898726,Piquete Retencion DT 132Kv,APRD1,S,AT Geografico,TIGRE                                                                                                                                         ,"{""type"":""Point"",""coordinates"":[-58.6617312306222,-34.4756505262773]}",0101000020E6100000D121E59BB3544DC0DC57CF1DE23C41C0
27898729,Piquete Retencion DT 132Kv,APRD1,S,AT Geografico,TIGRE                                                                                                                                         ,"{""type"":""Point"",""coordinates"":[-58.6635864203969,-34.4751759583705]}",0101000020E61000004DD65A66F0544DC0FD85D890D23C41C0
27898731,Piquete Retencion DT 132Kv,APRD1,S,AT Geografico,TIGRE                                                                                                                                         ,"{""type"":""Point"",""coordinates"":[-58.6682240224542,-34.4739117435684]}",0101000020E6100000D26B615D88554DC088E8D723A93C41C0
27898732,Piquete Retencion DT 132Kv,APRD1,S,AT Geografico,TIGRE                                                                                                                                         ,"{""type"":""Point"",""coordinates"":[-58.6701674369064,-34.4734098786098]}",0101000020E6100000BA2DEC0BC8554DC0C51DE5B1983C41C0
27898733,Piquete Retencion DT 132Kv,APRD1,S,AT Geografico,TIGRE                                                                                                                                         ,"{""type"":""Point"",""coordinates"":[-58.6777489132875,-34.4710060690343]}",0101000020E610000017BCF479C0564DC0275C47ED493C41C0
27898734,Piquete Retencion DT 132Kv,APRD1,S,AT Geografico,TIGRE                                                                                                                                         ,"{""type"":""Point"",""coordinates"":[-58.6793597785388,-34.4701491286319]}",0101000020E61000005C85DF42F5564DC0C7DBBDD82D3C41C0
27898735,Piquete Retencion DT 132Kv,APRD1,S,AT Geografico,TIGRE                                                                                                                                         ,"{""type"":""Point"",""coordinates"":[-58.6805972976537,-34.4694506172018]}",0101000020E61000009195EFCF1D574DC001FC33F5163C41C0
27898736,Piquete Retencion DT 132Kv,APRD1,S,AT Geografico,TIGRE                                                                                                                                         ,"{""type"":""Point"",""coordinates"":[-58.6818016358656,-34.4686728669669]}",0101000020E61000007533A84645574DC09A12F678FD3B41C0
27898737,Piquete Retencion DT 132Kv,APRD1,S,AT Geografico,TIGRE                                                                                                                                         ,"{""type"":""Point"",""coordinates"":[-58.682974723499,-34.4677617628793]}",0101000020E610000023B63AB76B574DC064F1109EDF3B41C0
27898738,Piquete Retencion DT 132Kv,APRD1,S,AT Geografico,TIGRE                                                                                                                                         ,"{""type"":""Point"",""coordinates"":[-58.6852451301632,-34.465643577875]}",0101000020E6100000AFE5C71CB6574DC0674871359A3B41C0
27898739,Piquete Retencion DT 132Kv,APRD1,S,AT Geografico,TIGRE                                                                                                                                         ,"{""type"":""Point"",""coordinates"":[-58.6862022313079,-34.4645274968225]}",0101000020E61000006FF48679D5574DC0097913A3753B41C0
27898740,Piquete Retencion DT 132Kv,APRD1,S,AT Geografico,TIGRE                                                                                                                                         ,"{""type"":""Point"",""coordinates"":[-58.6872752901845,-34.4632845245733]}",0101000020E61000007D58FFA2F8574DC081E444E84C3B41C0
27898741,Piquete Retencion DT 132Kv,APRD1,S,AT Geografico,TIGRE                                                                                                                                         ,"{""type"":""Point"",""coordinates"":[-58.688265272357,-34.4620097982934]}",0101000020E610000073DF911319584DC0050D1723233B41C0
27898742,Piquete Retencion DT 132Kv,APRD1,S,AT Geografico,TIGRE                                                                                                                                         ,"{""type"":""Point"",""coordinates"":[-58.6892790314199,-34.4607102309204]}",0101000020E610000031E2984B3A584DC02E5E878DF83A41C0
27898743,Piquete Retencion DT 132Kv,APRD1,S,AT Geografico,TIGRE                                                                                                                                         ,"{""type"":""Point"",""coordinates"":[-58.690190827759,-34.4595535163377]}",0101000020E6100000B49C4C2C58584DC056B74DA6D23A41C0
27898744,Piquete Retencion DT 132Kv,APRD1,S,AT Geografico,TIGRE                                                                                                                                         ,"{""type"":""Point"",""coordinates"":[-58.6911095256484,-34.4583881518944]}",0101000020E6100000994EE54676584DC059A18476AC3A41C0
27898745,Piquete Retencion DT 132Kv,APRD1,S,AT Geografico,TIGRE                                                                                                                                         ,"{""type"":""Point"",""coordinates"":[-58.6919845055975,-34.4572487984025]}",0101000020E6100000A870C2F292584DC012A3ED20873A41C0
27898746,Piquete Retencion DT 132Kv,APRD1,S,AT Geografico,TIGRE                                                                                                                                         ,"{""type"":""Point"",""coordinates"":[-58.6928995740192,-34.4560914554682]}",0101000020E610000090E9E8EEB0584DC04E9C6E34613A41C0
27898747,Piquete Retencion DT 132Kv,APRD1,S,AT Geografico,TIGRE                                                                                                                                         ,"{""type"":""Point"",""coordinates"":[-58.6937248942608,-34.4550534119821]}",0101000020E6100000B1A232FACB584DC0C232B1303F3A41C0
27898748,Piquete Retencion DT 132Kv,APRD1,S,AT Geografico,TIGRE                                                                                                                                         ,"{""type"":""Point"",""coordinates"":[-58.6947584474544,-34.4537366320521]}",0101000020E6100000E23745D8ED584DC094D4BD0A143A41C0
27898749,Piquete Retencion DT 132Kv,APRD1,S,AT Geografico,TIGRE                                                                                                                                         ,"{""type"":""Point"",""coordinates"":[-58.6956411441558,-34.4525978749277]}",0101000020E610000057F3DDC40A594DC0E18627BAEE3941C0
27898750,Piquete Retencion DT 132Kv,APRD1,S,AT Geografico,TIGRE                                                                                                                                         ,"{""type"":""Point"",""coordinates"":[-58.6965446058981,-34.4513709326043]}",0101000020E6100000D044A75F28594DC045F3D085C63941C0
27898751,Piquete Retencion DT 132Kv,APRD1,S,AT Geografico,TIGRE                                                                                                                                         ,"{""type"":""Point"",""coordinates"":[-58.6982554024313,-34.4492736344937]}",0101000020E61000004FD9DA6E60594DC0858D67CC813941C0
27898752,Piquete Retencion DT 132Kv,APRD1,S,AT Geografico,TIGRE                                                                                                                                         ,"{""type"":""Point"",""coordinates"":[-58.698993899428,-34.4483676144562]}",0101000020E6100000CA12D1A178594DC06456281C643941C0
27898753,Piquete Retencion DT 132Kv,APRD1,S,AT Geografico,TIGRE                                                                                                                                         ,"{""type"":""Point"",""coordinates"":[-58.6998195035055,-34.4473094795449]}",0101000020E610000063547CAF93594DC00AEBE06F413941C0
27906952,Piquete Retencion DT 132Kv,APRD1,S,AT Geografico,TIGRE                                                                                                                                         ,"{""type"":""Point"",""coordinates"":[-58.7049764996114,-34.4407817570435]}",0101000020E6100000CC2381AB3C5A4DC074965F896B3841C0
27906953,Piquete Retencion DT 132Kv,APRD1,S,AT Geografico,TIGRE                                                                                                                                         ,"{""type"":""Point"",""coordinates"":[-58.7059190028843,-34.4395992744656]}",0101000020E6100000A581CB8D5B5A4DC06796FDC9443841C0
27906954,Piquete Retencion DT 132Kv,APRD1,S,AT Geografico,TIGRE                                                                                                                                         ,"{""type"":""Point"",""coordinates"":[-58.7069233174665,-34.4383288582287]}",0101000020E610000034A698767C5A4DC01A7EF7281B3841C0
27906955,Piquete Retencion DT 132Kv,APRD1,S,AT Geografico,TIGRE                                                                                                                                         ,"{""type"":""Point"",""coordinates"":[-58.7079263191104,-34.4373113612632]}",0101000020E61000004A4762549D5A4DC0B56595D1F93741C0
27906956,Piquete Retencion DT 132Kv,APRD1,S,AT Geografico,TIGRE                                                                                                                                         ,"{""type"":""Point"",""coordinates"":[-58.7119156223978,-34.4336943812248]}",0101000020E6100000E9DA150D205B4DC0EBE8274C833741C0
27983081,Piquete Retencion DT 132Kv,APRD1,S,AT Geografico,SANFERNANDO                                                                                                                                   ,"{""type"":""Point"",""coordinates"":[-58.5475502444429,-34.4617290617774]}",0101000020E610000045665C2016464DC034F919F0193B41C0
27983082,Piquete Retencion DT 132Kv,APRD1,S,AT Geografico,SANFERNANDO                                                                                                                                   ,"{""type"":""Point"",""coordinates"":[-58.5485536858021,-34.4598184382355]}",0101000020E6100000624FD60137464DC0DE28A154DB3A41C0
27983084,Piquete Retencion DT 132Kv,APRD1,S,AT Geografico,SANFERNANDO                                                                                                                                   ,"{""type"":""Point"",""coordinates"":[-58.5499007865826,-34.4580928974861]}",0101000020E61000005F35232663464DC0C39DBEC9A23A41C0
27983085,Piquete Retencion DT 132Kv,APRD1,S,AT Geografico,SANFERNANDO                                                                                                                                   ,"{""type"":""Point"",""coordinates"":[-58.5533946276539,-34.4593339719442]}",0101000020E61000001EC799A2D5464DC09BB8A174CB3A41C0
27992314,Piquete Retencion DT 132Kv,APRD1,S,AT Geografico,SANFERNANDO                                                                                                                                   ,"{""type"":""Point"",""coordinates"":[-58.5674545848248,-34.4542671629565]}",0101000020E6100000D6E4115AA2484DC0BC45286D253A41C0
28025925,Piquete Retencion DT 132Kv,APRD1,S,AT Geografico,PILAR                                                                                                                                         ,"{""type"":""Point"",""coordinates"":[-58.8165990881001,-34.4179996215977]}",0101000020E6100000B2AAA45186684DC05640F802813541C0
28025927,Piquete Retencion DT 132Kv,APRD1,S,AT Geografico,PILAR                                                                                                                                         ,"{""type"":""Point"",""coordinates"":[-58.8139006012344,-34.420660440701]}",0101000020E6100000933F18E52D684DC00DC48933D83541C0
28025940,Piquete Retencion DT 132Kv,APRD1,S,AT Geografico,PILAR                                                                                                                                         ,"{""type"":""Point"",""coordinates"":[-58.8005286104528,-34.4372598396599]}",0101000020E61000001DB4B4B877664DC0CA986321F83741C0
28025942,Piquete Retencion DT 132Kv,APRD1,S,AT Geografico,PILAR                                                                                                                                         ,"{""type"":""Point"",""coordinates"":[-58.7809128797591,-34.4414625224709]}",0101000020E610000092CB07F4F4634DC00D360CD8813841C0
28206708,Piquete Retencion DT 132Kv,APRD1,S,AT Geografico,LAMATANZA                                                                                                                                     ,"{""type"":""Point"",""coordinates"":[-58.6244039014672,-34.7825549754714]}",0101000020E6100000ED259077EC4F4DC0627CEDC22A6441C0
28206709,Piquete Retencion DT 132Kv,APRD1,S,AT Geografico,LAMATANZA                                                                                                                                     ,"{""type"":""Point"",""coordinates"":[-58.6172769322431,-34.7658136885501]}",0101000020E61000009A4736EE024F4DC07093D52E066241C0
28300756,Piquete Retencion DT 132Kv,APRD1,S,AT Geografico,MERLO                                                                                                                                         ,"{""type"":""Point"",""coordinates"":[-58.7420725664539,-34.6672060106977]}",0101000020E6100000D516DE3BFC5E4DC01BD2AD01675541C0
28646375,Piquete Retencion DT 132Kv,APRD1,S,AT Geografico,MERLO                                                                                                                                         ,"{""type"":""Point"",""coordinates"":[-58.6679669022224,-34.7498522346097]}",0101000020E610000085ED7FF07F554DC0943D7428FB5F41C0
29229804,Piquete Retencion DT 132Kv,APRD1,S,AT Geografico,TIGRE                                                                                                                                         ,"{""type"":""Point"",""coordinates"":[-58.6081747118365,-34.4744019839682]}",0101000020E6100000C2CB40ABD84D4DC08C264734B93C41C0
29229805,Piquete Retencion DT 132Kv,APRD1,S,AT Geografico,TIGRE                                                                                                                                         ,"{""type"":""Point"",""coordinates"":[-58.6023729209216,-34.469490043271]}",0101000020E610000059AD4D8E1A4D4DC0C6D2EE3F183C41C0
29293213,Piquete Retencion DT 132Kv,APRD1,S,AT Geografico,SANFERNANDO                                                                                                                                   ,"{""type"":""Point"",""coordinates"":[-58.5492005691961,-34.4589859253279]}",0101000020E610000028D249344C464DC0C24D010DC03A41C0
29471258,Piquete Retencion DT 132Kv,APRD1,S,AT Geografico,PILAR                                                                                                                                         ,"{""type"":""Point"",""coordinates"":[-58.8470276817442,-34.429998022046]}",0101000020E6100000F0F22F676B6C4DC02004D92C0A3741C0
29577369,Piquete Retencion DT 132Kv,APRD1,S,AT Geografico,TIGRE                                                                                                                                         ,"{""type"":""Point"",""coordinates"":[-58.6497477419693,-34.4787340999646]}",0101000020E610000036341BEF2A534DC0F669B328473D41C0
29580457,Piquete Retencion DT 132Kv,APRD1,S,AT Geografico,SANISIDRO                                                                                                                                     ,"{""type"":""Point"",""coordinates"":[-58.5563459549352,-34.4931526593928]}",0101000020E6100000ACDA205836474DC08C0358A01F3F41C0
29580458,Piquete Retencion DT 132Kv,APRD1,S,AT Geografico,SANISIDRO                                                                                                                                     ,"{""type"":""Point"",""coordinates"":[-58.5583838148015,-34.493201753514]}",0101000020E61000001798EF1E79474DC011D62C3C213F41C0
29580459,Piquete Retencion DT 132Kv,APRD1,S,AT Geografico,SANISIDRO                                                                                                                                     ,"{""type"":""Point"",""coordinates"":[-58.5593628231244,-34.492997373769]}",0101000020E61000006BF5733399474DC008ADB6891A3F41C0
29580460,Piquete Retencion DT 132Kv,APRD1,S,AT Geografico,SANISIDRO                                                                                                                                     ,"{""type"":""Point"",""coordinates"":[-58.5605577538941,-34.4926457796654]}",0101000020E6100000463F425BC0474DC06C1654040F3F41C0
29580463,Piquete Retencion DT 132Kv,APRD1,S,AT Geografico,SANISIDRO                                                                                                                                     ,"{""type"":""Point"",""coordinates"":[-58.5622741099229,-34.4921118708314]}",0101000020E6100000CDC01899F8474DC0DF989385FD3E41C0
29629536,Piquete Retencion DT 132Kv,APRD1,S,AT Geografico,TIGRE                                                                                                                                         ,"{""type"":""Point"",""coordinates"":[-58.6176554417043,-34.4833549851475]}",0101000020E61000007C2861550F4F4DC093C87E93DE3D41C0
29692299,Piquete Retencion DT 132Kv,APRD1,S,AT Geografico,TIGRE                                                                                                                                         ,"{""type"":""Point"",""coordinates"":[-58.6841753102116,-34.4668389228301]}",0101000020E6100000770B7B0E93574DC01207B960C13B41C0
29692301,Piquete Retencion DT 132Kv,APRD1,S,AT Geografico,TIGRE                                                                                                                                         ,"{""type"":""Point"",""coordinates"":[-58.6579415429414,-34.4766305277212]}",0101000020E61000007ACEB06D37544DC0386BA83A023D41C0
29692302,Piquete Retencion DT 132Kv,APRD1,S,AT Geografico,TIGRE                                                                                                                                         ,"{""type"":""Point"",""coordinates"":[-58.666741306674,-34.47436347016]}",0101000020E6100000538775C757554DC0876033F1B73C41C0
29692303,Piquete Retencion DT 132Kv,APRD1,S,AT Geografico,TIGRE                                                                                                                                         ,"{""type"":""Point"",""coordinates"":[-58.7006461304911,-34.4462509484603]}",0101000020E61000009C43BCC5AE594DC00FB946C01E3941C0
29692304,Piquete Retencion DT 132Kv,APRD1,S,AT Geografico,TIGRE                                                                                                                                         ,"{""type"":""Point"",""coordinates"":[-58.6584762406247,-34.4765011105121]}",0101000020E610000085560FF348544DC01E1407FDFD3C41C0
29705213,Piquete Retencion DT 132Kv,APRD1,S,AT Geografico,PILAR                                                                                                                                         ,"{""type"":""Point"",""coordinates"":[-58.9652143765877,-34.4177739821105]}",0101000020E61000005A890A258C7B4DC068242B9E793541C0
29705214,Piquete Retencion DT 132Kv,APRD1,S,AT Geografico,PILAR                                                                                                                                         ,"{""type"":""Point"",""coordinates"":[-58.9744601846454,-34.4194459099213]}",0101000020E61000003527801CBB7C4DC0C7C65067B03541C0
29705215,Piquete Retencion DT 132Kv,APRD1,S,AT Geografico,PILAR                                                                                                                                         ,"{""type"":""Point"",""coordinates"":[-58.9854018736971,-34.4047950742858]}",0101000020E610000020790AA6217E4DC0DBD13253D03341C0
29753757,Piquete Retencion DT 132Kv,APRD1,S,AT Geografico,MERLO                                                                                                                                         ,"{""type"":""Point"",""coordinates"":[-58.7409578203593,-34.7223791848187]}",0101000020E61000004B14B3B4D75E4DC0C80DCFEB765C41C0
29753791,Piquete Retencion DT 132Kv,APRD1,S,AT Geografico,MERLO                                                                                                                                         ,"{""type"":""Point"",""coordinates"":[-58.7734224262741,-34.6978456659051]}",0101000020E6100000906B8D81FF624DC0E45BBC01535941C0
29851798,Piquete Retencion DT 132Kv,APRD1,S,AT Geografico,LAMATANZA                                                                                                                                     ,"{""type"":""Point"",""coordinates"":[-58.5228812354604,-34.7186340783129]}",0101000020E61000004FFFB6C5ED424DC08F129433FC5B41C0
29054837,Piquete Suspension ST 220Kv,APSS2,S,AT Geografico,GRALSANMARTIN                                                                                                                                ,"{""type"":""Point"",""coordinates"":[-58.556799913551,-34.5619492680676]}",0101000020E6100000FC8E353845474DC0462E20F4ED4741C0
29054839,Piquete Suspension ST 220Kv,APSS2,S,AT Geografico,GRALSANMARTIN                                                                                                                                ,"{""type"":""Point"",""coordinates"":[-58.558684681821,-34.5627461904222]}",0101000020E61000004599CAFA82474DC0E8E73111084841C0
29054840,Piquete Suspension ST 220Kv,APSS2,S,AT Geografico,GRALSANMARTIN                                                                                                                                ,"{""type"":""Point"",""coordinates"":[-58.5592724568266,-34.5632520489754]}",0101000020E6100000D9CF673D96474DC094E0A4A4184841C0
29054841,Piquete Suspension ST 220Kv,APSS2,S,AT Geografico,GRALSANMARTIN                                                                                                                                ,"{""type"":""Point"",""coordinates"":[-58.5600726617045,-34.5639197563972]}",0101000020E6100000CBB30276B0474DC0B1A5C7852E4841C0
29054842,Piquete Suspension ST 220Kv,APSS2,S,AT Geografico,GRALSANMARTIN                                                                                                                                ,"{""type"":""Point"",""coordinates"":[-58.5608183199652,-34.5645494833751]}",0101000020E6100000BF9F0BE5C8474DC0ED085028434841C0
29054843,Piquete Suspension ST 220Kv,APSS2,S,AT Geografico,GRALSANMARTIN                                                                                                                                ,"{""type"":""Point"",""coordinates"":[-58.5615347856993,-34.5651581750103]}",0101000020E61000008E12325FE0474DC03A5E631A574841C0
29054844,Piquete Suspension ST 220Kv,APSS2,S,AT Geografico,GRALSANMARTIN                                                                                                                                ,"{""type"":""Point"",""coordinates"":[-58.5622564894998,-34.5657617537683]}",0101000020E6100000C72E4905F8474DC09DE192E16A4841C0
29054845,Piquete Suspension ST 220Kv,APSS2,S,AT Geografico,GRALSANMARTIN                                                                                                                                ,"{""type"":""Point"",""coordinates"":[-58.5735379250979,-34.5636835094646]}",0101000020E6100000D5A7D3B069494DC0F138FFC7264841C0
29054847,Piquete Suspension ST 220Kv,APSS2,S,AT Geografico,GRALSANMARTIN                                                                                                                                ,"{""type"":""Point"",""coordinates"":[-58.5642240388703,-34.5662634511246]}",0101000020E61000005048497E38484DC00DC01D527B4841C0
29054848,Piquete Suspension ST 220Kv,APSS2,S,AT Geografico,GRALSANMARTIN                                                                                                                                ,"{""type"":""Point"",""coordinates"":[-58.5652660687853,-34.566035561804]}",0101000020E6100000577C77A35A484DC0232971DA734841C0
29054849,Piquete Suspension ST 220Kv,APSS2,S,AT Geografico,GRALSANMARTIN                                                                                                                                ,"{""type"":""Point"",""coordinates"":[-58.5664289678393,-34.5657795469068]}",0101000020E6100000363092BE80484DC0F45AD5766B4841C0
29054850,Piquete Suspension ST 220Kv,APSS2,S,AT Geografico,GRALSANMARTIN                                                                                                                                ,"{""type"":""Point"",""coordinates"":[-58.5674512603474,-34.565557185517]}",0101000020E610000012A22E3EA2484DC016E8872D644841C0
29054853,Piquete Suspension ST 220Kv,APSS2,S,AT Geografico,GRALSANMARTIN                                                                                                                                ,"{""type"":""Point"",""coordinates"":[-58.5698470839793,-34.5644834123396]}",0101000020E6100000C2B4CEBFF0484DC00C9111FE404841C0
29054854,Piquete Suspension ST 220Kv,APSS2,S,AT Geografico,GRALSANMARTIN                                                                                                                                ,"{""type"":""Point"",""coordinates"":[-58.5709171767078,-34.5642474361492]}",0101000020E6100000A65765D013494DC0708E8E42394841C0
29054855,Piquete Suspension ST 220Kv,APSS2,S,AT Geografico,GRALSANMARTIN                                                                                                                                ,"{""type"":""Point"",""coordinates"":[-58.5724346686201,-34.5639207948377]}",0101000020E6100000F0680A8A45494DC05CAE7D8E2E4841C0
29054856,Piquete Suspension ST 220Kv,APSS2,S,AT Geografico,GRALSANMARTIN                                                                                                                                ,"{""type"":""Point"",""coordinates"":[-58.5744609038605,-34.5634662520027]}",0101000020E6100000AF7455EF87494DC02E6082A91F4841C0
29054857,Piquete Suspension ST 220Kv,APSS2,S,AT Geografico,GRALSANMARTIN                                                                                                                                ,"{""type"":""Point"",""coordinates"":[-58.5756722030412,-34.5631824299439]}",0101000020E61000009DA372A0AF494DC03525A35C164841C0
29054858,Piquete Suspension ST 220Kv,APSS2,S,AT Geografico,GRALSANMARTIN                                                                                                                                ,"{""type"":""Point"",""coordinates"":[-58.5767348123182,-34.5629211181524]}",0101000020E610000086AF4272D2494DC0995898CC0D4841C0
29054859,Piquete Suspension ST 220Kv,APSS2,S,AT Geografico,GRALSANMARTIN                                                                                                                                ,"{""type"":""Point"",""coordinates"":[-58.577761313755,-34.5627266979096]}",0101000020E610000066BC2D15F4494DC0C80DAE6D074841C0
29054862,Piquete Suspension ST 220Kv,APSS2,S,AT Geografico,GRALSANMARTIN                                                                                                                                ,"{""type"":""Point"",""coordinates"":[-58.5815360332818,-34.5622152819858]}",0101000020E61000000332D2C56F4A4DC059B89CABF64741C0
29054865,Piquete Suspension ST 220Kv,APSS2,S,AT Geografico,GRALSANMARTIN                                                                                                                                ,"{""type"":""Point"",""coordinates"":[-58.5840316191857,-34.5614008229893]}",0101000020E6100000BD1D508CC14A4DC0E6576FFBDB4741C0
29054866,Piquete Suspension ST 220Kv,APSS2,S,AT Geografico,GRALSANMARTIN                                                                                                                                ,"{""type"":""Point"",""coordinates"":[-58.5848206339352,-34.5607834511912]}",0101000020E610000086630C67DB4A4DC086808BC0C74741C0
29054867,Piquete Suspension ST 220Kv,APSS2,S,AT Geografico,GRALSANMARTIN                                                                                                                                ,"{""type"":""Point"",""coordinates"":[-58.5855115812514,-34.5602441519978]}",0101000020E6100000B173220BF24A4DC08F4D9314B64741C0
29054868,Piquete Suspension ST 220Kv,APSS2,S,AT Geografico,GRALSANMARTIN                                                                                                                                ,"{""type"":""Point"",""coordinates"":[-58.5863086202437,-34.559621034032]}",0101000020E61000009AA72E290C4B4DC01CA97BA9A14741C0
29054869,Piquete Suspension ST 220Kv,APSS2,S,AT Geografico,GRALSANMARTIN                                                                                                                                ,"{""type"":""Point"",""coordinates"":[-58.5875525066164,-34.5586488986638]}",0101000020E6100000D64CA8EB344B4DC08FDA9ECE814741C0
29054870,Piquete Suspension ST 220Kv,APSS2,S,AT Geografico,GRALSANMARTIN                                                                                                                                ,"{""type"":""Point"",""coordinates"":[-58.5883959381426,-34.5579891157892]}",0101000020E6100000F5B5DF8E504B4DC054EBF52F6C4741C0
29054871,Piquete Suspension ST 220Kv,APSS2,S,AT Geografico,GRALSANMARTIN                                                                                                                                ,"{""type"":""Point"",""coordinates"":[-58.5890646406257,-34.5574661253169]}",0101000020E6100000D95B5B78664B4DC0936ECC0C5B4741C0
29054872,Piquete Suspension ST 220Kv,APSS2,S,AT Geografico,GRALSANMARTIN                                                                                                                                ,"{""type"":""Point"",""coordinates"":[-58.5897447727208,-34.5569367236357]}",0101000020E610000054E9B7C17C4B4DC07AFADAB3494741C0
29054873,Piquete Suspension ST 220Kv,APSS2,S,AT Geografico,GRALSANMARTIN                                                                                                                                ,"{""type"":""Point"",""coordinates"":[-58.5903466097353,-34.5564643792792]}",0101000020E61000000F0F4B7A904B4DC056328B393A4741C0
18083672,Piquete Ret. Quiebre DT 132Kv,APQD1,S,AT Geografico,MARCOSPAZ                                                                                                                                  ,"{""type"":""Point"",""coordinates"":[-58.7679581371626,-34.7811938427611]}",0101000020E6100000BDE7C5734C624DC0713FEB28FE6341C0
18083681,Piquete Ret. Quiebre DT 132Kv,APQD1,S,AT Geografico,MERLO                                                                                                                                      ,"{""type"":""Point"",""coordinates"":[-58.7539296729752,-34.7694041240797]}",0101000020E6100000C7747CC480604DC0362A97D57B6241C0
18083682,Piquete Ret. Quiebre DT 132Kv,APQD1,S,AT Geografico,MERLO                                                                                                                                      ,"{""type"":""Point"",""coordinates"":[-58.7525445119528,-34.7704904422376]}",0101000020E61000008DCFE96053604DC03FA5496E9F6241C0
18083687,Piquete Ret. Quiebre DT 132Kv,APQD1,S,AT Geografico,MERLO                                                                                                                                      ,"{""type"":""Point"",""coordinates"":[-58.7456237214315,-34.7646323880885]}",0101000020E6100000C6551D99705F4DC0B2265E79DF6141C0
18083689,Piquete Ret. Quiebre DT 132Kv,APQD1,S,AT Geografico,MERLO                                                                                                                                      ,"{""type"":""Point"",""coordinates"":[-58.7483488593625,-34.7625198325805]}",0101000020E6100000FC7A3AE5C95F4DC006BEF73F9A6141C0
18083698,Piquete Ret. Quiebre DT 132Kv,APQD1,S,AT Geografico,MERLO                                                                                                                                      ,"{""type"":""Point"",""coordinates"":[-58.7368572306794,-34.7528101668791]}",0101000020E61000006ECB7556515E4DC0CA6B63155C6041C0
18083700,Piquete Ret. Quiebre DT 132Kv,APQD1,S,AT Geografico,MERLO                                                                                                                                      ,"{""type"":""Point"",""coordinates"":[-58.7351953949108,-34.7541463537159]}",0101000020E6100000E6A7F8E11A5E4DC0C1CD22DE876041C0
18083733,Piquete Ret. Quiebre DT 132Kv,APQD1,S,AT Geografico,MERLO                                                                                                                                      ,"{""type"":""Point"",""coordinates"":[-58.7320205165904,-34.7286248501368]}",0101000020E6100000E16029D9B25D4DC0FC313F94435D41C0
18656945,Piquete Ret. Quiebre DT 132Kv,APQD1,S,AT Geografico,MARCOSPAZ                                                                                                                                  ,"{""type"":""Point"",""coordinates"":[-58.8232774821775,-34.7826506268837]}",0101000020E610000029BE122861694DC063544FE52D6441C0
19287206,Piquete Ret. Quiebre DT 132Kv,APQD1,S,AT Geografico,LAMATANZA                                                                                                                                  ,"{""type"":""Point"",""coordinates"":[-58.4986978329292,-34.7040774615543]}",0101000020E61000002E82A154D53F4DC0F89CD3351F5A41C0
27517298,Piquete Ret. Quiebre DT 132Kv,APQD1,S,AT Geografico,MORENO                                                                                                                                     ,"{""type"":""Point"",""coordinates"":[-58.8134318004725,-34.6267548507283]}",0101000020E6100000294782881E684DC0633EC180395041C0
27922863,Piquete Ret. Quiebre DT 132Kv,APQD1,S,AT Geografico,TIGRE                                                                                                                                      ,"{""type"":""Point"",""coordinates"":[-58.6813692482221,-34.4024836125412]}",0101000020E61000009FCE861B37574DC02D854095843341C0
27983086,Piquete Ret. Quiebre DT 132Kv,APQD1,S,AT Geografico,TIGRE                                                                                                                                      ,"{""type"":""Point"",""coordinates"":[-58.5820311900622,-34.4408085219884]}",0101000020E6100000DA487FFF7F4A4DC080DEE4696C3841C0
28206710,Piquete Ret. Quiebre DT 132Kv,APQD1,S,AT Geografico,LAMATANZA                                                                                                                                  ,"{""type"":""Point"",""coordinates"":[-58.6039930651745,-34.7697724780253]}",0101000020E6100000B1F70EA54F4D4DC0683D91E7876241C0
28206711,Piquete Ret. Quiebre DT 132Kv,APQD1,S,AT Geografico,LAMATANZA                                                                                                                                  ,"{""type"":""Point"",""coordinates"":[-58.593015272856,-34.7718252709771]}",0101000020E6100000FB78A9ECE74B4DC05289A42BCB6241C0
28206712,Piquete Ret. Quiebre DT 132Kv,APQD1,S,AT Geografico,LAMATANZA                                                                                                                                  ,"{""type"":""Point"",""coordinates"":[-58.5864829066407,-34.7771493076093]}",0101000020E6100000AED733DF114B4DC04625E6A0796341C0
28206788,Piquete Ret. Quiebre DT 132Kv,APQD1,S,AT Geografico,LAMATANZA                                                                                                                                  ,"{""type"":""Point"",""coordinates"":[-58.506172838982,-34.7125904018523]}",0101000020E610000087C68645CA404DC01BB38B29365B41C0
28300751,Piquete Ret. Quiebre DT 132Kv,APQD1,S,AT Geografico,ITUZAINGO                                                                                                                                  ,"{""type"":""Point"",""coordinates"":[-58.6730031108343,-34.6234662933671]}",0101000020E6100000DF9147F724564DC0BE1556BECD4F41C0
28646087,Piquete Ret. Quiebre DT 132Kv,APQD1,S,AT Geografico,MERLO                                                                                                                                      ,"{""type"":""Point"",""coordinates"":[-58.7354255128502,-34.7316283341194]}",0101000020E6100000FA2A576C225E4DC04FEF4BFFA55D41C0
28646089,Piquete Ret. Quiebre DT 132Kv,APQD1,S,AT Geografico,MERLO                                                                                                                                      ,"{""type"":""Point"",""coordinates"":[-58.7413355552965,-34.72702412991]}",0101000020E610000025AE5E15E45E4DC0DFAE6E200F5D41C0
28646090,Piquete Ret. Quiebre DT 132Kv,APQD1,S,AT Geografico,MERLO                                                                                                                                      ,"{""type"":""Point"",""coordinates"":[-58.7405748129328,-34.7263382629384]}",0101000020E6100000D1E4CC27CB5E4DC0AC93F6A6F85C41C0
29753758,Piquete Ret. Quiebre DT 132Kv,APQD1,S,AT Geografico,MERLO                                                                                                                                      ,"{""type"":""Point"",""coordinates"":[-58.7408550246105,-34.7222370483933]}",0101000020E6100000C8E36256D45E4DC087677B43725C41C0
18082414,Piquete Suspension DT 220Kv,APSD2,S,AT Geografico,GRALRODRIGUEZ                                                                                                                                ,"{""type"":""Point"",""coordinates"":[-58.9249818373892,-34.5318062959898]}",0101000020E6100000827D0ACE65764DC0A68A8C3A124441C0
18082452,Piquete Suspension DT 220Kv,APSD2,S,AT Geografico,MORENO                                                                                                                                       ,"{""type"":""Point"",""coordinates"":[-58.8026217715337,-34.5883611051569]}",0101000020E6100000B8E5694FBC664DC09771AC6A4F4B41C0
18082455,Piquete Suspension DT 220Kv,APSD2,S,AT Geografico,MORENO                                                                                                                                       ,"{""type"":""Point"",""coordinates"":[-58.7922549867289,-34.5904646496942]}",0101000020E6100000FD0B859C68654DC0B8F07B58944B41C0
18082456,Piquete Suspension DT 220Kv,APSD2,S,AT Geografico,MORENO                                                                                                                                       ,"{""type"":""Point"",""coordinates"":[-58.7886635098137,-34.5907558871376]}",0101000020E6100000631907EDF2644DC074968FE39D4B41C0
18082457,Piquete Suspension DT 220Kv,APSD2,S,AT Geografico,MORENO                                                                                                                                       ,"{""type"":""Point"",""coordinates"":[-58.7853249701608,-34.5910265166818]}",0101000020E610000051C9538785644DC0CF1BC4C1A64B41C0
18082458,Piquete Suspension DT 220Kv,APSD2,S,AT Geografico,MORENO                                                                                                                                       ,"{""type"":""Point"",""coordinates"":[-58.7818333945506,-34.5913094517988]}",0101000020E6100000FF41DE1D13644DC056A53207B04B41C0
18082459,Piquete Suspension DT 220Kv,APSD2,S,AT Geografico,MORENO                                                                                                                                       ,"{""type"":""Point"",""coordinates"":[-58.7782373831346,-34.5916007429817]}",0101000020E61000003B8B56489D634DC0ACB2B992B94B41C0
18082463,Piquete Suspension DT 220Kv,APSD2,S,AT Geografico,MORENO                                                                                                                                       ,"{""type"":""Point"",""coordinates"":[-58.7643870094767,-34.5930928822744]}",0101000020E61000004398FB6ED7614DC0ED6DB277EA4B41C0
18082468,Piquete Suspension DT 220Kv,APSD2,S,AT Geografico,MORENO                                                                                                                                       ,"{""type"":""Point"",""coordinates"":[-58.7476957733092,-34.5926599249526]}",0101000020E61000003ADCBE7EB45F4DC023A9C947DC4B41C0
18082469,Piquete Suspension DT 220Kv,APSD2,S,AT Geografico,MORENO                                                                                                                                       ,"{""type"":""Point"",""coordinates"":[-58.7442937159171,-34.5915476557563]}",0101000020E6100000C13D3804455F4DC0D6BF65D5B74B41C0
18082473,Piquete Suspension DT 220Kv,APSD2,S,AT Geografico,SANMIGUEL                                                                                                                                    ,"{""type"":""Point"",""coordinates"":[-58.7324623242609,-34.5901413890845]}",0101000020E610000053205053C15D4DC02011C7C0894B41C0
18082474,Piquete Suspension DT 220Kv,APSD2,S,AT Geografico,SANMIGUEL                                                                                                                                    ,"{""type"":""Point"",""coordinates"":[-58.7294457213455,-34.5904228500349]}",0101000020E610000067B1367A5E5D4DC0FEDAD7F9924B41C0
18082477,Piquete Suspension DT 220Kv,APSD2,S,AT Geografico,SANMIGUEL                                                                                                                                    ,"{""type"":""Point"",""coordinates"":[-58.7205763365031,-34.5907091949059]}",0101000020E6100000B3C66BD83B5C4DC09DC8E05B9C4B41C0
18082479,Piquete Suspension DT 220Kv,APSD2,S,AT Geografico,SANMIGUEL                                                                                                                                    ,"{""type"":""Point"",""coordinates"":[-58.7128571345509,-34.5911849849391]}",0101000020E6100000EBCE0FE73E5B4DC0931918F3AB4B41C0
18082480,Piquete Suspension DT 220Kv,APSD2,S,AT Geografico,SANMIGUEL                                                                                                                                    ,"{""type"":""Point"",""coordinates"":[-58.7090686622043,-34.591510119533]}",0101000020E610000096640DC3C25A4DC0DC52859AB64B41C0
18082481,Piquete Suspension DT 220Kv,APSD2,S,AT Geografico,SANMIGUEL                                                                                                                                    ,"{""type"":""Point"",""coordinates"":[-58.7052632433767,-34.591836635022]}",0101000020E6100000DDAFE210465A4DC046FF874DC14B41C0
18082482,Piquete Suspension DT 220Kv,APSD2,S,AT Geografico,SANMIGUEL                                                                                                                                    ,"{""type"":""Point"",""coordinates"":[-58.7014636985943,-34.5921624295374]}",0101000020E61000009E65FE8FC9594DC037647EFACB4B41C0
18082495,Piquete Suspension DT 220Kv,APSD2,S,AT Geografico,PILAR                                                                                                                                        ,"{""type"":""Point"",""coordinates"":[-58.9172477240631,-34.5183924989571]}",0101000020E61000003997985F68754DC095C176AF5A4241C0
18082496,Piquete Suspension DT 220Kv,APSD2,S,AT Geografico,PILAR                                                                                                                                        ,"{""type"":""Point"",""coordinates"":[-58.9142539409598,-34.5159436914149]}",0101000020E6100000A554EC4506754DC02D9A60710A4241C0
18082497,Piquete Suspension DT 220Kv,APSD2,S,AT Geografico,PILAR                                                                                                                                        ,"{""type"":""Point"",""coordinates"":[-58.911307071648,-34.5135330482618]}",0101000020E6100000B7ABCAB5A5744DC090D96F73BB4141C0
18082498,Piquete Suspension DT 220Kv,APSD2,S,AT Geografico,PILAR                                                                                                                                        ,"{""type"":""Point"",""coordinates"":[-58.9083572941927,-34.511119818072]}",0101000020E6100000FDD1430D45744DC0787ACB5F6C4141C0
18082508,Piquete Suspension DT 220Kv,APSD2,S,AT Geografico,PILAR                                                                                                                                        ,"{""type"":""Point"",""coordinates"":[-58.8926097356207,-34.4815659844052]}",0101000020E6100000844A2B0941724DC070F144F4A33D41C0
18082509,Piquete Suspension DT 220Kv,APSD2,S,AT Geografico,PILAR                                                                                                                                        ,"{""type"":""Point"",""coordinates"":[-58.890025251754,-34.4796880844755]}",0101000020E6100000E072F258EC714DC0308D4D6B663D41C0
18082510,Piquete Suspension DT 220Kv,APSD2,S,AT Geografico,PILAR                                                                                                                                        ,"{""type"":""Point"",""coordinates"":[-58.8876269140899,-34.4779453164406]}",0101000020E610000060883BC29D714DC0BFB1E74F2D3D41C0
18082512,Piquete Suspension DT 220Kv,APSD2,S,AT Geografico,PILAR                                                                                                                                        ,"{""type"":""Point"",""coordinates"":[-58.8843754323989,-34.4742666776178]}",0101000020E610000004C5D33633714DC0BAF93EC5B43C41C0
18082514,Piquete Suspension DT 220Kv,APSD2,S,AT Geografico,PILAR                                                                                                                                        ,"{""type"":""Point"",""coordinates"":[-58.8816905275637,-34.4677572444308]}",0101000020E61000001D8A363CDB704DC012A62978DF3B41C0
18082515,Piquete Suspension DT 220Kv,APSD2,S,AT Geografico,PILAR                                                                                                                                        ,"{""type"":""Point"",""coordinates"":[-58.8805032736168,-34.4648696618296]}",0101000020E61000003F1ACE54B4704DC0F73A5DD9803B41C0
18082517,Piquete Suspension DT 220Kv,APSD2,S,AT Geografico,PILAR                                                                                                                                        ,"{""type"":""Point"",""coordinates"":[-58.8815978577737,-34.4583025028601]}",0101000020E610000051AED732D8704DC0C8BA0AA8A93A41C0
18082518,Piquete Suspension DT 220Kv,APSD2,S,AT Geografico,PILAR                                                                                                                                        ,"{""type"":""Point"",""coordinates"":[-58.8835197129737,-34.4558200528256]}",0101000020E6100000ED4B882C17714DC09EDFBD4F583A41C0
18082520,Piquete Suspension DT 220Kv,APSD2,S,AT Geografico,PILAR                                                                                                                                        ,"{""type"":""Point"",""coordinates"":[-58.8850259962353,-34.4512087632937]}",0101000020E61000005DF8268848714DC0EE017135C13941C0
18082524,Piquete Suspension DT 220Kv,APSD2,S,AT Geografico,PILAR                                                                                                                                        ,"{""type"":""Point"",""coordinates"":[-58.873951837479,-34.4457505171822]}",0101000020E6100000332060A7DD6F4DC07CBC5A5A0E3941C0
18082531,Piquete Suspension DT 220Kv,APSD2,S,AT Geografico,PILAR                                                                                                                                        ,"{""type"":""Point"",""coordinates"":[-58.8663095187146,-34.4400356792991]}",0101000020E6100000DB8BF53AE36E4DC0D3D4D116533841C0
18082532,Piquete Suspension DT 220Kv,APSD2,S,AT Geografico,PILAR                                                                                                                                        ,"{""type"":""Point"",""coordinates"":[-58.8636437314715,-34.4387101134776]}",0101000020E61000006608B7E08B6E4DC0C6E72AA7273841C0
18082533,Piquete Suspension DT 220Kv,APSD2,S,AT Geografico,PILAR                                                                                                                                        ,"{""type"":""Point"",""coordinates"":[-58.8605408625371,-34.4371670833911]}",0101000020E6100000FDBBF633266E4DC0B1064B17F53741C0
18082534,Piquete Suspension DT 220Kv,APSD2,S,AT Geografico,PILAR                                                                                                                                        ,"{""type"":""Point"",""coordinates"":[-58.8569925262209,-34.4354023615361]}",0101000020E61000007B845CEEB16D4DC008B3BB43BB3741C0
18082535,Piquete Suspension DT 220Kv,APSD2,S,AT Geografico,PILAR                                                                                                                                        ,"{""type"":""Point"",""coordinates"":[-58.8535704894641,-34.433700286824]}",0101000020E6100000198A3CCC416D4DC06916B27D833741C0
18082536,Piquete Suspension DT 220Kv,APSD2,S,AT Geografico,PILAR                                                                                                                                        ,"{""type"":""Point"",""coordinates"":[-58.8503382752429,-34.4320924772216]}",0101000020E6100000485A75E2D76C4DC0D34169CE4E3741C0
18082538,Piquete Suspension DT 220Kv,APSD2,S,AT Geografico,PILAR                                                                                                                                        ,"{""type"":""Point"",""coordinates"":[-58.8452931911635,-34.428159720635]}",0101000020E61000000ECA3991326C4DC0BACB0EF0CD3641C0
18082540,Piquete Suspension DT 220Kv,APSD2,S,AT Geografico,PILAR                                                                                                                                        ,"{""type"":""Point"",""coordinates"":[-58.8412141692674,-34.4225191610509]}",0101000020E6100000BBF7E8E7AC6B4DC0CC529D1B153641C0
18082541,Piquete Suspension DT 220Kv,APSD2,S,AT Geografico,PILAR                                                                                                                                        ,"{""type"":""Point"",""coordinates"":[-58.8391387403295,-34.4196496966647]}",0101000020E6100000D142F3E5686B4DC0C779CD14B73541C0
18082544,Piquete Suspension DT 220Kv,APSD2,S,AT Geografico,PILAR                                                                                                                                        ,"{""type"":""Point"",""coordinates"":[-58.8374000348729,-34.4097523006366]}",0101000020E610000063B9A1EC2F6B4DC0F7586DC3723441C0
18082545,Piquete Suspension DT 220Kv,APSD2,S,AT Geografico,PILAR                                                                                                                                        ,"{""type"":""Point"",""coordinates"":[-58.837561136784,-34.4066313659084]}",0101000020E61000009F710D34356B4DC05B0D217F0C3441C0
18082547,Piquete Suspension DT 220Kv,APSD2,S,AT Geografico,PILAR                                                                                                                                        ,"{""type"":""Point"",""coordinates"":[-58.8378664208588,-34.4003496619495]}",0101000020E6100000A700F6343F6B4DC0D68460A83E3341C0
18082548,Piquete Suspension DT 220Kv,APSD2,S,AT Geografico,PILAR                                                                                                                                        ,"{""type"":""Point"",""coordinates"":[-58.8380807331252,-34.3977045884048]}",0101000020E61000001217BE3A466B4DC08055E4FBE73241C0
18082633,Piquete Suspension DT 220Kv,APSD2,S,AT Geografico,HURLINGHAM                                                                                                                                   ,"{""type"":""Point"",""coordinates"":[-58.6787887988478,-34.5913782641936]}",0101000020E6100000A0F8258DE2564DC06B237048B24B41C0
18082634,Piquete Suspension DT 220Kv,APSD2,S,AT Geografico,HURLINGHAM                                                                                                                                   ,"{""type"":""Point"",""coordinates"":[-58.6816851007716,-34.5890271098934]}",0101000020E610000009FE167541574DC090B9863D654B41C0
18082635,Piquete Suspension DT 220Kv,APSD2,S,AT Geografico,HURLINGHAM                                                                                                                                   ,"{""type"":""Point"",""coordinates"":[-58.680805681563,-34.5852411593075]}",0101000020E6100000379FFCA324574DC0D5BFAB2EE94A41C0
18082636,Piquete Suspension DT 220Kv,APSD2,S,AT Geografico,HURLINGHAM                                                                                                                                   ,"{""type"":""Point"",""coordinates"":[-58.6779412286259,-34.5826218164795]}",0101000020E610000070C736C7C6564DC094DB075A934A41C0
18082637,Piquete Suspension DT 220Kv,APSD2,S,AT Geografico,HURLINGHAM                                                                                                                                   ,"{""type"":""Point"",""coordinates"":[-58.6754476620526,-34.5803414376161]}",0101000020E61000007756A91175564DC08F89D3A0484A41C0
18082638,Piquete Suspension DT 220Kv,APSD2,S,AT Geografico,HURLINGHAM                                                                                                                                   ,"{""type"":""Point"",""coordinates"":[-58.6729640249733,-34.5780699674119]}",0101000020E61000008E5267AF23564DC0BE6A5A32FE4941C0
18082639,Piquete Suspension DT 220Kv,APSD2,S,AT Geografico,HURLINGHAM                                                                                                                                   ,"{""type"":""Point"",""coordinates"":[-58.6702961864893,-34.5756291258745]}",0101000020E610000077CDF343CC554DC0C2201737AE4941C0
18082642,Piquete Suspension DT 220Kv,APSD2,S,AT Geografico,SANMIGUEL                                                                                                                                    ,"{""type"":""Point"",""coordinates"":[-58.6628260410511,-34.5687962502493]}",0101000020E610000035A0D47BD7544DC03C74C650CE4841C0
18082644,Piquete Suspension DT 220Kv,APSD2,S,AT Geografico,SANMIGUEL                                                                                                                                    ,"{""type"":""Point"",""coordinates"":[-58.6500904997827,-34.5632281537832]}",0101000020E6100000EC005E2A36534DC0BE5732DC174841C0
18082645,Piquete Suspension DT 220Kv,APSD2,S,AT Geografico,SANMIGUEL                                                                                                                                    ,"{""type"":""Point"",""coordinates"":[-58.6475598358595,-34.5617813226588]}",0101000020E6100000249C9E3DE3524DC062294C73E84741C0
18082646,Piquete Suspension DT 220Kv,APSD2,S,AT Geografico,SANMIGUEL                                                                                                                                    ,"{""type"":""Point"",""coordinates"":[-58.6426218303685,-34.5580726254708]}",0101000020E61000006F90A06E41524DC04B987DEC6E4741C0
18082647,Piquete Suspension DT 220Kv,APSD2,S,AT Geografico,SANMIGUEL                                                                                                                                    ,"{""type"":""Point"",""coordinates"":[-58.6397619850219,-34.5554484656081]}",0101000020E6100000587281B8E3514DC0323371EF184741C0
18082649,Piquete Suspension DT 220Kv,APSD2,S,AT Geografico,3DEFEBRERO                                                                                                                                   ,"{""type"":""Point"",""coordinates"":[-58.6295967185529,-34.5513215348999]}",0101000020E610000045ED11A096504DC0E4FC3CB4914641C0
18082650,Piquete Suspension DT 220Kv,APSD2,S,AT Geografico,3DEFEBRERO                                                                                                                                   ,"{""type"":""Point"",""coordinates"":[-58.6260327691348,-34.5505769038634]}",0101000020E610000048D47ED721504DC05803D24D794641C0
18082651,Piquete Suspension DT 220Kv,APSD2,S,AT Geografico,3DEFEBRERO                                                                                                                                   ,"{""type"":""Point"",""coordinates"":[-58.6224636895054,-34.5498205245469]}",0101000020E6100000C6AFE2E3AC4F4DC09ACCD984604641C0
18082652,Piquete Suspension DT 220Kv,APSD2,S,AT Geografico,3DEFEBRERO                                                                                                                                   ,"{""type"":""Point"",""coordinates"":[-58.6188567131529,-34.5490649228968]}",0101000020E61000006BF35FB2364F4DC0769C67C2474641C0
18082654,Piquete Suspension DT 220Kv,APSD2,S,AT Geografico,GRALSANMARTIN                                                                                                                                ,"{""type"":""Point"",""coordinates"":[-58.6068835089648,-34.5501574583952]}",0101000020E61000002ABEDB5BAE4D4DC09BBA418F6B4641C0
18082655,Piquete Suspension DT 220Kv,APSD2,S,AT Geografico,GRALSANMARTIN                                                                                                                                ,"{""type"":""Point"",""coordinates"":[-58.6030561337275,-34.5510425350988]}",0101000020E6100000800182F1304D4DC02C7AD18F884641C0
18082656,Piquete Suspension DT 220Kv,APSD2,S,AT Geografico,GRALSANMARTIN                                                                                                                                ,"{""type"":""Point"",""coordinates"":[-58.5990741523962,-34.5519612218794]}",0101000020E6100000D9353A76AE4C4DC0EC5052AAA64641C0
18082657,Piquete Suspension DT 220Kv,APSD2,S,AT Geografico,GRALSANMARTIN                                                                                                                                ,"{""type"":""Point"",""coordinates"":[-58.5952311909637,-34.5528516097487]}",0101000020E6100000C65F2189304C4DC0B5B46FD7C34641C0
18082797,Piquete Suspension DT 220Kv,APSD2,S,AT Geografico,ESCOBAR                                                                                                                                      ,"{""type"":""Point"",""coordinates"":[-58.794022567554,-34.3893006864037]}",0101000020E610000011F70F88A2654DC00635DA9AD43141C0
18082798,Piquete Suspension DT 220Kv,APSD2,S,AT Geografico,ESCOBAR                                                                                                                                      ,"{""type"":""Point"",""coordinates"":[-58.7907573702624,-34.3877034752805]}",0101000020E6100000872C9A8937654DC005707944A03141C0
18082799,Piquete Suspension DT 220Kv,APSD2,S,AT Geografico,ESCOBAR                                                                                                                                      ,"{""type"":""Point"",""coordinates"":[-58.787224920601,-34.3859753382077]}",0101000020E6100000EC4944C9C3644DC00F55CFA3673141C0
18082800,Piquete Suspension DT 220Kv,APSD2,S,AT Geografico,ESCOBAR                                                                                                                                      ,"{""type"":""Point"",""coordinates"":[-58.7838022101452,-34.3843007239595]}",0101000020E6100000998D7DA153644DC01E9E20C4303141C0
18082801,Piquete Suspension DT 220Kv,APSD2,S,AT Geografico,ESCOBAR                                                                                                                                      ,"{""type"":""Point"",""coordinates"":[-58.7805332273785,-34.3827011731013]}",0101000020E61000001D844683E8634DC0344E1F5AFC3041C0
18082802,Piquete Suspension DT 220Kv,APSD2,S,AT Geografico,ESCOBAR                                                                                                                                      ,"{""type"":""Point"",""coordinates"":[-58.7772787121169,-34.3811085554947]}",0101000020E6100000AA356CDE7D634DC0A909472AC83041C0
18082803,Piquete Suspension DT 220Kv,APSD2,S,AT Geografico,ESCOBAR                                                                                                                                      ,"{""type"":""Point"",""coordinates"":[-58.773887420036,-34.3794488504631]}",0101000020E610000094EB33BE0E634DC0399FA9C7913041C0
18082804,Piquete Suspension DT 220Kv,APSD2,S,AT Geografico,ESCOBAR                                                                                                                                      ,"{""type"":""Point"",""coordinates"":[-58.7704074142609,-34.377745564494]}",0101000020E61000005F6CCCB59C624DC0F7DA76F7593041C0
18082805,Piquete Suspension DT 220Kv,APSD2,S,AT Geografico,ESCOBAR                                                                                                                                      ,"{""type"":""Point"",""coordinates"":[-58.7669385760038,-34.3760475788529]}",0101000020E610000014FD120B2B624DC0DD74BA53223041C0
18082811,Piquete Suspension DT 220Kv,APSD2,S,AT Geografico,ESCOBAR                                                                                                                                      ,"{""type"":""Point"",""coordinates"":[-58.7485648996395,-34.3638051315829]}",0101000020E61000004A7181F9D05F4DC0F921A32A912E41C0
18082817,Piquete Suspension DT 220Kv,APSD2,S,AT Geografico,ESCOBAR                                                                                                                                      ,"{""type"":""Point"",""coordinates"":[-58.7284504113834,-34.368697335899]}",0101000020E61000001CD3F2DC3D5D4DC084E76B79312F41C0
18082819,Piquete Suspension DT 220Kv,APSD2,S,AT Geografico,ESCOBAR                                                                                                                                      ,"{""type"":""Point"",""coordinates"":[-58.7212055457622,-34.3719675125629]}",0101000020E61000000F5F9C76505C4DC0EFD0A6A19C2F41C0
18082820,Piquete Suspension DT 220Kv,APSD2,S,AT Geografico,ESCOBAR                                                                                                                                      ,"{""type"":""Point"",""coordinates"":[-58.718040494446,-34.3736566322003]}",0101000020E6100000AE6C3CC0E85B4DC0EF9D03FBD32F41C0
18082821,Piquete Suspension DT 220Kv,APSD2,S,AT Geografico,ESCOBAR                                                                                                                                      ,"{""type"":""Point"",""coordinates"":[-58.714863253511,-34.3753521041102]}",0101000020E610000096789BA3805B4DC0AAD1A9890B3041C0
18082823,Piquete Suspension DT 220Kv,APSD2,S,AT Geografico,TIGRE                                                                                                                                        ,"{""type"":""Point"",""coordinates"":[-58.7081425769194,-34.3789379552302]}",0101000020E61000000C637C6AA45A4DC09D76F609813041C0
18082824,Piquete Suspension DT 220Kv,APSD2,S,AT Geografico,TIGRE                                                                                                                                        ,"{""type"":""Point"",""coordinates"":[-58.704731639848,-34.3807576155314]}",0101000020E61000003ECD78A5345A4DC08B3461AABC3041C0
18082825,Piquete Suspension DT 220Kv,APSD2,S,AT Geografico,TIGRE                                                                                                                                        ,"{""type"":""Point"",""coordinates"":[-58.701501190052,-34.382480826854]}",0101000020E610000076B07ECACA594DC0B457B921F53041C0
18082826,Piquete Suspension DT 220Kv,APSD2,S,AT Geografico,TIGRE                                                                                                                                        ,"{""type"":""Point"",""coordinates"":[-58.6983877483963,-34.3841414727743]}",0101000020E610000005A50DC564594DC02D4D3B8C2B3141C0
18082828,Piquete Suspension DT 220Kv,APSD2,S,AT Geografico,TIGRE                                                                                                                                        ,"{""type"":""Point"",""coordinates"":[-58.6916403175006,-34.3871856379456]}",0101000020E6100000532180AB87584DC0863A8A4C8F3141C0
18082829,Piquete Suspension DT 220Kv,APSD2,S,AT Geografico,TIGRE                                                                                                                                        ,"{""type"":""Point"",""coordinates"":[-58.6878819856052,-34.3886113387119]}",0101000020E610000044D753840C584DC0A84F2F04BE3141C0
18082831,Piquete Suspension DT 220Kv,APSD2,S,AT Geografico,TIGRE                                                                                                                                        ,"{""type"":""Point"",""coordinates"":[-58.6803127412387,-34.3914821827704]}",0101000020E61000000F56E77C14574DC09AFB91161C3241C0
18082832,Piquete Suspension DT 220Kv,APSD2,S,AT Geografico,TIGRE                                                                                                                                        ,"{""type"":""Point"",""coordinates"":[-58.6765012005106,-34.3929275596336]}",0101000020E6100000EFF2619797564DC0672945734B3241C0
18082833,Piquete Suspension DT 220Kv,APSD2,S,AT Geografico,TIGRE                                                                                                                                        ,"{""type"":""Point"",""coordinates"":[-58.6727183088034,-34.3943619037452]}",0101000020E610000090DD2FA21B564DC0D8AF6B737A3241C0
18082834,Piquete Suspension DT 220Kv,APSD2,S,AT Geografico,TIGRE                                                                                                                                        ,"{""type"":""Point"",""coordinates"":[-58.6653059245052,-34.3973533357968]}",0101000020E6100000DFCA99BE28554DC01A1A5F79DC3241C0
18082836,Piquete Suspension DT 220Kv,APSD2,S,AT Geografico,TIGRE                                                                                                                                        ,"{""type"":""Point"",""coordinates"":[-58.6615977518819,-34.3989628774153]}",0101000020E610000049B8313CAF544DC086682F37113341C0
18082839,Piquete Suspension DT 220Kv,APSD2,S,AT Geografico,TIGRE                                                                                                                                        ,"{""type"":""Point"",""coordinates"":[-58.6572753811984,-34.4008378882901]}",0101000020E61000004B5B859921544DC0169AEAA74E3341C0
18082843,Piquete Suspension DT 220Kv,APSD2,S,AT Geografico,TIGRE                                                                                                                                        ,"{""type"":""Point"",""coordinates"":[-58.6723588872389,-34.3976159539216]}",0101000020E6100000D9EE23DB0F564DC0023B5F14E53241C0
18082845,Piquete Suspension DT 220Kv,APSD2,S,AT Geografico,TIGRE                                                                                                                                        ,"{""type"":""Point"",""coordinates"":[-58.6753440231966,-34.3992307101962]}",0101000020E6100000D19646AC71564DC004EDEDFD193341C0
18082846,Piquete Suspension DT 220Kv,APSD2,S,AT Geografico,TIGRE                                                                                                                                        ,"{""type"":""Point"",""coordinates"":[-58.6768122741989,-34.4000230263127]}",0101000020E6100000969BDBC8A1564DC07DD45BF4333341C0
18082847,Piquete Suspension DT 220Kv,APSD2,S,AT Geografico,TIGRE                                                                                                                                        ,"{""type"":""Point"",""coordinates"":[-58.6784167553657,-34.4008927107212]}",0101000020E610000056AD385CD6564DC04AE0CC73503341C0
18082848,Piquete Suspension DT 220Kv,APSD2,S,AT Geografico,TIGRE                                                                                                                                        ,"{""type"":""Point"",""coordinates"":[-58.6800391572418,-34.4017701895803]}",0101000020E6100000332DEA850B574DC0A460A0346D3341C0
18082851,Piquete Suspension DT 220Kv,APSD2,S,AT Geografico,TIGRE                                                                                                                                        ,"{""type"":""Point"",""coordinates"":[-58.6797985249442,-34.4046944824416]}",0101000020E61000008F4058A303574DC0B17A5F07CD3341C0
18082852,Piquete Suspension DT 220Kv,APSD2,S,AT Geografico,TIGRE                                                                                                                                        ,"{""type"":""Point"",""coordinates"":[-58.6790065542725,-34.4058128855938]}",0101000020E61000005C2FD0AFE9564DC0DDF537ADF13341C0
18082854,Piquete Suspension DT 220Kv,APSD2,S,AT Geografico,TIGRE                                                                                                                                        ,"{""type"":""Point"",""coordinates"":[-58.6782909415318,-34.4085428121466]}",0101000020E6100000AA86D13CD2564DC0BA9780214B3441C0
18082856,Piquete Suspension DT 220Kv,APSD2,S,AT Geografico,TIGRE                                                                                                                                        ,"{""type"":""Point"",""coordinates"":[-58.6776395742807,-34.4104649489402]}",0101000020E61000006201C1E4BC564DC023ED8D1D8A3441C0
18082858,Piquete Suspension DT 220Kv,APSD2,S,AT Geografico,TIGRE                                                                                                                                        ,"{""type"":""Point"",""coordinates"":[-58.6779966376672,-34.411981978313]}",0101000020E610000016CA0498C8564DC0A3B251D3BB3441C0
18082860,Piquete Suspension DT 220Kv,APSD2,S,AT Geografico,TIGRE                                                                                                                                        ,"{""type"":""Point"",""coordinates"":[-58.6783227229986,-34.4138080266155]}",0101000020E6100000D8B46B47D3564DC0669152A9F73441C0
18082861,Piquete Suspension DT 220Kv,APSD2,S,AT Geografico,TIGRE                                                                                                                                        ,"{""type"":""Point"",""coordinates"":[-58.6770389632607,-34.4147981554387]}",0101000020E610000041A97636A9564DC07406201B183541C0
18082863,Piquete Suspension DT 220Kv,APSD2,S,AT Geografico,TIGRE                                                                                                                                        ,"{""type"":""Point"",""coordinates"":[-58.6745118102625,-34.417075267524]}",0101000020E6100000F4EB2A6756564DC030FEECB8623541C0
18082864,Piquete Suspension DT 220Kv,APSD2,S,AT Geografico,TIGRE                                                                                                                                        ,"{""type"":""Point"",""coordinates"":[-58.6732424242667,-34.418218990342]}",0101000020E6100000AE40C9CE2C564DC0DE0A2B33883541C0
18082865,Piquete Suspension DT 220Kv,APSD2,S,AT Geografico,TIGRE                                                                                                                                        ,"{""type"":""Point"",""coordinates"":[-58.6719760831988,-34.4193599244174]}",0101000020E61000003A84F24F03564DC01D500496AD3541C0
18082866,Piquete Suspension DT 220Kv,APSD2,S,AT Geografico,TIGRE                                                                                                                                        ,"{""type"":""Point"",""coordinates"":[-58.6707138492199,-34.4204971131509]}",0101000020E6100000DDAF8FF3D9554DC0D98572D9D23541C0
18082868,Piquete Suspension DT 220Kv,APSD2,S,AT Geografico,TIGRE                                                                                                                                        ,"{""type"":""Point"",""coordinates"":[-58.6681709932883,-34.4227879206108]}",0101000020E610000090278AA086554DC0681522EA1D3641C0
18082870,Piquete Suspension DT 220Kv,APSD2,S,AT Geografico,TIGRE                                                                                                                                        ,"{""type"":""Point"",""coordinates"":[-58.6656483276426,-34.42506035897]}",0101000020E61000005BEEE2F633554DC01A4DBA60683641C0
18082871,Piquete Suspension DT 220Kv,APSD2,S,AT Geografico,TIGRE                                                                                                                                        ,"{""type"":""Point"",""coordinates"":[-58.6643948038482,-34.4261894770068]}",0101000020E6100000841491E30A554DC05ED274608D3641C0
18082872,Piquete Suspension DT 220Kv,APSD2,S,AT Geografico,TIGRE                                                                                                                                        ,"{""type"":""Point"",""coordinates"":[-58.6631274709271,-34.4273309886573]}",0101000020E6100000075B685CE1544DC0E06C26C8B23641C0
18082873,Piquete Suspension DT 220Kv,APSD2,S,AT Geografico,TIGRE                                                                                                                                        ,"{""type"":""Point"",""coordinates"":[-58.6618742139526,-34.4284597773119]}",0101000020E6100000037F534BB8544DC05B9A1DC5D73641C0
18082874,Piquete Suspension DT 220Kv,APSD2,S,AT Geografico,TIGRE                                                                                                                                        ,"{""type"":""Point"",""coordinates"":[-58.6606096751644,-34.4295986824477]}",0101000020E610000045209BDB8E544DC03CC2F116FD3641C0
18083311,Piquete Suspension DT 220Kv,APSD2,S,AT Geografico,ESCOBAR                                                                                                                                      ,"{""type"":""Point"",""coordinates"":[-58.7671731982518,-34.376560005333]}",0101000020E6100000FC6D3ABB32624DC088F1451E333041C0
18718022,Piquete Suspension DT 220Kv,APSD2,S,AT Geografico,ESCOBAR                                                                                                                                      ,"{""type"":""Point"",""coordinates"":[-58.8102643710812,-34.3957227583503]}",0101000020E610000030742FBEB6674DC0DBB2180BA73241C0
18718023,Piquete Suspension DT 220Kv,APSD2,S,AT Geografico,ESCOBAR                                                                                                                                      ,"{""type"":""Point"",""coordinates"":[-58.8140699464216,-34.3955839710374]}",0101000020E6100000C844AA7133684DC0B936DD7EA23241C0
18718024,Piquete Suspension DT 220Kv,APSD2,S,AT Geografico,ESCOBAR                                                                                                                                      ,"{""type"":""Point"",""coordinates"":[-58.8184750067508,-34.3954292041075]}",0101000020E6100000404BFDC9C3684DC030C3956C9D3241C0
18718025,Piquete Suspension DT 220Kv,APSD2,S,AT Geografico,ESCOBAR                                                                                                                                      ,"{""type"":""Point"",""coordinates"":[-58.8223063292401,-34.3952927076002]}",0101000020E6100000AAB0735541694DC0BCBE91F3983241C0
18718026,Piquete Suspension DT 220Kv,APSD2,S,AT Geografico,ESCOBAR                                                                                                                                      ,"{""type"":""Point"",""coordinates"":[-58.8262701363767,-34.3951513642269]}",0101000020E61000001CB34638C3694DC07D29E551943241C0
18718027,Piquete Suspension DT 220Kv,APSD2,S,AT Geografico,ESCOBAR                                                                                                                                      ,"{""type"":""Point"",""coordinates"":[-58.803495835124,-34.394134238879]}",0101000020E6100000372A97F3D8664DC00D1CA1FD723241C0
18718028,Piquete Suspension DT 220Kv,APSD2,S,AT Geografico,ESCOBAR                                                                                                                                      ,"{""type"":""Point"",""coordinates"":[-58.8303041823897,-34.3950075350208]}",0101000020E6100000448C4E68476A4DC03F4B5E9B8F3241C0
18719812,Piquete Suspension DT 220Kv,APSD2,S,AT Geografico,ESCOBAR                                                                                                                                      ,"{""type"":""Point"",""coordinates"":[-58.7969823288986,-34.3907360357686]}",0101000020E6100000FF0D578403664DC0567F6FA3033241C0
18763815,Piquete Suspension DT 220Kv,APSD2,S,AT Geografico,ESCOBAR                                                                                                                                      ,"{""type"":""Point"",""coordinates"":[-58.7581296205295,-34.370096790336]}",0101000020E6100000CE2633640A614DC0866CE5545F2F41C0
18763816,Piquete Suspension DT 220Kv,APSD2,S,AT Geografico,ESCOBAR                                                                                                                                      ,"{""type"":""Point"",""coordinates"":[-58.7552579516039,-34.3678066906127]}",0101000020E61000005C17E54AAC604DC03DB7254A142F41C0
18765230,Piquete Suspension DT 220Kv,APSD2,S,AT Geografico,ESCOBAR                                                                                                                                      ,"{""type"":""Point"",""coordinates"":[-58.7335782138819,-34.366669981955]}",0101000020E610000022D712E4E55D4DC0F775BE0AEF2E41C0
18765231,Piquete Suspension DT 220Kv,APSD2,S,AT Geografico,ESCOBAR                                                                                                                                      ,"{""type"":""Point"",""coordinates"":[-58.738099959474,-34.3648822489387]}",0101000020E6100000548F390F7A5E4DC08E0A2776B42E41C0
18765232,Piquete Suspension DT 220Kv,APSD2,S,AT Geografico,ESCOBAR                                                                                                                                      ,"{""type"":""Point"",""coordinates"":[-58.741494621356,-34.3635398561103]}",0101000020E61000002A71B64BE95E4DC0AB645879882E41C0
18765963,Piquete Suspension DT 220Kv,APSD2,S,AT Geografico,ESCOBAR                                                                                                                                      ,"{""type"":""Point"",""coordinates"":[-58.731066510939,-34.3676634862189]}",0101000020E610000081D76196935D4DC02E9FDC980F2F41C0
18774754,Piquete Suspension DT 220Kv,APSD2,S,AT Geografico,TIGRE                                                                                                                                        ,"{""type"":""Point"",""coordinates"":[-58.67391659706,-34.3984607591133]}",0101000020E61000005A4D28E642564DC0BE901CC3003341C0
18774755,Piquete Suspension DT 220Kv,APSD2,S,AT Geografico,TIGRE                                                                                                                                        ,"{""type"":""Point"",""coordinates"":[-58.6709322806404,-34.3968448765265]}",0101000020E61000003097E51BE1554DC01A221BD0CB3241C0
18778581,Piquete Suspension DT 220Kv,APSD2,S,AT Geografico,TIGRE                                                                                                                                        ,"{""type"":""Point"",""coordinates"":[-58.6577835286388,-34.4415998250651]}",0101000020E6100000F5AC2B4032544DC07349D357863841C0
18778582,Piquete Suspension DT 220Kv,APSD2,S,AT Geografico,TIGRE                                                                                                                                        ,"{""type"":""Point"",""coordinates"":[-58.6561534517595,-34.442914961711]}",0101000020E6100000723B18D6FC534DC094BAFD6FB13841C0
18778584,Piquete Suspension DT 220Kv,APSD2,S,AT Geografico,TIGRE                                                                                                                                        ,"{""type"":""Point"",""coordinates"":[-58.6555194913404,-34.4453113452475]}",0101000020E610000050990C10E8534DC0173050F6FF3841C0
18778585,Piquete Suspension DT 220Kv,APSD2,S,AT Geografico,TIGRE                                                                                                                                        ,"{""type"":""Point"",""coordinates"":[-58.6563235669856,-34.446549704379]}",0101000020E610000008E61F6902544DC04D2C6C8A283941C0
18778586,Piquete Suspension DT 220Kv,APSD2,S,AT Geografico,TIGRE                                                                                                                                        ,"{""type"":""Point"",""coordinates"":[-58.6571132135604,-34.447793755024]}",0101000020E6100000760129491C544DC03397464E513941C0
18778587,Piquete Suspension DT 220Kv,APSD2,S,AT Geografico,TIGRE                                                                                                                                        ,"{""type"":""Point"",""coordinates"":[-58.6579101093648,-34.4490349525894]}",0101000020E6100000FCB6016636544DC0F61032FA793941C0
19236591,Piquete Suspension DT 220Kv,APSD2,S,AT Geografico,TIGRE                                                                                                                                        ,"{""type"":""Point"",""coordinates"":[-58.650194807524,-34.4029662417297]}",0101000020E61000001F2C5D9539534DC07DCFD665943341C0
19236592,Piquete Suspension DT 220Kv,APSD2,S,AT Geografico,TIGRE                                                                                                                                        ,"{""type"":""Point"",""coordinates"":[-58.6468155830032,-34.4039503450679]}",0101000020E61000005FC55FDACA524DC01FA318A5B43341C0
27560588,Piquete Suspension DT 220Kv,APSD2,S,AT Geografico,GRALRODRIGUEZ                                                                                                                                ,"{""type"":""Point"",""coordinates"":[-58.9221302891169,-34.5331452687729]}",0101000020E61000004034855D08764DC0CDB2AA1A3E4441C0
27560603,Piquete Suspension DT 220Kv,APSD2,S,AT Geografico,PILAR                                                                                                                                        ,"{""type"":""Point"",""coordinates"":[-58.8726958726672,-34.5557416304947]}",0101000020E6100000DC3A947FB46F4DC00A00B08A224741C0
27560604,Piquete Suspension DT 220Kv,APSD2,S,AT Geografico,PILAR                                                                                                                                        ,"{""type"":""Point"",""coordinates"":[-58.8694369179716,-34.5573379586826]}",0101000020E6100000BF4F7CB5496F4DC039AEA8D9564741C0
27560605,Piquete Suspension DT 220Kv,APSD2,S,AT Geografico,PILAR                                                                                                                                        ,"{""type"":""Point"",""coordinates"":[-58.8662031144376,-34.5588204417777]}",0101000020E6100000F01960BEDF6E4DC0BAE2A06D874741C0
27560606,Piquete Suspension DT 220Kv,APSD2,S,AT Geografico,PILAR                                                                                                                                        ,"{""type"":""Point"",""coordinates"":[-58.8628985380971,-34.5603298526494]}",0101000020E61000005A729475736E4DC0040D7CE3B84741C0
27560607,Piquete Suspension DT 220Kv,APSD2,S,AT Geografico,MORENO                                                                                                                                       ,"{""type"":""Point"",""coordinates"":[-58.8596279820719,-34.5618573507425]}",0101000020E6100000DBDC2A4A086E4DC0643A11F1EA4741C0
27560608,Piquete Suspension DT 220Kv,APSD2,S,AT Geografico,MORENO                                                                                                                                       ,"{""type"":""Point"",""coordinates"":[-58.8563388922046,-34.5633959642694]}",0101000020E6100000E12748839C6D4DC0269EE45B1D4841C0
27560609,Piquete Suspension DT 220Kv,APSD2,S,AT Geografico,MORENO                                                                                                                                       ,"{""type"":""Point"",""coordinates"":[-58.8530659439276,-34.564929266114]}",0101000020E61000000D40CD43316D4DC0AE41299A4F4841C0
27560616,Piquete Suspension DT 220Kv,APSD2,S,AT Geografico,MORENO                                                                                                                                       ,"{""type"":""Point"",""coordinates"":[-58.8318873185345,-34.5748614328796]}",0101000020E61000000B889D487B6A4DC087F9360F954941C0
27571031,Piquete Suspension DT 220Kv,APSD2,S,AT Geografico,SANMIGUEL                                                                                                                                    ,"{""type"":""Point"",""coordinates"":[-58.697685458148,-34.5924909937442]}",0101000020E6100000FCD1D0C14D594DC02CA7B0BED64B41C0
27571709,Piquete Suspension DT 220Kv,APSD2,S,AT Geografico,HURLINGHAM                                                                                                                                   ,"{""type"":""Point"",""coordinates"":[-58.6793789471855,-34.5953857646732]}",0101000020E61000005AE0ABE3F5564DC03CE3C999354C41C0
27571712,Piquete Suspension DT 220Kv,APSD2,S,AT Geografico,HURLINGHAM                                                                                                                                   ,"{""type"":""Point"",""coordinates"":[-58.6867589468656,-34.5940418102203]}",0101000020E6100000F78298B7E7574DC02EADE18F094C41C0
27571714,Piquete Suspension DT 220Kv,APSD2,S,AT Geografico,HURLINGHAM                                                                                                                                   ,"{""type"":""Point"",""coordinates"":[-58.6902987359526,-34.5934316297479]}",0101000020E61000007DB17FB55B584DC0F2165191F54B41C0
27572366,Piquete Suspension DT 220Kv,APSD2,S,AT Geografico,MORENO                                                                                                                                       ,"{""type"":""Point"",""coordinates"":[-58.7356046189143,-34.5898431323582]}",0101000020E61000000083CA4A285E4DC0DA9FD1FA7F4B41C0
27596318,Piquete Suspension DT 220Kv,APSD2,S,AT Geografico,MARCOSPAZ                                                                                                                                    ,"{""type"":""Point"",""coordinates"":[-58.7201807209483,-34.9080564208934]}",0101000020E610000061D7C1E12E5C4DC07C545B313B7441C0
27596319,Piquete Suspension DT 220Kv,APSD2,S,AT Geografico,MARCOSPAZ                                                                                                                                    ,"{""type"":""Point"",""coordinates"":[-58.720231215012,-34.9048209529285]}",0101000020E610000071045589305C4DC022C8482CD17341C0
27596324,Piquete Suspension DT 220Kv,APSD2,S,AT Geografico,LAMATANZA                                                                                                                                    ,"{""type"":""Point"",""coordinates"":[-58.7194454920111,-34.8885933158997]}",0101000020E610000097B835CA165C4DC0E29DFF6CBD7141C0
27596325,Piquete Suspension DT 220Kv,APSD2,S,AT Geografico,LAMATANZA                                                                                                                                    ,"{""type"":""Point"",""coordinates"":[-58.7184631824828,-34.8854102054447]}",0101000020E61000005E12009AF65B4DC0F8F6211F557141C0
27596326,Piquete Suspension DT 220Kv,APSD2,S,AT Geografico,LAMATANZA                                                                                                                                    ,"{""type"":""Point"",""coordinates"":[-58.7175022369088,-34.8822960898056]}",0101000020E6100000442A011DD75B4DC0478D0914EF7041C0
27596327,Piquete Suspension DT 220Kv,APSD2,S,AT Geografico,LAMATANZA                                                                                                                                    ,"{""type"":""Point"",""coordinates"":[-58.7165165126269,-34.8791014340953]}",0101000020E6100000646326D0B65B4DC02BA75265867041C0
27596328,Piquete Suspension DT 220Kv,APSD2,S,AT Geografico,LAMATANZA                                                                                                                                    ,"{""type"":""Point"",""coordinates"":[-58.7155297021677,-34.8759030145548]}",0101000020E610000037102F7A965B4DC086FD08971D7041C0
27596329,Piquete Suspension DT 220Kv,APSD2,S,AT Geografico,LAMATANZA                                                                                                                                    ,"{""type"":""Point"",""coordinates"":[-58.7145559253783,-34.8727466003975]}",0101000020E6100000DE548D91765B4DC088331D29B66F41C0
27596331,Piquete Suspension DT 220Kv,APSD2,S,AT Geografico,LAMATANZA                                                                                                                                    ,"{""type"":""Point"",""coordinates"":[-58.7125988851905,-34.8664023040975]}",0101000020E61000009387B570365B4DC094A34C45E66E41C0
27596332,Piquete Suspension DT 220Kv,APSD2,S,AT Geografico,LAMATANZA                                                                                                                                    ,"{""type"":""Point"",""coordinates"":[-58.7121017896222,-34.8647906762938]}",0101000020E6100000DEECC426265B4DC0A348FC75B16E41C0
27596333,Piquete Suspension DT 220Kv,APSD2,S,AT Geografico,LAMATANZA                                                                                                                                    ,"{""type"":""Point"",""coordinates"":[-58.7114860967073,-34.8627944596336]}",0101000020E61000005275F6F9115B4DC0F4A5810C706E41C0
27596334,Piquete Suspension DT 220Kv,APSD2,S,AT Geografico,LAMATANZA                                                                                                                                    ,"{""type"":""Point"",""coordinates"":[-58.7104653653133,-34.8594848069701]}",0101000020E61000000E7B7287F05A4DC039AC2099036E41C0
27596335,Piquete Suspension DT 220Kv,APSD2,S,AT Geografico,LAMATANZA                                                                                                                                    ,"{""type"":""Point"",""coordinates"":[-58.7094226784603,-34.856103695923]}",0101000020E61000008683C15CCE5A4DC0A6FC4FCE946D41C0
27596336,Piquete Suspension DT 220Kv,APSD2,S,AT Geografico,LAMATANZA                                                                                                                                    ,"{""type"":""Point"",""coordinates"":[-58.7085753144405,-34.8533557559763]}",0101000020E61000002B238D98B25A4DC0C4E2EBC23A6D41C0
27596337,Piquete Suspension DT 220Kv,APSD2,S,AT Geografico,LAMATANZA                                                                                                                                    ,"{""type"":""Point"",""coordinates"":[-58.7077107674806,-34.8505519078264]}",0101000020E6100000A0AD3444965A4DC01DD589E2DE6C41C0
27596338,Piquete Suspension DT 220Kv,APSD2,S,AT Geografico,LAMATANZA                                                                                                                                    ,"{""type"":""Point"",""coordinates"":[-58.70624369703,-34.8457935626167]}",0101000020E6100000FEDF8631665A4DC0964DA5F6426C41C0
27596339,Piquete Suspension DT 220Kv,APSD2,S,AT Geografico,LAMATANZA                                                                                                                                    ,"{""type"":""Point"",""coordinates"":[-58.7057576892929,-34.8442171101174]}",0101000020E6100000F5349944565A4DC0C756674E0F6C41C0
27596340,Piquete Suspension DT 220Kv,APSD2,S,AT Geografico,LAMATANZA                                                                                                                                    ,"{""type"":""Point"",""coordinates"":[-58.7048154801569,-34.84116071892]}",0101000020E61000007F7EC664375A4DC07A388927AB6B41C0
27596342,Piquete Suspension DT 220Kv,APSD2,S,AT Geografico,LAMATANZA                                                                                                                                    ,"{""type"":""Point"",""coordinates"":[-58.7039155519895,-34.8365430114662]}",0101000020E61000006378A1E7195A4DC0E5F865D7136B41C0
27605439,Piquete Suspension DT 220Kv,APSD2,S,AT Geografico,LAMATANZA                                                                                                                                    ,"{""type"":""Point"",""coordinates"":[-58.7039710622982,-34.8330013939055]}",0101000020E61000005BF348B91B5A4DC0552C28CA9F6A41C0
27605440,Piquete Suspension DT 220Kv,APSD2,S,AT Geografico,LAMATANZA                                                                                                                                    ,"{""type"":""Point"",""coordinates"":[-58.704022097536,-34.8296474421139]}",0101000020E61000000A4A66651D5A4DC06D8B2BE3316A41C0
27605441,Piquete Suspension DT 220Kv,APSD2,S,AT Geografico,LAMATANZA                                                                                                                                    ,"{""type"":""Point"",""coordinates"":[-58.7040742885408,-34.8264137993115]}",0101000020E61000005B9E351B1F5A4DC0CB8068EDC76941C0
27605442,Piquete Suspension DT 220Kv,APSD2,S,AT Geografico,LAMATANZA                                                                                                                                    ,"{""type"":""Point"",""coordinates"":[-58.7041263831841,-34.8230884580503]}",0101000020E6100000630336D0205A4DC044856CF65A6941C0
27605443,Piquete Suspension DT 220Kv,APSD2,S,AT Geografico,LAMATANZA                                                                                                                                    ,"{""type"":""Point"",""coordinates"":[-58.7041815744298,-34.8195648559007]}",0101000020E61000009D4F309F225A4DC0B0854E80E76841C0
27605445,Piquete Suspension DT 220Kv,APSD2,S,AT Geografico,LAMATANZA                                                                                                                                    ,"{""type"":""Point"",""coordinates"":[-58.7055593486387,-34.8151182995791]}",0101000020E61000002BE5CBC44F5A4DC01D88E3CB556841C0
27605457,Piquete Suspension DT 220Kv,APSD2,S,AT Geografico,MARCOSPAZ                                                                                                                                    ,"{""type"":""Point"",""coordinates"":[-58.720961003179,-34.8008995330282]}",0101000020E6100000332C3D73485C4DC070DE3AE0836641C0
27605458,Piquete Suspension DT 220Kv,APSD2,S,AT Geografico,MARCOSPAZ                                                                                                                                    ,"{""type"":""Point"",""coordinates"":[-58.7225224073354,-34.7994705649806]}",0101000020E6100000F8103F9D7B5C4DC06A5A2D0D556641C0
27605460,Piquete Suspension DT 220Kv,APSD2,S,AT Geografico,LAMATANZA                                                                                                                                    ,"{""type"":""Point"",""coordinates"":[-58.725325097609,-34.796825244574]}",0101000020E61000007199EA73D75C4DC042099F5EFE6541C0
27605461,Piquete Suspension DT 220Kv,APSD2,S,AT Geografico,LAMATANZA                                                                                                                                    ,"{""type"":""Point"",""coordinates"":[-58.7267465165482,-34.795709755446]}",0101000020E61000003587A407065D4DC0DD5F38D1D96541C0
27605462,Piquete Suspension DT 220Kv,APSD2,S,AT Geografico,LAMATANZA                                                                                                                                    ,"{""type"":""Point"",""coordinates"":[-58.7280672928991,-34.7946732050503]}",0101000020E6100000F5241E4F315D4DC0645901DAB76541C0
27605464,Piquete Suspension DT 220Kv,APSD2,S,AT Geografico,LAMATANZA                                                                                                                                    ,"{""type"":""Point"",""coordinates"":[-58.7293833800414,-34.7936435881948]}",0101000020E61000000EC3416F5C5D4DC009FDF31C966541C0
27605465,Piquete Suspension DT 220Kv,APSD2,S,AT Geografico,LAMATANZA                                                                                                                                    ,"{""type"":""Point"",""coordinates"":[-58.7307316973321,-34.7925887144927]}",0101000020E61000008F18C39D885D4DC063F6078C736541C0
27605466,Piquete Suspension DT 220Kv,APSD2,S,AT Geografico,LAMATANZA                                                                                                                                    ,"{""type"":""Point"",""coordinates"":[-58.7320961509328,-34.7915211728554]}",0101000020E61000005AE4A053B55D4DC0B1C0D790506541C0
27638015,Piquete Suspension DT 220Kv,APSD2,S,AT Geografico,MERLO                                                                                                                                        ,"{""type"":""Point"",""coordinates"":[-58.7538074287227,-34.7744663968472]}",0101000020E610000043EC06C37C604DC0A72703B7216341C0
27638016,Piquete Suspension DT 220Kv,APSD2,S,AT Geografico,MERLO                                                                                                                                        ,"{""type"":""Point"",""coordinates"":[-58.7551731948341,-34.7733888643927]}",0101000020E61000006650E783A9604DC01AD40368FE6241C0
27638017,Piquete Suspension DT 220Kv,APSD2,S,AT Geografico,MERLO                                                                                                                                        ,"{""type"":""Point"",""coordinates"":[-58.7566644445935,-34.7722122800352]}",0101000020E61000009FC96961DA604DC015291CDAD76241C0
27638018,Piquete Suspension DT 220Kv,APSD2,S,AT Geografico,MERLO                                                                                                                                        ,"{""type"":""Point"",""coordinates"":[-58.7578877980884,-34.7712453163623]}",0101000020E6100000DD69A57702614DC00C7CA12AB86241C0
27638019,Piquete Suspension DT 220Kv,APSD2,S,AT Geografico,MERLO                                                                                                                                        ,"{""type"":""Point"",""coordinates"":[-58.7594789928176,-34.7700103458068]}",0101000020E610000044138E9B36614DC03369F2B28F6241C0
27638045,Piquete Suspension DT 220Kv,APSD2,S,AT Geografico,MERLO                                                                                                                                        ,"{""type"":""Point"",""coordinates"":[-58.7494905312543,-34.7440312946622]}",0101000020E61000000B33444EEF5F4DC02FE3DE6A3C5F41C0
27638048,Piquete Suspension DT 220Kv,APSD2,S,AT Geografico,MERLO                                                                                                                                        ,"{""type"":""Point"",""coordinates"":[-58.7458160327421,-34.7410784408496]}",0101000020E6100000DABA56E6765F4DC0239C89A8DB5E41C0
27638049,Piquete Suspension DT 220Kv,APSD2,S,AT Geografico,MERLO                                                                                                                                        ,"{""type"":""Point"",""coordinates"":[-58.7446113005185,-34.7399849376383]}",0101000020E6100000C3FA4F6C4F5F4DC0335891D3B75E41C0
27638050,Piquete Suspension DT 220Kv,APSD2,S,AT Geografico,MERLO                                                                                                                                        ,"{""type"":""Point"",""coordinates"":[-58.7434065999715,-34.7388914229988]}",0101000020E610000005418DF2275F4DC0978980FE935E41C0
27638051,Piquete Suspension DT 220Kv,APSD2,S,AT Geografico,MERLO                                                                                                                                        ,"{""type"":""Point"",""coordinates"":[-58.7422019310991,-34.7377978969327]}",0101000020E61000009C8C0E79005F4DC01E315729705E41C0
27638052,Piquete Suspension DT 220Kv,APSD2,S,AT Geografico,MERLO                                                                                                                                        ,"{""type"":""Point"",""coordinates"":[-58.7409972938994,-34.7367043594415]}",0101000020E610000077DCD3FFD85E4DC0944F15544C5E41C0
27638053,Piquete Suspension DT 220Kv,APSD2,S,AT Geografico,MERLO                                                                                                                                        ,"{""type"":""Point"",""coordinates"":[-58.7397926883706,-34.7356108105264]}",0101000020E6100000972FDD86B15E4DC0C7E5BA7E285E41C0
27638054,Piquete Suspension DT 220Kv,APSD2,S,AT Geografico,MERLO                                                                                                                                        ,"{""type"":""Point"",""coordinates"":[-58.7385881145109,-34.7345172501892]}",0101000020E6100000F1842A0E8A5E4DC085F447A9045E41C0
27638055,Piquete Suspension DT 220Kv,APSD2,S,AT Geografico,MERLO                                                                                                                                        ,"{""type"":""Point"",""coordinates"":[-58.7373835723074,-34.733423678431]}",0101000020E610000079D5BB95625E4DC08B7CBCD3E05D41C0
27638056,Piquete Suspension DT 220Kv,APSD2,S,AT Geografico,MERLO                                                                                                                                        ,"{""type"":""Point"",""coordinates"":[-58.7362037392446,-34.732352500483]}",0101000020E6100000CB9F93EC3B5E4DC0EC5B0BBABD5D41C0
27638059,Piquete Suspension DT 220Kv,APSD2,S,AT Geografico,MERLO                                                                                                                                        ,"{""type"":""Point"",""coordinates"":[-58.7391231423386,-34.7287211669024]}",0101000020E6100000D2074E969B5E4DC0D8DF35BC465D41C0
27638060,Piquete Suspension DT 220Kv,APSD2,S,AT Geografico,MERLO                                                                                                                                        ,"{""type"":""Point"",""coordinates"":[-58.7402357393409,-34.7278561021788]}",0101000020E610000054E6710BC05E4DC0A18685632A5D41C0
27638152,Piquete Suspension DT 220Kv,APSD2,S,AT Geografico,MERLO                                                                                                                                        ,"{""type"":""Point"",""coordinates"":[-58.7415879888061,-34.7255456291]}",0101000020E6100000A983EF5AEC5E4DC0BE5EDEADDE5C41C0
27674239,Piquete Suspension DT 220Kv,APSD2,S,AT Geografico,MARCOSPAZ                                                                                                                                    ,"{""type"":""Point"",""coordinates"":[-58.7200054796751,-34.9042415573923]}",0101000020E61000009C12BA23295C4DC08B57F62FBE7341C0
27674240,Piquete Suspension DT 220Kv,APSD2,S,AT Geografico,MARCOSPAZ                                                                                                                                    ,"{""type"":""Point"",""coordinates"":[-58.7200556846629,-34.9010063549612]}",0101000020E61000008676E0C82A5C4DC0F2051E2D547341C0
27674241,Piquete Suspension DT 220Kv,APSD2,S,AT Geografico,MARCOSPAZ                                                                                                                                    ,"{""type"":""Point"",""coordinates"":[-58.7201056020236,-34.8977891741698]}",0101000020E6100000D12D9D6B2C5C4DC091E172C1EA7241C0
27674242,Piquete Suspension DT 220Kv,APSD2,S,AT Geografico,MARCOSPAZ                                                                                                                                    ,"{""type"":""Point"",""coordinates"":[-58.7201862848352,-34.8927413410812]}",0101000020E610000093326E102F5C4DC08DDD2759457241C0
27674244,Piquete Suspension DT 220Kv,APSD2,S,AT Geografico,LAMATANZA                                                                                                                                    ,"{""type"":""Point"",""coordinates"":[-58.7192039259939,-34.8884918358764]}",0101000020E61000003BA6CEDF0E5C4DC014EDB819BA7141C0
27674245,Piquete Suspension DT 220Kv,APSD2,S,AT Geografico,LAMATANZA                                                                                                                                    ,"{""type"":""Point"",""coordinates"":[-58.7182254812645,-34.8853212139908]}",0101000020E6100000A99704D0EE5B4DC0DA459E34527141C0
27674246,Piquete Suspension DT 220Kv,APSD2,S,AT Geografico,LAMATANZA                                                                                                                                    ,"{""type"":""Point"",""coordinates"":[-58.7172686692354,-34.8822204604775]}",0101000020E6100000DC67B275CF5B4DC078CE9C99EC7041C0
27674247,Piquete Suspension DT 220Kv,APSD2,S,AT Geografico,LAMATANZA                                                                                                                                    ,"{""type"":""Point"",""coordinates"":[-58.7162795861636,-34.8790148848577]}",0101000020E6100000BDAEAA0CAF5B4DC09E944B8F837041C0
27674248,Piquete Suspension DT 220Kv,APSD2,S,AT Geografico,LAMATANZA                                                                                                                                    ,"{""type"":""Point"",""coordinates"":[-58.7143124174669,-34.8726386479435]}",0101000020E6100000D012DC966E5B4DC053128B9FB26F41C0
27674252,Piquete Suspension DT 220Kv,APSD2,S,AT Geografico,LAMATANZA                                                                                                                                    ,"{""type"":""Point"",""coordinates"":[-58.7104004970924,-34.8599559564253]}",0101000020E610000074094B67EE5A4DC0736C6A09136E41C0
27674253,Piquete Suspension DT 220Kv,APSD2,S,AT Geografico,LAMATANZA                                                                                                                                    ,"{""type"":""Point"",""coordinates"":[-58.7094200019521,-34.8567765292689]}",0101000020E6100000A1C14D46CE5A4DC0579872DAAA6D41C0
27674254,Piquete Suspension DT 220Kv,APSD2,S,AT Geografico,LAMATANZA                                                                                                                                    ,"{""type"":""Point"",""coordinates"":[-58.7084395785952,-34.8535970942326]}",0101000020E610000011A1EA25AE5A4DC049D869AB426D41C0
27674255,Piquete Suspension DT 220Kv,APSD2,S,AT Geografico,LAMATANZA                                                                                                                                    ,"{""type"":""Point"",""coordinates"":[-58.7074592269933,-34.8504176513284]}",0101000020E6100000499821068E5A4DC0BE32507CDA6C41C0
27674256,Piquete Suspension DT 220Kv,APSD2,S,AT Geografico,LAMATANZA                                                                                                                                    ,"{""type"":""Point"",""coordinates"":[-58.7064789471185,-34.8472382005588]}",0101000020E6100000DD97F2E66D5A4DC03AA9254D726C41C0
27674257,Piquete Suspension DT 220Kv,APSD2,S,AT Geografico,LAMATANZA                                                                                                                                    ,"{""type"":""Point"",""coordinates"":[-58.7055095101019,-34.8440936810819]}",0101000020E6100000C873B8224E5A4DC0EA8001430B6C41C0
27674258,Piquete Suspension DT 220Kv,APSD2,S,AT Geografico,LAMATANZA                                                                                                                                    ,"{""type"":""Point"",""coordinates"":[-58.7045401432221,-34.8409491539084]}",0101000020E6100000DAED145F2E5A4DC050D1CC38A46B41C0
27674259,Piquete Suspension DT 220Kv,APSD2,S,AT Geografico,LAMATANZA                                                                                                                                    ,"{""type"":""Point"",""coordinates"":[-58.7152905761844,-34.8758093012255]}",0101000020E6100000B0EC3FA48E5B4DC0E125E9841A7041C0
27674529,Piquete Suspension DT 220Kv,APSD2,S,AT Geografico,LAMATANZA                                                                                                                                    ,"{""type"":""Point"",""coordinates"":[-58.7036140425861,-34.834211944049]}",0101000020E6100000ECF46206105A4DC0C2CFFC74C76A41C0
27674530,Piquete Suspension DT 220Kv,APSD2,S,AT Geografico,LAMATANZA                                                                                                                                    ,"{""type"":""Point"",""coordinates"":[-58.7036670268878,-34.8309477857751]}",0101000020E6100000E0E0D9C2115A4DC0334B3E7F5C6A41C0
27674531,Piquete Suspension DT 220Kv,APSD2,S,AT Geografico,LAMATANZA                                                                                                                                    ,"{""type"":""Point"",""coordinates"":[-58.7037205590251,-34.8275323299366]}",0101000020E61000009644E983135A4DC0F4BA5294EC6941C0
27674532,Piquete Suspension DT 220Kv,APSD2,S,AT Geografico,LAMATANZA                                                                                                                                    ,"{""type"":""Point"",""coordinates"":[-58.7037736585258,-34.8241439074008]}",0101000020E6100000CF935741155A4DC0F7BD2C8C7D6941C0
27674533,Piquete Suspension DT 220Kv,APSD2,S,AT Geografico,LAMATANZA                                                                                                                                    ,"{""type"":""Point"",""coordinates"":[-58.7038261844166,-34.8207915299844]}",0101000020E6100000A111F6F9165A4DC0F60E65B20F6941C0
27674534,Piquete Suspension DT 220Kv,APSD2,S,AT Geografico,LAMATANZA                                                                                                                                    ,"{""type"":""Point"",""coordinates"":[-58.7038795486146,-34.8173850799994]}",0101000020E6100000B7CF9CB9185A4DC0006B0513A06841C0
27674535,Piquete Suspension DT 220Kv,APSD2,S,AT Geografico,LAMATANZA                                                                                                                                    ,"{""type"":""Point"",""coordinates"":[-58.7039327627188,-34.8139876398141]}",0101000020E6100000E33A01781A5A4DC0C62C3ABF306841C0
27674536,Piquete Suspension DT 220Kv,APSD2,S,AT Geografico,LAMATANZA                                                                                                                                    ,"{""type"":""Point"",""coordinates"":[-58.704038176564,-34.807255836068]}",0101000020E610000029BD47EC1D5A4DC063B5C328546741C0
27674537,Piquete Suspension DT 220Kv,APSD2,S,AT Geografico,LAMATANZA                                                                                                                                    ,"{""type"":""Point"",""coordinates"":[-58.7040903766354,-34.8039214725799]}",0101000020E6100000EC892AA21F5A4DC02FA418E6E66641C0
27674539,Piquete Suspension DT 220Kv,APSD2,S,AT Geografico,LAMATANZA                                                                                                                                    ,"{""type"":""Point"",""coordinates"":[-58.704194751059,-34.7972527399116]}",0101000020E61000001FE8B80D235A4DC08F48B6600C6641C0
27674540,Piquete Suspension DT 220Kv,APSD2,S,AT Geografico,LAMATANZA                                                                                                                                    ,"{""type"":""Point"",""coordinates"":[-58.7042466434134,-34.793936394354]}",0101000020E6100000A7E306C1245A4DC05F6D30B59F6541C0
27674541,Piquete Suspension DT 220Kv,APSD2,S,AT Geografico,LAMATANZA                                                                                                                                    ,"{""type"":""Point"",""coordinates"":[-58.7042985272908,-34.7906200469197]}",0101000020E6100000E3AA4274265A4DC0808AA609336541C0
27674542,Piquete Suspension DT 220Kv,APSD2,S,AT Geografico,LAMATANZA                                                                                                                                    ,"{""type"":""Point"",""coordinates"":[-58.7043504026925,-34.7873036976088]}",0101000020E6100000933E6C27285A4DC0FB9F185EC66441C0
27675131,Piquete Suspension DT 220Kv,APSD2,S,AT Geografico,LAMATANZA                                                                                                                                    ,"{""type"":""Point"",""coordinates"":[-58.6824081203859,-34.7612883637861]}",0101000020E610000086CA372659574DC0AEA4A8E5716141C0
27675132,Piquete Suspension DT 220Kv,APSD2,S,AT Geografico,MERLO                                                                                                                                        ,"{""type"":""Point"",""coordinates"":[-58.6795125339722,-34.758835104835]}",0101000020E6100000FE504744FA564DC057293B82216141C0
27675134,Piquete Suspension DT 220Kv,APSD2,S,AT Geografico,MERLO                                                                                                                                        ,"{""type"":""Point"",""coordinates"":[-58.6741744622725,-34.7543829318852]}",0101000020E610000026A149594B564DC0C98DB29E8F6041C0
27675135,Piquete Suspension DT 220Kv,APSD2,S,AT Geografico,MERLO                                                                                                                                        ,"{""type"":""Point"",""coordinates"":[-58.6714993069458,-34.7521936634823]}",0101000020E6100000344F75B0F3554DC01C75C8E1476041C0
27677044,Piquete Suspension DT 220Kv,APSD2,S,AT Geografico,LAMATANZA                                                                                                                                    ,"{""type"":""Point"",""coordinates"":[-58.6624099636622,-34.7470015902026]}",0101000020E6100000A43C85D9C9544DC07CFD83BF9D5F41C0
27677045,Piquete Suspension DT 220Kv,APSD2,S,AT Geografico,LAMATANZA                                                                                                                                    ,"{""type"":""Point"",""coordinates"":[-58.659553553791,-34.7445801610403]}",0101000020E610000016BF37406C544DC0947518674E5F41C0
27677046,Piquete Suspension DT 220Kv,APSD2,S,AT Geografico,LAMATANZA                                                                                                                                    ,"{""type"":""Point"",""coordinates"":[-58.6566973105436,-34.7421586677585]}",0101000020E6100000EF1350A80E544DC09C3B230EFF5E41C0
27677047,Piquete Suspension DT 220Kv,APSD2,S,AT Geografico,LAMATANZA                                                                                                                                    ,"{""type"":""Point"",""coordinates"":[-58.6538412339102,-34.7397371103755]}",0101000020E6100000D535CE11B1534DC09F59A4B4AF5E41C0
27677048,Piquete Suspension DT 220Kv,APSD2,S,AT Geografico,LAMATANZA                                                                                                                                    ,"{""type"":""Point"",""coordinates"":[-58.6509853238703,-34.7373154889094]}",0101000020E61000006F19B27C53534DC09FD99B5A605E41C0
27677049,Piquete Suspension DT 220Kv,APSD2,S,AT Geografico,LAMATANZA                                                                                                                                    ,"{""type"":""Point"",""coordinates"":[-58.648129580403,-34.7348938033785]}",0101000020E61000005DB3FBE8F5524DC093C50900115E41C0
27677050,Piquete Suspension DT 220Kv,APSD2,S,AT Geografico,LAMATANZA                                                                                                                                    ,"{""type"":""Point"",""coordinates"":[-58.645274003488,-34.7324720538008]}",0101000020E61000004AF8AA5698524DC07F27EEA4C15D41C0
27677052,Piquete Suspension DT 220Kv,APSD2,S,AT Geografico,LAMATANZA                                                                                                                                    ,"{""type"":""Point"",""coordinates"":[-58.6396851695641,-34.7277316973346]}",0101000020E6100000C7812134E1514DC04528F04F265D41C0
27677053,Piquete Suspension DT 220Kv,APSD2,S,AT Geografico,LAMATANZA                                                                                                                                    ,"{""type"":""Point"",""coordinates"":[-58.6369442852643,-34.7254066372419]}",0101000020E6100000C44AED6387514DC0B4A0EB1FDA5C41C0
27677055,Piquete Suspension DT 220Kv,APSD2,S,AT Geografico,LAMATANZA                                                                                                                                    ,"{""type"":""Point"",""coordinates"":[-58.6313755070375,-34.7207644440512]}",0101000020E6100000571CA1E9D0504DC0E1A86102425C41C0
27677056,Piquete Suspension DT 220Kv,APSD2,S,AT Geografico,LAMATANZA                                                                                                                                    ,"{""type"":""Point"",""coordinates"":[-58.6285476175746,-34.7184473071031]}",0101000020E610000018BB923F74504DC01AF4D314F65B41C0
27677057,Piquete Suspension DT 220Kv,APSD2,S,AT Geografico,LAMATANZA                                                                                                                                    ,"{""type"":""Point"",""coordinates"":[-58.6257198859777,-34.7161301073532]}",0101000020E6100000985DD79617504DC0AB61BF26AA5B41C0
27677058,Piquete Suspension DT 220Kv,APSD2,S,AT Geografico,LAMATANZA                                                                                                                                    ,"{""type"":""Point"",""coordinates"":[-58.6228923122178,-34.7138128448185]}",0101000020E6100000E1F36EEFBA4F4DC0E4FA23385E5B41C0
27677060,Piquete Suspension DT 220Kv,APSD2,S,AT Geografico,LAMATANZA                                                                                                                                    ,"{""type"":""Point"",""coordinates"":[-58.617515128667,-34.7096731000605]}",0101000020E61000007D3459BC0A4F4DC031CE7191D65A41C0
27677061,Piquete Suspension DT 220Kv,APSD2,S,AT Geografico,LAMATANZA                                                                                                                                    ,"{""type"":""Point"",""coordinates"":[-58.6148379085511,-34.7077655469779]}",0101000020E6100000B9C83202B34E4DC0B8C0BA0F985A41C0
27677062,Piquete Suspension DT 220Kv,APSD2,S,AT Geografico,LAMATANZA                                                                                                                                    ,"{""type"":""Point"",""coordinates"":[-58.6121194996835,-34.7058284985451]}",0101000020E61000003D3188EE594E4DC004EB9696585A41C0
27677063,Piquete Suspension DT 220Kv,APSD2,S,AT Geografico,LAMATANZA                                                                                                                                    ,"{""type"":""Point"",""coordinates"":[-58.6094012181229,-34.7038913918614]}",0101000020E610000080FDEEDB004E4DC088FDF51C195A41C0
27700699,Piquete Suspension DT 220Kv,APSD2,S,AT Geografico,GRALRODRIGUEZ                                                                                                                                ,"{""type"":""Point"",""coordinates"":[-58.9225722548463,-34.5342792858161]}",0101000020E61000008961FFD816764DC055C17D43634441C0
27700717,Piquete Suspension DT 220Kv,APSD2,S,AT Geografico,MORENO                                                                                                                                       ,"{""type"":""Point"",""coordinates"":[-58.8595277018125,-34.5637066933836]}",0101000020E610000031A5F400056E4DC0334F7A8A274841C0
27700718,Piquete Suspension DT 220Kv,APSD2,S,AT Geografico,MORENO                                                                                                                                       ,"{""type"":""Point"",""coordinates"":[-58.8570135250427,-34.5663881109817]}",0101000020E6100000E624839EB26D4DC038C1D6677F4841C0
27700719,Piquete Suspension DT 220Kv,APSD2,S,AT Geografico,MORENO                                                                                                                                       ,"{""type"":""Point"",""coordinates"":[-58.8544824898133,-34.5690872767674]}",0101000020E61000005E60A6AE5F6D4DC0932415DAD74841C0
27700724,Piquete Suspension DT 220Kv,APSD2,S,AT Geografico,MORENO                                                                                                                                       ,"{""type"":""Point"",""coordinates"":[-58.8411048979764,-34.5804211488974]}",0101000020E610000037A84653A96B4DC0E5357E3D4B4A41C0
27700725,Piquete Suspension DT 220Kv,APSD2,S,AT Geografico,MORENO                                                                                                                                       ,"{""type"":""Point"",""coordinates"":[-58.8370709288237,-34.5814260654563]}",0101000020E610000074DDE323256B4DC0A716582B6C4A41C0
27700726,Piquete Suspension DT 220Kv,APSD2,S,AT Geografico,MORENO                                                                                                                                       ,"{""type"":""Point"",""coordinates"":[-58.8340198253311,-34.5821860313444]}",0101000020E61000009B016129C16A4DC0FE676612854A41C0
27700728,Piquete Suspension DT 220Kv,APSD2,S,AT Geografico,MORENO                                                                                                                                       ,"{""type"":""Point"",""coordinates"":[-58.8263542656607,-34.5840949606994]}",0101000020E61000001FF600FAC5694DC030FBA89FC34A41C0
27700733,Piquete Suspension DT 220Kv,APSD2,S,AT Geografico,MORENO                                                                                                                                       ,"{""type"":""Point"",""coordinates"":[-58.8078202901506,-34.5887080472071]}",0101000020E6100000FE9EBFA766674DC0C1D208C95A4B41C0
27700736,Piquete Suspension DT 220Kv,APSD2,S,AT Geografico,MORENO                                                                                                                                       ,"{""type"":""Point"",""coordinates"":[-58.7964556283902,-34.590822503274]}",0101000020E610000052530E42F2654DC0C0A66012A04B41C0
27700737,Piquete Suspension DT 220Kv,APSD2,S,AT Geografico,MORENO                                                                                                                                       ,"{""type"":""Point"",""coordinates"":[-58.792452190684,-34.5911085129075]}",0101000020E6100000D450C9126F654DC09DA99971A94B41C0
27700738,Piquete Suspension DT 220Kv,APSD2,S,AT Geografico,MORENO                                                                                                                                       ,"{""type"":""Point"",""coordinates"":[-58.7883529491303,-34.5914094045475]}",0101000020E6100000231CDBBFE8644DC00C8AA94DB34B41C0
27700739,Piquete Suspension DT 220Kv,APSD2,S,AT Geografico,MORENO                                                                                                                                       ,"{""type"":""Point"",""coordinates"":[-58.7842155024951,-34.5917007931929]}",0101000020E6100000CE1D702C61644DC0EEE301DABC4B41C0
27700741,Piquete Suspension DT 220Kv,APSD2,S,AT Geografico,MORENO                                                                                                                                       ,"{""type"":""Point"",""coordinates"":[-58.7777236974546,-34.593277218031]}",0101000020E61000001EF23A738C634DC0DC730482F04B41C0
27700742,Piquete Suspension DT 220Kv,APSD2,S,AT Geografico,MORENO                                                                                                                                       ,"{""type"":""Point"",""coordinates"":[-58.7752307036545,-34.5945702057727]}",0101000020E610000088867BC23A634DC0207C62E01A4C41C0
27700744,Piquete Suspension DT 220Kv,APSD2,S,AT Geografico,MORENO                                                                                                                                       ,"{""type"":""Point"",""coordinates"":[-58.7693970234235,-34.5947255949172]}",0101000020E6100000379F069A7B624DC0BB21E2F71F4C41C0
27700751,Piquete Suspension DT 220Kv,APSD2,S,AT Geografico,MORENO                                                                                                                                       ,"{""type"":""Point"",""coordinates"":[-58.7479998507138,-34.5930051220818]}",0101000020E6100000441D8875BE5F4DC0DCD98297E74B41C0
27700752,Piquete Suspension DT 220Kv,APSD2,S,AT Geografico,MORENO                                                                                                                                       ,"{""type"":""Point"",""coordinates"":[-58.7449879620745,-34.5920244529103]}",0101000020E61000000883FAC35B5F4DC047D70F75C74B41C0
27700753,Piquete Suspension DT 220Kv,APSD2,S,AT Geografico,MORENO                                                                                                                                       ,"{""type"":""Point"",""coordinates"":[-58.7415877613198,-34.5909196902814]}",0101000020E6100000C2FD0659EC5E4DC01729A441A34B41C0
27703138,Piquete Suspension DT 220Kv,APSD2,S,AT Geografico,MORENO                                                                                                                                       ,"{""type"":""Point"",""coordinates"":[-58.7350794089081,-34.5902117030899]}",0101000020E6100000949C0215175E4DC0633E9D0E8C4B41C0
27703139,Piquete Suspension DT 220Kv,APSD2,S,AT Geografico,SANMIGUEL                                                                                                                                    ,"{""type"":""Point"",""coordinates"":[-58.7314742227435,-34.5905337528116]}",0101000020E6100000764684F2A05D4DC045C1299C964B41C0
27703140,Piquete Suspension DT 220Kv,APSD2,S,AT Geografico,SANMIGUEL                                                                                                                                    ,"{""type"":""Point"",""coordinates"":[-58.7282286817035,-34.5908376130472]}",0101000020E610000079F6F198365D4DC06FA42091A04B41C0
27703141,Piquete Suspension DT 220Kv,APSD2,S,AT Geografico,SANMIGUEL                                                                                                                                    ,"{""type"":""Point"",""coordinates"":[-58.7248701636007,-34.5911495025667]}",0101000020E61000006941A78BC85C4DC0114972C9AA4B41C0
27703144,Piquete Suspension DT 220Kv,APSD2,S,AT Geografico,SANMIGUEL                                                                                                                                    ,"{""type"":""Point"",""coordinates"":[-58.7138433644043,-34.5915296584484]}",0101000020E6100000A54A28385F5B4DC02FD36C3EB74B41C0
27703145,Piquete Suspension DT 220Kv,APSD2,S,AT Geografico,SANMIGUEL                                                                                                                                    ,"{""type"":""Point"",""coordinates"":[-58.7099640915579,-34.5918577423101]}",0101000020E6100000AB49751AE05A4DC0968D97FEC14B41C0
27703146,Piquete Suspension DT 220Kv,APSD2,S,AT Geografico,SANMIGUEL                                                                                                                                    ,"{""type"":""Point"",""coordinates"":[-58.7061501473933,-34.5921825975679]}",0101000020E6100000508FC620635A4DC03BE8ACA3CC4B41C0
27703147,Piquete Suspension DT 220Kv,APSD2,S,AT Geografico,SANMIGUEL                                                                                                                                    ,"{""type"":""Point"",""coordinates"":[-58.7022307668888,-34.5925142951785]}",0101000020E61000002A04A1B2E2594DC0241A2882D74B41C0
27703148,Piquete Suspension DT 220Kv,APSD2,S,AT Geografico,SANMIGUEL                                                                                                                                    ,"{""type"":""Point"",""coordinates"":[-58.6981706436039,-34.5928596556616]}",0101000020E610000027A7D8A75D594DC09D1740D3E24B41C0
27703150,Piquete Suspension DT 220Kv,APSD2,S,AT Geografico,HURLINGHAM                                                                                                                                   ,"{""type"":""Point"",""coordinates"":[-58.6905468934494,-34.5947404812453]}",0101000020E61000001ADC31D763584DC02347C274204C41C0
27703151,Piquete Suspension DT 220Kv,APSD2,S,AT Geografico,HURLINGHAM                                                                                                                                   ,"{""type"":""Point"",""coordinates"":[-58.6883391819717,-34.5956876388858]}",0101000020E6100000DD8F917F1B584DC0B5D2177E3F4C41C0
27703154,Piquete Suspension DT 220Kv,APSD2,S,AT Geografico,HURLINGHAM                                                                                                                                   ,"{""type"":""Point"",""coordinates"":[-58.6800806374649,-34.5973066129619]}",0101000020E61000000147E0E10C574DC08F2D088B744C41C0
27784889,Piquete Suspension DT 220Kv,APSD2,S,AT Geografico,PILAR                                                                                                                                        ,"{""type"":""Point"",""coordinates"":[-58.880688010001,-34.4483599868071]}",0101000020E610000086777C62BA704DC0F9152CDC633941C0
27794812,Piquete Suspension DT 220Kv,APSD2,S,AT Geografico,SANMIGUEL                                                                                                                                    ,"{""type"":""Point"",""coordinates"":[-58.6675404879428,-34.5731764312334]}",0101000020E6100000343C7AF771554DC0227E65D85D4941C0
27794813,Piquete Suspension DT 220Kv,APSD2,S,AT Geografico,SANMIGUEL                                                                                                                                    ,"{""type"":""Point"",""coordinates"":[-58.6337579762741,-34.5521742960377]}",0101000020E61000008FD63AFB1E514DC03D96B7A5AD4641C0
27798277,Piquete Suspension DT 220Kv,APSD2,S,AT Geografico,SANMIGUEL                                                                                                                                    ,"{""type"":""Point"",""coordinates"":[-58.6648594023587,-34.5706783274317]}",0101000020E6100000C8C8E61C1A554DC0726DC8FC0B4941C0
27798278,Piquete Suspension DT 220Kv,APSD2,S,AT Geografico,GRALSANMARTIN                                                                                                                                ,"{""type"":""Point"",""coordinates"":[-58.6116422616428,-34.5490560292496]}",0101000020E6100000BB4D2B4B4A4E4DC038A6CC77474641C0
27949770,Piquete Suspension DT 220Kv,APSD2,S,AT Geografico,ESCOBAR                                                                                                                                      ,"{""type"":""Point"",""coordinates"":[-58.8001227414427,-34.3923711373617]}",0101000020E610000020A4076C6A664DC0766EA937393241C0
27949772,Piquete Suspension DT 220Kv,APSD2,S,AT Geografico,ESCOBAR                                                                                                                                      ,"{""type"":""Point"",""coordinates"":[-58.7115732140831,-34.3771071010946]}",0101000020E61000002E99C1D4145B4DC03425A50B453041C0
28569357,Piquete Suspension DT 220Kv,APSD2,S,AT Geografico,MARCOSPAZ                                                                                                                                    ,"{""type"":""Point"",""coordinates"":[-58.7199580054504,-34.9073130496725]}",0101000020E610000093F37B95275C4DC0E8C981D5227441C0
28569358,Piquete Suspension DT 220Kv,APSD2,S,AT Geografico,LAMATANZA                                                                                                                                    ,"{""type"":""Point"",""coordinates"":[-58.7134163137439,-34.8697375013697]}",0101000020E61000003EFBCB39515B4DC06A3EF68E536F41C0
28569359,Piquete Suspension DT 220Kv,APSD2,S,AT Geografico,LAMATANZA                                                                                                                                    ,"{""type"":""Point"",""coordinates"":[-58.711456191864,-34.8633773391402]}",0101000020E6100000D74B1AFF105B4DC07CDB0D26836E41C0
28569360,Piquete Suspension DT 220Kv,APSD2,S,AT Geografico,MARCOSPAZ                                                                                                                                    ,"{""type"":""Point"",""coordinates"":[-58.7202861225911,-34.9015647002122]}",0101000020E61000004B25EE55325C4DC0DC51DB78667341C0
28569361,Piquete Suspension DT 220Kv,APSD2,S,AT Geografico,MARCOSPAZ                                                                                                                                    ,"{""type"":""Point"",""coordinates"":[-58.7203347814784,-34.8985933264983]}",0101000020E6100000804F1CEE335C4DC061DB2A1B057341C0
28569362,Piquete Suspension DT 220Kv,APSD2,S,AT Geografico,MARCOSPAZ                                                                                                                                    ,"{""type"":""Point"",""coordinates"":[-58.7203877620174,-34.8955041439606]}",0101000020E6100000D6268BAA355C4DC01FDF39E19F7241C0
28569363,Piquete Suspension DT 220Kv,APSD2,S,AT Geografico,LAMATANZA                                                                                                                                    ,"{""type"":""Point"",""coordinates"":[-58.7137282832934,-34.8700615521894]}",0101000020E6100000D67CC9725B5B4DC091144C2D5E6F41C0
28585420,Piquete Suspension DT 220Kv,APSD2,S,AT Geografico,LAMATANZA                                                                                                                                    ,"{""type"":""Point"",""coordinates"":[-58.7080812501721,-34.8127921092315]}",0101000020E61000002E330A68A25A4DC049CC6392096841C0
28585421,Piquete Suspension DT 220Kv,APSD2,S,AT Geografico,MARCOSPAZ                                                                                                                                    ,"{""type"":""Point"",""coordinates"":[-58.7095610876074,-34.8114237586353]}",0101000020E6100000DDE4D0E5D25A4DC09B44D5BBDC6741C0
28585422,Piquete Suspension DT 220Kv,APSD2,S,AT Geografico,MARCOSPAZ                                                                                                                                    ,"{""type"":""Point"",""coordinates"":[-58.7106520059789,-34.8104184345858]}",0101000020E610000012421AA5F65A4DC0954F90CABB6741C0
28585423,Piquete Suspension DT 220Kv,APSD2,S,AT Geografico,MARCOSPAZ                                                                                                                                    ,"{""type"":""Point"",""coordinates"":[-58.71191988037,-34.8092453127701]}",0101000020E6100000E2C7CD30205B4DC0F764B459956741C0
28585424,Piquete Suspension DT 220Kv,APSD2,S,AT Geografico,MARCOSPAZ                                                                                                                                    ,"{""type"":""Point"",""coordinates"":[-58.7131806640629,-34.8080782386009]}",0101000020E610000012250681495B4DC03DB3931B6F6741C0
28585425,Piquete Suspension DT 220Kv,APSD2,S,AT Geografico,MARCOSPAZ                                                                                                                                    ,"{""type"":""Point"",""coordinates"":[-58.7144128274423,-34.8069382888464]}",0101000020E610000091DA28E1715B4DC0213EFCC0496741C0
28585426,Piquete Suspension DT 220Kv,APSD2,S,AT Geografico,MARCOSPAZ                                                                                                                                    ,"{""type"":""Point"",""coordinates"":[-58.7156504381251,-34.8057977368215]}",0101000020E6100000C48EFD6E9A5B4DC06D6B5761246741C0
28585427,Piquete Suspension DT 220Kv,APSD2,S,AT Geografico,MARCOSPAZ                                                                                                                                    ,"{""type"":""Point"",""coordinates"":[-58.7168146121888,-34.8047225514935]}",0101000020E6100000A852CA94C05B4DC05C820826016741C0
28585428,Piquete Suspension DT 220Kv,APSD2,S,AT Geografico,MARCOSPAZ                                                                                                                                    ,"{""type"":""Point"",""coordinates"":[-58.7179801181788,-34.8036468432703]}",0101000020E6100000CE60C3C5E65B4DC090B056E6DD6641C0
28585429,Piquete Suspension DT 220Kv,APSD2,S,AT Geografico,MARCOSPAZ                                                                                                                                    ,"{""type"":""Point"",""coordinates"":[-58.7185666532655,-34.8031067809677]}",0101000020E6100000C4E2F9FDF95B4DC0E0B9F733CC6641C0
28585430,Piquete Suspension DT 220Kv,APSD2,S,AT Geografico,MARCOSPAZ                                                                                                                                    ,"{""type"":""Point"",""coordinates"":[-58.7192963350102,-34.8024374499458]}",0101000020E61000003680FDE6115C4DC02A4D3645B66641C0
28585431,Piquete Suspension DT 220Kv,APSD2,S,AT Geografico,MARCOSPAZ                                                                                                                                    ,"{""type"":""Point"",""coordinates"":[-58.7241645625737,-34.7979972490737]}",0101000020E61000008896A46CB15C4DC0E6881BC6246641C0
28585432,Piquete Suspension DT 220Kv,APSD2,S,AT Geografico,LAMATANZA                                                                                                                                    ,"{""type"":""Point"",""coordinates"":[-58.7287770280852,-34.7941194572918]}",0101000020E6100000D6D9CE90485D4DC0C617D5B4A56541C0
28585433,Piquete Suspension DT 220Kv,APSD2,S,AT Geografico,LAMATANZA                                                                                                                                    ,"{""type"":""Point"",""coordinates"":[-58.7348287605816,-34.7893778819998]}",0101000020E6100000DD6D6BDE0E5E4DC0FAAF9D550A6541C0
28585434,Piquete Suspension DT 220Kv,APSD2,S,AT Geografico,LAMATANZA                                                                                                                                    ,"{""type"":""Point"",""coordinates"":[-58.736212788313,-34.7882911059163]}",0101000020E6100000C3597C383C5E4DC0A9D113B9E66441C0
28585435,Piquete Suspension DT 220Kv,APSD2,S,AT Geografico,LAMATANZA                                                                                                                                    ,"{""type"":""Point"",""coordinates"":[-58.7376012233769,-34.7872012048202]}",0101000020E610000058F285B7695E4DC086095302C36441C0
28585436,Piquete Suspension DT 220Kv,APSD2,S,AT Geografico,LAMATANZA                                                                                                                                    ,"{""type"":""Point"",""coordinates"":[-58.7389066829129,-34.7861771442065]}",0101000020E610000012F4827E945E4DC0659DE173A16441C0
28585437,Piquete Suspension DT 220Kv,APSD2,S,AT Geografico,LAMATANZA                                                                                                                                    ,"{""type"":""Point"",""coordinates"":[-58.7415167588831,-34.7841269486956]}",0101000020E61000005B6B6A05EA5E4DC0AB4798455E6441C0
28585438,Piquete Suspension DT 220Kv,APSD2,S,AT Geografico,LAMATANZA                                                                                                                                    ,"{""type"":""Point"",""coordinates"":[-58.7427834137362,-34.7831320811981]}",0101000020E61000000A01E386135F4DC0E1980AAC3D6441C0
28585439,Piquete Suspension DT 220Kv,APSD2,S,AT Geografico,LAMATANZA                                                                                                                                    ,"{""type"":""Point"",""coordinates"":[-58.7441967738655,-34.7820190250632]}",0101000020E61000003AC502D7415F4DC080BF0C33196441C0
28585440,Piquete Suspension DT 220Kv,APSD2,S,AT Geografico,LAMATANZA                                                                                                                                    ,"{""type"":""Point"",""coordinates"":[-58.7455903337397,-34.7809259701977]}",0101000020E61000001FD009816F5F4DC04C4CD761F56341C0
28585441,Piquete Suspension DT 220Kv,APSD2,S,AT Geografico,LAMATANZA                                                                                                                                    ,"{""type"":""Point"",""coordinates"":[-58.7467068926408,-34.7800469548681]}",0101000020E610000082CB6917945F4DC05C402094D86341C0
28585442,Piquete Suspension DT 220Kv,APSD2,S,AT Geografico,LAMATANZA                                                                                                                                    ,"{""type"":""Point"",""coordinates"":[-58.7481442316578,-34.7789171199841]}",0101000020E6100000A3D4AF30C35F4DC02E50628EB36341C0
28585443,Piquete Suspension DT 220Kv,APSD2,S,AT Geografico,LAMATANZA                                                                                                                                    ,"{""type"":""Point"",""coordinates"":[-58.7495269477907,-34.7778299981662]}",0101000020E6100000AB1DC07FF05F4DC057FCF1EE8F6341C0
28585444,Piquete Suspension DT 220Kv,APSD2,S,AT Geografico,MERLO                                                                                                                                        ,"{""type"":""Point"",""coordinates"":[-58.7509850856018,-34.7766838697743]}",0101000020E6100000C3387F4720604DC0700186606A6341C0
28585445,Piquete Suspension DT 220Kv,APSD2,S,AT Geografico,MERLO                                                                                                                                        ,"{""type"":""Point"",""coordinates"":[-58.752439160393,-34.7755391670275]}",0101000020E6100000140F29ED4F604DC03C930FDE446341C0
28593542,Piquete Suspension DT 220Kv,APSD2,S,AT Geografico,LAMATANZA                                                                                                                                    ,"{""type"":""Point"",""coordinates"":[-58.6423968762059,-34.7300324957713]}",0101000020E6100000A92D930F3A524DC0702D6FB4715D41C0
28594748,Piquete Suspension DT 220Kv,APSD2,S,AT Geografico,LAMATANZA                                                                                                                                    ,"{""type"":""Point"",""coordinates"":[-58.7044061850822,-34.783986881075]}",0101000020E6100000A0035CFB295A4DC0E95A9FAE596441C0
28594749,Piquete Suspension DT 220Kv,APSD2,S,AT Geografico,LAMATANZA                                                                                                                                    ,"{""type"":""Point"",""coordinates"":[-58.7019708999812,-34.7778411435156]}",0101000020E6100000DE14B52EDA594DC00371704C906341C0
28594750,Piquete Suspension DT 220Kv,APSD2,S,AT Geografico,LAMATANZA                                                                                                                                    ,"{""type"":""Point"",""coordinates"":[-58.696612600396,-34.7733101658086]}",0101000020E61000005257089A2A594DC0FCE7D7D3FB6241C0
28594751,Piquete Suspension DT 220Kv,APSD2,S,AT Geografico,LAMATANZA                                                                                                                                    ,"{""type"":""Point"",""coordinates"":[-58.6937775388497,-34.7709106785784]}",0101000020E61000008607D0B3CD584DC0D6507C33AD6241C0
28594752,Piquete Suspension DT 220Kv,APSD2,S,AT Geografico,LAMATANZA                                                                                                                                    ,"{""type"":""Point"",""coordinates"":[-58.690942337771,-34.7685099782627]}",0101000020E6100000FD126CCC70584DC0DFA4F3885E6241C0
28594753,Piquete Suspension DT 220Kv,APSD2,S,AT Geografico,LAMATANZA                                                                                                                                    ,"{""type"":""Point"",""coordinates"":[-58.6880974977553,-34.7661014871126]}",0101000020E6100000C1A82C9413584DC06C48109D0F6241C0
28594754,Piquete Suspension DT 220Kv,APSD2,S,AT Geografico,LAMATANZA                                                                                                                                    ,"{""type"":""Point"",""coordinates"":[-58.6852537752075,-34.7636952779586]}",0101000020E610000007FD4C65B6574DC0917851C4C06141C0
28594755,Piquete Suspension DT 220Kv,APSD2,S,AT Geografico,LAMATANZA                                                                                                                                    ,"{""type"":""Point"",""coordinates"":[-58.6994505197494,-34.7757093248231]}",0101000020E610000034BF399887594DC09FA872714A6341C0
28643663,Piquete Suspension DT 220Kv,APSD2,S,AT Geografico,MERLO                                                                                                                                        ,"{""type"":""Point"",""coordinates"":[-58.7607475504993,-34.7690202021039]}",0101000020E61000000EF4FC2C60614DC0F4FF04416F6241C0
28643664,Piquete Suspension DT 220Kv,APSD2,S,AT Geografico,MERLO                                                                                                                                        ,"{""type"":""Point"",""coordinates"":[-58.7620955162555,-34.767969998199]}",0101000020E6100000715F8B588C614DC07C4945D74C6241C0
28643665,Piquete Suspension DT 220Kv,APSD2,S,AT Geografico,MERLO                                                                                                                                        ,"{""type"":""Point"",""coordinates"":[-58.7633298736376,-34.7670107501518]}",0101000020E6100000ADAA15CBB4614DC08FCA83682D6241C0
28643666,Piquete Suspension DT 220Kv,APSD2,S,AT Geografico,MERLO                                                                                                                                        ,"{""type"":""Point"",""coordinates"":[-58.7645614461527,-34.7660523819717]}",0101000020E61000000E814326DD614DC0ABCB23010E6241C0
28643667,Piquete Suspension DT 220Kv,APSD2,S,AT Geografico,MERLO                                                                                                                                        ,"{""type"":""Point"",""coordinates"":[-58.7658335524968,-34.7650623700113]}",0101000020E61000009D1377D506624DC0A84C5190ED6141C0
28643668,Piquete Suspension DT 220Kv,APSD2,S,AT Geografico,MERLO                                                                                                                                        ,"{""type"":""Point"",""coordinates"":[-58.7671804414868,-34.7640127531225]}",0101000020E61000008928FDF732624DC0A8317E2BCB6141C0
28643669,Piquete Suspension DT 220Kv,APSD2,S,AT Geografico,MERLO                                                                                                                                        ,"{""type"":""Point"",""coordinates"":[-58.7685329696713,-34.7629619186881]}",0101000020E61000006651D1495F624DC0EF6D74BCA86141C0
28643670,Piquete Suspension DT 220Kv,APSD2,S,AT Geografico,MERLO                                                                                                                                        ,"{""type"":""Point"",""coordinates"":[-58.7688821777779,-34.7604778251129]}",0101000020E6100000420430BB6A624DC0B2185E56576141C0
28643671,Piquete Suspension DT 220Kv,APSD2,S,AT Geografico,MERLO                                                                                                                                        ,"{""type"":""Point"",""coordinates"":[-58.7676505319171,-34.7594310150127]}",0101000020E6100000A8AB645F42624DC017861609356141C0
28643672,Piquete Suspension DT 220Kv,APSD2,S,AT Geografico,MERLO                                                                                                                                        ,"{""type"":""Point"",""coordinates"":[-58.7664156275814,-34.758384317346]}",0101000020E610000083CD43E819624DC07966C0BC126141C0
28643673,Piquete Suspension DT 220Kv,APSD2,S,AT Geografico,MERLO                                                                                                                                        ,"{""type"":""Point"",""coordinates"":[-58.765185518537,-34.7573384784741]}",0101000020E61000009ABE5C99F1614DC03D869E77F06041C0
28643674,Piquete Suspension DT 220Kv,APSD2,S,AT Geografico,MERLO                                                                                                                                        ,"{""type"":""Point"",""coordinates"":[-58.7639500725024,-34.7562916548591]}",0101000020E61000005B96B01DC9614DC0C1ED392ACE6041C0
28643675,Piquete Suspension DT 220Kv,APSD2,S,AT Geografico,MERLO                                                                                                                                        ,"{""type"":""Point"",""coordinates"":[-58.7627182326186,-34.7552470639472]}",0101000020E6100000789444C0A0614DC0CA0690EFAB6041C0
28643676,Piquete Suspension DT 220Kv,APSD2,S,AT Geografico,MERLO                                                                                                                                        ,"{""type"":""Point"",""coordinates"":[-58.7614866755318,-34.7541993847769]}",0101000020E6100000D4DF376578614DC0DB23FE9A896041C0
28643677,Piquete Suspension DT 220Kv,APSD2,S,AT Geografico,MERLO                                                                                                                                        ,"{""type"":""Point"",""coordinates"":[-58.7603114548355,-34.753203125387]}",0101000020E61000007AA5C0E251614DC02364C3F5686041C0
28643678,Piquete Suspension DT 220Kv,APSD2,S,AT Geografico,MERLO                                                                                                                                        ,"{""type"":""Point"",""coordinates"":[-58.7590581244288,-34.7521353526745]}",0101000020E6100000A8170ED128614DC07BF3A2F8456041C0
28643679,Piquete Suspension DT 220Kv,APSD2,S,AT Geografico,MERLO                                                                                                                                        ,"{""type"":""Point"",""coordinates"":[-58.7578017408869,-34.7510682262177]}",0101000020E610000008FBBEA5FF604DC0BD55EE00236041C0
28643680,Piquete Suspension DT 220Kv,APSD2,S,AT Geografico,MERLO                                                                                                                                        ,"{""type"":""Point"",""coordinates"":[-58.7565469818738,-34.750001492283]}",0101000020E610000088841088D6604DC042A7840C006041C0
28643681,Piquete Suspension DT 220Kv,APSD2,S,AT Geografico,MERLO                                                                                                                                        ,"{""type"":""Point"",""coordinates"":[-58.7552735133022,-34.7489447401191]}",0101000020E61000007F956FCDAC604DC054A9D66BDD5F41C0
28643682,Piquete Suspension DT 220Kv,APSD2,S,AT Geografico,MERLO                                                                                                                                        ,"{""type"":""Point"",""coordinates"":[-58.7540123378382,-34.7478882808927]}",0101000020E6100000CFE5ED7983604DC077BF9DCDBA5F41C0
28643683,Piquete Suspension DT 220Kv,APSD2,S,AT Geografico,MERLO                                                                                                                                        ,"{""type"":""Point"",""coordinates"":[-58.7527781665695,-34.7468232066142]}",0101000020E61000008747F3085B604DC09D2620E7975F41C0
28643684,Piquete Suspension DT 220Kv,APSD2,S,AT Geografico,MERLO                                                                                                                                        ,"{""type"":""Point"",""coordinates"":[-58.7517229902848,-34.7459124994487]}",0101000020E610000057767D7538604DC0A9678F0F7A5F41C0
28643685,Piquete Suspension DT 220Kv,APSD2,S,AT Geografico,MERLO                                                                                                                                        ,"{""type"":""Point"",""coordinates"":[-58.7366619600607,-34.7306443376546]}",0101000020E61000007E5569F04A5E4DC0F59DEFC0855D41C0
28643686,Piquete Suspension DT 220Kv,APSD2,S,AT Geografico,MERLO                                                                                                                                        ,"{""type"":""Point"",""coordinates"":[-58.7379206589999,-34.7296616732683]}",0101000020E610000041B9242F745E4DC083EABF8D655D41C0
28838737,Piquete Suspension DT 220Kv,APSD2,S,AT Geografico,GRALRODRIGUEZ                                                                                                                                ,"{""type"":""Point"",""coordinates"":[-58.9188327967349,-34.534683753085]}",0101000020E6100000FC3B26509C754DC0EA996884704441C0
28838738,Piquete Suspension DT 220Kv,APSD2,S,AT Geografico,GRALRODRIGUEZ                                                                                                                                ,"{""type"":""Point"",""coordinates"":[-58.9155410024497,-34.5362200472198]}",0101000020E610000099D5937230754DC06322C7DBA24441C0
28838739,Piquete Suspension DT 220Kv,APSD2,S,AT Geografico,PILAR                                                                                                                                        ,"{""type"":""Point"",""coordinates"":[-58.9122431312524,-34.5377581520903]}",0101000020E6100000645D0762C4744DC051315642D54441C0
28838740,Piquete Suspension DT 220Kv,APSD2,S,AT Geografico,PILAR                                                                                                                                        ,"{""type"":""Point"",""coordinates"":[-58.9089379919179,-34.539300142646]}",0101000020E61000008BB0821458744DC048B27DC9074541C0
28838741,Piquete Suspension DT 220Kv,APSD2,S,AT Geografico,PILAR                                                                                                                                        ,"{""type"":""Point"",""coordinates"":[-58.9056273140862,-34.5408440576272]}",0101000020E6100000AD2E8898EB734DC053DFC9603A4541C0
28838743,Piquete Suspension DT 220Kv,APSD2,S,AT Geografico,PILAR                                                                                                                                        ,"{""type"":""Point"",""coordinates"":[-58.8992883920089,-34.5437564391052]}",0101000020E6100000E3ACCCE11B734DC020799DCF994541C0
28838744,Piquete Suspension DT 220Kv,APSD2,S,AT Geografico,PILAR                                                                                                                                        ,"{""type"":""Point"",""coordinates"":[-58.8959178354038,-34.5452810462599]}",0101000020E6100000347B856FAD724DC04E68F2C4CB4541C0
28838745,Piquete Suspension DT 220Kv,APSD2,S,AT Geografico,PILAR                                                                                                                                        ,"{""type"":""Point"",""coordinates"":[-58.8925598364241,-34.5468014821251]}",0101000020E6100000159595663F724DC0D5904997FD4541C0
28838746,Piquete Suspension DT 220Kv,APSD2,S,AT Geografico,PILAR                                                                                                                                        ,"{""type"":""Point"",""coordinates"":[-58.8891958697547,-34.5483265307913]}",0101000020E6100000D82A962BD1714DC08DA352902F4641C0
28838747,Piquete Suspension DT 220Kv,APSD2,S,AT Geografico,PILAR                                                                                                                                        ,"{""type"":""Point"",""coordinates"":[-58.8858318704932,-34.5498489171287]}",0101000020E6100000EFC250F062714DC08B670673614641C0
28838748,Piquete Suspension DT 220Kv,APSD2,S,AT Geografico,PILAR                                                                                                                                        ,"{""type"":""Point"",""coordinates"":[-58.8825860133141,-34.551317123153]}",0101000020E6100000A78B1794F8704DC059D53A8F914641C0
28838749,Piquete Suspension DT 220Kv,APSD2,S,AT Geografico,PILAR                                                                                                                                        ,"{""type"":""Point"",""coordinates"":[-58.8793008877731,-34.552802920116]}",0101000020E61000002B2A76EE8C704DC00784FF3EC24641C0
28838750,Piquete Suspension DT 220Kv,APSD2,S,AT Geografico,GRALRODRIGUEZ                                                                                                                                ,"{""type"":""Point"",""coordinates"":[-58.92679924533,-34.5308875445636]}",0101000020E61000003153905BA1764DC096E0801FF44341C0
28838751,Piquete Suspension DT 220Kv,APSD2,S,AT Geografico,GRALRODRIGUEZ                                                                                                                                ,"{""type"":""Point"",""coordinates"":[-58.9190051468589,-34.5357314975356]}",0101000020E6100000A84EEDF5A1754DC01FAD86D9924441C0
28838752,Piquete Suspension DT 220Kv,APSD2,S,AT Geografico,GRALRODRIGUEZ                                                                                                                                ,"{""type"":""Point"",""coordinates"":[-58.9153700762571,-34.5373537225526]}",0101000020E610000072A1BED82A754DC0A15FBC01C84441C0
28838753,Piquete Suspension DT 220Kv,APSD2,S,AT Geografico,PILAR                                                                                                                                        ,"{""type"":""Point"",""coordinates"":[-58.9117782515405,-34.5389578663596]}",0101000020E61000000BC95526B5744DC0DFF74492FC4441C0
28838754,Piquete Suspension DT 220Kv,APSD2,S,AT Geografico,PILAR                                                                                                                                        ,"{""type"":""Point"",""coordinates"":[-58.9081469797551,-34.5405745901445]}",0101000020E6100000310105293E744DC00CDC548C314541C0
28838755,Piquete Suspension DT 220Kv,APSD2,S,AT Geografico,PILAR                                                                                                                                        ,"{""type"":""Point"",""coordinates"":[-58.9045428131209,-34.5421808858895]}",0101000020E6100000CF17140FC8734DC0ACB4EA2E664541C0
28838756,Piquete Suspension DT 220Kv,APSD2,S,AT Geografico,PILAR                                                                                                                                        ,"{""type"":""Point"",""coordinates"":[-58.9010701854804,-34.5437278435199]}",0101000020E6100000FD04914456734DC0D5EBBCDF984541C0
28838757,Piquete Suspension DT 220Kv,APSD2,S,AT Geografico,PILAR                                                                                                                                        ,"{""type"":""Point"",""coordinates"":[-58.8938470844811,-34.5469553090653]}",0101000020E610000056BCCD9469724DC08B67AEA1024641C0
28838758,Piquete Suspension DT 220Kv,APSD2,S,AT Geografico,PILAR                                                                                                                                        ,"{""type"":""Point"",""coordinates"":[-58.8902710596538,-34.5485349237988]}",0101000020E6100000EEE4EE66F4714DC007377364364641C0
28838759,Piquete Suspension DT 220Kv,APSD2,S,AT Geografico,PILAR                                                                                                                                        ,"{""type"":""Point"",""coordinates"":[-58.8867866815475,-34.5500737983604]}",0101000020E610000030E3D93982714DC0142C77D1684641C0
28838760,Piquete Suspension DT 220Kv,APSD2,S,AT Geografico,PILAR                                                                                                                                        ,"{""type"":""Point"",""coordinates"":[-58.8831721995221,-34.5516686015024]}",0101000020E61000008ED760C90B714DC06BD7A4139D4641C0
28838761,Piquete Suspension DT 220Kv,APSD2,S,AT Geografico,PILAR                                                                                                                                        ,"{""type"":""Point"",""coordinates"":[-58.8796255462734,-34.5532325843823]}",0101000020E61000003BFCE49197704DC078804853D04641C0
28838762,Piquete Suspension DT 220Kv,APSD2,S,AT Geografico,PILAR                                                                                                                                        ,"{""type"":""Point"",""coordinates"":[-58.875943741869,-34.5548563889962]}",0101000020E6100000463BAEEC1E704DC08B5BBE88054741C0
28838763,Piquete Suspension DT 220Kv,APSD2,S,AT Geografico,PILAR                                                                                                                                        ,"{""type"":""Point"",""coordinates"":[-58.872244764469,-34.5564878199615]}",0101000020E61000002EC068B7A56F4DC0AFAD2DFE3A4741C0
28838764,Piquete Suspension DT 220Kv,APSD2,S,AT Geografico,PILAR                                                                                                                                        ,"{""type"":""Point"",""coordinates"":[-58.8689946559349,-34.5579218842449]}",0101000020E6100000D3D185373B6F4DC0FE46FBFB694741C0
28838765,Piquete Suspension DT 220Kv,APSD2,S,AT Geografico,PILAR                                                                                                                                        ,"{""type"":""Point"",""coordinates"":[-58.8657743963113,-34.5593410202111]}",0101000020E61000007DEF06B2D16E4DC01E8F8E7C984741C0
28921862,Piquete Suspension DT 220Kv,APSD2,S,AT Geografico,MORENO                                                                                                                                       ,"{""type"":""Point"",""coordinates"":[-58.8448632805587,-34.5687970985284]}",0101000020E61000009ECBDF7A246C4DC09E1EE457CE4841C0
28921863,Piquete Suspension DT 220Kv,APSD2,S,AT Geografico,MORENO                                                                                                                                       ,"{""type"":""Point"",""coordinates"":[-58.8416424975725,-34.5702996336887]}",0101000020E6100000B2FFFCF0BA6B4DC091CE1194FF4841C0
28921864,Piquete Suspension DT 220Kv,APSD2,S,AT Geografico,MORENO                                                                                                                                       ,"{""type"":""Point"",""coordinates"":[-58.8383823429784,-34.5718252313207]}",0101000020E61000006A51D41C506B4DC061C6B591314941C0
28921865,Piquete Suspension DT 220Kv,APSD2,S,AT Geografico,MORENO                                                                                                                                       ,"{""type"":""Point"",""coordinates"":[-58.8351421458984,-34.5733409767025]}",0101000020E6100000881216F0E56A4DC06932B43C634941C0
28921866,Piquete Suspension DT 220Kv,APSD2,S,AT Geografico,MORENO                                                                                                                                       ,"{""type"":""Point"",""coordinates"":[-58.8286474958757,-34.5763600578648]}",0101000020E61000006059031F116A4DC0FE9F972AC64941C0
28921867,Piquete Suspension DT 220Kv,APSD2,S,AT Geografico,MORENO                                                                                                                                       ,"{""type"":""Point"",""coordinates"":[-58.8254285354783,-34.5778488791658]}",0101000020E610000042886AA4A7694DC00D06BBF3F64941C0
28921868,Piquete Suspension DT 220Kv,APSD2,S,AT Geografico,MORENO                                                                                                                                       ,"{""type"":""Point"",""coordinates"":[-58.818920418063,-34.5808560188734]}",0101000020E6100000B9CD5E62D2684DC07C5F727D594A41C0
28921869,Piquete Suspension DT 220Kv,APSD2,S,AT Geografico,MORENO                                                                                                                                       ,"{""type"":""Point"",""coordinates"":[-58.8156564455206,-34.582360170696]}",0101000020E610000029242F6E67684DC0F0D02FC78A4A41C0
28921870,Piquete Suspension DT 220Kv,APSD2,S,AT Geografico,MORENO                                                                                                                                       ,"{""type"":""Point"",""coordinates"":[-58.8124433227057,-34.583841745291]}",0101000020E6100000F56F8E24FE674DC03A088953BB4A41C0
28921871,Piquete Suspension DT 220Kv,APSD2,S,AT Geografico,MORENO                                                                                                                                       ,"{""type"":""Point"",""coordinates"":[-58.8091601536909,-34.5853527396141]}",0101000020E610000014AA568F92674DC019A2ACD6EC4A41C0
28921872,Piquete Suspension DT 220Kv,APSD2,S,AT Geografico,MORENO                                                                                                                                       ,"{""type"":""Point"",""coordinates"":[-58.8059151265364,-34.5868468708594]}",0101000020E6100000B0E9133A28674DC0F40C5BCC1D4B41C0
28921873,Piquete Suspension DT 220Kv,APSD2,S,AT Geografico,MORENO                                                                                                                                       ,"{""type"":""Point"",""coordinates"":[-58.795836232733,-34.5901749759278]}",0101000020E6100000B24730F6DD654DC08A4386DA8A4B41C0
28921874,Piquete Suspension DT 220Kv,APSD2,S,AT Geografico,MORENO                                                                                                                                       ,"{""type"":""Point"",""coordinates"":[-58.7717273254248,-34.5922793990995]}",0101000020E6100000841004F6C7624DC0049DB4CFCF4B41C0
28921875,Piquete Suspension DT 220Kv,APSD2,S,AT Geografico,MORENO                                                                                                                                       ,"{""type"":""Point"",""coordinates"":[-58.7608176442577,-34.5933060582872]}",0101000020E61000004327FA7862614DC0566EF273F14B41C0
28921876,Piquete Suspension DT 220Kv,APSD2,S,AT Geografico,MORENO                                                                                                                                       ,"{""type"":""Point"",""coordinates"":[-58.7571305092296,-34.5935262607888]}",0101000020E6100000F6F80BA7E9604DC0D3B323ABF84B41C0
28921877,Piquete Suspension DT 220Kv,APSD2,S,AT Geografico,MORENO                                                                                                                                       ,"{""type"":""Point"",""coordinates"":[-58.8519718127184,-34.5717879561155]}",0101000020E6100000A65E90690D6D4DC0A5E10559304941C0
28921878,Piquete Suspension DT 220Kv,APSD2,S,AT Geografico,MORENO                                                                                                                                       ,"{""type"":""Point"",""coordinates"":[-58.8494285452438,-34.5745247840259]}",0101000020E6100000340E1713BA6C4DC0021133078A4941C0
28921879,Piquete Suspension DT 220Kv,APSD2,S,AT Geografico,MORENO                                                                                                                                       ,"{""type"":""Point"",""coordinates"":[-58.8472161022094,-34.5769119259094]}",0101000020E61000002BD1C593716C4DC0FD39FF3FD84941C0
28921880,Piquete Suspension DT 220Kv,APSD2,S,AT Geografico,MORENO                                                                                                                                       ,"{""type"":""Point"",""coordinates"":[-58.8301043920106,-34.583161490328]}",0101000020E6100000D0F957DC406A4DC06D9F2409A54A41C0
28921881,Piquete Suspension DT 220Kv,APSD2,S,AT Geografico,MORENO                                                                                                                                       ,"{""type"":""Point"",""coordinates"":[-58.8225126636272,-34.5850486383374]}",0101000020E61000008A694F1848694DC0421DB0DFE24A41C0
28921882,Piquete Suspension DT 220Kv,APSD2,S,AT Geografico,MORENO                                                                                                                                       ,"{""type"":""Point"",""coordinates"":[-58.8176405758041,-34.5862604272734]}",0101000020E6100000037B4672A8684DC0020AE9940A4B41C0
28921883,Piquete Suspension DT 220Kv,APSD2,S,AT Geografico,MORENO                                                                                                                                       ,"{""type"":""Point"",""coordinates"":[-58.8149799207559,-34.5869233583216]}",0101000020E61000008D45154351684DC0F99FFA4D204B41C0
28921884,Piquete Suspension DT 220Kv,APSD2,S,AT Geografico,MORENO                                                                                                                                       ,"{""type"":""Point"",""coordinates"":[-58.8115086164941,-34.5877878263745]}",0101000020E6100000DD21AC83DF674DC0F6A1A9A13C4B41C0
28921885,Piquete Suspension DT 220Kv,APSD2,S,AT Geografico,MORENO                                                                                                                                       ,"{""type"":""Point"",""coordinates"":[-58.8043869595381,-34.5895598143252]}",0101000020E6100000C545E226F6664DC005C82CB2764B41C0
28921886,Piquete Suspension DT 220Kv,APSD2,S,AT Geografico,MORENO                                                                                                                                       ,"{""type"":""Point"",""coordinates"":[-58.7624371178878,-34.5938070803286]}",0101000020E6100000DB4A1B8A97614DC07D12D3DE014C41C0
28921887,Piquete Suspension DT 220Kv,APSD2,S,AT Geografico,MORENO                                                                                                                                       ,"{""type"":""Point"",""coordinates"":[-58.7594174978111,-34.5942245230798]}",0101000020E6100000E78DB29734614DC0EC8D968C0F4C41C0
28922166,Piquete Suspension DT 220Kv,APSD2,S,AT Geografico,SANMIGUEL                                                                                                                                    ,"{""type"":""Point"",""coordinates"":[-58.716703038138,-34.5908764391832]}",0101000020E61000008DDFD6ECBC5B4DC06D22D3D6A14B41C0
28922168,Piquete Suspension DT 220Kv,APSD2,S,AT Geografico,HURLINGHAM                                                                                                                                   ,"{""type"":""Point"",""coordinates"":[-58.6861348614135,-34.5966351327143]}",0101000020E610000054356344D3574DC08D533F8A5E4C41C0
28922169,Piquete Suspension DT 220Kv,APSD2,S,AT Geografico,HURLINGHAM                                                                                                                                   ,"{""type"":""Point"",""coordinates"":[-58.676720030762,-34.5968222032912]}",0101000020E6100000E45510C39E564DC0CF5482AB644C41C0
29021254,Piquete Suspension DT 220Kv,APSD2,S,AT Geografico,GRALRODRIGUEZ                                                                                                                                ,"{""type"":""Point"",""coordinates"":[-58.9248797289442,-34.5259968299272]}",0101000020E61000003C467E7562764DC0212B37DD534341C0
29021255,Piquete Suspension DT 220Kv,APSD2,S,AT Geografico,PILAR                                                                                                                                        ,"{""type"":""Point"",""coordinates"":[-58.9224806775065,-34.5233631194222]}",0101000020E6100000888ACAD813764DC0F1EC0C90FD4241C0
29021256,Piquete Suspension DT 220Kv,APSD2,S,AT Geografico,PILAR                                                                                                                                        ,"{""type"":""Point"",""coordinates"":[-58.9042490194242,-34.50597722502]}",0101000020E6100000FCEE8E6EBE734DC0A3FD98DCC34041C0
29021257,Piquete Suspension DT 220Kv,APSD2,S,AT Geografico,PILAR                                                                                                                                        ,"{""type"":""Point"",""coordinates"":[-58.9030140599938,-34.5027469184594]}",0101000020E610000039C0F7F695734DC04E79D2025A4041C0
29021258,Piquete Suspension DT 220Kv,APSD2,S,AT Geografico,PILAR                                                                                                                                        ,"{""type"":""Point"",""coordinates"":[-58.901740875087,-34.4996435318111]}",0101000020E61000008DFBB73E6C734DC0B664BA51F43F41C0
29021259,Piquete Suspension DT 220Kv,APSD2,S,AT Geografico,PILAR                                                                                                                                        ,"{""type"":""Point"",""coordinates"":[-58.9005455501626,-34.4966291220757]}",0101000020E6100000E0409B1345734DC037C7068B913F41C0
29021260,Piquete Suspension DT 220Kv,APSD2,S,AT Geografico,PILAR                                                                                                                                        ,"{""type"":""Point"",""coordinates"":[-58.8992215155134,-34.4932854910891]}",0101000020E6100000B27ECCB019734DC0D9E89DFA233F41C0
29021261,Piquete Suspension DT 220Kv,APSD2,S,AT Geografico,PILAR                                                                                                                                        ,"{""type"":""Point"",""coordinates"":[-58.8979103468873,-34.4899678436684]}",0101000020E61000007B4FEBB9EE724DC0E0522C44B73E41C0
29021262,Piquete Suspension DT 220Kv,APSD2,S,AT Geografico,PILAR                                                                                                                                        ,"{""type"":""Point"",""coordinates"":[-58.8966216891184,-34.486718660926]}",0101000020E6100000E8D2DF7FC4724DC0DE830DCC4C3E41C0
29021263,Piquete Suspension DT 220Kv,APSD2,S,AT Geografico,PILAR                                                                                                                                        ,"{""type"":""Point"",""coordinates"":[-58.8830306440163,-34.4710106171222]}",0101000020E61000003AB5EC2507714DC0E84D6E134A3C41C0
29028959,Piquete Suspension DT 220Kv,APSD2,S,AT Geografico,PILAR                                                                                                                                        ,"{""type"":""Point"",""coordinates"":[-58.8432452032591,-34.4253297341028]}",0101000020E6100000E1407575EF6B4DC072FE6834713641C0
29028960,Piquete Suspension DT 220Kv,APSD2,S,AT Geografico,PILAR                                                                                                                                        ,"{""type"":""Point"",""coordinates"":[-58.837287096258,-34.4126521258316]}",0101000020E610000042E53B392C6B4DC02D89ECC8D13441C0
29028961,Piquete Suspension DT 220Kv,APSD2,S,AT Geografico,PILAR                                                                                                                                        ,"{""type"":""Point"",""coordinates"":[-58.8377229740155,-34.4034887898742]}",0101000020E61000008F40A4813A6B4DC0FF674A85A53341C0
29052002,Piquete Suspension DT 220Kv,APSD2,S,AT Geografico,HURLINGHAM                                                                                                                                   ,"{""type"":""Point"",""coordinates"":[-58.6761245376955,-34.5935437567708]}",0101000020E610000073B6B43F8B564DC0B209E83DF94B41C0
29052003,Piquete Suspension DT 220Kv,APSD2,S,AT Geografico,SANMIGUEL                                                                                                                                    ,"{""type"":""Point"",""coordinates"":[-58.6565243970829,-34.5657191569286]}",0101000020E6100000A53FCFFD08544DC056DD3E7C694841C0
29135458,Piquete Suspension DT 220Kv,APSD2,S,AT Geografico,ESCOBAR                                                                                                                                      ,"{""type"":""Point"",""coordinates"":[-58.7610459584424,-34.3724243001996]}",0101000020E6100000A92137F469614DC0E1CB7699AB2F41C0
29135459,Piquete Suspension DT 220Kv,APSD2,S,AT Geografico,TIGRE                                                                                                                                        ,"{""type"":""Point"",""coordinates"":[-58.6841053331446,-34.390043668888]}",0101000020E6100000017078C390574DC05DF170F3EC3141C0
29135460,Piquete Suspension DT 220Kv,APSD2,S,AT Geografico,TIGRE                                                                                                                                        ,"{""type"":""Point"",""coordinates"":[-58.6805818583844,-34.4036018939725]}",0101000020E61000008C016C4E1D574DC09A9B133AA93341C0
29135461,Piquete Suspension DT 220Kv,APSD2,S,AT Geografico,TIGRE                                                                                                                                        ,"{""type"":""Point"",""coordinates"":[-58.6757707487365,-34.4159388698077]}",0101000020E610000059B5E8A77F564DC0C47A217C3D3541C0
29135462,Piquete Suspension DT 220Kv,APSD2,S,AT Geografico,TIGRE                                                                                                                                        ,"{""type"":""Point"",""coordinates"":[-58.6694323018487,-34.4216499010105]}",0101000020E6100000BFA929F5AF554DC0D099BB9FF83541C0
29135463,Piquete Suspension DT 220Kv,APSD2,S,AT Geografico,TIGRE                                                                                                                                        ,"{""type"":""Point"",""coordinates"":[-58.6669076346954,-34.4239290332572]}",0101000020E61000001E3CB83A5D554DC010D57A4E433641C0
29690068,Piquete Suspension DT 220Kv,APSD2,S,AT Geografico,TIGRE                                                                                                                                        ,"{""type"":""Point"",""coordinates"":[-58.6429160622653,-34.405084812198]}",0101000020E610000058C0D2124B524DC0923FB2D1D93341C0
29690069,Piquete Suspension DT 220Kv,APSD2,S,AT Geografico,TIGRE                                                                                                                                        ,"{""type"":""Point"",""coordinates"":[-58.6390188527143,-34.4062232728505]}",0101000020E6100000BDF7A85ECB514DC031E2CB1FFF3341C0
29690070,Piquete Suspension DT 220Kv,APSD2,S,AT Geografico,TIGRE                                                                                                                                        ,"{""type"":""Point"",""coordinates"":[-58.6351093247536,-34.4073490420676]}",0101000020E6100000C89929434B514DC05DDE6E03243441C0
29690071,Piquete Suspension DT 220Kv,APSD2,S,AT Geografico,TIGRE                                                                                                                                        ,"{""type"":""Point"",""coordinates"":[-58.6312034882835,-34.4084999385888]}",0101000020E610000040A6A146CB504DC00F54DAB9493441C0
29690072,Piquete Suspension DT 220Kv,APSD2,S,AT Geografico,TIGRE                                                                                                                                        ,"{""type"":""Point"",""coordinates"":[-58.6272898681438,-34.4096408153472]}",0101000020E61000001765CE084B504DC0F182381C6F3441C0
29690073,Piquete Suspension DT 220Kv,APSD2,S,AT Geografico,TIGRE                                                                                                                                        ,"{""type"":""Point"",""coordinates"":[-58.6233866788654,-34.4107927257969]}",0101000020E6100000983E7B22CB4F4DC0BC5D25DB943441C0
29690075,Piquete Suspension DT 220Kv,APSD2,S,AT Geografico,TIGRE                                                                                                                                        ,"{""type"":""Point"",""coordinates"":[-58.6167467374269,-34.414277314225]}",0101000020E6100000DF949D8EF14E4DC02009FE09073541C0
29690076,Piquete Suspension DT 220Kv,APSD2,S,AT Geografico,TIGRE                                                                                                                                        ,"{""type"":""Point"",""coordinates"":[-58.6140381942425,-34.4167980658999]}",0101000020E61000001C62B5CD984E4DC0C00997A3593541C0
29690077,Piquete Suspension DT 220Kv,APSD2,S,AT Geografico,TIGRE                                                                                                                                        ,"{""type"":""Point"",""coordinates"":[-58.6112969390346,-34.4193490408475]}",0101000020E610000038A664FA3E4E4DC04406B83AAD3541C0
29690078,Piquete Suspension DT 220Kv,APSD2,S,AT Geografico,TIGRE                                                                                                                                        ,"{""type"":""Point"",""coordinates"":[-58.6086857199525,-34.4217787994318]}",0101000020E61000007C5EE669E94D4DC050DA02D9FC3541C0
29690079,Piquete Suspension DT 220Kv,APSD2,S,AT Geografico,TIGRE                                                                                                                                        ,"{""type"":""Point"",""coordinates"":[-58.6062490712016,-34.4241398786937]}",0101000020E61000004D05CF91994D4DC096F52D374A3641C0
29690080,Piquete Suspension DT 220Kv,APSD2,S,AT Geografico,TIGRE                                                                                                                                        ,"{""type"":""Point"",""coordinates"":[-58.6038101639043,-34.4265029599931]}",0101000020E61000000F7BC5A6494D4DC0A96824A6973641C0
29690082,Piquete Suspension DT 220Kv,APSD2,S,AT Geografico,TIGRE                                                                                                                                        ,"{""type"":""Point"",""coordinates"":[-58.5982201325247,-34.4294677782995]}",0101000020E61000005180307A924C4DC0B93DD7CCF83641C0
29690083,Piquete Suspension DT 220Kv,APSD2,S,AT Geografico,TIGRE                                                                                                                                        ,"{""type"":""Point"",""coordinates"":[-58.5952375275079,-34.4298332312173]}",0101000020E6100000C9FF48BE304C4DC0F6677BC6043741C0
29690086,Piquete Suspension DT 220Kv,APSD2,S,AT Geografico,TIGRE                                                                                                                                        ,"{""type"":""Point"",""coordinates"":[-58.5895253896454,-34.4338084853332]}",0101000020E61000002A586691754B4DC0E09D5409873741C0
18075995,Piquete Retencion ST 132Kv,APRS1,S,AT Geografico,SANMIGUEL                                                                                                                                     ,"{""type"":""Point"",""coordinates"":[-58.737416310273,-34.5604498795007]}",0101000020E61000006A145CA8635E4DC054C057D2BC4741C0
18076015,Piquete Retencion ST 132Kv,APRS1,S,AT Geografico,SANMIGUEL                                                                                                                                     ,"{""type"":""Point"",""coordinates"":[-58.7511730313882,-34.5514205890829]}",0101000020E61000008EB9197026604DC0E4392AF3944641C0
18076036,Piquete Retencion ST 132Kv,APRS1,S,AT Geografico,SANMIGUEL                                                                                                                                     ,"{""type"":""Point"",""coordinates"":[-58.7381036207412,-34.5607378457569]}",0101000020E61000004912F02D7A5E4DC0DE93FA41C64741C0
18076037,Piquete Retencion ST 132Kv,APRS1,S,AT Geografico,SANMIGUEL                                                                                                                                     ,"{""type"":""Point"",""coordinates"":[-58.7381680874904,-34.560574597807]}",0101000020E6100000725CB94A7C5E4DC04F468EE8C04741C0
18076078,Piquete Retencion ST 132Kv,APRS1,S,AT Geografico,JOSECPAZ                                                                                                                                      ,"{""type"":""Point"",""coordinates"":[-58.8114083099042,-34.4722086070455]}",0101000020E6100000E35E3D3ADC674DC03513E654713C41C0
18076084,Piquete Retencion ST 132Kv,APRS1,S,AT Geografico,JOSECPAZ                                                                                                                                      ,"{""type"":""Point"",""coordinates"":[-58.8035748641282,-34.4852693564326]}",0101000020E6100000C0A8888ADB664DC088D0674E1D3E41C0
18076097,Piquete Retencion ST 132Kv,APRS1,S,AT Geografico,JOSECPAZ                                                                                                                                      ,"{""type"":""Point"",""coordinates"":[-58.7946184229662,-34.5082722324921]}",0101000020E61000002BB8750EB6654DC0640284100F4141C0
18076098,Piquete Retencion ST 132Kv,APRS1,S,AT Geografico,JOSECPAZ                                                                                                                                      ,"{""type"":""Point"",""coordinates"":[-58.7947903542975,-34.5094392286003]}",0101000020E61000002571B9B0BB654DC09E11FD4D354141C0
18076106,Piquete Retencion ST 132Kv,APRS1,S,AT Geografico,JOSECPAZ                                                                                                                                      ,"{""type"":""Point"",""coordinates"":[-58.7781224370237,-34.5282289542887]}",0101000020E610000081A6198499634DC035BCA1019D4341C0
18076107,Piquete Retencion ST 132Kv,APRS1,S,AT Geografico,JOSECPAZ                                                                                                                                      ,"{""type"":""Point"",""coordinates"":[-58.7766438072871,-34.5298902104263]}",0101000020E61000003178741069634DC030204271D34341C0
18076315,Piquete Retencion ST 132Kv,APRS1,S,AT Geografico,ITUZAINGO                                                                                                                                     ,"{""type"":""Point"",""coordinates"":[-58.6781885095837,-34.6330481157868]}",0101000020E6100000B4978EE1CE564DC0AA0C7DB8075141C0
18076361,Piquete Retencion ST 132Kv,APRS1,S,AT Geografico,ITUZAINGO                                                                                                                                     ,"{""type"":""Point"",""coordinates"":[-58.6775860151683,-34.6128088177779]}",0101000020E6100000FEAF7723BB564DC03C87F384704E41C0
18076365,Piquete Retencion ST 132Kv,APRS1,S,AT Geografico,ITUZAINGO                                                                                                                                     ,"{""type"":""Point"",""coordinates"":[-58.6687555171038,-34.6200486054015]}",0101000020E6100000797DE1C799554DC09910B1C05D4F41C0
18076550,Piquete Retencion ST 132Kv,APRS1,S,AT Geografico,MERLO                                                                                                                                         ,"{""type"":""Point"",""coordinates"":[-58.7176653491225,-34.6524046231502]}",0101000020E610000013FA4975DC5B4DC03D18A4FE815341C0
18076636,Piquete Retencion ST 132Kv,APRS1,S,AT Geografico,ITUZAINGO                                                                                                                                     ,"{""type"":""Point"",""coordinates"":[-58.6707341727875,-34.6794001218982]}",0101000020E610000048370C9EDA554DC0BD394C95F65641C0
18076654,Piquete Retencion ST 132Kv,APRS1,S,AT Geografico,ITUZAINGO                                                                                                                                     ,"{""type"":""Point"",""coordinates"":[-58.6995730731506,-34.6382564712596]}",0101000020E61000000D2C479C8B594DC098425763B25141C0
18076671,Piquete Retencion ST 132Kv,APRS1,S,AT Geografico,ITUZAINGO                                                                                                                                     ,"{""type"":""Point"",""coordinates"":[-58.690828268461,-34.6403318071485]}",0101000020E610000097188A0F6D584DC048258564F65141C0
18076676,Piquete Retencion ST 132Kv,APRS1,S,AT Geografico,ITUZAINGO                                                                                                                                     ,"{""type"":""Point"",""coordinates"":[-58.6895728302381,-34.639533910705]}",0101000020E61000009B0A29EC43584DC09494473FDC5141C0
18076688,Piquete Retencion ST 132Kv,APRS1,S,AT Geografico,ITUZAINGO                                                                                                                                     ,"{""type"":""Point"",""coordinates"":[-58.6840755266043,-34.6335016227724]}",0101000020E61000003C616FC98F574DC0A0E2C794165141C0
18076755,Piquete Retencion ST 132Kv,APRS1,S,AT Geografico,TIGRE                                                                                                                                         ,"{""type"":""Point"",""coordinates"":[-58.582253290279,-34.4333128110704]}",0101000020E610000048DE9B46874A4DC01E3E50CB763741C0
18076781,Piquete Retencion ST 132Kv,APRS1,S,AT Geografico,TIGRE                                                                                                                                         ,"{""type"":""Point"",""coordinates"":[-58.5823484475979,-34.4284043168498]}",0101000020E610000093A7D8648A4A4DC0E52AE1F3D53641C0
18076928,Piquete Retencion ST 132Kv,APRS1,S,AT Geografico,PILAR                                                                                                                                         ,"{""type"":""Point"",""coordinates"":[-58.7828665298152,-34.4605366336821]}",0101000020E610000040586FF834644DC025234ADDF23A41C0
18076933,Piquete Retencion ST 132Kv,APRS1,S,AT Geografico,PILAR                                                                                                                                         ,"{""type"":""Point"",""coordinates"":[-58.7829214211688,-34.458996597931]}",0101000020E6100000FEA0E5C436644DC0668B8866C03A41C0
18076982,Piquete Retencion ST 132Kv,APRS1,S,AT Geografico,PILAR                                                                                                                                         ,"{""type"":""Point"",""coordinates"":[-58.7761783696052,-34.461717844768]}",0101000020E61000008FA814D059634DC00CA10192193B41C0
18076992,Piquete Retencion ST 132Kv,APRS1,S,AT Geografico,PILAR                                                                                                                                         ,"{""type"":""Point"",""coordinates"":[-58.778783382651,-34.458568460287]}",0101000020E6100000BB93832CAF634DC075F40D5FB23A41C0
18077093,Piquete Retencion ST 132Kv,APRS1,S,AT Geografico,MALVINASARGENTINAS                                                                                                                            ,"{""type"":""Point"",""coordinates"":[-58.7252116318097,-34.5074565971982]}",0101000020E61000009DA618BCD35C4DC0878D7856F44041C0
18077160,Piquete Retencion ST 132Kv,APRS1,S,AT Geografico,LAMATANZA                                                                                                                                     ,"{""type"":""Point"",""coordinates"":[-58.5766982143307,-34.7025438481702]}",0101000020E6100000271B413FD1494DC0CDF2F1F4EC5941C0
18077175,Piquete Retencion ST 132Kv,APRS1,S,AT Geografico,LAMATANZA                                                                                                                                     ,"{""type"":""Point"",""coordinates"":[-58.5751202754757,-34.7006391284493]}",0101000020E6100000A8378B8A9D494DC0737EFF8AAE5941C0
18077271,Piquete Retencion ST 132Kv,APRS1,S,AT Geografico,LAMATANZA                                                                                                                                     ,"{""type"":""Point"",""coordinates"":[-58.699182317899,-34.869191335357]}",0101000020E6100000B0A862CE7E594DC099A963A9416F41C0
18077306,Piquete Retencion ST 132Kv,APRS1,S,AT Geografico,MERLO                                                                                                                                         ,"{""type"":""Point"",""coordinates"":[-58.72316079151,-34.732398521499]}",0101000020E610000075A46688905C4DC009BD183CBF5D41C0
18077329,Piquete Retencion ST 132Kv,APRS1,S,AT Geografico,MERLO                                                                                                                                         ,"{""type"":""Point"",""coordinates"":[-58.7078192054044,-34.7192411724742]}",0101000020E6100000A358D9D1995A4DC04BDB4018105C41C0
18077330,Piquete Retencion ST 132Kv,APRS1,S,AT Geografico,MERLO                                                                                                                                         ,"{""type"":""Point"",""coordinates"":[-58.7076875946547,-34.7192305125891]}",0101000020E6100000DB69D181955A4DC085EDD4BE0F5C41C0
19249625,Piquete Retencion ST 132Kv,APRS1,S,AT Geografico,LAMATANZA                                                                                                                                     ,"{""type"":""Point"",""coordinates"":[-58.6275377793107,-34.7809833592034]}",0101000020E610000073926F2853504DC0DA3F4143F76341C0
19380916,Piquete Retencion ST 132Kv,APRS1,S,AT Geografico,LAMATANZA                                                                                                                                     ,"{""type"":""Point"",""coordinates"":[-58.6921589704995,-34.8713515450244]}",0101000020E6100000D6F646AA98584DC075998A72886F41C0
19380919,Piquete Retencion ST 132Kv,APRS1,S,AT Geografico,LAMATANZA                                                                                                                                     ,"{""type"":""Point"",""coordinates"":[-58.7008420554594,-34.8706054805299]}",0101000020E610000002EE4531B5594DC00D4C1900706F41C0
19380934,Piquete Retencion ST 132Kv,APRS1,S,AT Geografico,LAMATANZA                                                                                                                                     ,"{""type"":""Point"",""coordinates"":[-58.7050300300455,-34.8621601120093]}",0101000020E610000028DF8C6C3E5A4DC06E7F36435B6E41C0
19380951,Piquete Retencion ST 132Kv,APRS1,S,AT Geografico,LAMATANZA                                                                                                                                     ,"{""type"":""Point"",""coordinates"":[-58.7203044893558,-34.8493249772396]}",0101000020E6100000FC7800F0325C4DC0C8754CAEB66C41C0
19381012,Piquete Retencion ST 132Kv,APRS1,S,AT Geografico,LAMATANZA                                                                                                                                     ,"{""type"":""Point"",""coordinates"":[-58.7038775051834,-34.8616731118367]}",0101000020E6100000929378A8185A4DC03597F54D4B6E41C0
19381014,Piquete Retencion ST 132Kv,APRS1,S,AT Geografico,LAMATANZA                                                                                                                                     ,"{""type"":""Point"",""coordinates"":[-58.704161879252,-34.8619353191818]}",0101000020E61000001A3DF9F9215A4DC0999383E5536E41C0
19381066,Piquete Retencion ST 132Kv,APRS1,S,AT Geografico,LAMATANZA                                                                                                                                     ,"{""type"":""Point"",""coordinates"":[-58.6945138497973,-34.8735453824211]}",0101000020E6100000CABF6FD4E5584DC00289C855D06F41C0
19381110,Piquete Retencion ST 132Kv,APRS1,S,AT Geografico,LAMATANZA                                                                                                                                     ,"{""type"":""Point"",""coordinates"":[-58.6842125772679,-34.8777860015883]}",0101000020E61000005670194794574DC0AFDAAC4A5B7041C0
19931307,Piquete Retencion ST 132Kv,APRS1,S,AT Geografico,TIGRE                                                                                                                                         ,"{""type"":""Point"",""coordinates"":[-58.5832922692989,-34.4329572558378]}",0101000020E6100000F9523252A94A4DC0D431B3246B3741C0
19931312,Piquete Retencion ST 132Kv,APRS1,S,AT Geografico,TIGRE                                                                                                                                         ,"{""type"":""Point"",""coordinates"":[-58.5806757013392,-34.4292061069508]}",0101000020E6100000B16AD594534A4DC0744CC839F03641C0
23286950,Piquete Retencion ST 132Kv,APRS1,S,AT Geografico,MERLO                                                                                                                                         ,"{""type"":""Point"",""coordinates"":[-58.7876538261384,-34.6706746704264]}",0101000020E6100000B2EA2FD7D1644DC04EDEE7AAD85541C0
23286952,Piquete Retencion ST 132Kv,APRS1,S,AT Geografico,MORENO                                                                                                                                        ,"{""type"":""Point"",""coordinates"":[-58.78699434226,-34.6690848359313]}",0101000020E61000006B12093BBC644DC086496892A45541C0
23351535,Piquete Retencion ST 132Kv,APRS1,S,AT Geografico,MORENO                                                                                                                                        ,"{""type"":""Point"",""coordinates"":[-58.7941799921243,-34.6723160229954]}",0101000020E6100000DBA7A2B0A7654DC0C9AB91730E5641C0
24413958,Piquete Retencion ST 132Kv,APRS1,S,AT Geografico,LAMATANZA                                                                                                                                     ,"{""type"":""Point"",""coordinates"":[-58.6816263970295,-34.8796153541309]}",0101000020E610000085AAA5883F574DC0A386653C977041C0
24413959,Piquete Retencion ST 132Kv,APRS1,S,AT Geografico,LAMATANZA                                                                                                                                     ,"{""type"":""Point"",""coordinates"":[-58.6815574866785,-34.8795574103604]}",0101000020E610000063D095463D574DC0ED395456957041C0
24413960,Piquete Retencion ST 132Kv,APRS1,S,AT Geografico,LAMATANZA                                                                                                                                     ,"{""type"":""Point"",""coordinates"":[-58.6812441784852,-34.8798189230696]}",0101000020E610000095975D0233574DC0387E0EE89D7041C0
27357041,Piquete Retencion ST 132Kv,APRS1,S,AT Geografico,PILAR                                                                                                                                         ,"{""type"":""Point"",""coordinates"":[-58.8190495114575,-34.4594599931668]}",0101000020E6100000E0C1489DD6684DC0643CC695CF3A41C0
27357047,Piquete Retencion ST 132Kv,APRS1,S,AT Geografico,JOSECPAZ                                                                                                                                      ,"{""type"":""Point"",""coordinates"":[-58.7940316185415,-34.5040939581883]}",0101000020E610000010D0FCD3A2654DC0D9439C26864041C0
27358585,Piquete Retencion ST 132Kv,APRS1,S,AT Geografico,JOSECPAZ                                                                                                                                      ,"{""type"":""Point"",""coordinates"":[-58.7684807344842,-34.5390451872818]}",0101000020E6100000A11BA3935D624DC08738C56EFF4441C0
27471116,Piquete Retencion ST 132Kv,APRS1,S,AT Geografico,MERLO                                                                                                                                         ,"{""type"":""Point"",""coordinates"":[-58.7398336942754,-34.6690443719085]}",0101000020E610000029B2D8DEB25E4DC0C175F83EA35541C0
27471117,Piquete Retencion ST 132Kv,APRS1,S,AT Geografico,MERLO                                                                                                                                         ,"{""type"":""Point"",""coordinates"":[-58.7403308654869,-34.6690924970426]}",0101000020E61000002CBE6B29C35E4DC00566ACD2A45541C0
27474527,Piquete Retencion ST 132Kv,APRS1,S,AT Geografico,ITUZAINGO                                                                                                                                     ,"{""type"":""Point"",""coordinates"":[-58.6780339033151,-34.633021296654]}",0101000020E6100000A628A0D0C9564DC07B6683D7065141C0
27474528,Piquete Retencion ST 132Kv,APRS1,S,AT Geografico,ITUZAINGO                                                                                                                                     ,"{""type"":""Point"",""coordinates"":[-58.6742395828714,-34.6361083884161]}",0101000020E6100000F70C8F7B4D564DC0B47AEAFF6B5141C0
27474530,Piquete Retencion ST 132Kv,APRS1,S,AT Geografico,ITUZAINGO                                                                                                                                     ,"{""type"":""Point"",""coordinates"":[-58.6664450979622,-34.6286355288369]}",0101000020E6100000DE29AE124E554DC09EBA0621775041C0
27475100,Piquete Retencion ST 132Kv,APRS1,S,AT Geografico,MERLO                                                                                                                                         ,"{""type"":""Point"",""coordinates"":[-58.735590757068,-34.6638491357625]}",0101000020E6100000626C82D6275E4DC0F2C92B02F95441C0
27475105,Piquete Retencion ST 132Kv,APRS1,S,AT Geografico,MERLO                                                                                                                                         ,"{""type"":""Point"",""coordinates"":[-58.716854936091,-34.6566678600206]}",0101000020E6100000543E0DE7C15B4DC0B38F43B10D5441C0
27475106,Piquete Retencion ST 132Kv,APRS1,S,AT Geografico,ITUZAINGO                                                                                                                                     ,"{""type"":""Point"",""coordinates"":[-58.7001216932522,-34.6382041633295]}",0101000020E610000088DE6F969D594DC0EBD58CACB05141C0
27475107,Piquete Retencion ST 132Kv,APRS1,S,AT Geografico,MERLO                                                                                                                                         ,"{""type"":""Point"",""coordinates"":[-58.7171893571727,-34.656896715517]}",0101000020E61000004F0C61DCCC5B4DC06BFF0A31155441C0
27499354,Piquete Retencion ST 132Kv,APRS1,S,AT Geografico,MERLO                                                                                                                                         ,"{""type"":""Point"",""coordinates"":[-58.7226780180815,-34.6505461846816]}",0101000020E61000005A999AB6805C4DC05ADFED18455341C0
27499355,Piquete Retencion ST 132Kv,APRS1,S,AT Geografico,MERLO                                                                                                                                         ,"{""type"":""Point"",""coordinates"":[-58.7229657783379,-34.6505682931316]}",0101000020E6100000590B83248A5C4DC0476863D2455341C0
27499356,Piquete Retencion ST 132Kv,APRS1,S,AT Geografico,MERLO                                                                                                                                         ,"{""type"":""Point"",""coordinates"":[-58.7173953906828,-34.6523353962162]}",0101000020E610000051A4B69CD35B4DC0C762ECB97F5341C0
27499366,Piquete Retencion ST 132Kv,APRS1,S,AT Geografico,MERLO                                                                                                                                         ,"{""type"":""Point"",""coordinates"":[-58.7134452841301,-34.6479064982799]}",0101000020E61000007E69D12C525B4DC02D7DA299EE5241C0
27499369,Piquete Retencion ST 132Kv,APRS1,S,AT Geografico,ITUZAINGO                                                                                                                                     ,"{""type"":""Point"",""coordinates"":[-58.6973622691641,-34.6357118091829]}",0101000020E610000016C3B52A43594DC0920F2B015F5141C0
27517262,Piquete Retencion ST 132Kv,APRS1,S,AT Geografico,ITUZAINGO                                                                                                                                     ,"{""type"":""Point"",""coordinates"":[-58.6931014271963,-34.6627671607538]}",0101000020E61000003D4F2D8CB7584DC06E26E88DD55441C0
27517265,Piquete Retencion ST 132Kv,APRS1,S,AT Geografico,ITUZAINGO                                                                                                                                     ,"{""type"":""Point"",""coordinates"":[-58.6721490380678,-34.6805150990898]}",0101000020E61000000645CCFA08564DC03183671E1B5741C0
28032965,Piquete Retencion ST 132Kv,APRS1,S,AT Geografico,PILAR                                                                                                                                         ,"{""type"":""Point"",""coordinates"":[-58.7776015990861,-34.4422752072815]}",0101000020E610000030B2FE7288634DC0858D57799C3841C0
28033006,Piquete Retencion ST 132Kv,APRS1,S,AT Geografico,MALVINASARGENTINAS                                                                                                                            ,"{""type"":""Point"",""coordinates"":[-58.7564764505896,-34.4692537576473]}",0101000020E6100000F9BC6738D4604DC0684FD381103C41C0
28060421,Piquete Retencion ST 132Kv,APRS1,S,AT Geografico,MALVINASARGENTINAS                                                                                                                            ,"{""type"":""Point"",""coordinates"":[-58.7541473369589,-34.4792235751685]}",0101000020E61000004F4D62E687604DC01769B732573D41C0
28060429,Piquete Retencion ST 132Kv,APRS1,S,AT Geografico,MALVINASARGENTINAS                                                                                                                            ,"{""type"":""Point"",""coordinates"":[-58.7600652627794,-34.4711359556742]}",0101000020E61000004E3B8BD149614DC090CBD82E4E3C41C0
28060430,Piquete Retencion ST 132Kv,APRS1,S,AT Geografico,PILAR                                                                                                                                         ,"{""type"":""Point"",""coordinates"":[-58.7697461295732,-34.4571498692699]}",0101000020E6100000AC5E8A0A87624DC041F10CE3833A41C0
28083923,Piquete Retencion ST 132Kv,APRS1,S,AT Geografico,MALVINASARGENTINAS                                                                                                                            ,"{""type"":""Point"",""coordinates"":[-58.7241813915518,-34.5076336906083]}",0101000020E61000001A8BD0F9B15C4DC059C10924FA4041C0
28083924,Piquete Retencion ST 132Kv,APRS1,S,AT Geografico,MALVINASARGENTINAS                                                                                                                            ,"{""type"":""Point"",""coordinates"":[-58.7241063333844,-34.5073689948982]}",0101000020E61000002E5B2E84AF5C4DC0D10B9C77F14041C0
28085066,Piquete Retencion ST 132Kv,APRS1,S,AT Geografico,MALVINASARGENTINAS                                                                                                                            ,"{""type"":""Point"",""coordinates"":[-58.7259906549988,-34.5081852846694]}",0101000020E6100000EC350443ED5C4DC056FB24370C4141C0
28089935,Piquete Retencion ST 132Kv,APRS1,S,AT Geografico,MALVINASARGENTINAS                                                                                                                            ,"{""type"":""Point"",""coordinates"":[-58.7302785146157,-34.5016402187377]}",0101000020E6100000779F30C4795D4DC01BEB26BF354041C0
28116299,Piquete Retencion ST 132Kv,APRS1,S,AT Geografico,PILAR                                                                                                                                         ,"{""type"":""Point"",""coordinates"":[-58.7800118708195,-34.4640907478734]}",0101000020E6100000ABD4D16DD7634DC00C3F5C53673B41C0
28260562,Piquete Retencion ST 132Kv,APRS1,S,AT Geografico,LAMATANZA                                                                                                                                     ,"{""type"":""Point"",""coordinates"":[-58.5790444299789,-34.7008389777892]}",0101000020E610000062D8BC201E4A4DC0EDAE7417B55941C0
28260563,Piquete Retencion ST 132Kv,APRS1,S,AT Geografico,LAMATANZA                                                                                                                                     ,"{""type"":""Point"",""coordinates"":[-58.5790138499499,-34.7005710770608]}",0101000020E6100000A4BB36201D4A4DC0F53F2450AC5941C0
28260565,Piquete Retencion ST 132Kv,APRS1,S,AT Geografico,LAMATANZA                                                                                                                                     ,"{""type"":""Point"",""coordinates"":[-58.5801221486069,-34.7007070839084]}",0101000020E6100000D1F94B71414A4DC025BB0CC5B05941C0
28260567,Piquete Retencion ST 132Kv,APRS1,S,AT Geografico,LAMATANZA                                                                                                                                     ,"{""type"":""Point"",""coordinates"":[-58.5819856180896,-34.6992913135326]}",0101000020E6100000EF3736817E4A4DC0EDFFB460825941C0
28260568,Piquete Retencion ST 132Kv,APRS1,S,AT Geografico,LAMATANZA                                                                                                                                     ,"{""type"":""Point"",""coordinates"":[-58.5831195609471,-34.6991336578464]}",0101000020E61000007DF669A9A34A4DC0DBFD31367D5941C0
28260569,Piquete Retencion ST 132Kv,APRS1,S,AT Geografico,LAMATANZA                                                                                                                                     ,"{""type"":""Point"",""coordinates"":[-58.5768600678772,-34.7025806744574]}",0101000020E61000004EF3FA8CD6494DC04FCCDD29EE5941C0
28260570,Piquete Retencion ST 132Kv,APRS1,S,AT Geografico,LAMATANZA                                                                                                                                     ,"{""type"":""Point"",""coordinates"":[-58.5747234379311,-34.7006439203582]}",0101000020E61000005814A18990494DC0320A32B3AE5941C0
28260571,Piquete Retencion ST 132Kv,APRS1,S,AT Geografico,LAMATANZA                                                                                                                                     ,"{""type"":""Point"",""coordinates"":[-58.5667171094503,-34.7069395196084]}",0101000020E61000001E96AD2F8A484DC0EE7B82FE7C5A41C0
28260572,Piquete Retencion ST 132Kv,APRS1,S,AT Geografico,LAMATANZA                                                                                                                                     ,"{""type"":""Point"",""coordinates"":[-58.5729515983804,-34.7067453764108]}",0101000020E6100000119E5C7A56494DC04F24EBA1765A41C0
28260573,Piquete Retencion ST 132Kv,APRS1,S,AT Geografico,LAMATANZA                                                                                                                                     ,"{""type"":""Point"",""coordinates"":[-58.5738944810808,-34.7058357155883]}",0101000020E61000006CCCD55F75494DC07B6621D3585A41C0
28260574,Piquete Retencion ST 132Kv,APRS1,S,AT Geografico,LAMATANZA                                                                                                                                     ,"{""type"":""Point"",""coordinates"":[-58.5813858179867,-34.7001978138802]}",0101000020E6100000394EB9D96A4A4DC050ACFB14A05941C0
28260575,Piquete Retencion ST 132Kv,APRS1,S,AT Geografico,LAMATANZA                                                                                                                                     ,"{""type"":""Point"",""coordinates"":[-58.5832716323738,-34.6997526488989]}",0101000020E61000006BDD14A5A84A4DC0B627AB7E915941C0
28260576,Piquete Retencion ST 132Kv,APRS1,S,AT Geografico,LAMATANZA                                                                                                                                     ,"{""type"":""Point"",""coordinates"":[-58.5817514729166,-34.6999275398606]}",0101000020E6100000CE490FD5764A4DC0AEA2C239975941C0
28261152,Piquete Retencion ST 132Kv,APRS1,S,AT Geografico,LAMATANZA                                                                                                                                     ,"{""type"":""Point"",""coordinates"":[-58.6274238862306,-34.7812082984589]}",0101000020E6100000750B086D4F504DC0539F2EA2FE6341C0
28261153,Piquete Retencion ST 132Kv,APRS1,S,AT Geografico,LAMATANZA                                                                                                                                     ,"{""type"":""Point"",""coordinates"":[-58.6262612690038,-34.7819733651704]}",0101000020E6100000B48F4A5429504DC004E006B4176441C0
28266975,Piquete Retencion ST 132Kv,APRS1,S,AT Geografico,LAMATANZA                                                                                                                                     ,"{""type"":""Point"",""coordinates"":[-58.6283859908039,-34.7803708745495]}",0101000020E61000003AE2BFF36E504DC06D785C31E36341C0
28266976,Piquete Retencion ST 132Kv,APRS1,S,AT Geografico,LAMATANZA                                                                                                                                     ,"{""type"":""Point"",""coordinates"":[-58.6278740055829,-34.780357902925]}",0101000020E61000005AFEE72C5E504DC0751E8CC4E26341C0
28266979,Piquete Retencion ST 132Kv,APRS1,S,AT Geografico,LAMATANZA                                                                                                                                     ,"{""type"":""Point"",""coordinates"":[-58.6260595692275,-34.7817161341929]}",0101000020E610000006974FB822504DC0968E37460F6441C0
28266983,Piquete Retencion ST 132Kv,APRS1,S,AT Geografico,LAMATANZA                                                                                                                                     ,"{""type"":""Point"",""coordinates"":[-58.630953694704,-34.7832197130624]}",0101000020E6100000A3053617C3504DC0BF97268B406441C0
28266984,Piquete Retencion ST 132Kv,APRS1,S,AT Geografico,LAMATANZA                                                                                                                                     ,"{""type"":""Point"",""coordinates"":[-58.6310885674938,-34.7828641466089]}",0101000020E6100000FC219B82C7504DC0AF7271E4346441C0
28267559,Piquete Retencion ST 132Kv,APRS1,S,AT Geografico,LAMATANZA                                                                                                                                     ,"{""type"":""Point"",""coordinates"":[-58.6325623641813,-34.781952970864]}",0101000020E6100000696BB5CDF7504DC0766FF208176441C0
28269035,Piquete Retencion ST 132Kv,APRS1,S,AT Geografico,LAMATANZA                                                                                                                                     ,"{""type"":""Point"",""coordinates"":[-58.6314556150136,-34.782822337315]}",0101000020E6100000EFAD9F89D3504DC054ACB885336441C0
28269036,Piquete Retencion ST 132Kv,APRS1,S,AT Geografico,LAMATANZA                                                                                                                                     ,"{""type"":""Point"",""coordinates"":[-58.6326038912523,-34.782354207573]}",0101000020E61000002420102AF9504DC001B5C32E246441C0
28271242,Piquete Retencion ST 132Kv,APRS1,S,AT Geografico,LAMATANZA                                                                                                                                     ,"{""type"":""Point"",""coordinates"":[-58.6377625045514,-34.791438157649]}",0101000020E6100000E4D4A533A2514DC056F475D84D6541C0
28271245,Piquete Retencion ST 132Kv,APRS1,S,AT Geografico,LAMATANZA                                                                                                                                     ,"{""type"":""Point"",""coordinates"":[-58.640664832807,-34.7893468064762]}",0101000020E61000003E4D244E01524DC03C82EF50096541C0
28271257,Piquete Retencion ST 132Kv,APRS1,S,AT Geografico,LAMATANZA                                                                                                                                     ,"{""type"":""Point"",""coordinates"":[-58.6377688076964,-34.7916765009389]}",0101000020E61000007EBB8568A2514DC0AE45D4A7556541C0
28281278,Piquete Retencion ST 132Kv,APRS1,S,AT Geografico,LAMATANZA                                                                                                                                     ,"{""type"":""Point"",""coordinates"":[-58.7048397242169,-34.8618755795248]}",0101000020E61000006E372630385A4DC0D4A361F0516E41C0
28281279,Piquete Retencion ST 132Kv,APRS1,S,AT Geografico,LAMATANZA                                                                                                                                     ,"{""type"":""Point"",""coordinates"":[-58.7080455460981,-34.8646781099085]}",0101000020E6100000F648883CA15A4DC0E3CFB5C5AD6E41C0
28281280,Piquete Retencion ST 132Kv,APRS1,S,AT Geografico,LAMATANZA                                                                                                                                     ,"{""type"":""Point"",""coordinates"":[-58.7074358535398,-34.8648725820851]}",0101000020E6100000587C0F428D5A4DC09BA10F25B46E41C0
28281287,Piquete Retencion ST 132Kv,APRS1,S,AT Geografico,LAMATANZA                                                                                                                                     ,"{""type"":""Point"",""coordinates"":[-58.7009162047231,-34.8702049771437]}",0101000020E6100000DC42489FB7594DC00AD36EE0626F41C0
28281289,Piquete Retencion ST 132Kv,APRS1,S,AT Geografico,LAMATANZA                                                                                                                                     ,"{""type"":""Point"",""coordinates"":[-58.6993747169492,-34.8694585551165]}",0101000020E61000001679581C85594DC0FBB9FD6A4A6F41C0
28281295,Piquete Retencion ST 132Kv,APRS1,S,AT Geografico,LAMATANZA                                                                                                                                     ,"{""type"":""Point"",""coordinates"":[-58.6945300913963,-34.8733464105422]}",0101000020E61000004351AE5CE6584DC0CDADAFD0C96F41C0
28281298,Piquete Retencion ST 132Kv,APRS1,S,AT Geografico,LAMATANZA                                                                                                                                     ,"{""type"":""Point"",""coordinates"":[-58.6922782987485,-34.8716208751822]}",0101000020E61000007E6D46939C584DC096B5D845916F41C0
28281299,Piquete Retencion ST 132Kv,APRS1,S,AT Geografico,LAMATANZA                                                                                                                                     ,"{""type"":""Point"",""coordinates"":[-58.7244105516212,-34.8527049814025]}",0101000020E6100000900B267CB95C4DC04A21D46F256D41C0
28281308,Piquete Retencion ST 132Kv,APRS1,S,AT Geografico,LAMATANZA                                                                                                                                     ,"{""type"":""Point"",""coordinates"":[-58.7084770487229,-34.8656047944185]}",0101000020E61000009D1D3D60AF5A4DC0E2A44D23CC6E41C0
28287684,Piquete Retencion ST 132Kv,APRS1,S,AT Geografico,MORENO                                                                                                                                        ,"{""type"":""Point"",""coordinates"":[-58.7449569501005,-34.6499149928669]}",0101000020E610000006CED4BF5A5F4DC08BC51B6A305341C0
28287686,Piquete Retencion ST 132Kv,APRS1,S,AT Geografico,ITUZAINGO                                                                                                                                     ,"{""type"":""Point"",""coordinates"":[-58.6794013536147,-34.6136151502396]}",0101000020E61000000C51A19FF6564DC0FE4DF5F08A4E41C0
28287729,Piquete Retencion ST 132Kv,APRS1,S,AT Geografico,ITUZAINGO                                                                                                                                     ,"{""type"":""Point"",""coordinates"":[-58.6704981823319,-34.6209229935973]}",0101000020E61000004E926AE2D2554DC0DA6A97677A4F41C0
28300722,Piquete Retencion ST 132Kv,APRS1,S,AT Geografico,MERLO                                                                                                                                         ,"{""type"":""Point"",""coordinates"":[-58.7339640778302,-34.6661102745479]}",0101000020E61000001F5CEF88F25D4DC03B5BFA19435541C0
28300723,Piquete Retencion ST 132Kv,APRS1,S,AT Geografico,MERLO                                                                                                                                         ,"{""type"":""Point"",""coordinates"":[-58.7336812036274,-34.6569180993414]}",0101000020E610000081A20344E95D4DC02D696CE4155441C0
28300724,Piquete Retencion ST 132Kv,APRS1,S,AT Geografico,MERLO                                                                                                                                         ,"{""type"":""Point"",""coordinates"":[-58.7263349850938,-34.6578695020908]}",0101000020E61000009375778BF85C4DC0FF415E11355441C0
28300725,Piquete Retencion ST 132Kv,APRS1,S,AT Geografico,MERLO                                                                                                                                         ,"{""type"":""Point"",""coordinates"":[-58.7249141891302,-34.6554061796219]}",0101000020E61000003B5CF7FCC95C4DC048898559E45341C0
28300727,Piquete Retencion ST 132Kv,APRS1,S,AT Geografico,MERLO                                                                                                                                         ,"{""type"":""Point"",""coordinates"":[-58.7338338844657,-34.6569783471846]}",0101000020E6100000033DCB44EE5D4DC041ABD1DD175441C0
28300728,Piquete Retencion ST 132Kv,APRS1,S,AT Geografico,MERLO                                                                                                                                         ,"{""type"":""Point"",""coordinates"":[-58.7340627964253,-34.6664136016696]}",0101000020E6100000B4ED0BC5F55D4DC0EB63780A4D5541C0
28300729,Piquete Retencion ST 132Kv,APRS1,S,AT Geografico,MERLO                                                                                                                                         ,"{""type"":""Point"",""coordinates"":[-58.7252579055361,-34.65511175968]}",0101000020E6100000AFB84440D55C4DC07986BFB3DA5341C0
28300732,Piquete Retencion ST 132Kv,APRS1,S,AT Geografico,MERLO                                                                                                                                         ,"{""type"":""Point"",""coordinates"":[-58.7265571174654,-34.6574899854044]}",0101000020E61000005118D9D2FF5C4DC03561C0A1285441C0
28300753,Piquete Retencion ST 132Kv,APRS1,S,AT Geografico,MERLO                                                                                                                                         ,"{""type"":""Point"",""coordinates"":[-58.7254707276098,-34.6551557400814]}",0101000020E610000010A58C39DC5C4DC0D7B7AE24DC5341C0
28321867,Piquete Retencion ST 132Kv,APRS1,S,AT Geografico,MORENO                                                                                                                                        ,"{""type"":""Point"",""coordinates"":[-58.7575921947964,-34.6350729338361]}",0101000020E6100000812DF2C7F8604DC04BB3E4114A5141C0
28331953,Piquete Retencion ST 132Kv,APRS1,S,AT Geografico,ITUZAINGO                                                                                                                                     ,"{""type"":""Point"",""coordinates"":[-58.6969363502359,-34.6357181960127]}",0101000020E610000010D4D73535594DC05CACBE365F5141C0
28333446,Piquete Retencion ST 132Kv,APRS1,S,AT Geografico,MERLO                                                                                                                                         ,"{""type"":""Point"",""coordinates"":[-58.7425313936506,-34.6667868522559]}",0101000020E6100000CDFDC9440B5F4DC0C6EB8545595541C0
28333447,Piquete Retencion ST 132Kv,APRS1,S,AT Geografico,MERLO                                                                                                                                         ,"{""type"":""Point"",""coordinates"":[-58.7427499472925,-34.6665868863613]}",0101000020E61000000A5D266E125F4DC09F6E16B8525541C0
28333450,Piquete Retencion ST 132Kv,APRS1,S,AT Geografico,MERLO                                                                                                                                         ,"{""type"":""Point"",""coordinates"":[-58.7411641408447,-34.6653002938767]}",0101000020E6100000B1F27077DE5E4DC01F1C5E8F285541C0
28333451,Piquete Retencion ST 132Kv,APRS1,S,AT Geografico,MERLO                                                                                                                                         ,"{""type"":""Point"",""coordinates"":[-58.740847376635,-34.6651439005467]}",0101000020E6100000BDFC3A16D45E4DC0B1FD716F235541C0
28333452,Piquete Retencion ST 132Kv,APRS1,S,AT Geografico,MERLO                                                                                                                                         ,"{""type"":""Point"",""coordinates"":[-58.7402355566232,-34.6653233008359]}",0101000020E61000003F84E909C05E4DC0AB2D5D50295541C0
28333457,Piquete Retencion ST 132Kv,APRS1,S,AT Geografico,MERLO                                                                                                                                         ,"{""type"":""Point"",""coordinates"":[-58.7370032940224,-34.6634498298339]}",0101000020E61000006F6FBA1F565E4DC032D68CECEB5441C0
28333458,Piquete Retencion ST 132Kv,APRS1,S,AT Geografico,MERLO                                                                                                                                         ,"{""type"":""Point"",""coordinates"":[-58.7363158257386,-34.6629656039336]}",0101000020E61000008C89D3983F5E4DC046A2910EDC5441C0
28333469,Piquete Retencion ST 132Kv,APRS1,S,AT Geografico,MERLO                                                                                                                                         ,"{""type"":""Point"",""coordinates"":[-58.7345765866596,-34.6552382045925]}",0101000020E6100000230E089B065E4DC048E871D8DE5341C0
28333470,Piquete Retencion ST 132Kv,APRS1,S,AT Geografico,MERLO                                                                                                                                         ,"{""type"":""Point"",""coordinates"":[-58.7347776870348,-34.6548348227816]}",0101000020E610000090D2FB310D5E4DC08210A2A0D15341C0
28333471,Piquete Retencion ST 132Kv,APRS1,S,AT Geografico,MERLO                                                                                                                                         ,"{""type"":""Point"",""coordinates"":[-58.7344935423885,-34.6549605082728]}",0101000020E610000048D767E2035E4DC0FD99F5BED55341C0
28333479,Piquete Retencion ST 132Kv,APRS1,S,AT Geografico,MERLO                                                                                                                                         ,"{""type"":""Point"",""coordinates"":[-58.7286087847493,-34.6549474139668]}",0101000020E6100000CD097B0D435D4DC023CB1D51D55341C0
28333480,Piquete Retencion ST 132Kv,APRS1,S,AT Geografico,MERLO                                                                                                                                         ,"{""type"":""Point"",""coordinates"":[-58.728190848975,-34.6546220162655]}",0101000020E61000000BCC945B355D4DC00D8D7BA7CA5341C0
28333489,Piquete Retencion ST 132Kv,APRS1,S,AT Geografico,MERLO                                                                                                                                         ,"{""type"":""Point"",""coordinates"":[-58.7222827323659,-34.6511970840468]}",0101000020E610000010FDB4C2735C4DC09E9D116D5A5341C0
28333490,Piquete Retencion ST 132Kv,APRS1,S,AT Geografico,MERLO                                                                                                                                         ,"{""type"":""Point"",""coordinates"":[-58.7217501623001,-34.6516793129411]}",0101000020E6100000177B2F4F625C4DC0E2474C3A6A5341C0
28333494,Piquete Retencion ST 132Kv,APRS1,S,AT Geografico,MERLO                                                                                                                                         ,"{""type"":""Point"",""coordinates"":[-58.7175235127608,-34.651690721053]}",0101000020E610000096B57ACFD75B4DC0C403FF996A5341C0
28333495,Piquete Retencion ST 132Kv,APRS1,S,AT Geografico,MERLO                                                                                                                                         ,"{""type"":""Point"",""coordinates"":[-58.7173965126426,-34.6513557626709]}",0101000020E6100000390820A6D35B4DC0CA5D29A05F5341C0
28333503,Piquete Retencion ST 132Kv,APRS1,S,AT Geografico,MERLO                                                                                                                                         ,"{""type"":""Point"",""coordinates"":[-58.7134423321567,-34.6480706666818]}",0101000020E6100000F1180E14525B4DC09772C7FAF35241C0
28333504,Piquete Retencion ST 132Kv,APRS1,S,AT Geografico,MERLO                                                                                                                                         ,"{""type"":""Point"",""coordinates"":[-58.7131413632483,-34.6481394164175]}",0101000020E6100000C5495837485B4DC083617E3BF65241C0
28333505,Piquete Retencion ST 132Kv,APRS1,S,AT Geografico,ITUZAINGO                                                                                                                                     ,"{""type"":""Point"",""coordinates"":[-58.7124936910183,-34.648015656071]}",0101000020E6100000CFC346FE325B4DC0790F512DF25241C0
28333511,Piquete Retencion ST 132Kv,APRS1,S,AT Geografico,ITUZAINGO                                                                                                                                     ,"{""type"":""Point"",""coordinates"":[-58.7091472706317,-34.6453120391665]}",0101000020E610000094B47756C55A4DC0BBF7BB95995241C0
28333512,Piquete Retencion ST 132Kv,APRS1,S,AT Geografico,ITUZAINGO                                                                                                                                     ,"{""type"":""Point"",""coordinates"":[-58.7082801084265,-34.6447033542658]}",0101000020E6100000B30C2FECA85A4DC0BD18B7A3855241C0
28333520,Piquete Retencion ST 132Kv,APRS1,S,AT Geografico,ITUZAINGO                                                                                                                                     ,"{""type"":""Point"",""coordinates"":[-58.7041640430578,-34.6411341294514]}",0101000020E6100000E5F91F0C225A4DC0F22BE3AE105241C0
28333521,Piquete Retencion ST 132Kv,APRS1,S,AT Geografico,ITUZAINGO                                                                                                                                     ,"{""type"":""Point"",""coordinates"":[-58.7037544856249,-34.6407528976907]}",0101000020E6100000131682A0145A4DC00733E230045241C0
28333522,Piquete Retencion ST 132Kv,APRS1,S,AT Geografico,ITUZAINGO                                                                                                                                     ,"{""type"":""Point"",""coordinates"":[-58.7034537135046,-34.6401052965049]}",0101000020E610000047E072C50A5A4DC0163E69F8EE5141C0
28333527,Piquete Retencion ST 132Kv,APRS1,S,AT Geografico,ITUZAINGO                                                                                                                                     ,"{""type"":""Point"",""coordinates"":[-58.7007968684133,-34.6378016840484]}",0101000020E6100000B37C37B6B3594DC031294F7CA35141C0
28333528,Piquete Retencion ST 132Kv,APRS1,S,AT Geografico,ITUZAINGO                                                                                                                                     ,"{""type"":""Point"",""coordinates"":[-58.7004883774968,-34.637545419158]}",0101000020E6100000D849689AA9594DC0BF7F9A169B5141C0
28333529,Piquete Retencion ST 132Kv,APRS1,S,AT Geografico,ITUZAINGO                                                                                                                                     ,"{""type"":""Point"",""coordinates"":[-58.6996112956962,-34.6381181661571]}",0101000020E6100000BA76E9DC8C594DC0645027DBAD5141C0
28333536,Piquete Retencion ST 132Kv,APRS1,S,AT Geografico,ITUZAINGO                                                                                                                                     ,"{""type"":""Point"",""coordinates"":[-58.6943098311106,-34.6380871820617]}",0101000020E6100000A3F40025DF584DC0D5793DD7AC5141C0
28333542,Piquete Retencion ST 132Kv,APRS1,S,AT Geografico,ITUZAINGO                                                                                                                                     ,"{""type"":""Point"",""coordinates"":[-58.6901494867665,-34.6393911592524]}",0101000020E6100000B88181D156584DC0932BCB91D75141C0
28333543,Piquete Retencion ST 132Kv,APRS1,S,AT Geografico,ITUZAINGO                                                                                                                                     ,"{""type"":""Point"",""coordinates"":[-58.6898705732446,-34.6393038485546]}",0101000020E61000007247CFAD4D584DC0DADF60B5D45141C0
28333544,Piquete Retencion ST 132Kv,APRS1,S,AT Geografico,ITUZAINGO                                                                                                                                     ,"{""type"":""Point"",""coordinates"":[-58.689614791858,-34.6392257399333]}",0101000020E610000015EF284C45584DC036E32726D25141C0
28333553,Piquete Retencion ST 132Kv,APRS1,S,AT Geografico,ITUZAINGO                                                                                                                                     ,"{""type"":""Point"",""coordinates"":[-58.6837988899661,-34.6341061467164]}",0101000020E610000003B9D6B886574DC06F2BE5632A5141C0
28333554,Piquete Retencion ST 132Kv,APRS1,S,AT Geografico,ITUZAINGO                                                                                                                                     ,"{""type"":""Point"",""coordinates"":[-58.6838459020071,-34.6335026709221]}",0101000020E6100000E54F344388574DC0FFC4929D165141C0
28333559,Piquete Retencion ST 132Kv,APRS1,S,AT Geografico,ITUZAINGO                                                                                                                                     ,"{""type"":""Point"",""coordinates"":[-58.6812178701566,-34.6311304977608]}",0101000020E6100000FAE2AC2532574DC001B257E2C85041C0
28333560,Piquete Retencion ST 132Kv,APRS1,S,AT Geografico,ITUZAINGO                                                                                                                                     ,"{""type"":""Point"",""coordinates"":[-58.6794609895844,-34.6300851614822]}",0101000020E61000002096E493F8564DC063216DA1A65041C0
28333589,Piquete Retencion ST 132Kv,APRS1,S,AT Geografico,ITUZAINGO                                                                                                                                     ,"{""type"":""Point"",""coordinates"":[-58.6769547079235,-34.6114464621153]}",0101000020E6100000C7B3AD73A6564DC02805AFE0434E41C0
28337095,Piquete Retencion ST 132Kv,APRS1,S,AT Geografico,MERLO                                                                                                                                         ,"{""type"":""Point"",""coordinates"":[-58.7386268828027,-34.6677336285075]}",0101000020E6100000C2CA60538B5E4DC08B70A84B785541C0
28337096,Piquete Retencion ST 132Kv,APRS1,S,AT Geografico,MERLO                                                                                                                                         ,"{""type"":""Point"",""coordinates"":[-58.7382779079644,-34.6675253370458]}",0101000020E61000007A08F7E37F5E4DC07CEE6178715541C0
28337104,Piquete Retencion ST 132Kv,APRS1,S,AT Geografico,MERLO                                                                                                                                         ,"{""type"":""Point"",""coordinates"":[-58.7352678985345,-34.6639226630307]}",0101000020E61000008B002D421D5E4DC02465F66AFB5441C0
28337105,Piquete Retencion ST 132Kv,APRS1,S,AT Geografico,MERLO                                                                                                                                         ,"{""type"":""Point"",""coordinates"":[-58.7352621796197,-34.6637343491583]}",0101000020E6100000E3B933121D5E4DC0EF6E453FF55441C0
28337106,Piquete Retencion ST 132Kv,APRS1,S,AT Geografico,MERLO                                                                                                                                         ,"{""type"":""Point"",""coordinates"":[-58.7351133892351,-34.6631463695881]}",0101000020E6100000E5CE0E32185E4DC0C4EBF0FAE15441C0
28337122,Piquete Retencion ST 132Kv,APRS1,S,AT Geografico,MERLO                                                                                                                                         ,"{""type"":""Point"",""coordinates"":[-58.7267454508865,-34.6579958745304]}",0101000020E61000008109B4FE055D4DC063017535395441C0
28337126,Piquete Retencion ST 132Kv,APRS1,S,AT Geografico,MERLO                                                                                                                                         ,"{""type"":""Point"",""coordinates"":[-58.7238264304142,-34.6557623160104]}",0101000020E6100000FD4D2F58A65C4DC05B9B0205F05341C0
28337127,Piquete Retencion ST 132Kv,APRS1,S,AT Geografico,MERLO                                                                                                                                         ,"{""type"":""Point"",""coordinates"":[-58.7234431569728,-34.6556768124862]}",0101000020E61000004FDB0DC9995C4DC0DA2FC137ED5341C0
28337134,Piquete Retencion ST 132Kv,APRS1,S,AT Geografico,MERLO                                                                                                                                         ,"{""type"":""Point"",""coordinates"":[-58.7169563891268,-34.6560025489695]}",0101000020E61000009EFA193AC55B4DC04FF53AE4F75341C0
28337135,Piquete Retencion ST 132Kv,APRS1,S,AT Geografico,MERLO                                                                                                                                         ,"{""type"":""Point"",""coordinates"":[-58.7165373911701,-34.655673908228]}",0101000020E6100000E1B74A7FB75B4DC00957641FED5341C0
28337139,Piquete Retencion ST 132Kv,APRS1,S,AT Geografico,MERLO                                                                                                                                         ,"{""type"":""Point"",""coordinates"":[-58.7159806138448,-34.6530022256881]}",0101000020E61000004A84B440A55B4DC0DDC5B193955341C0
28337140,Piquete Retencion ST 132Kv,APRS1,S,AT Geografico,MERLO                                                                                                                                         ,"{""type"":""Point"",""coordinates"":[-58.7162376458354,-34.6526666020532]}",0101000020E61000007783D8ACAD5B4DC0488147948A5341C0
28337141,Piquete Retencion ST 132Kv,APRS1,S,AT Geografico,MERLO                                                                                                                                         ,"{""type"":""Point"",""coordinates"":[-58.7160391928755,-34.6523226366058]}",0101000020E6100000FA061A2CA75B4DC0CE54E34E7F5341C0
28337147,Piquete Retencion ST 132Kv,APRS1,S,AT Geografico,MERLO                                                                                                                                         ,"{""type"":""Point"",""coordinates"":[-58.7122514832775,-34.6491985620641]}",0101000020E6100000279A7D0E2B5B4DC07C5640F0185341C0
28337148,Piquete Retencion ST 132Kv,APRS1,S,AT Geografico,MERLO                                                                                                                                         ,"{""type"":""Point"",""coordinates"":[-58.7122401158445,-34.6488789633423]}",0101000020E6100000C83922AF2A5B4DC00B4F43770E5341C0
28337149,Piquete Retencion ST 132Kv,APRS1,S,AT Geografico,ITUZAINGO                                                                                                                                     ,"{""type"":""Point"",""coordinates"":[-58.7121347238106,-34.6484595033382]}",0101000020E61000006B8E0A3B275B4DC014CF93B8005341C0
28337156,Piquete Retencion ST 132Kv,APRS1,S,AT Geografico,ITUZAINGO                                                                                                                                     ,"{""type"":""Point"",""coordinates"":[-58.7078726138455,-34.6449230208141]}",0101000020E6100000A519DF919B5A4DC0BD6A69D68C5241C0
28337168,Piquete Retencion ST 132Kv,APRS1,S,AT Geografico,ITUZAINGO                                                                                                                                     ,"{""type"":""Point"",""coordinates"":[-58.6999350955901,-34.6384882191653]}",0101000020E6100000EC70247997594DC0181962FBB95141C0
28337187,Piquete Retencion ST 132Kv,APRS1,S,AT Geografico,ITUZAINGO                                                                                                                                     ,"{""type"":""Point"",""coordinates"":[-58.6893895556291,-34.646403329488]}",0101000020E6100000BED0BDEA3D584DC093162458BD5241C0
28337188,Piquete Retencion ST 132Kv,APRS1,S,AT Geografico,ITUZAINGO                                                                                                                                     ,"{""type"":""Point"",""coordinates"":[-58.6888615941697,-34.6463266461166]}",0101000020E6100000F336E19D2C584DC053CDDFD4BA5241C0
28337194,Piquete Retencion ST 132Kv,APRS1,S,AT Geografico,ITUZAINGO                                                                                                                                     ,"{""type"":""Point"",""coordinates"":[-58.6854648557401,-34.6431692083443]}",0101000020E610000001FBF84FBD574DC006D15D5E535241C0
28337195,Piquete Retencion ST 132Kv,APRS1,S,AT Geografico,ITUZAINGO                                                                                                                                     ,"{""type"":""Point"",""coordinates"":[-58.6851830699911,-34.6428638635439]}",0101000020E610000038B12E14B4574DC0C0D9F25C495241C0
28337216,Piquete Retencion ST 132Kv,APRS1,S,AT Geografico,ITUZAINGO                                                                                                                                     ,"{""type"":""Point"",""coordinates"":[-58.6743610169821,-34.6358064106405]}",0101000020E61000004FD1387651564DC0DD24BE1A625141C0
28337223,Piquete Retencion ST 132Kv,APRS1,S,AT Geografico,ITUZAINGO                                                                                                                                     ,"{""type"":""Point"",""coordinates"":[-58.6708914974291,-34.632664509485]}",0101000020E6100000B34FC8C5DF554DC0F5C99026FB5041C0
28337224,Piquete Retencion ST 132Kv,APRS1,S,AT Geografico,ITUZAINGO                                                                                                                                     ,"{""type"":""Point"",""coordinates"":[-58.6697610072623,-34.631634317837]}",0101000020E6100000F0298BBABA554DC01012B164D95041C0
28337229,Piquete Retencion ST 132Kv,APRS1,S,AT Geografico,ITUZAINGO                                                                                                                                     ,"{""type"":""Point"",""coordinates"":[-58.6666430962952,-34.6286375025746]}",0101000020E610000097589C8F54554DC06D4C9531775041C0
28337236,Piquete Retencion ST 132Kv,APRS1,S,AT Geografico,ITUZAINGO                                                                                                                                     ,"{""type"":""Point"",""coordinates"":[-58.6718222648831,-34.6245150350756]}",0101000020E6100000E732A045FE554DC04AC1D11BF04F41C0
28337250,Piquete Retencion ST 132Kv,APRS1,S,AT Geografico,ITUZAINGO                                                                                                                                     ,"{""type"":""Point"",""coordinates"":[-58.6763811487235,-34.6118918737724]}",0101000020E6100000FEB250A893564DC03A451179524E41C0
28337251,Piquete Retencion ST 132Kv,APRS1,S,AT Geografico,HURLINGHAM                                                                                                                                    ,"{""type"":""Point"",""coordinates"":[-58.6760462506319,-34.611534585865]}",0101000020E61000001786FCAE88564DC0E054EBC3464E41C0
28337257,Piquete Retencion ST 132Kv,APRS1,S,AT Geografico,ITUZAINGO                                                                                                                                     ,"{""type"":""Point"",""coordinates"":[-58.6774116644326,-34.6128160732946]}",0101000020E61000006555E86CB5564DC0B6A1D0C1704E41C0
28337258,Piquete Retencion ST 132Kv,APRS1,S,AT Geografico,ITUZAINGO                                                                                                                                     ,"{""type"":""Point"",""coordinates"":[-58.6691146465537,-34.6197536477992]}",0101000020E6100000861C7A8CA5554DC0EA6F6816544F41C0
28338915,Piquete Retencion ST 132Kv,APRS1,S,AT Geografico,ITUZAINGO                                                                                                                                     ,"{""type"":""Point"",""coordinates"":[-58.6909599225014,-34.6400959313505]}",0101000020E6100000BEFEEE5F71584DC0F9B9D9A9EE5141C0
28338916,Piquete Retencion ST 132Kv,APRS1,S,AT Geografico,ITUZAINGO                                                                                                                                     ,"{""type"":""Point"",""coordinates"":[-58.6835948379078,-34.6338893824058]}",0101000020E6100000A643200980574DC07D5B8B49235141C0
28338917,Piquete Retencion ST 132Kv,APRS1,S,AT Geografico,ITUZAINGO                                                                                                                                     ,"{""type"":""Point"",""coordinates"":[-58.6797516834559,-34.613739990749]}",0101000020E610000005EC681A02574DC0D54132088F4E41C0
28350726,Piquete Retencion ST 132Kv,APRS1,S,AT Geografico,MERLO                                                                                                                                         ,"{""type"":""Point"",""coordinates"":[-58.7366388220189,-34.6643199240962]}",0101000020E610000086C4502E4A5E4DC08A096E6F085541C0
28350727,Piquete Retencion ST 132Kv,APRS1,S,AT Geografico,MERLO                                                                                                                                         ,"{""type"":""Point"",""coordinates"":[-58.7285172730518,-34.6558176084451]}",0101000020E6100000082AD30D405D4DC0CE34D6D4F15341C0
28350728,Piquete Retencion ST 132Kv,APRS1,S,AT Geografico,MERLO                                                                                                                                         ,"{""type"":""Point"",""coordinates"":[-58.7288529274881,-34.6559142856519]}",0101000020E6100000DA937F0D4B5D4DC059EDD2FFF45341C0
28390105,Piquete Retencion ST 132Kv,APRS1,S,AT Geografico,MERLO                                                                                                                                         ,"{""type"":""Point"",""coordinates"":[-58.7348474150777,-34.6612647506032]}",0101000020E610000088A7E77A0F5E4DC04CEBC652A45441C0
28390116,Piquete Retencion ST 132Kv,APRS1,S,AT Geografico,MERLO                                                                                                                                         ,"{""type"":""Point"",""coordinates"":[-58.7452912115514,-34.659470468602]}",0101000020E610000002CED1B3655F4DC066A93F87695441C0
28390120,Piquete Retencion ST 132Kv,APRS1,S,AT Geografico,MERLO                                                                                                                                         ,"{""type"":""Point"",""coordinates"":[-58.746424779008,-34.6562508738866]}",0101000020E6100000BD61DFD88A5F4DC042A85407005441C0
28390123,Piquete Retencion ST 132Kv,APRS1,S,AT Geografico,MERLO                                                                                                                                         ,"{""type"":""Point"",""coordinates"":[-58.748495758604,-34.6541131914233]}",0101000020E61000000B3382B5CE5F4DC0CB8526FBB95341C0
28390124,Piquete Retencion ST 132Kv,APRS1,S,AT Geografico,MORENO                                                                                                                                        ,"{""type"":""Point"",""coordinates"":[-58.7492125960266,-34.6535775499264]}",0101000020E6100000B9D7C632E65F4DC0B52ADD6DA85341C0
28390125,Piquete Retencion ST 132Kv,APRS1,S,AT Geografico,MORENO                                                                                                                                        ,"{""type"":""Point"",""coordinates"":[-58.7497193515288,-34.6529368710104]}",0101000020E610000046FFBFCDF65F4DC0D5AB756F935341C0
28390131,Piquete Retencion ST 132Kv,APRS1,S,AT Geografico,MORENO                                                                                                                                        ,"{""type"":""Point"",""coordinates"":[-58.7451623444647,-34.6498786004917]}",0101000020E6100000E8D7CD7A615F4DC0B4BDD3382F5341C0
28390155,Piquete Retencion ST 132Kv,APRS1,S,AT Geografico,MORENO                                                                                                                                        ,"{""type"":""Point"",""coordinates"":[-58.8155061559646,-34.6319782822122]}",0101000020E6100000FBC6768162684DC015F112AAE45041C0
28390156,Piquete Retencion ST 132Kv,APRS1,S,AT Geografico,MORENO                                                                                                                                        ,"{""type"":""Point"",""coordinates"":[-58.8155225978121,-34.6315282987199]}",0101000020E61000003960630B63684DC017C056EBD55041C0
28390158,Piquete Retencion ST 132Kv,APRS1,S,AT Geografico,MERLO                                                                                                                                         ,"{""type"":""Point"",""coordinates"":[-58.7157186572227,-34.6530930480475]}",0101000020E61000004AF440AB9C5B4DC0F34D918D985341C0
28390160,Piquete Retencion ST 132Kv,APRS1,S,AT Geografico,MERLO                                                                                                                                         ,"{""type"":""Point"",""coordinates"":[-58.7404440231907,-34.6655147149608]}",0101000020E6100000B80FA8DEC65E4DC0BBE10F962F5541C0
28390161,Piquete Retencion ST 132Kv,APRS1,S,AT Geografico,MERLO                                                                                                                                         ,"{""type"":""Point"",""coordinates"":[-58.7363847300243,-34.6640683016466]}",0101000020E6100000325DD6DA415E4DC0F2F0AA30005541C0
28390162,Piquete Retencion ST 132Kv,APRS1,S,AT Geografico,MERLO                                                                                                                                         ,"{""type"":""Point"",""coordinates"":[-58.7354183507557,-34.6547111687007]}",0101000020E6100000DAAF4230225E4DC0A3F25893CD5341C0
28390172,Piquete Retencion ST 132Kv,APRS1,S,AT Geografico,MORENO                                                                                                                                        ,"{""type"":""Point"",""coordinates"":[-58.7419033437133,-34.6487488271531]}",0101000020E6100000590553B0F65E4DC06BF899330A5341C0
28390173,Piquete Retencion ST 132Kv,APRS1,S,AT Geografico,MORENO                                                                                                                                        ,"{""type"":""Point"",""coordinates"":[-58.7428537911772,-34.6493281793725]}",0101000020E61000006B6841D5155F4DC056638F2F1D5341C0
28390174,Piquete Retencion ST 132Kv,APRS1,S,AT Geografico,MORENO                                                                                                                                        ,"{""type"":""Point"",""coordinates"":[-58.7426968748994,-34.6490641839154]}",0101000020E61000006444F2B0105F4DC0F8750189145341C0
28390195,Piquete Retencion ST 132Kv,APRS1,S,AT Geografico,MORENO                                                                                                                                        ,"{""type"":""Point"",""coordinates"":[-58.7561023013958,-34.6352684757885]}",0101000020E61000006F76D0F5C7604DC086D8377A505141C0
28390196,Piquete Retencion ST 132Kv,APRS1,S,AT Geografico,MORENO                                                                                                                                        ,"{""type"":""Point"",""coordinates"":[-58.8150978771595,-34.6294623984186]}",0101000020E610000033B8922055684DC07EA24F39925041C0
28390791,Piquete Retencion ST 132Kv,APRS1,S,AT Geografico,MERLO                                                                                                                                         ,"{""type"":""Point"",""coordinates"":[-58.7455682667491,-34.6596673353799]}",0101000020E6100000B14FEDC76E5F4DC01CD9AFFA6F5441C0
28390792,Piquete Retencion ST 132Kv,APRS1,S,AT Geografico,MORENO                                                                                                                                        ,"{""type"":""Point"",""coordinates"":[-58.75005932823,-34.6527552236424]}",0101000020E61000005D67AEF101604DC028EBB07B8D5341C0
28390793,Piquete Retencion ST 132Kv,APRS1,S,AT Geografico,MERLO                                                                                                                                         ,"{""type"":""Point"",""coordinates"":[-58.7343077375963,-34.6543759760763]}",0101000020E61000008616C3CBFD5D4DC09B448C97C25341C0
28406137,Piquete Retencion ST 132Kv,APRS1,S,AT Geografico,MERLO                                                                                                                                         ,"{""type"":""Point"",""coordinates"":[-58.6942348244349,-34.6637566318939]}",0101000020E61000009A58CDAFDC584DC0643E31FAF55441C0
28406138,Piquete Retencion ST 132Kv,APRS1,S,AT Geografico,ITUZAINGO                                                                                                                                     ,"{""type"":""Point"",""coordinates"":[-58.6937934047484,-34.6637158014669]}",0101000020E610000091C9E738CE584DC0BF91AEA3F45441C0
28406139,Piquete Retencion ST 132Kv,APRS1,S,AT Geografico,ITUZAINGO                                                                                                                                     ,"{""type"":""Point"",""coordinates"":[-58.6931115985491,-34.6631610378034]}",0101000020E6100000971F80E1B7584DC067ACFC75E25441C0
28406142,Piquete Retencion ST 132Kv,APRS1,S,AT Geografico,ITUZAINGO                                                                                                                                     ,"{""type"":""Point"",""coordinates"":[-58.6911295664054,-34.6643578027951]}",0101000020E6100000418102EF76584DC075EC2DAD095541C0
28406143,Piquete Retencion ST 132Kv,APRS1,S,AT Geografico,ITUZAINGO                                                                                                                                     ,"{""type"":""Point"",""coordinates"":[-58.6905256530115,-34.6649626476685]}",0101000020E6100000E75D042563584DC02266FC7E1D5541C0
28406168,Piquete Retencion ST 132Kv,APRS1,S,AT Geografico,ITUZAINGO                                                                                                                                     ,"{""type"":""Point"",""coordinates"":[-58.6720816148554,-34.6801903049661]}",0101000020E6100000040636C506564DC06271D579105741C0
28406169,Piquete Retencion ST 132Kv,APRS1,S,AT Geografico,ITUZAINGO                                                                                                                                     ,"{""type"":""Point"",""coordinates"":[-58.6715032248999,-34.680009819618]}",0101000020E61000003F0D53D1F3554DC0F11BD08F0A5741C0
28406170,Piquete Retencion ST 132Kv,APRS1,S,AT Geografico,ITUZAINGO                                                                                                                                     ,"{""type"":""Point"",""coordinates"":[-58.67140557857,-34.679930138885]}",0101000020E6100000B427359EF0554DC0AE0967F3075741C0
28406862,Piquete Retencion ST 132Kv,APRS1,S,AT Geografico,ITUZAINGO                                                                                                                                     ,"{""type"":""Point"",""coordinates"":[-58.7016204036285,-34.6501707760599]}",0101000020E610000037E587B2CE594DC0FDFEC5CB385341C0
28406863,Piquete Retencion ST 132Kv,APRS1,S,AT Geografico,ITUZAINGO                                                                                                                                     ,"{""type"":""Point"",""coordinates"":[-58.7018333110388,-34.6503496405062]}",0101000020E6100000D51387ACD5594DC0417832A83E5341C0
28406866,Piquete Retencion ST 132Kv,APRS1,S,AT Geografico,ITUZAINGO                                                                                                                                     ,"{""type"":""Point"",""coordinates"":[-58.7032313992756,-34.6515229437902]}",0101000020E610000054B48A7C035A4DC01016941A655341C0
28406867,Piquete Retencion ST 132Kv,APRS1,S,AT Geografico,ITUZAINGO                                                                                                                                     ,"{""type"":""Point"",""coordinates"":[-58.7031506728413,-34.6519930679602]}",0101000020E6100000C6015CD7005A4DC0CC0D4482745341C0
28406881,Piquete Retencion ST 132Kv,APRS1,S,AT Geografico,ITUZAINGO                                                                                                                                     ,"{""type"":""Point"",""coordinates"":[-58.6940038635558,-34.6594927366073]}",0101000020E610000084A25C1ED5584DC0C2D60B426A5441C0
28406882,Piquete Retencion ST 132Kv,APRS1,S,AT Geografico,ITUZAINGO                                                                                                                                     ,"{""type"":""Point"",""coordinates"":[-58.6931711549826,-34.6594629870409]}",0101000020E6100000219718D5B9584DC0B5217D48695441C0
28406889,Piquete Retencion ST 132Kv,APRS1,S,AT Geografico,ITUZAINGO                                                                                                                                     ,"{""type"":""Point"",""coordinates"":[-58.6878867067089,-34.6638775544061]}",0101000020E61000008155EEAB0C584DC0875C90F0F95441C0
28406890,Piquete Retencion ST 132Kv,APRS1,S,AT Geografico,ITUZAINGO                                                                                                                                     ,"{""type"":""Point"",""coordinates"":[-58.6874001042953,-34.664620595843]}",0101000020E6100000919B03BAFC574DC066B2A549125541C0
28406894,Piquete Retencion ST 132Kv,APRS1,S,AT Geografico,ITUZAINGO                                                                                                                                     ,"{""type"":""Point"",""coordinates"":[-58.6844967657715,-34.6670097339395]}",0101000020E61000006F9A0B979D574DC022B13093605541C0
28406895,Piquete Retencion ST 132Kv,APRS1,S,AT Geografico,ITUZAINGO                                                                                                                                     ,"{""type"":""Point"",""coordinates"":[-58.6848229397336,-34.6669147120778]}",0101000020E61000006FDA3047A8574DC032CC16765D5541C0
28406896,Piquete Retencion ST 132Kv,APRS1,S,AT Geografico,ITUZAINGO                                                                                                                                     ,"{""type"":""Point"",""coordinates"":[-58.6853776802493,-34.6673788560001]}",0101000020E6100000220AB174BA574DC0F4479CAB6C5541C0
28406897,Piquete Retencion ST 132Kv,APRS1,S,AT Geografico,ITUZAINGO                                                                                                                                     ,"{""type"":""Point"",""coordinates"":[-58.6856314889885,-34.6673710879215]}",0101000020E61000002028CBC5C2574DC09F75726A6C5541C0
28406917,Piquete Retencion ST 132Kv,APRS1,S,AT Geografico,ITUZAINGO                                                                                                                                     ,"{""type"":""Point"",""coordinates"":[-58.671025424262,-34.67943359774]}",0101000020E6100000B0FE3D29E4554DC0680C1DAEF75641C0
28444733,Piquete Retencion ST 132Kv,APRS1,S,AT Geografico,MERLO                                                                                                                                         ,"{""type"":""Point"",""coordinates"":[-58.7118149661465,-34.6492148353463]}",0101000020E61000008633B8C01C5B4DC0FAF1C278195341C0
28481434,Piquete Retencion ST 132Kv,APRS1,S,AT Geografico,HURLINGHAM                                                                                                                                    ,"{""type"":""Point"",""coordinates"":[-58.6740899999974,-34.59556531234]}",0101000020E61000005A46C49448564DC0EF90F17B3B4C41C0
28481435,Piquete Retencion ST 132Kv,APRS1,S,AT Geografico,HURLINGHAM                                                                                                                                    ,"{""type"":""Point"",""coordinates"":[-58.6758419105488,-34.5953078477303]}",0101000020E61000005F89DBFC81564DC0DF862C0C334C41C0
28481441,Piquete Retencion ST 132Kv,APRS1,S,AT Geografico,SANMIGUEL                                                                                                                                     ,"{""type"":""Point"",""coordinates"":[-58.6946924633564,-34.5912500028129]}",0101000020E61000005572C1AEEB584DC0AEEB8014AE4B41C0
28481444,Piquete Retencion ST 132Kv,APRS1,S,AT Geografico,SANMIGUEL                                                                                                                                     ,"{""type"":""Point"",""coordinates"":[-58.7028897312806,-34.5856740974945]}",0101000020E6100000AF456C4AF8594DC0316D6B5EF74A41C0
28481456,Piquete Retencion ST 132Kv,APRS1,S,AT Geografico,SANMIGUEL                                                                                                                                     ,"{""type"":""Point"",""coordinates"":[-58.7186057623797,-34.5741332195336]}",0101000020E6100000A3110C46FB5B4DC0DAB884327D4941C0
28481457,Piquete Retencion ST 132Kv,APRS1,S,AT Geografico,SANMIGUEL                                                                                                                                     ,"{""type"":""Point"",""coordinates"":[-58.7189056973173,-34.5740322711999]}",0101000020E61000006871151A055C4DC07AD3B3E3794941C0
28481460,Piquete Retencion ST 132Kv,APRS1,S,AT Geografico,SANMIGUEL                                                                                                                                     ,"{""type"":""Point"",""coordinates"":[-58.7225340835679,-34.5714006861245]}",0101000020E6100000AB9531FF7B5C4DC089E85DA8234941C0
28481461,Piquete Retencion ST 132Kv,APRS1,S,AT Geografico,SANMIGUEL                                                                                                                                     ,"{""type"":""Point"",""coordinates"":[-58.7226423053791,-34.5711681356188]}",0101000020E61000009A27068B7F5C4DC0FB7F97091C4941C0
28481478,Piquete Retencion ST 132Kv,APRS1,S,AT Geografico,SANMIGUEL                                                                                                                                     ,"{""type"":""Point"",""coordinates"":[-58.7345297380816,-34.5625689743643]}",0101000020E6100000F87F0912055E4DC0C5519942024841C0
28481479,Piquete Retencion ST 132Kv,APRS1,S,AT Geografico,SANMIGUEL                                                                                                                                     ,"{""type"":""Point"",""coordinates"":[-58.7352640608112,-34.5620065540351]}",0101000020E6100000D68DFB211D5E4DC0F5DBACD4EF4741C0
28481490,Piquete Retencion ST 132Kv,APRS1,S,AT Geografico,SANMIGUEL                                                                                                                                     ,"{""type"":""Point"",""coordinates"":[-58.7529904381045,-34.5510499491756]}",0101000020E610000004EE9CFD61604DC0F91503CE884641C0
28481491,Piquete Retencion ST 132Kv,APRS1,S,AT Geografico,SANMIGUEL                                                                                                                                     ,"{""type"":""Point"",""coordinates"":[-58.7519831818794,-34.5517388128547]}",0101000020E610000037A822FC40604DC082929E609F4641C0
28481492,Piquete Retencion ST 132Kv,APRS1,S,AT Geografico,SANMIGUEL                                                                                                                                     ,"{""type"":""Point"",""coordinates"":[-58.7512119949742,-34.551636942528]}",0101000020E61000007263F3B627604DC026B6110A9C4641C0
28481504,Piquete Retencion ST 132Kv,APRS1,S,AT Geografico,SANMIGUEL                                                                                                                                     ,"{""type"":""Point"",""coordinates"":[-58.7432985786884,-34.5572346480228]}",0101000020E61000009F506768245F4DC061BA0677534741C0
28481505,Piquete Retencion ST 132Kv,APRS1,S,AT Geografico,SANMIGUEL                                                                                                                                     ,"{""type"":""Point"",""coordinates"":[-58.7426843463083,-34.5575040752857]}",0101000020E61000009C52D947105F4DC0975E254B5C4741C0
28521690,Piquete Retencion ST 132Kv,APRS1,S,AT Geografico,HURLINGHAM                                                                                                                                    ,"{""type"":""Point"",""coordinates"":[-58.6726584415261,-34.5946239870205]}",0101000020E6100000D5DDFBAB19564DC0C2D588A31C4C41C0
28521691,Piquete Retencion ST 132Kv,APRS1,S,AT Geografico,JOSECPAZ                                                                                                                                      ,"{""type"":""Point"",""coordinates"":[-58.7651360292789,-34.5418618266172]}",0101000020E6100000485F37FAEF614DC0C62274BA5B4541C0
28521692,Piquete Retencion ST 132Kv,APRS1,S,AT Geografico,JOSECPAZ                                                                                                                                      ,"{""type"":""Point"",""coordinates"":[-58.7650233776691,-34.5417145927209]}",0101000020E6100000CDE13949EC614DC049C05DE7564541C0
28521693,Piquete Retencion ST 132Kv,APRS1,S,AT Geografico,JOSECPAZ                                                                                                                                      ,"{""type"":""Point"",""coordinates"":[-58.7650924078783,-34.5416819029115]}",0101000020E6100000A7204B8CEE614DC085EB24D5554541C0
28521694,Piquete Retencion ST 132Kv,APRS1,S,AT Geografico,JOSECPAZ                                                                                                                                      ,"{""type"":""Point"",""coordinates"":[-58.7653076861275,-34.5417249499511]}",0101000020E6100000C6A52D9AF5614DC0D3BB3F3E574541C0
28948721,Piquete Retencion ST 132Kv,APRS1,S,AT Geografico,PILAR                                                                                                                                         ,"{""type"":""Point"",""coordinates"":[-58.828805031409,-34.4136968575733]}",0101000020E6100000B5548448166A4DC01DDEC404F43441C0
28948729,Piquete Retencion ST 132Kv,APRS1,S,AT Geografico,PILAR                                                                                                                                         ,"{""type"":""Point"",""coordinates"":[-58.8214843669718,-34.4349095750362]}",0101000020E6100000DB28556626694DC0B9BFF01DAB3741C0
28948730,Piquete Retencion ST 132Kv,APRS1,S,AT Geografico,PILAR                                                                                                                                         ,"{""type"":""Point"",""coordinates"":[-58.8215106726803,-34.4367993451231]}",0101000020E61000000F3D004327694DC0E91B7B0AE93741C0
28948731,Piquete Retencion ST 132Kv,APRS1,S,AT Geografico,PILAR                                                                                                                                         ,"{""type"":""Point"",""coordinates"":[-58.8216153095663,-34.4397193172529]}",0101000020E6100000773DC2B02A694DC0A782FBB8483841C0
28948732,Piquete Retencion ST 132Kv,APRS1,S,AT Geografico,PILAR                                                                                                                                         ,"{""type"":""Point"",""coordinates"":[-58.8216553880721,-34.4409333894677]}",0101000020E61000000E2DF6002C694DC02FBD5B81703841C0
28948737,Piquete Retencion ST 132Kv,APRS1,S,AT Geografico,JOSECPAZ                                                                                                                                      ,"{""type"":""Point"",""coordinates"":[-58.8208560286169,-34.4536733311408]}",0101000020E610000025D172CF11694DC09E28BCF7113A41C0
29293188,Piquete Retencion ST 132Kv,APRS1,S,AT Geografico,SANFERNANDO                                                                                                                                   ,"{""type"":""Point"",""coordinates"":[-58.5505436666892,-34.4580973129872]}",0101000020E610000098B9013778464DC032D5C8EEA23A41C0
29293191,Piquete Retencion ST 132Kv,APRS1,S,AT Geografico,SANFERNANDO                                                                                                                                   ,"{""type"":""Point"",""coordinates"":[-58.5529104730855,-34.4592225295495]}",0101000020E61000004EC237C5C5464DC02E00C9CDC73A41C0
29293192,Piquete Retencion ST 132Kv,APRS1,S,AT Geografico,TIGRE                                                                                                                                         ,"{""type"":""Point"",""coordinates"":[-58.5843188100468,-34.4330229942848]}",0101000020E61000005ECB71F5CA4A4DC0416F274C6D3741C0
29293194,Piquete Retencion ST 132Kv,APRS1,S,AT Geografico,TIGRE                                                                                                                                         ,"{""type"":""Point"",""coordinates"":[-58.5824770470182,-34.4330521580611]}",0101000020E61000008ECE9D9B8E4A4DC0D62ACC406E3741C0
29293199,Piquete Retencion ST 132Kv,APRS1,S,AT Geografico,TIGRE                                                                                                                                         ,"{""type"":""Point"",""coordinates"":[-58.580977998944,-34.4291455365778]}",0101000020E61000007794B07C5D4A4DC0B969AE3DEE3641C0
29293201,Piquete Retencion ST 132Kv,APRS1,S,AT Geografico,SANFERNANDO                                                                                                                                   ,"{""type"":""Point"",""coordinates"":[-58.5504433164833,-34.4582821956006]}",0101000020E61000007B4C35ED74464DC0C838B1FDA83A41C0
29293204,Piquete Retencion ST 132Kv,APRS1,S,AT Geografico,SANFERNANDO                                                                                                                                   ,"{""type"":""Point"",""coordinates"":[-58.5528976785581,-34.4593915756138]}",0101000020E610000079B8E359C5464DC0DDA8D857CD3A41C0
29293205,Piquete Retencion ST 132Kv,APRS1,S,AT Geografico,TIGRE                                                                                                                                         ,"{""type"":""Point"",""coordinates"":[-58.58426715719,-34.4328023820587]}",0101000020E610000007212644C94A4DC05B498611663741C0
29293206,Piquete Retencion ST 132Kv,APRS1,S,AT Geografico,TIGRE                                                                                                                                         ,"{""type"":""Point"",""coordinates"":[-58.5836104899143,-34.4327972773962]}",0101000020E610000068E49FBFB34A4DC0731BB4E6653741C0
29293208,Piquete Retencion ST 132Kv,APRS1,S,AT Geografico,TIGRE                                                                                                                                         ,"{""type"":""Point"",""coordinates"":[-58.5832719463289,-34.4313773498143]}",0101000020E61000001614B7A7A84A4DC005D87C5F373741C0
29293209,Piquete Retencion ST 132Kv,APRS1,S,AT Geografico,TIGRE                                                                                                                                         ,"{""type"":""Point"",""coordinates"":[-58.5825495025917,-34.431112972325]}",0101000020E610000053F76AFB904A4DC03682BAB52E3741C0
29293211,Piquete Retencion ST 132Kv,APRS1,S,AT Geografico,TIGRE                                                                                                                                         ,"{""type"":""Point"",""coordinates"":[-58.5823915195117,-34.429435769736]}",0101000020E61000009FE228CE8B4A4DC0D25F55C0F73641C0
29293212,Piquete Retencion ST 132Kv,APRS1,S,AT Geografico,TIGRE                                                                                                                                         ,"{""type"":""Point"",""coordinates"":[-58.5822668045966,-34.4285687123846]}",0101000020E6100000F2A4F9B7874A4DC0EDE3ED56DB3641C0
29318037,Piquete Retencion ST 132Kv,APRS1,S,AT Geografico,PILAR                                                                                                                                         ,"{""type"":""Point"",""coordinates"":[-58.7778477418898,-34.4423688182786]}",0101000020E61000008F57CA8390634DC06AA39B8A9F3841C0
29318058,Piquete Retencion ST 132Kv,APRS1,S,AT Geografico,PILAR                                                                                                                                         ,"{""type"":""Point"",""coordinates"":[-58.7668213143671,-34.4567479927042]}",0101000020E6100000918A693327624DC0D196DDB7763A41C0
29318078,Piquete Retencion ST 132Kv,APRS1,S,AT Geografico,MALVINASARGENTINAS                                                                                                                            ,"{""type"":""Point"",""coordinates"":[-58.7562323747486,-34.4690075120254]}",0101000020E610000059DCF238CC604DC01DDD2A70083C41C0
29318081,Piquete Retencion ST 132Kv,APRS1,S,AT Geografico,MALVINASARGENTINAS                                                                                                                            ,"{""type"":""Point"",""coordinates"":[-58.7546356120565,-34.4682184480356]}",0101000020E6100000021755E697604DC030D90495EE3B41C0
29318082,Piquete Retencion ST 132Kv,APRS1,S,AT Geografico,MALVINASARGENTINAS                                                                                                                            ,"{""type"":""Point"",""coordinates"":[-58.7544768731975,-34.4685895540868]}",0101000020E610000057FCBBB292604DC06B0615BEFA3B41C0
29318091,Piquete Retencion ST 132Kv,APRS1,S,AT Geografico,MALVINASARGENTINAS                                                                                                                            ,"{""type"":""Point"",""coordinates"":[-58.7499506732302,-34.4742031412149]}",0101000020E610000082913762FE5F4DC0D49643B0B23C41C0
29318094,Piquete Retencion ST 132Kv,APRS1,S,AT Geografico,PILAR                                                                                                                                         ,"{""type"":""Point"",""coordinates"":[-58.7668444092967,-34.4569023022606]}",0101000020E6100000608625F527624DC096D64EC67B3A41C0
29318095,Piquete Retencion ST 132Kv,APRS1,S,AT Geografico,PILAR                                                                                                                                         ,"{""type"":""Point"",""coordinates"":[-58.7703602032926,-34.4524399852797]}",0101000020E610000009A4C3299B624DC0EE16AE8DE93941C0
29318110,Piquete Retencion ST 132Kv,APRS1,S,AT Geografico,PILAR                                                                                                                                         ,"{""type"":""Point"",""coordinates"":[-58.782568938939,-34.4589677417005]}",0101000020E6100000E1CD0F382B644DC0E6427874BF3A41C0
29318112,Piquete Retencion ST 132Kv,APRS1,S,AT Geografico,PILAR                                                                                                                                         ,"{""type"":""Point"",""coordinates"":[-58.7822750194893,-34.4601016405392]}",0101000020E610000096977C9621644DC0DB794D9CE43A41C0
29318113,Piquete Retencion ST 132Kv,APRS1,S,AT Geografico,PILAR                                                                                                                                         ,"{""type"":""Point"",""coordinates"":[-58.7825969078023,-34.460663249229]}",0101000020E6100000117BAE222C644DC02BF46A03F73A41C0
29318118,Piquete Retencion ST 132Kv,APRS1,S,AT Geografico,PILAR                                                                                                                                         ,"{""type"":""Point"",""coordinates"":[-58.7818939416161,-34.4420180885108]}",0101000020E61000004117C61915644DC07632790C943841C0
29318119,Piquete Retencion ST 132Kv,APRS1,S,AT Geografico,PILAR                                                                                                                                         ,"{""type"":""Point"",""coordinates"":[-58.7817618899046,-34.442163383746]}",0101000020E610000024330BC610644DC0C7564CCF983841C0
29318139,Piquete Retencion ST 132Kv,APRS1,S,AT Geografico,PILAR                                                                                                                                         ,"{""type"":""Point"",""coordinates"":[-58.7719324995117,-34.4550844813077]}",0101000020E6100000A90F24AFCE624DC01C115235403A41C0
29318147,Piquete Retencion ST 132Kv,APRS1,S,AT Geografico,PILAR                                                                                                                                         ,"{""type"":""Point"",""coordinates"":[-58.7785994802109,-34.4586514625182]}",0101000020E61000001E18D425A9634DC09BE35317B53A41C0
29318151,Piquete Retencion ST 132Kv,APRS1,S,AT Geografico,PILAR                                                                                                                                         ,"{""type"":""Point"",""coordinates"":[-58.7763920778516,-34.4615961910771]}",0101000020E6100000879FCBD060634DC031518095153B41C0
29318152,Piquete Retencion ST 132Kv,APRS1,S,AT Geografico,PILAR                                                                                                                                         ,"{""type"":""Point"",""coordinates"":[-58.7767448061156,-34.4620220410986]}",0101000020E610000061CDB15F6C634DC05646CA89233B41C0
29318153,Piquete Retencion ST 132Kv,APRS1,S,AT Geografico,PILAR                                                                                                                                         ,"{""type"":""Point"",""coordinates"":[-58.7772468982941,-34.4623096822826]}",0101000020E61000009D8B8CD37C634DC09403B3F62C3B41C0
29318157,Piquete Retencion ST 132Kv,APRS1,S,AT Geografico,PILAR                                                                                                                                         ,"{""type"":""Point"",""coordinates"":[-58.7799450246019,-34.4637566718215]}",0101000020E6100000E5AB123DD5634DC03563ED605C3B41C0
29318162,Piquete Retencion ST 132Kv,APRS1,S,AT Geografico,PILAR                                                                                                                                         ,"{""type"":""Point"",""coordinates"":[-58.7699645629316,-34.4571925655918]}",0101000020E6100000686FE4328E624DC075983649853A41C0
29318164,Piquete Retencion ST 132Kv,APRS1,S,AT Geografico,PILAR                                                                                                                                         ,"{""type"":""Point"",""coordinates"":[-58.7699158634698,-34.4589424919617]}",0101000020E61000001A235F9A8C624DC02FDCA8A0BE3A41C0
29318179,Piquete Retencion ST 132Kv,APRS1,S,AT Geografico,MALVINASARGENTINAS                                                                                                                            ,"{""type"":""Point"",""coordinates"":[-58.7624655766787,-34.4685054600338]}",0101000020E61000009414D67898614DC0DB6BA6FCF73B41C0
29318180,Piquete Retencion ST 132Kv,APRS1,S,AT Geografico,MALVINASARGENTINAS                                                                                                                            ,"{""type"":""Point"",""coordinates"":[-58.761677874878,-34.4695129957837]}",0101000020E610000006581DA97E614DC010F87800193C41C0
29318183,Piquete Retencion ST 132Kv,APRS1,S,AT Geografico,MALVINASARGENTINAS                                                                                                                            ,"{""type"":""Point"",""coordinates"":[-58.7603982230752,-34.4711865179129]}",0101000020E6100000AD059EBA54614DC04460FED64F3C41C0
29318184,Piquete Retencion ST 132Kv,APRS1,S,AT Geografico,MALVINASARGENTINAS                                                                                                                            ,"{""type"":""Point"",""coordinates"":[-58.7604718036993,-34.4713465109434]}",0101000020E61000009B35DB2357614DC0F2CA1C15553C41C0
29318185,Piquete Retencion ST 132Kv,APRS1,S,AT Geografico,MALVINASARGENTINAS                                                                                                                            ,"{""type"":""Point"",""coordinates"":[-58.7601905734055,-34.471513146654]}",0101000020E61000008CC0B9EC4D614DC0AF41F48A5A3C41C0
29318196,Piquete Retencion ST 132Kv,APRS1,S,AT Geografico,MALVINASARGENTINAS                                                                                                                            ,"{""type"":""Point"",""coordinates"":[-58.7541397100872,-34.4790736415599]}",0101000020E610000046B867A687604DC01370FB48523D41C0
29318204,Piquete Retencion ST 132Kv,APRS1,S,AT Geografico,MALVINASARGENTINAS                                                                                                                            ,"{""type"":""Point"",""coordinates"":[-58.7492103866844,-34.4761546515557]}",0101000020E610000005513E20E65F4DC08D22B8A2F23C41C0
29318206,Piquete Retencion ST 132Kv,APRS1,S,AT Geografico,PILAR                                                                                                                                         ,"{""type"":""Point"",""coordinates"":[-58.7800938753887,-34.4417655675743]}",0101000020E6100000574DB91DDA634DC0819D2CC68B3841C0
29426823,Piquete Retencion ST 132Kv,APRS1,S,AT Geografico,MALVINASARGENTINAS                                                                                                                            ,"{""type"":""Point"",""coordinates"":[-58.7291342564797,-34.5004165422563]}",0101000020E610000099FC7445545D4DC028AF35A60D4041C0
29426824,Piquete Retencion ST 132Kv,APRS1,S,AT Geografico,MALVINASARGENTINAS                                                                                                                            ,"{""type"":""Point"",""coordinates"":[-58.7292119089847,-34.5015173236515]}",0101000020E6100000B378DAD0565D4DC0F9BA3BB8314041C0
29426833,Piquete Retencion ST 132Kv,APRS1,S,AT Geografico,MALVINASARGENTINAS                                                                                                                            ,"{""type"":""Point"",""coordinates"":[-58.7247677279638,-34.5071820587453]}",0101000020E61000007D665C30C55C4DC0E5B67957EB4041C0
29426834,Piquete Retencion ST 132Kv,APRS1,S,AT Geografico,MALVINASARGENTINAS                                                                                                                            ,"{""type"":""Point"",""coordinates"":[-58.7250479845305,-34.5077811956301]}",0101000020E610000070CB525FCE5C4DC0A36066F9FE4041C0
29426835,Piquete Retencion ST 132Kv,APRS1,S,AT Geografico,MALVINASARGENTINAS                                                                                                                            ,"{""type"":""Point"",""coordinates"":[-58.7258243200446,-34.5081178639822]}",0101000020E6100000CC9DB2CFE75C4DC0922894010A4141C0
29426872,Piquete Retencion ST 132Kv,APRS1,S,AT Geografico,MALVINASARGENTINAS                                                                                                                            ,"{""type"":""Point"",""coordinates"":[-58.7296933543044,-34.5010492805337]}",0101000020E6100000426C8297665D4DC0D3C90062224041C0
29426874,Piquete Retencion ST 132Kv,APRS1,S,AT Geografico,MALVINASARGENTINAS                                                                                                                            ,"{""type"":""Point"",""coordinates"":[-58.7301076553229,-34.5016647254347]}",0101000020E6100000E315EB2A745D4DC03CA6BA8C364041C0
29426883,Piquete Retencion ST 132Kv,APRS1,S,AT Geografico,MALVINASARGENTINAS                                                                                                                            ,"{""type"":""Point"",""coordinates"":[-58.7255151668874,-34.507492187885]}",0101000020E6100000434455AEDD5C4DC087F80681F54041C0
29453362,Piquete Retencion ST 132Kv,APRS1,S,AT Geografico,PILAR                                                                                                                                         ,"{""type"":""Point"",""coordinates"":[-58.8365155690931,-34.3931547495762]}",0101000020E6100000BCEC31F1126B4DC033D913E5523241C0
29453364,Piquete Retencion ST 132Kv,APRS1,S,AT Geografico,PILAR                                                                                                                                         ,"{""type"":""Point"",""coordinates"":[-58.8365861455528,-34.3931969625377]}",0101000020E6100000CFB73B41156B4DC02F7E2F47543241C0
29495393,Piquete Retencion ST 132Kv,APRS1,S,AT Geografico,PILAR                                                                                                                                         ,"{""type"":""Point"",""coordinates"":[-58.8702051619641,-34.4422936196868]}",0101000020E610000022B9FBE1626F4DC05EE4CB139D3841C0
29495395,Piquete Retencion ST 132Kv,APRS1,S,AT Geografico,PILAR                                                                                                                                         ,"{""type"":""Point"",""coordinates"":[-58.8703429216583,-34.4423207632251]}",0101000020E6100000F1699865676F4DC05F327EF79D3841C0
29600056,Piquete Retencion ST 132Kv,APRS1,S,AT Geografico,TIGRE                                                                                                                                         ,"{""type"":""Point"",""coordinates"":[-58.6173521449475,-34.4842274589389]}",0101000020E61000001C552465054F4DC0E5FB552AFB3D41C0
29600058,Piquete Retencion ST 132Kv,APRS1,S,AT Geografico,TIGRE                                                                                                                                         ,"{""type"":""Point"",""coordinates"":[-58.6171255032878,-34.4841392129674]}",0101000020E61000000213EFF7FD4E4DC0F8331346F83D41C0
29600059,Piquete Retencion ST 132Kv,APRS1,S,AT Geografico,TIGRE                                                                                                                                         ,"{""type"":""Point"",""coordinates"":[-58.6177635915691,-34.4837341049137]}",0101000020E61000006E399BE0124F4DC03D48C8FFEA3D41C0
29600060,Piquete Retencion ST 132Kv,APRS1,S,AT Geografico,TIGRE                                                                                                                                         ,"{""type"":""Point"",""coordinates"":[-58.6174908664706,-34.4836625355041]}",0101000020E6100000EE88D2F0094F4DC031256AA7E83D41C0
29753760,Piquete Retencion ST 132Kv,APRS1,S,AT Geografico,MERLO                                                                                                                                         ,"{""type"":""Point"",""coordinates"":[-58.7634186794951,-34.7052415952587]}",0101000020E610000022CB0AB4B7614DC024B5495B455A41C0
29753773,Piquete Retencion ST 132Kv,APRS1,S,AT Geografico,MERLO                                                                                                                                         ,"{""type"":""Point"",""coordinates"":[-58.7727962855704,-34.6983244201498]}",0101000020E61000005D7F1AFDEA624DC05445D1B1625941C0
29753774,Piquete Retencion ST 132Kv,APRS1,S,AT Geografico,MERLO                                                                                                                                         ,"{""type"":""Point"",""coordinates"":[-58.7632616895753,-34.7058155976167]}",0101000020E610000003821D8FB2614DC09A625E2A585A41C0
28214701,Desvio en T Simple Terna,ADTST,S,AT Geografico,LAMATANZA                                                                                                                                       ,"{""type"":""Point"",""coordinates"":[-58.6304568668325,-34.7836742311928]}",0101000020E6100000CB4A84CFB2504DC077D8EC6F4F6441C0
28261159,Desvio en T Simple Terna,ADTST,S,AT Geografico,LAMATANZA                                                                                                                                       ,"{""type"":""Point"",""coordinates"":[-58.6308061171343,-34.783659587239]}",0101000020E6100000AE9A3D41BE504DC0BB3115F54E6441C0
29690090,Desvio en T Simple Terna,ADTST,S,AT Geografico,TIGRE                                                                                                                                           ,"{""type"":""Point"",""coordinates"":[-58.6285611302438,-34.4092312860303]}",0101000020E610000084F7ECB074504DC00200D7B0613441C0
29690091,Desvio en T Simple Terna,ADTST,S,AT Geografico,TIGRE                                                                                                                                           ,"{""type"":""Point"",""coordinates"":[-58.6284367651761,-34.4093443096213]}",0101000020E61000008604AD9D70504DC04250F364653441C0
18083514,Desvio en T Querandies,ADTQ,S,AT Geografico,LAMATANZA                                                                                                                                          ,"{""type"":""Point"",""coordinates"":[-58.5291041024397,-34.7218176948643]}",0101000020E61000003814E8AEB9434DC0DF8EB085645C41C0
18077226,Piquete Ret. Quiebre ST 132Kv,APQS1,S,AT Geografico,LAMATANZA                                                                                                                                  ,"{""type"":""Point"",""coordinates"":[-58.6295046320494,-34.7844304264007]}",0101000020E610000091AA979B93504DC06BB05937686441C0
27325174,Piquete Ret. Quiebre ST 132Kv,APQS1,S,AT Geografico,SANMIGUEL                                                                                                                                  ,"{""type"":""Point"",""coordinates"":[-58.7380185468007,-34.560428033324]}",0101000020E6100000E22C4964775E4DC0AC71151BBC4741C0
28260564,Piquete Ret. Quiebre ST 132Kv,APQS1,S,AT Geografico,"","{""type"":""Point"",""coordinates"":[-58.5794753771307,-34.7010502450392]}",0101000020E61000008DCEC83F2C4A4DC0EAA5B103BC5941C0
28481501,Piquete Ret. Quiebre ST 132Kv,APQS1,S,AT Geografico,SANMIGUEL                                                                                                                                  ,"{""type"":""Point"",""coordinates"":[-58.7447934016183,-34.5557113410674]}",0101000020E6100000111DE363555F4DC049F3998C214741C0
28481502,Piquete Ret. Quiebre ST 132Kv,APQS1,S,AT Geografico,SANMIGUEL                                                                                                                                  ,"{""type"":""Point"",""coordinates"":[-58.7451160294739,-34.556284327265]}",0101000020E6100000682849F65F5F4DC0BA702853344741C0
29318059,Piquete Ret. Quiebre ST 132Kv,APQS1,S,AT Geografico,PILAR                                                                                                                                      ,"{""type"":""Point"",""coordinates"":[-58.7660195306951,-34.4565268925824]}",0101000020E6100000653790ED0C624DC063B124796F3A41C0
29318111,Piquete Ret. Quiebre ST 132Kv,APQS1,S,AT Geografico,PILAR                                                                                                                                      ,"{""type"":""Point"",""coordinates"":[-58.7819293911533,-34.4593892076683]}",0101000020E61000006864254316644DC01189FB43CD3A41C0
29318209,Piquete Ret. Quiebre ST 132Kv,APQS1,S,AT Geografico,PILAR                                                                                                                                      ,"{""type"":""Point"",""coordinates"":[-58.7814193492119,-34.4623269388156]}",0101000020E6100000CEA99A8C05644DC0EC2275872D3B41C0
29318210,Piquete Ret. Quiebre ST 132Kv,APQS1,S,AT Geografico,PILAR                                                                                                                                      ,"{""type"":""Point"",""coordinates"":[-58.7813635588893,-34.4623945815174]}",0101000020E610000097DB99B803644DC079BBE2BE2F3B41C0
29426873,Piquete Ret. Quiebre ST 132Kv,APQS1,S,AT Geografico,MALVINASARGENTINAS                                                                                                                         ,"{""type"":""Point"",""coordinates"":[-58.7295510891743,-34.5012355964591]}",0101000020E6100000DF611AEE615D4DC00431EF7C284041C0
29426884,Piquete Ret. Quiebre ST 132Kv,APQS1,S,AT Geografico,MALVINASARGENTINAS                                                                                                                         ,"{""type"":""Point"",""coordinates"":[-58.7262052473905,-34.5078905920438]}",0101000020E6100000E9DC254BF45C4DC01D63158F024141C0
29753775,Piquete Ret. Quiebre ST 132Kv,APQS1,S,AT Geografico,MERLO                                                                                                                                      ,"{""type"":""Point"",""coordinates"":[-58.7636404187647,-34.7061726250316]}",0101000020E6100000C53F20F8BE614DC0B1EB54DD635A41C0
29753790,Piquete Ret. Quiebre ST 132Kv,APQS1,S,AT Geografico,MERLO                                                                                                                                      ,"{""type"":""Point"",""coordinates"":[-58.7739309726834,-34.6985145925651]}",0101000020E6100000AB848C2B10634DC0476C19ED685941C0
29753796,Piquete Ret. Quiebre ST 132Kv,APQS1,S,AT Geografico,MERLO                                                                                                                                      ,"{""type"":""Point"",""coordinates"":[-58.7650563430768,-34.6865362131188]}",0101000020E61000005E8EC25DED614DC0B36E2B6BE05741C0
18076082,Piquete Suspension ST 132Kv,APSS1,S,AT Geografico,JOSECPAZ                                                                                                                                     ,"{""type"":""Point"",""coordinates"":[-58.8067196226378,-34.4800266506354]}",0101000020E6100000AD22AE9642674DC0FFD76683713D41C0
29753789,Piquete Retencion ST 132Kv,APRS1,S,AT Geografico,MERLO                                                                                                                                         ,"{""type"":""Point"",""coordinates"":[-58.7733450103213,-34.6989509600525]}",0101000020E61000006EED23F8FC624DC079779D39775941C0
29753797,Piquete Retencion ST 132Kv,APRS1,S,AT Geografico,MERLO                                                                                                                                         ,"{""type"":""Point"",""coordinates"":[-58.7691033568141,-34.6915571848975]}",0101000020E6100000586192FA71624DC0673922F2845841C0
29753819,Piquete Retencion ST 132Kv,APRS1,S,AT Geografico,MERLO                                                                                                                                         ,"{""type"":""Point"",""coordinates"":[-58.7864687386772,-34.6718270753728]}",0101000020E6100000F7F8F301AB644DC097A5FA6DFE5541C0
29753820,Piquete Retencion ST 132Kv,APRS1,S,AT Geografico,MERLO                                                                                                                                         ,"{""type"":""Point"",""coordinates"":[-58.7875088356368,-34.6707051277596]}",0101000020E6100000842FEB16CD644DC0587E66AAD95541C0
29753821,Piquete Retencion ST 132Kv,APRS1,S,AT Geografico,MERLO                                                                                                                                         ,"{""type"":""Point"",""coordinates"":[-58.785679771652,-34.6695611249522]}",0101000020E6100000E42F9E2791644DC0DB2BCF2DB45541C0
29753834,Piquete Retencion ST 132Kv,APRS1,S,AT Geografico,MORENO                                                                                                                                        ,"{""type"":""Point"",""coordinates"":[-58.7952641155819,-34.6726726340628]}",0101000020E6100000A90DEC36CB654DC0671B0A231A5641C0
30048517,Piquete Retencion ST 132Kv,APRS1,S,AT Geografico,MORENO                                                                                                                                        ,"{""type"":""Point"",""coordinates"":[-58.7966580158506,-34.6730848568265]}",0101000020E61000005516CEE3F8654DC054C003A5275641C0
30048518,Piquete Retencion ST 132Kv,APRS1,S,AT Geografico,MORENO                                                                                                                                        ,"{""type"":""Point"",""coordinates"":[-58.7973675063567,-34.6723554137283]}",0101000020E6100000FE58712310664DC02EA000BE0F5641C0
18077340,Desvio en T Simple Terna,ADTST,S,AT Geografico,MERLO                                                                                                                                           ,"{""type"":""Point"",""coordinates"":[-58.7006375676056,-34.7247095263985]}",0101000020E6100000829BE77DAE594DC09C7D2148C35C41C0
18077345,Desvio en T Simple Terna,ADTST,S,AT Geografico,MERLO                                                                                                                                           ,"{""type"":""Point"",""coordinates"":[-58.715547623936,-34.7375188096271]}",0101000020E610000095C48510975B4DC044C42F04675E41C0
18077365,Desvio en T Simple Terna,ADTST,S,AT Geografico,MERLO                                                                                                                                           ,"{""type"":""Point"",""coordinates"":[-58.7018334649682,-34.7258245584155]}",0101000020E610000071A3D1ADD5594DC09F83B2D1E75C41C0
