id,descripcion,tipo,clasificacion,tipo_red,jurisdiccion,geojson,geom
18091459,Entrada AT,TEAT,S,AT Geografico,CABA,"{""type"":""Point"",""coordinates"":[-58.4864527596678,-34.5607848961762]}",0101000020E610000041E98215443E4DC06C95AACCC74741C0
18091460,Entrada AT,TEAT,S,AT Geografico,CABA,"{""type"":""Point"",""coordinates"":[-58.486356677624,-34.5609263535391]}",0101000020E61000000F4B84EF403E4DC01FF54B6FCC4741C0
18093500,Entrada AT,TEAT,S,AT Geografico,CABA,"{""type"":""Point"",""coordinates"":[-58.4499249824612,-34.5527666357178]}",0101000020E61000007EA94E2497394DC02A5D9F0EC14641C0
18093501,Entrada AT,TEAT,S,AT Geografico,CABA,"{""type"":""Point"",""coordinates"":[-58.4498447029518,-34.5527200481025]}",0101000020E610000076BADF8294394DC0C738D187BF4641C0
18094939,Entrada AT,TEAT,S,AT Geografico,SANISIDRO                                                                                                                                                      ,"{""type"":""Point"",""coordinates"":[-58.5134723822873,-34.4696622841456]}",0101000020E61000005AA98876B9414DC0FC48CBE41D3C41C0
18094940,Entrada AT,TEAT,S,AT Geografico,SANISIDRO                                                                                                                                                      ,"{""type"":""Point"",""coordinates"":[-58.5134073741964,-34.4697159603995]}",0101000020E610000070D93455B7414DC09F2910A71F3C41C0
18094941,Entrada AT,TEAT,S,AT Geografico,SANISIDRO                                                                                                                                                      ,"{""type"":""Point"",""coordinates"":[-58.5133423660224,-34.4697696366072]}",0101000020E6100000D6DBE033B5414DC0DAF05469213C41C0
18094942,Entrada AT,TEAT,S,AT Geografico,SANISIDRO                                                                                                                                                      ,"{""type"":""Point"",""coordinates"":[-58.513277357776,-34.4698233127778]}",0101000020E610000070B68C12B3414DC0B3A3992B233C41C0
18101922,Entrada AT,TEAT,S,AT Geografico,CABA,"{""type"":""Point"",""coordinates"":[-58.4224689988528,-34.5822362990667]}",0101000020E6100000C3D2D27613364DC08E8413B8864A41C0
18101923,Entrada AT,TEAT,S,AT Geografico,CABA,"{""type"":""Point"",""coordinates"":[-58.4223580341459,-34.5823162167055]}",0101000020E610000001EEFBD30F364DC020577956894A41C0
18110409,Entrada AT,TEAT,S,AT Geografico,CABA,"{""type"":""Point"",""coordinates"":[-58.4604636863319,-34.5635093566262]}",0101000020E610000043E55C79F03A4DC08AD91813214841C0
18110410,Entrada AT,TEAT,S,AT Geografico,CABA,"{""type"":""Point"",""coordinates"":[-58.4602862415436,-34.5637234887933]}",0101000020E6100000441DD9A8EA3A4DC05C2D5E17284841C0
18116305,Entrada AT,TEAT,S,AT Geografico,VICENTELOPEZ                                                                                                                                                   ,"{""type"":""Point"",""coordinates"":[-58.5232567542109,-34.5443611231481]}",0101000020E6100000A25FCB13FA424DC0439112A0AD4541C0
18116306,Entrada AT,TEAT,S,AT Geografico,VICENTELOPEZ                                                                                                                                                   ,"{""type"":""Point"",""coordinates"":[-58.5228888859592,-34.5441875513051]}",0101000020E61000007B51E405EE424DC073DF0BF0A74541C0
18543850,Entrada AT,TEAT,S,AT Geografico,SANFERNANDO                                                                                                                                                    ,"{""type"":""Point"",""coordinates"":[-58.5476557018474,-34.4617598499651]}",0101000020E61000008273009519464DC05B1A5FF21A3B41C0
18543851,Entrada AT,TEAT,S,AT Geografico,SANFERNANDO                                                                                                                                                    ,"{""type"":""Point"",""coordinates"":[-58.5476251465446,-34.4618014201797]}",0101000020E61000002970AF9418464DC08475164F1C3B41C0
18543852,Entrada AT,TEAT,S,AT Geografico,SANFERNANDO                                                                                                                                                    ,"{""type"":""Point"",""coordinates"":[-58.5475945912109,-34.4618429903946]}",0101000020E6100000D05B5E9417464DC0D8D0CDAB1D3B41C0
18543853,Entrada AT,TEAT,S,AT Geografico,SANFERNANDO                                                                                                                                                    ,"{""type"":""Point"",""coordinates"":[-58.5475640358466,-34.4618845605918]}",0101000020E6100000A0360D9416464DC0742285081F3B41C0
18544316,Entrada AT,TEAT,S,AT Geografico,GRALSANMARTIN                                                                                                                                                  ,"{""type"":""Point"",""coordinates"":[-58.5271334561127,-34.5797400713563]}",0101000020E6100000D650ED1B79434DC0F45333EC344A41C0
18544317,Entrada AT,TEAT,S,AT Geografico,GRALSANMARTIN                                                                                                                                                  ,"{""type"":""Point"",""coordinates"":[-58.527250283506,-34.5799166078753]}",0101000020E6100000863BF2EF7C434DC0A59D18B53A4A41C0
18544966,Entrada AT,TEAT,S,AT Geografico,SANISIDRO                                                                                                                                                      ,"{""type"":""Point"",""coordinates"":[-58.5152289856482,-34.5001318452778]}",0101000020E6100000BBA7FD05F3414DC0FD93FF51044041C0
18544967,Entrada AT,TEAT,S,AT Geografico,SANISIDRO                                                                                                                                                      ,"{""type"":""Point"",""coordinates"":[-58.5151435717319,-34.5000921116216]}",0101000020E61000009EAA7C39F0414DC07D33B004034041C0
18544968,Entrada AT,TEAT,S,AT Geografico,SANISIDRO                                                                                                                                                      ,"{""type"":""Point"",""coordinates"":[-58.5150581578981,-34.5000523779075]}",0101000020E6100000EFDAFB6CED414DC02BB360B7014041C0
18544969,Entrada AT,TEAT,S,AT Geografico,SANISIDRO                                                                                                                                                      ,"{""type"":""Point"",""coordinates"":[-58.5149727441471,-34.5000126441265]}",0101000020E6100000BE387BA0EA414DC0120E116A004041C0
18544970,Entrada AT,TEAT,S,AT Geografico,SANISIDRO                                                                                                                                                      ,"{""type"":""Point"",""coordinates"":[-58.5148911266443,-34.4999746762445]}",0101000020E61000000FF8D2F3E7414DC035A6912BFF3F41C0
18544971,Entrada AT,TEAT,S,AT Geografico,SANISIDRO                                                                                                                                                      ,"{""type"":""Point"",""coordinates"":[-58.5148019169037,-34.4999331764091]}",0101000020E610000078827A07E5414DC0606E71CFFD3F41C0
18544972,Entrada AT,TEAT,S,AT Geografico,SANISIDRO                                                                                                                                                      ,"{""type"":""Point"",""coordinates"":[-58.5147165034004,-34.4998934424634]}",0101000020E61000007D68FA3AE2414DC0BE6E2182FC3F41C0
18544973,Entrada AT,TEAT,S,AT Geografico,SANISIDRO                                                                                                                                                      ,"{""type"":""Point"",""coordinates"":[-58.51463108998,-34.4998537084509]}",0101000020E6100000037C7A6EDF414DC0584AD134FB3F41C0
18544974,Entrada AT,TEAT,S,AT Geografico,SANISIDRO                                                                                                                                                      ,"{""type"":""Point"",""coordinates"":[-58.514545676642,-34.4998139743894]}",0101000020E6100000DEBCFAA1DC414DC0100B81E7F93F41C0
18544975,Entrada AT,TEAT,S,AT Geografico,SANISIDRO                                                                                                                                                      ,"{""type"":""Point"",""coordinates"":[-58.5152997204587,-34.5001140952095]}",0101000020E61000000D815B57F5414DC0BC9819BD034041C0
18544976,Entrada AT,TEAT,S,AT Geografico,SANISIDRO                                                                                                                                                      ,"{""type"":""Point"",""coordinates"":[-58.5145309980383,-34.4997564906424]}",0101000020E61000002AADD826DC414DC0F3A24B05F83F41C0
18546809,Entrada AT,TEAT,S,AT Geografico,3DEFEBRERO                                                                                                                                                     ,"{""type"":""Point"",""coordinates"":[-58.5467400710743,-34.6240719548004]}",0101000020E6100000A0562294FB454DC0FB1BFE96E14F41C0
18546810,Entrada AT,TEAT,S,AT Geografico,3DEFEBRERO                                                                                                                                                     ,"{""type"":""Point"",""coordinates"":[-58.5463289779882,-34.6238819635256]}",0101000020E610000087A8A21BEE454DC00AF43A5DDB4F41C0
18547258,Entrada AT,TEAT,S,AT Geografico,MORON                                                                                                                                                          ,"{""type"":""Point"",""coordinates"":[-58.5697015209962,-34.6356239149349]}",0101000020E61000007A94BCFAEB484DC0B999DB1F5C5141C0
18547259,Entrada AT,TEAT,S,AT Geografico,MORON                                                                                                                                                          ,"{""type"":""Point"",""coordinates"":[-58.5698977817848,-34.6356254486882]}",0101000020E6100000146A1769F2484DC0854FB92C5C5141C0
18547260,Entrada AT,TEAT,S,AT Geografico,MORON                                                                                                                                                          ,"{""type"":""Point"",""coordinates"":[-58.5703884338488,-34.6356292816946]}",0101000020E6100000D8B2FA7C02494DC014A1E04C5C5141C0
18547261,Entrada AT,TEAT,S,AT Geografico,MORON                                                                                                                                                          ,"{""type"":""Point"",""coordinates"":[-58.5702903034288,-34.6356285152567]}",0101000020E6100000E939CD45FF484DC059B772465C5141C0
18547262,Entrada AT,TEAT,S,AT Geografico,MORON                                                                                                                                                          ,"{""type"":""Point"",""coordinates"":[-58.5698927720095,-34.636063434094]}",0101000020E6100000FA00113FF2484DC0C0CECF866A5141C0
18550475,Entrada AT,TEAT,S,AT Geografico,MORON                                                                                                                                                          ,"{""type"":""Point"",""coordinates"":[-58.6228743745686,-34.6426860650942]}",0101000020E6100000ED24F658BA4F4DC05A967789435241C0
18550476,Entrada AT,TEAT,S,AT Geografico,MORON                                                                                                                                                          ,"{""type"":""Point"",""coordinates"":[-58.6234631269943,-34.6426764351637]}",0101000020E6100000EE59C6A3CD4F4DC01278AF38435241C0
18552654,Entrada AT,TEAT,S,AT Geografico,TIGRE                                                                                                                                                          ,"{""type"":""Point"",""coordinates"":[-58.5814592663452,-34.428920356526]}",0101000020E61000005A74DA416D4A4DC01CEFBBDCE63641C0
18552655,Entrada AT,TEAT,S,AT Geografico,TIGRE                                                                                                                                                          ,"{""type"":""Point"",""coordinates"":[-58.5815840184211,-34.4288659690031]}",0101000020E6100000567F5958714A4DC0279E7F14E53641C0
18558781,Entrada AT,TEAT,S,AT Geografico,GRALSANMARTIN                                                                                                                                                  ,"{""type"":""Point"",""coordinates"":[-58.5550528321397,-34.5615140717602]}",0101000020E6100000D3CBA0F80B474DC0153A6FB1DF4741C0
18558782,Entrada AT,TEAT,S,AT Geografico,GRALSANMARTIN                                                                                                                                                  ,"{""type"":""Point"",""coordinates"":[-58.5548353169064,-34.5616724738603]}",0101000020E6100000B563FAD704474DC0912535E2E44741C0
18558783,Entrada AT,TEAT,S,AT Geografico,GRALSANMARTIN                                                                                                                                                  ,"{""type"":""Point"",""coordinates"":[-58.5542614262267,-34.5615068642502]}",0101000020E6100000008AD509F2464DC08C37F974DF4741C0
18558784,Entrada AT,TEAT,S,AT Geografico,GRALSANMARTIN                                                                                                                                                  ,"{""type"":""Point"",""coordinates"":[-58.554335021905,-34.5614532699509]}",0101000020E6100000070E3373F4464DC0EA5564B3DD4741C0
18558785,Entrada AT,TEAT,S,AT Geografico,GRALSANMARTIN                                                                                                                                                  ,"{""type"":""Point"",""coordinates"":[-58.5544086175001,-34.5613996756045]}",0101000020E61000004F6490DCF6464DC0665ACFF1DB4741C0
18558786,Entrada AT,TEAT,S,AT Geografico,GRALSANMARTIN                                                                                                                                                  ,"{""type"":""Point"",""coordinates"":[-58.5544822129903,-34.5613460812108]}",0101000020E6100000E180ED45F9464DC0DC443A30DA4741C0
18558787,Entrada AT,TEAT,S,AT Geografico,GRALSANMARTIN                                                                                                                                                  ,"{""type"":""Point"",""coordinates"":[-58.5545558083863,-34.5612924867698]}",0101000020E6100000B8694AAFFB464DC05E15A56ED84741C0
18558788,Entrada AT,TEAT,S,AT Geografico,GRALSANMARTIN                                                                                                                                                  ,"{""type"":""Point"",""coordinates"":[-58.5546294036882,-34.5612388922817]}",0101000020E6100000D71EA718FE464DC0EDCB0FADD64741C0
18558789,Entrada AT,TEAT,S,AT Geografico,GRALSANMARTIN                                                                                                                                                  ,"{""type"":""Point"",""coordinates"":[-58.5547029988961,-34.5611852977463]}",0101000020E61000003BA0038200474DC086687AEBD44741C0
18558790,Entrada AT,TEAT,S,AT Geografico,GRALSANMARTIN                                                                                                                                                  ,"{""type"":""Point"",""coordinates"":[-58.5541878304544,-34.5615604585023]}",0101000020E610000044D277A0EF464DC03AFF8D36E14741C0
18561739,Entrada AT,TEAT,S,AT Geografico,3DEFEBRERO                                                                                                                                                     ,"{""type"":""Point"",""coordinates"":[-58.562632073369,-34.6016128871037]}",0101000020E61000007A66E95304484DC02F7BADA6014D41C0
18561740,Entrada AT,TEAT,S,AT Geografico,3DEFEBRERO                                                                                                                                                     ,"{""type"":""Point"",""coordinates"":[-58.5626530498462,-34.6020018395783]}",0101000020E6100000C20AE00305484DC0708F72650E4D41C0
18569152,Entrada AT,TEAT,S,AT Geografico,LAMATANZA                                                                                                                                                      ,"{""type"":""Point"",""coordinates"":[-58.552648430568,-34.6694383910872]}",0101000020E6100000D7BC0B2FBD464DC007343E28B05541C0
18569153,Entrada AT,TEAT,S,AT Geografico,LAMATANZA                                                                                                                                                      ,"{""type"":""Point"",""coordinates"":[-58.5525957358299,-34.6693902748673]}",0101000020E610000039A60275BB464DC05F689D94AE5541C0
18573199,Entrada AT,TEAT,S,AT Geografico,MERLO                                                                                                                                                          ,"{""type"":""Point"",""coordinates"":[-58.7430661739017,-34.6676248187127]}",0101000020E6100000F4D5D9CA1C5F4DC03D2FE5BA745541C0
18573200,Entrada AT,TEAT,S,AT Geografico,MERLO                                                                                                                                                          ,"{""type"":""Point"",""coordinates"":[-58.7425599182099,-34.668032420273]}",0101000020E6100000180412340C5F4DC0C5DE1A16825541C0
18574284,Entrada AT,TEAT,S,AT Geografico,MERLO                                                                                                                                                          ,"{""type"":""Point"",""coordinates"":[-58.7422846693138,-34.6675201046847]}",0101000020E61000002C831D2F035F4DC084857D4C715541C0
18574285,Entrada AT,TEAT,S,AT Geografico,MERLO                                                                                                                                                          ,"{""type"":""Point"",""coordinates"":[-58.7424534211409,-34.6673842380977]}",0101000020E61000003F4DB5B6085F4DC06F3FC2D86C5541C0
18578487,Entrada AT,TEAT,S,AT Geografico,MALVINASARGENTINAS                                                                                                                                             ,"{""type"":""Point"",""coordinates"":[-58.7257685164723,-34.5084409909777]}",0101000020E61000007E5B95FBE55C4DC0F5182A98144141C0
18578488,Entrada AT,TEAT,S,AT Geografico,MALVINASARGENTINAS                                                                                                                                             ,"{""type"":""Point"",""coordinates"":[-58.7257835646617,-34.5081907549582]}",0101000020E61000001B19D179E65C4DC0625608650C4141C0
18579216,Entrada AT,TEAT,S,AT Geografico,JOSECPAZ                                                                                                                                                       ,"{""type"":""Point"",""coordinates"":[-58.7649007844379,-34.5414800231167]}",0101000020E61000003FECD644E8614DC09C5CA7374F4541C0
18579217,Entrada AT,TEAT,S,AT Geografico,JOSECPAZ                                                                                                                                                       ,"{""type"":""Point"",""coordinates"":[-58.7647699032273,-34.541611510053]}",0101000020E6100000C0A9EDFAE3614DC05268A586534541C0
18581078,Entrada AT,TEAT,S,AT Geografico,HURLINGHAM                                                                                                                                                     ,"{""type"":""Point"",""coordinates"":[-58.621696837459,-34.596998201482]}",0101000020E6100000DE7410C3934F4DC06391E36F6A4C41C0
18581079,Entrada AT,TEAT,S,AT Geografico,HURLINGHAM                                                                                                                                                     ,"{""type"":""Point"",""coordinates"":[-58.6220392055306,-34.5972931180379]}",0101000020E6100000B34A0EFB9E4F4DC09C0CD419744C41C0
18586906,Entrada AT,TEAT,S,AT Geografico,SANISIDRO                                                                                                                                                      ,"{""type"":""Point"",""coordinates"":[-58.5636062472601,-34.4912722114861]}",0101000020E6100000DBE6DF3F24484DC016E20002E23E41C0
18641354,Entrada AT,TEAT,S,AT Geografico,CABA,"{""type"":""Point"",""coordinates"":[-58.4051516617522,-34.5878315680998]}",0101000020E6100000AA927802DC334DC0C54598103E4B41C0
18586907,Entrada AT,TEAT,S,AT Geografico,SANISIDRO                                                                                                                                                      ,"{""type"":""Point"",""coordinates"":[-58.5639520264383,-34.4911495338264]}",0101000020E610000061087B942F484DC0789DE8FCDD3E41C0
18595862,Entrada AT,TEAT,S,AT Geografico,TIGRE                                                                                                                                                          ,"{""type"":""Point"",""coordinates"":[-58.7007644052293,-34.4451412787516]}",0101000020E61000008C54E5A5B2594DC0372BB163FA3841C0
18595863,Entrada AT,TEAT,S,AT Geografico,TIGRE                                                                                                                                                          ,"{""type"":""Point"",""coordinates"":[-58.700712207878,-34.4452099090066]}",0101000020E6100000375F08F0B0594DC0EF8467A3FC3841C0
18597474,Entrada AT,TEAT,S,AT Geografico,PILAR                                                                                                                                                          ,"{""type"":""Point"",""coordinates"":[-58.7819465854228,-34.4626765029544]}",0101000020E61000000FCE61D316644DC08A68D0FB383B41C0
18597475,Entrada AT,TEAT,S,AT Geografico,PILAR                                                                                                                                                          ,"{""type"":""Point"",""coordinates"":[-58.7819975721907,-34.4626072437398]}",0101000020E6100000210E177F18644DC0A560D3B6363B41C0
18598920,Entrada AT,TEAT,S,AT Geografico,3DEFEBRERO                                                                                                                                                     ,"{""type"":""Point"",""coordinates"":[-58.59526665093,-34.5715816203165]}",0101000020E6100000621297B2314C4DC083202796294941C0
18598921,Entrada AT,TEAT,S,AT Geografico,3DEFEBRERO                                                                                                                                                     ,"{""type"":""Point"",""coordinates"":[-58.5952132891583,-34.5715329539446]}",0101000020E61000002F8AF5F22F4C4DC0A3E3E8FD274941C0
18598922,Entrada AT,TEAT,S,AT Geografico,3DEFEBRERO                                                                                                                                                     ,"{""type"":""Point"",""coordinates"":[-58.5957961546745,-34.5711843604962]}",0101000020E610000066B4630C434C4DC0B528B2911C4941C0
18598923,Entrada AT,TEAT,S,AT Geografico,3DEFEBRERO                                                                                                                                                     ,"{""type"":""Point"",""coordinates"":[-58.5957427928316,-34.5711356943515]}",0101000020E61000000E05C24C414C4DC0B96874F91A4941C0
18599296,Entrada AT,TEAT,S,AT Geografico,SANMIGUEL                                                                                                                                                      ,"{""type"":""Point"",""coordinates"":[-58.7378928461102,-34.5603944486058]}",0101000020E61000006CFFD445735E4DC09FCF5A01BB4741C0
18599297,Entrada AT,TEAT,S,AT Geografico,SANMIGUEL                                                                                                                                                      ,"{""type"":""Point"",""coordinates"":[-58.7377553727838,-34.5602658058134]}",0101000020E6100000FB469FC46E5E4DC0928438CAB64741C0
18599743,Entrada AT,TEAT,S,AT Geografico,GRALSANMARTIN                                                                                                                                                  ,"{""type"":""Point"",""coordinates"":[-58.5670580239506,-34.5289260681836]}",0101000020E6100000B0E6795B95484DC0DB6C72D9B34341C0
18599744,Entrada AT,TEAT,S,AT Geografico,GRALSANMARTIN                                                                                                                                                  ,"{""type"":""Point"",""coordinates"":[-58.5672029133281,-34.5290505765049]}",0101000020E61000005C78E51A9A484DC06002E6EDB74341C0
18604397,Entrada AT,TEAT,S,AT Geografico,MERLO                                                                                                                                                          ,"{""type"":""Point"",""coordinates"":[-58.7015032635743,-34.7260090969645]}",0101000020E6100000668BE3DBCA594DC0CF07B8DDED5C41C0
18604398,Entrada AT,TEAT,S,AT Geografico,MERLO                                                                                                                                                          ,"{""type"":""Point"",""coordinates"":[-58.701640154646,-34.7261254761726]}",0101000020E6100000E7E13658CF594DC0167AFAADF15C41C0
18604960,Entrada AT,TEAT,S,AT Geografico,TIGRE                                                                                                                                                          ,"{""type"":""Point"",""coordinates"":[-58.6175751320221,-34.4831361786671]}",0101000020E6100000CE6DB1B30C4F4DC0E5710368D73D41C0
18604961,Entrada AT,TEAT,S,AT Geografico,TIGRE                                                                                                                                                          ,"{""type"":""Point"",""coordinates"":[-58.6174448273729,-34.4834231808786]}",0101000020E610000050539E6E084F4DC0410090CFE03D41C0
18605764,Entrada AT,TEAT,S,AT Geografico,LAMATANZA                                                                                                                                                      ,"{""type"":""Point"",""coordinates"":[-58.5307683792549,-34.6939206247938]}",0101000020E61000004E53DF37F0434DC02CC11A64D25841C0
18605765,Entrada AT,TEAT,S,AT Geografico,LAMATANZA                                                                                                                                                      ,"{""type"":""Point"",""coordinates"":[-58.5307168782832,-34.6938830184802]}",0101000020E6100000A8D4D987EE434DC0ACCFA328D15841C0
18605766,Entrada AT,TEAT,S,AT Geografico,LAMATANZA                                                                                                                                                      ,"{""type"":""Point"",""coordinates"":[-58.530574012502,-34.6941879322117]}",0101000020E6100000E1E667D9E9434DC04B107126DB5841C0
18605767,Entrada AT,TEAT,S,AT Geografico,LAMATANZA                                                                                                                                                      ,"{""type"":""Point"",""coordinates"":[-58.530265006909,-34.6939622935045]}",0101000020E6100000917147B9DF434DC025A1A5C1D35841C0
18606389,Entrada AT,TEAT,S,AT Geografico,LAMATANZA                                                                                                                                                      ,"{""type"":""Point"",""coordinates"":[-58.5358187166959,-34.6875878384849]}",0101000020E610000094652CB595444DC0C0B5D7E0025841C0
18606390,Entrada AT,TEAT,S,AT Geografico,LAMATANZA                                                                                                                                                      ,"{""type"":""Point"",""coordinates"":[-58.5357673715415,-34.687625586433]}",0101000020E61000006E84750694444DC0B0CF7E1D045841C0
18606391,Entrada AT,TEAT,S,AT Geografico,LAMATANZA                                                                                                                                                      ,"{""type"":""Point"",""coordinates"":[-58.5357160263297,-34.6876633343579]}",0101000020E6100000BD83BE5792444DC0E2DC255A055841C0
18608265,Entrada AT,TEAT,S,AT Geografico,PILAR                                                                                                                                                          ,"{""type"":""Point"",""coordinates"":[-58.9554988066816,-34.4167582883727]}",0101000020E61000004608EFC84D7A4DC0E772E955583541C0
18608266,Entrada AT,TEAT,S,AT Geografico,PILAR                                                                                                                                                          ,"{""type"":""Point"",""coordinates"":[-58.9554959893727,-34.4167177941699]}",0101000020E610000056E84CB14D7A4DC07ACF3802573541C0
18611300,Entrada AT,TEAT,S,AT Geografico,ESCOBAR                                                                                                                                                        ,"{""type"":""Point"",""coordinates"":[-58.7541525754624,-34.3761950789051]}",0101000020E610000013E7531288604DC01C680C29273041C0
18611301,Entrada AT,TEAT,S,AT Geografico,ESCOBAR                                                                                                                                                        ,"{""type"":""Point"",""coordinates"":[-58.7540256912338,-34.3763394809137]}",0101000020E6100000B818F2E983604DC0ED5B61E42B3041C0
18617976,Entrada AT,TEAT,S,AT Geografico,HURLINGHAM                                                                                                                                                     ,"{""type"":""Point"",""coordinates"":[-58.6718554128568,-34.5941585684478]}",0101000020E610000023EEB05BFF554DC08D0F52630D4C41C0
18617977,Entrada AT,TEAT,S,AT Geografico,HURLINGHAM                                                                                                                                                     ,"{""type"":""Point"",""coordinates"":[-58.6718539945753,-34.5942197512004]}",0101000020E6100000A131CB4FFF554DC07E058F640F4C41C0
18617978,Entrada AT,TEAT,S,AT Geografico,HURLINGHAM                                                                                                                                                     ,"{""type"":""Point"",""coordinates"":[-58.6717819171932,-34.5942747686922]}",0101000020E6100000D0312AF3FC554DC0782F1432114C41C0
18641355,Entrada AT,TEAT,S,AT Geografico,CABA,"{""type"":""Point"",""coordinates"":[-58.4048802242302,-34.5880879168474]}",0101000020E6100000D5EE7C1DD3334DC028040177464B41C0
18617979,Entrada AT,TEAT,S,AT Geografico,HURLINGHAM                                                                                                                                                     ,"{""type"":""Point"",""coordinates"":[-58.6717098397163,-34.5943297861387]}",0101000020E6100000D5FD8896FA554DC0944099FF124C41C0
18617980,Entrada AT,TEAT,S,AT Geografico,HURLINGHAM                                                                                                                                                     ,"{""type"":""Point"",""coordinates"":[-58.6716377621555,-34.5943848035402]}",0101000020E6100000B59BE739F8554DC0E0381ECD144C41C0
18617981,Entrada AT,TEAT,S,AT Geografico,HURLINGHAM                                                                                                                                                     ,"{""type"":""Point"",""coordinates"":[-58.6715688879423,-34.5944373756789]}",0101000020E6100000905C25F8F5554DC0CC072086164C41C0
18617982,Entrada AT,TEAT,S,AT Geografico,HURLINGHAM                                                                                                                                                     ,"{""type"":""Point"",""coordinates"":[-58.6714936067383,-34.5944948382071]}",0101000020E6100000FD34A480F3554DC0BDDE2768184C41C0
18617983,Entrada AT,TEAT,S,AT Geografico,HURLINGHAM                                                                                                                                                     ,"{""type"":""Point"",""coordinates"":[-58.6714215288819,-34.5945498554726]}",0101000020E61000006B300224F1554DC0538CAC351A4C41C0
18617984,Entrada AT,TEAT,S,AT Geografico,HURLINGHAM                                                                                                                                                     ,"{""type"":""Point"",""coordinates"":[-58.6713494509307,-34.5946048726929]}",0101000020E6100000AFF75FC7EE554DC0092131031C4C41C0
18617985,Entrada AT,TEAT,S,AT Geografico,HURLINGHAM                                                                                                                                                     ,"{""type"":""Point"",""coordinates"":[-58.6712773728955,-34.594659889868]}",0101000020E6100000CA90BD6AEC554DC0EB9CB5D01D4C41C0
18617986,Entrada AT,TEAT,S,AT Geografico,HURLINGHAM                                                                                                                                                     ,"{""type"":""Point"",""coordinates"":[-58.6712067135323,-34.5946537242686]}",0101000020E610000005BD011AEA554DC0D716FD9C1D4C41C0
18617987,Entrada AT,TEAT,S,AT Geografico,HURLINGHAM                                                                                                                                                     ,"{""type"":""Point"",""coordinates"":[-58.6713505771282,-34.5940079205027]}",0101000020E61000004F75D2D0EE554DC0E30F9873084C41C0
18617988,Entrada AT,TEAT,S,AT Geografico,HURLINGHAM                                                                                                                                                     ,"{""type"":""Point"",""coordinates"":[-58.6712784996119,-34.5940629376955]}",0101000020E6100000A82B3174EC554DC07E951C410A4C41C0
18617989,Entrada AT,TEAT,S,AT Geografico,HURLINGHAM                                                                                                                                                     ,"{""type"":""Point"",""coordinates"":[-58.6712064220116,-34.5941179548432]}",0101000020E6100000D8B38F17EA554DC04602A10E0C4C41C0
18617990,Entrada AT,TEAT,S,AT Geografico,HURLINGHAM                                                                                                                                                     ,"{""type"":""Point"",""coordinates"":[-58.6711343443055,-34.5941729719454]}",0101000020E6100000E301EEBAE7554DC01D5625DC0D4C41C0
18618330,Entrada AT,TEAT,S,AT Geografico,HURLINGHAM                                                                                                                                                     ,"{""type"":""Point"",""coordinates"":[-58.6714220284717,-34.5965904124245]}",0101000020E6100000CB0C3328F1554DC03C3C1B135D4C41C0
18618331,Entrada AT,TEAT,S,AT Geografico,HURLINGHAM                                                                                                                                                     ,"{""type"":""Point"",""coordinates"":[-58.6712723694222,-34.596459355014]}",0101000020E61000003FB0C440EC554DC0D596B7C7584C41C0
18618332,Entrada AT,TEAT,S,AT Geografico,HURLINGHAM                                                                                                                                                     ,"{""type"":""Point"",""coordinates"":[-58.671485423129,-34.5965409093537]}",0101000020E6100000330AFE3BF3554DC03733D8735B4C41C0
18618333,Entrada AT,TEAT,S,AT Geografico,HURLINGHAM                                                                                                                                                     ,"{""type"":""Point"",""coordinates"":[-58.6713357640636,-34.5964098520106]}",0101000020E6100000EFA48F54EE554DC0E8B27428574C41C0
18618335,Entrada AT,TEAT,S,AT Geografico,HURLINGHAM                                                                                                                                                     ,"{""type"":""Point"",""coordinates"":[-58.6719134772226,-34.5961011770478]}",0101000020E6100000D534C54201564DC080431A0B4D4C41C0
18618336,Entrada AT,TEAT,S,AT Geografico,HURLINGHAM                                                                                                                                                     ,"{""type"":""Point"",""coordinates"":[-58.6718486466329,-34.5961493913672]}",0101000020E61000003993EE22FF554DC0EBB98D9F4E4C41C0
18621073,Entrada AT,TEAT,S,AT Geografico,CABA,"{""type"":""Point"",""coordinates"":[-58.4061828029475,-34.5838929383161]}",0101000020E6100000B56D4FCCFD334DC06837F900BD4A41C0
18621074,Entrada AT,TEAT,S,AT Geografico,CABA,"{""type"":""Point"",""coordinates"":[-58.4061428827817,-34.5839165061452]}",0101000020E610000078866F7DFC334DC07CBEACC6BD4A41C0
18621075,Entrada AT,TEAT,S,AT Geografico,CABA,"{""type"":""Point"",""coordinates"":[-58.4061029625933,-34.5839400739611]}",0101000020E6100000D5928F2EFB334DC0533E608CBE4A41C0
18621076,Entrada AT,TEAT,S,AT Geografico,CABA,"{""type"":""Point"",""coordinates"":[-58.4060630423825,-34.5839636417639]}",0101000020E6100000CF92AFDFF9334DC0EDB61352BF4A41C0
18621077,Entrada AT,TEAT,S,AT Geografico,CABA,"{""type"":""Point"",""coordinates"":[-58.4060248963819,-34.5839861621069]}",0101000020E61000003AA9B19FF8334DC06CC8FD0EC04A41C0
18621078,Entrada AT,TEAT,S,AT Geografico,CABA,"{""type"":""Point"",""coordinates"":[-58.4059832018931,-34.584010777339]}",0101000020E61000009E6DEF41F7334DC05C977ADDC04A41C0
18621079,Entrada AT,TEAT,S,AT Geografico,CABA,"{""type"":""Point"",""coordinates"":[-58.4059432816147,-34.5840343451023]}",0101000020E61000006E480FF3F5334DC03FFA2DA3C14A41C0
18621840,Entrada AT,TEAT,S,AT Geografico,MORENO                                                                                                                                                         ,"{""type"":""Point"",""coordinates"":[-58.7588951948771,-34.6190722954167]}",0101000020E61000005F8B4D7A23614DC04B56CFC23D4F41C0
18621841,Entrada AT,TEAT,S,AT Geografico,MORENO                                                                                                                                                         ,"{""type"":""Point"",""coordinates"":[-58.7589935577431,-34.6191628067856]}",0101000020E6100000D0306EB326614DC0990513BA404F41C0
18622567,Entrada AT,TEAT,S,AT Geografico,PILAR                                                                                                                                                          ,"{""type"":""Point"",""coordinates"":[-58.8370084900517,-34.3924348432195]}",0101000020E61000008E9F1D18236B4DC025B8104E3B3241C0
18622568,Entrada AT,TEAT,S,AT Geografico,PILAR                                                                                                                                                          ,"{""type"":""Point"",""coordinates"":[-58.8369698004237,-34.3924817030439]}",0101000020E6100000A14790D3216B4DC0136D27D73C3241C0
18622569,Entrada AT,TEAT,S,AT Geografico,PILAR                                                                                                                                                          ,"{""type"":""Point"",""coordinates"":[-58.8369311107412,-34.3925285628638]}",0101000020E6100000B5D1028F206B4DC07D1F3E603E3241C0
18622570,Entrada AT,TEAT,S,AT Geografico,PILAR                                                                                                                                                          ,"{""type"":""Point"",""coordinates"":[-58.8368924210152,-34.3925754226613]}",0101000020E6100000E843754A1F6B4DC090C554E93F3241C0
18622571,Entrada AT,TEAT,S,AT Geografico,PILAR                                                                                                                                                          ,"{""type"":""Point"",""coordinates"":[-58.8366989717535,-34.3928097214735]}",0101000020E61000009923B0F3186B4DC0CAA3C596473241C0
18622572,Entrada AT,TEAT,S,AT Geografico,PILAR                                                                                                                                                          ,"{""type"":""Point"",""coordinates"":[-58.8367376616973,-34.3927628617344]}",0101000020E610000028293E381A6B4DC0CB1DAF0D463241C0
18622573,Entrada AT,TEAT,S,AT Geografico,PILAR                                                                                                                                                          ,"{""type"":""Point"",""coordinates"":[-58.837313738872,-34.3926080355468]}",0101000020E61000002D79BA182D6B4DC00569E8FA403241C0
18622574,Entrada AT,TEAT,S,AT Geografico,PILAR                                                                                                                                                          ,"{""type"":""Point"",""coordinates"":[-58.8372750493287,-34.3926548954684]}",0101000020E6100000D14F2DD42B6B4DC05553FF83423241C0
18641356,Entrada AT,TEAT,S,AT Geografico,CABA,"{""type"":""Point"",""coordinates"":[-58.4054306337825,-34.5880336023329]}",0101000020E61000003C72A826E5334DC0047C61AF444B41C0
18622575,Entrada AT,TEAT,S,AT Geografico,PILAR                                                                                                                                                          ,"{""type"":""Point"",""coordinates"":[-58.8371976700896,-34.3927486152798]}",0101000020E610000041A9124B296B4DC08E162D96453241C0
18622576,Entrada AT,TEAT,S,AT Geografico,PILAR                                                                                                                                                          ,"{""type"":""Point"",""coordinates"":[-58.8371606999506,-34.3927933925048]}",0101000020E610000065E4F114286B4DC05272CB0D473241C0
18622577,Entrada AT,TEAT,S,AT Geografico,PILAR                                                                                                                                                          ,"{""type"":""Point"",""coordinates"":[-58.8370042212515,-34.3929829145776]}",0101000020E6100000D4714EF4226B4DC0ADFF9E434D3241C0
18624237,Entrada AT,TEAT,S,AT Geografico,CABA,"{""type"":""Point"",""coordinates"":[-58.4416786458477,-34.5738448408111]}",0101000020E6100000F1A005ED88384DC090216CBF734941C0
18624238,Entrada AT,TEAT,S,AT Geografico,CABA,"{""type"":""Point"",""coordinates"":[-58.4416476392625,-34.5738134125619]}",0101000020E61000007F7EEBE887384DC0CD7AC8B7724941C0
18624239,Entrada AT,TEAT,S,AT Geografico,CABA,"{""type"":""Point"",""coordinates"":[-58.4416166326899,-34.5737819842955]}",0101000020E6100000E862D1E486384DC0A5CA24B0714941C0
18624240,Entrada AT,TEAT,S,AT Geografico,CABA,"{""type"":""Point"",""coordinates"":[-58.4415546196254,-34.5737191277567]}",0101000020E610000029589DDC84384DC00367DDA06F4941C0
18624241,Entrada AT,TEAT,S,AT Geografico,CABA,"{""type"":""Point"",""coordinates"":[-58.4415236131336,-34.5736876994753]}",0101000020E6100000086983D883384DC092AE39996E4941C0
18624242,Entrada AT,TEAT,S,AT Geografico,CABA,"{""type"":""Point"",""coordinates"":[-58.4414926066543,-34.5736562711768]}",0101000020E6100000C08069D482384DC0C2EC95916D4941C0
18625886,Entrada AT,TEAT,S,AT Geografico,3DEFEBRERO                                                                                                                                                     ,"{""type"":""Point"",""coordinates"":[-58.5819575058777,-34.5959799447598]}",0101000020E61000000BB463957D4A4DC05AE82112494C41C0
18625887,Entrada AT,TEAT,S,AT Geografico,3DEFEBRERO                                                                                                                                                     ,"{""type"":""Point"",""coordinates"":[-58.5818022541974,-34.5960991678313]}",0101000020E610000030420B7F784A4DC00B813FFA4C4C41C0
18628069,Entrada AT,TEAT,S,AT Geografico,MALVINASARGENTINAS                                                                                                                                             ,"{""type"":""Point"",""coordinates"":[-58.7396370462653,-34.4681852807107]}",0101000020E6100000474F3E6DAC5E4DC07A8FCA7EED3B41C0
18628070,Entrada AT,TEAT,S,AT Geografico,MALVINASARGENTINAS                                                                                                                                             ,"{""type"":""Point"",""coordinates"":[-58.7397030215767,-34.4682202886178]}",0101000020E61000004C36AF96AE5E4DC0F37775A4EE3B41C0
18628336,Entrada AT,TEAT,S,AT Geografico,MALVINASARGENTINAS                                                                                                                                             ,"{""type"":""Point"",""coordinates"":[-58.7489397883082,-34.4748775894403]}",0101000020E61000007BBA4C42DD5F4DC0ED1FF2C9C83C41C0
18628337,Entrada AT,TEAT,S,AT Geografico,MALVINASARGENTINAS                                                                                                                                             ,"{""type"":""Point"",""coordinates"":[-58.748843271778,-34.4749192405789]}",0101000020E6100000DB0EA918DA5F4DC087435727CA3C41C0
18630262,Entrada AT,TEAT,S,AT Geografico,CABA,"{""type"":""Point"",""coordinates"":[-58.4438487339866,-34.5777659532222]}",0101000020E6100000F36B0A09D0384DC06DEA183CF44941C0
18630263,Entrada AT,TEAT,S,AT Geografico,CABA,"{""type"":""Point"",""coordinates"":[-58.443804915385,-34.5777222308061]}",0101000020E6100000F9B07699CE384DC0FEBD53CDF24941C0
18630264,Entrada AT,TEAT,S,AT Geografico,CABA,"{""type"":""Point"",""coordinates"":[-58.4437610968293,-34.577678508374]}",0101000020E6100000360FE329CD384DC0C0888E5EF14941C0
18630265,Entrada AT,TEAT,S,AT Geografico,CABA,"{""type"":""Point"",""coordinates"":[-58.4437172783194,-34.5776347859258]}",0101000020E6100000AD864FBACB384DC0AF4AC9EFEF4941C0
18630266,Entrada AT,TEAT,S,AT Geografico,CABA,"{""type"":""Point"",""coordinates"":[-58.4436754073399,-34.5775930066847]}",0101000020E61000003948125BCA384DC0F10D5191EE4941C0
18630267,Entrada AT,TEAT,S,AT Geografico,CABA,"{""type"":""Point"",""coordinates"":[-58.4435858230544,-34.5775036184943]}",0101000020E61000006F7E956BC7384DC0986079A3EB4941C0
18630268,Entrada AT,TEAT,S,AT Geografico,CABA,"{""type"":""Point"",""coordinates"":[-58.4441341833681,-34.5775702396476]}",0101000020E6100000014D9063D9384DC0F13655D2ED4941C0
18633127,Entrada AT,TEAT,S,AT Geografico,CABA,"{""type"":""Point"",""coordinates"":[-58.4830191686825,-34.5777517853126]}",0101000020E61000008C6A7692D33D4DC0C08F3FC5F34941C0
18633128,Entrada AT,TEAT,S,AT Geografico,CABA,"{""type"":""Point"",""coordinates"":[-58.4829909002941,-34.5777356726204]}",0101000020E6100000B08354A5D23D4DC093D1153EF34941C0
18633129,Entrada AT,TEAT,S,AT Geografico,CABA,"{""type"":""Point"",""coordinates"":[-58.4829626319166,-34.5777195599217]}",0101000020E6100000D2A232B8D13D4DC0C90FECB6F24941C0
18633423,Entrada AT,TEAT,S,AT Geografico,CABA,"{""type"":""Point"",""coordinates"":[-58.3855339878551,-34.5715914840531]}",0101000020E6100000C9AA7E2D59314DC00A57E5E8294941C0
18633424,Entrada AT,TEAT,S,AT Geografico,CABA,"{""type"":""Point"",""coordinates"":[-58.3853909052965,-34.5716713636173]}",0101000020E610000052363B7D54314DC0E265F9862C4941C0
18633425,Entrada AT,TEAT,S,AT Geografico,CABA,"{""type"":""Point"",""coordinates"":[-58.38600934784,-34.5717912221138]}",0101000020E61000002E761AC168314DC02C8F6B74304941C0
18633426,Entrada AT,TEAT,S,AT Geografico,CABA,"{""type"":""Point"",""coordinates"":[-58.385937806645,-34.5718311621944]}",0101000020E610000040EAF86866314DC0B53A76C3314941C0
18633427,Entrada AT,TEAT,S,AT Geografico,CABA,"{""type"":""Point"",""coordinates"":[-58.3857947240497,-34.5719110422288]}",0101000020E6100000A261B5B861314DC0084C8B61344941C0
18633428,Entrada AT,TEAT,S,AT Geografico,CABA,"{""type"":""Point"",""coordinates"":[-58.3857263622736,-34.5719492070698]}",0101000020E6100000C8953F7B5F314DC045ABB1A1354941C0
18633429,Entrada AT,TEAT,S,AT Geografico,CABA,"{""type"":""Point"",""coordinates"":[-58.3855800996549,-34.5720308619633]}",0101000020E6100000C9004FB05A314DC0AE37AA4E384941C0
18633516,Entrada AT,TEAT,S,AT Geografico,CABA,"{""type"":""Point"",""coordinates"":[-58.3767138602068,-34.5766225387426]}",0101000020E6100000E5C4E62838304DC0980471C4CE4941C0
18633517,Entrada AT,TEAT,S,AT Geografico,CABA,"{""type"":""Point"",""coordinates"":[-58.3765379299346,-34.576610264689]}",0101000020E6100000ED62176532304DC042B07A5DCE4941C0
18633518,Entrada AT,TEAT,S,AT Geografico,CABA,"{""type"":""Point"",""coordinates"":[-58.3769376909743,-34.5770338458816]}",0101000020E61000009DAE877E3F304DC08E5FBC3EDC4941C0
18633519,Entrada AT,TEAT,S,AT Geografico,CABA,"{""type"":""Point"",""coordinates"":[-58.3768497253762,-34.5770277090475]}",0101000020E6100000A7FF9E9C3C304DC0599F410BDC4941C0
18633520,Entrada AT,TEAT,S,AT Geografico,CABA,"{""type"":""Point"",""coordinates"":[-58.3767617598021,-34.5770215721501]}",0101000020E6100000DD5DB6BA39304DC04BBCC6D7DB4941C0
18633521,Entrada AT,TEAT,S,AT Geografico,CABA,"{""type"":""Point"",""coordinates"":[-58.3765897382637,-34.5770095709148]}",0101000020E61000000EEDB01734304DC06D471A73DB4941C0
18633522,Entrada AT,TEAT,S,AT Geografico,CABA,"{""type"":""Point"",""coordinates"":[-58.3764978631473,-34.5770031610684]}",0101000020E61000009F9DFC1431304DC01F3D553DDB4941C0
18633523,Entrada AT,TEAT,S,AT Geografico,CABA,"{""type"":""Point"",""coordinates"":[-58.3763219321058,-34.5769908867031]}",0101000020E6100000B7942B512B304DC06A3D5ED6DA4941C0
18633524,Entrada AT,TEAT,S,AT Geografico,CABA,"{""type"":""Point"",""coordinates"":[-58.3762339666101,-34.5769847494253]}",0101000020E6100000091E436F28304DC04989E2A2DA4941C0
18638159,Entrada AT,TEAT,S,AT Geografico,SANFERNANDO                                                                                                                                                    ,"{""type"":""Point"",""coordinates"":[-58.5918633326567,-34.4652102317134]}",0101000020E610000028BB7C2DC24B4DC0A27C45028C3B41C0
18638160,Entrada AT,TEAT,S,AT Geografico,SANFERNANDO                                                                                                                                                    ,"{""type"":""Point"",""coordinates"":[-58.5918027075489,-34.4651837231587]}",0101000020E6100000A54DED30C04B4DC095CCE6238B3B41C0
18638161,Entrada AT,TEAT,S,AT Geografico,SANFERNANDO                                                                                                                                                    ,"{""type"":""Point"",""coordinates"":[-58.5916814574507,-34.4651307059526]}",0101000020E610000039B3CE37BC4B4DC048372967893B41C0
18638162,Entrada AT,TEAT,S,AT Geografico,SANFERNANDO                                                                                                                                                    ,"{""type"":""Point"",""coordinates"":[-58.5916208324602,-34.4651041973102]}",0101000020E61000003E863F3BBA4B4DC00057CA88883B41C0
18638859,Entrada AT,TEAT,S,AT Geografico,GRALRODRIGUEZ                                                                                                                                                  ,"{""type"":""Point"",""coordinates"":[-58.928483086269,-34.5280462471615]}",0101000020E61000000B35A588D8764DC0C82AF904974341C0
18638860,Entrada AT,TEAT,S,AT Geografico,GRALRODRIGUEZ                                                                                                                                                  ,"{""type"":""Point"",""coordinates"":[-58.9284964167434,-34.5281101993012]}",0101000020E6100000D72E78F8D8764DC06657711D994341C0
18638861,Entrada AT,TEAT,S,AT Geografico,GRALRODRIGUEZ                                                                                                                                                  ,"{""type"":""Point"",""coordinates"":[-58.9285103396904,-34.5281769937504]}",0101000020E6100000F17B436DD9764DC03154C14D9B4341C0
18638862,Entrada AT,TEAT,S,AT Geografico,GRALRODRIGUEZ                                                                                                                                                  ,"{""type"":""Point"",""coordinates"":[-58.9285230777387,-34.5282381035663]}",0101000020E6100000023C1ED8D9764DC0BDA8614E9D4341C0
18638863,Entrada AT,TEAT,S,AT Geografico,GRALRODRIGUEZ                                                                                                                                                  ,"{""type"":""Point"",""coordinates"":[-58.9285364082594,-34.5283020557007]}",0101000020E61000004E4FF147DA764DC06FD2D9669F4341C0
18638864,Entrada AT,TEAT,S,AT Geografico,GRALRODRIGUEZ                                                                                                                                                  ,"{""type"":""Point"",""coordinates"":[-58.9285497388103,-34.5283660078244]}",0101000020E61000002873C4B7DA764DC046F6517FA14341C0
18641357,Entrada AT,TEAT,S,AT Geografico,CABA,"{""type"":""Point"",""coordinates"":[-58.4051591964584,-34.5882899517017]}",0101000020E6100000393BAD41DC334DC0E88FCB154D4B41C0
18642989,Entrada AT,TEAT,S,AT Geografico,CABA,"{""type"":""Point"",""coordinates"":[-58.4931408006357,-34.5949432523433]}",0101000020E6100000DC86DD3C1F3F4DC031E5B919274C41C0
18642990,Entrada AT,TEAT,S,AT Geografico,CABA,"{""type"":""Point"",""coordinates"":[-58.493203528322,-34.5949822620923]}",0101000020E61000001235104B213F4DC07CB1F660284C41C0
18642991,Entrada AT,TEAT,S,AT Geografico,CABA,"{""type"":""Point"",""coordinates"":[-58.4932662560559,-34.5950212718177]}",0101000020E610000086FD4259233F4DC0D67033A8294C41C0
18642992,Entrada AT,TEAT,S,AT Geografico,CABA,"{""type"":""Point"",""coordinates"":[-58.4933289838486,-34.5950602815016]}",0101000020E610000037E67567253F4DC05B1970EF2A4C41C0
18642993,Entrada AT,TEAT,S,AT Geografico,CABA,"{""type"":""Point"",""coordinates"":[-58.493642623724,-34.5952553294512]}",0101000020E6100000306776AE2F3F4DC0A4619E53314C41C0
18642994,Entrada AT,TEAT,S,AT Geografico,CABA,"{""type"":""Point"",""coordinates"":[-58.4935798956273,-34.595216319921]}",0101000020E610000051D742A02D3F4DC0960D620C304C41C0
18644238,Entrada AT,TEAT,S,AT Geografico,TIGRE                                                                                                                                                          ,"{""type"":""Point"",""coordinates"":[-58.7123629304539,-34.432533404055]}",0101000020E6100000509760B52E5B4DC0FD6B2C415D3741C0
18644239,Entrada AT,TEAT,S,AT Geografico,TIGRE                                                                                                                                                          ,"{""type"":""Point"",""coordinates"":[-58.7122996768248,-34.4326341522084]}",0101000020E6100000FB74C4A22C5B4DC0136F4F8E603741C0
18646910,Entrada AT,TEAT,S,AT Geografico,MERLO                                                                                                                                                          ,"{""type"":""Point"",""coordinates"":[-58.7410624779174,-34.7230647590013]}",0101000020E61000005D79A122DB5E4DC07766D2628D5C41C0
18646911,Entrada AT,TEAT,S,AT Geografico,MERLO                                                                                                                                                          ,"{""type"":""Point"",""coordinates"":[-58.7411352076704,-34.7230102280631]}",0101000020E6100000E46DBB84DD5E4DC02B1A62998B5C41C0
18646912,Entrada AT,TEAT,S,AT Geografico,MERLO                                                                                                                                                          ,"{""type"":""Point"",""coordinates"":[-58.7407058336594,-34.7227404892855]}",0101000020E610000001C3E172CF5E4DC0FA7CA6C2825C41C0
18646913,Entrada AT,TEAT,S,AT Geografico,MERLO                                                                                                                                                          ,"{""type"":""Point"",""coordinates"":[-58.7407785633489,-34.7226859585654]}",0101000020E6100000A694FBD4D15E4DC092A836F9805C41C0
18646914,Entrada AT,TEAT,S,AT Geografico,MERLO                                                                                                                                                          ,"{""type"":""Point"",""coordinates"":[-58.7408512929323,-34.7226314277902]}",0101000020E6100000FA2B1537D45E4DC0DFB5C62F7F5C41C0
18646915,Entrada AT,TEAT,S,AT Geografico,MERLO                                                                                                                                                          ,"{""type"":""Point"",""coordinates"":[-58.7411422103455,-34.7224133042481]}",0101000020E61000003F8F79BFDD5E4DC070F8050A785C41C0
18648563,Entrada AT,TEAT,S,AT Geografico,ITUZAINGO                                                                                                                                                      ,"{""type"":""Point"",""coordinates"":[-58.6715666851632,-34.679955530095]}",0101000020E6100000F3EDAAE5F5554DC0003F66C8085741C0
18648564,Entrada AT,TEAT,S,AT Geografico,ITUZAINGO                                                                                                                                                      ,"{""type"":""Point"",""coordinates"":[-58.6714681192359,-34.6798763734244]}",0101000020E61000006536D6AAF2554DC023976230065741C0
18649357,Entrada AT,TEAT,S,AT Geografico,LAMATANZA                                                                                                                                                      ,"{""type"":""Point"",""coordinates"":[-58.6310074864518,-34.7835511767466]}",0101000020E6100000B9EB72DAC4504DC03D6FAB674B6441C0
18649358,Entrada AT,TEAT,S,AT Geografico,LAMATANZA                                                                                                                                                      ,"{""type"":""Point"",""coordinates"":[-58.6309590286034,-34.7835914924052]}",0101000020E6100000D97BF443C3504DC0F0A6DCB94C6441C0
18654925,Entrada AT,TEAT,S,AT Geografico,CABA,"{""type"":""Point"",""coordinates"":[-58.4753494854321,-34.5463991545542]}",0101000020E6100000F80C7F40D83C4DC0A3AF5168F04541C0
18654926,Entrada AT,TEAT,S,AT Geografico,CABA,"{""type"":""Point"",""coordinates"":[-58.4754041480275,-34.5462949658692]}",0101000020E61000009C140A0BDA3C4DC05C3052FEEC4541C0
18656991,Entrada AT,TEAT,S,AT Geografico,MARCOSPAZ                                                                                                                                                      ,"{""type"":""Point"",""coordinates"":[-58.8253159842886,-34.7810809419527]}",0101000020E61000005DB144F4A3694DC0969BD675FA6341C0
18656992,Entrada AT,TEAT,S,AT Geografico,MARCOSPAZ                                                                                                                                                      ,"{""type"":""Point"",""coordinates"":[-58.8250383415332,-34.7807075920545]}",0101000020E61000006A6A3BDB9A694DC07CCEF339EE6341C0
18659434,Entrada AT,TEAT,S,AT Geografico,GRALRODRIGUEZ                                                                                                                                                  ,"{""type"":""Point"",""coordinates"":[-58.9395016784124,-34.5761132638264]}",0101000020E6100000C0A84B9741784DC088765514BE4941C0
18659435,Entrada AT,TEAT,S,AT Geografico,GRALRODRIGUEZ                                                                                                                                                  ,"{""type"":""Point"",""coordinates"":[-58.9390946028994,-34.5768201393776]}",0101000020E6100000D0A67F4034784DC08726093ED54941C0
18659436,Entrada AT,TEAT,S,AT Geografico,MORENO                                                                                                                                                         ,"{""type"":""Point"",""coordinates"":[-58.8234912735149,-34.6371886706678]}",0101000020E6100000D7247C2968694DC02DF3FA658F5141C0
18659437,Entrada AT,TEAT,S,AT Geografico,MORENO                                                                                                                                                         ,"{""type"":""Point"",""coordinates"":[-58.8234371729481,-34.6371536739108]}",0101000020E6100000B90FA86366694DC08DFC67408E5141C0
18659438,Entrada AT,TEAT,S,AT Geografico,MORENO                                                                                                                                                         ,"{""type"":""Point"",""coordinates"":[-58.8236658203212,-34.6369122112215]}",0101000020E61000006E8EB0E16D694DC042CFDE56865141C0
18659439,Entrada AT,TEAT,S,AT Geografico,MORENO                                                                                                                                                         ,"{""type"":""Point"",""coordinates"":[-58.8235576194455,-34.6368422178314]}",0101000020E6100000E6F108566A694DC01E26B90B845141C0
18662069,Entrada AT,TEAT,S,AT Geografico,LAMATANZA                                                                                                                                                      ,"{""type"":""Point"",""coordinates"":[-58.5833128734272,-34.6993033206215]}",0101000020E6100000515A09FFA94A4DC0D6066EC5825941C0
18662070,Entrada AT,TEAT,S,AT Geografico,LAMATANZA                                                                                                                                                      ,"{""type"":""Point"",""coordinates"":[-58.5833459485005,-34.6994960621817]}",0101000020E610000024887D14AB4A4DC020604316895941C0
18662071,Entrada AT,TEAT,S,AT Geografico,LAMATANZA                                                                                                                                                      ,"{""type"":""Point"",""coordinates"":[-58.5833569735481,-34.6995603093718]}",0101000020E610000031A4F970AB4A4DC0722A35318B5941C0
18662072,Entrada AT,TEAT,S,AT Geografico,LAMATANZA                                                                                                                                                      ,"{""type"":""Point"",""coordinates"":[-58.5826127549198,-34.6993852681549]}",0101000020E6100000774E040E934A4DC0C403DB74855941C0
18662073,Entrada AT,TEAT,S,AT Geografico,LAMATANZA                                                                                                                                                      ,"{""type"":""Point"",""coordinates"":[-58.582645828388,-34.6995780098639]}",0101000020E6100000E7097523944A4DC0E0AEB0C58B5941C0
18662074,Entrada AT,TEAT,S,AT Geografico,LAMATANZA                                                                                                                                                      ,"{""type"":""Point"",""coordinates"":[-58.5826348038796,-34.6995137626318]}",0101000020E61000005016FAC6934A4DC07BCDBEAA895941C0
18668014,Entrada AT,TEAT,S,AT Geografico,TIGRE                                                                                                                                                          ,"{""type"":""Point"",""coordinates"":[-58.6584091653167,-34.4753169336328]}",0101000020E6100000FA3564C046544DC013986E2FD73C41C0
18668015,Entrada AT,TEAT,S,AT Geografico,TIGRE                                                                                                                                                          ,"{""type"":""Point"",""coordinates"":[-58.6583561956019,-34.4753851652415]}",0101000020E6100000589D0C0445544DC0A3DBCC6BD93C41C0
18668016,Entrada AT,TEAT,S,AT Geografico,TIGRE                                                                                                                                                          ,"{""type"":""Point"",""coordinates"":[-58.6584621349438,-34.4752487020075]}",0101000020E6100000799EBB7C48544DC05A4B10F3D43C41C0
18668017,Entrada AT,TEAT,S,AT Geografico,TIGRE                                                                                                                                                          ,"{""type"":""Point"",""coordinates"":[-58.6589070464868,-34.4754855807232]}",0101000020E6100000E6E1EB1057544DC07F7625B6DC3C41C0
18668311,Entrada AT,TEAT,S,AT Geografico,TIGRE                                                                                                                                                          ,"{""type"":""Point"",""coordinates"":[-58.658854077059,-34.4755538125439]}",0101000020E610000001E7945455544DC0992E84F2DE3C41C0
18668312,Entrada AT,TEAT,S,AT Geografico,TIGRE                                                                                                                                                          ,"{""type"":""Point"",""coordinates"":[-58.6588011075439,-34.4756220443388]}",0101000020E610000016BC3D9853544DC08AD8E22EE13C41C0
18668313,Entrada AT,TEAT,S,AT Geografico,TIGRE                                                                                                                                                          ,"{""type"":""Point"",""coordinates"":[-58.6585892286091,-34.4758949712793]}",0101000020E6100000DD2FDFA64C544DC0D8FC5C20EA3C41C0
18668314,Entrada AT,TEAT,S,AT Geografico,TIGRE                                                                                                                                                          ,"{""type"":""Point"",""coordinates"":[-58.658536258657,-34.4759632029456]}",0101000020E6100000C21487EA4A544DC01460BB5CEC3C41C0
18668316,Entrada AT,TEAT,S,AT Geografico,TIGRE                                                                                                                                                          ,"{""type"":""Point"",""coordinates"":[-58.6583409421718,-34.4504427437143]}",0101000020E6100000701F188444544DC09D7C9A1BA83941C0
18668317,Entrada AT,TEAT,S,AT Geografico,TIGRE                                                                                                                                                          ,"{""type"":""Point"",""coordinates"":[-58.6584236517149,-34.4504202835904]}",0101000020E6100000A883E93947544DC0E4BC315FA73941C0
18669122,Entrada AT,TEAT,S,AT Geografico,LAMATANZA                                                                                                                                                      ,"{""type"":""Point"",""coordinates"":[-58.4983943919891,-34.7042878704467]}",0101000020E61000002F0D2F63CB3F4DC0E044DD1A265A41C0
18669123,Entrada AT,TEAT,S,AT Geografico,LAMATANZA                                                                                                                                                      ,"{""type"":""Point"",""coordinates"":[-58.4983377822906,-34.7042215900947]}",0101000020E610000055A64E88C93F4DC0034CDDEE235A41C0
18672092,Entrada AT,TEAT,S,AT Geografico,PILAR                                                                                                                                                          ,"{""type"":""Point"",""coordinates"":[-58.8702549184231,-34.4424644821586]}",0101000020E6100000C0E75E83646F4DC0A44118ADA23841C0
18672093,Entrada AT,TEAT,S,AT Geografico,PILAR                                                                                                                                                          ,"{""type"":""Point"",""coordinates"":[-58.8702420950298,-34.4425449044969]}",0101000020E6100000BAE0CC17646F4DC0AEE9B94FA53841C0
18778574,Entrada AT,TEAT,S,AT Geografico,TIGRE                                                                                                                                                          ,"{""type"":""Point"",""coordinates"":[-58.659242378871,-34.4403741332262]}",0101000020E6100000B0B1E40D62544DC0F91AFA2D5E3841C0
18778575,Entrada AT,TEAT,S,AT Geografico,TIGRE                                                                                                                                                          ,"{""type"":""Point"",""coordinates"":[-58.6593045898343,-34.4404245555955]}",0101000020E61000007AB8C11764544DC0A851F3D45F3841C0
18778577,Entrada AT,TEAT,S,AT Geografico,TIGRE                                                                                                                                                          ,"{""type"":""Point"",""coordinates"":[-58.6593945290466,-34.4402452794164]}",0101000020E610000050B5380A67544DC0E4A712F5593841C0
18778578,Entrada AT,TEAT,S,AT Geografico,TIGRE                                                                                                                                                          ,"{""type"":""Point"",""coordinates"":[-58.6594567400111,-34.4402957017092]}",0101000020E6100000C0BC151469544DC083B40B9C5B3841C0
18778596,Entrada AT,TEAT,S,AT Geografico,TIGRE                                                                                                                                                          ,"{""type"":""Point"",""coordinates"":[-58.6583558697829,-34.4502489931901]}",0101000020E610000071EC500145544DC076674EC2A13941C0
18778597,Entrada AT,TEAT,S,AT Geografico,TIGRE                                                                                                                                                          ,"{""type"":""Point"",""coordinates"":[-58.6582731603832,-34.4502714532451]}",0101000020E610000016D77F4B42544DC05001B77EA23941C0
19380910,Entrada AT,TEAT,S,AT Geografico,LAMATANZA                                                                                                                                                      ,"{""type"":""Point"",""coordinates"":[-58.6832732433568,-34.8775902913282]}",0101000020E61000007F39657F75574DC05545F0E0547041C0
19381109,Entrada AT,TEAT,S,AT Geografico,LAMATANZA                                                                                                                                                      ,"{""type"":""Point"",""coordinates"":[-58.6832798297288,-34.8776886922179]}",0101000020E6100000CF59A5B675574DC09292621A587041C0
19863341,Entrada AT,TEAT,S,AT Geografico,SANFERNANDO                                                                                                                                                    ,"{""type"":""Point"",""coordinates"":[-58.567906300046,-34.4542045768758]}",0101000020E6100000E7F15427B1484DC007B02560233A41C0
19863342,Entrada AT,TEAT,S,AT Geografico,SANFERNANDO                                                                                                                                                    ,"{""type"":""Point"",""coordinates"":[-58.5679450824132,-34.4541400277869]}",0101000020E6100000C571A96CB2484DC01B93AB42213A41C0
19863344,Entrada AT,TEAT,S,AT Geografico,SANFERNANDO                                                                                                                                                    ,"{""type"":""Point"",""coordinates"":[-58.5677114896909,-34.4541242625221]}",0101000020E61000009CE424C5AA484DC019ED6BBE203A41C0
19863346,Entrada AT,TEAT,S,AT Geografico,SANFERNANDO                                                                                                                                                    ,"{""type"":""Point"",""coordinates"":[-58.5677502721665,-34.4540597134969]}",0101000020E610000004A0790AAC484DC044F3F1A01E3A41C0
20463978,Entrada AT,TEAT,S,AT Geografico,SANFERNANDO                                                                                                                                                    ,"{""type"":""Point"",""coordinates"":[-58.59622576611,-34.4671704804025]}",0101000020E6100000D33C3B20514C4DC0237E073ECC3B41C0
20463979,Entrada AT,TEAT,S,AT Geografico,SANFERNANDO                                                                                                                                                    ,"{""type"":""Point"",""coordinates"":[-58.5962635063555,-34.4671055059669]}",0101000020E61000002ECCD15C524C4DC069F4FB1CCA3B41C0
20463981,Entrada AT,TEAT,S,AT Geografico,SANFERNANDO                                                                                                                                                    ,"{""type"":""Point"",""coordinates"":[-58.596029641327,-34.4670923364225]}",0101000020E6100000207904B34A4C4DC0CC9282AEC93B41C0
20463982,Entrada AT,TEAT,S,AT Geografico,SANFERNANDO                                                                                                                                                    ,"{""type"":""Point"",""coordinates"":[-58.5960673816849,-34.4670273620586]}",0101000020E610000043469BEF4B4C4DC07830778DC73B41C0
20463983,Entrada AT,TEAT,S,AT Geografico,TIGRE                                                                                                                                                          ,"{""type"":""Point"",""coordinates"":[-58.6388514470289,-34.4661375918783]}",0101000020E6100000E6FE5BE2C5514DC0D6468865AA3B41C0
20463984,Entrada AT,TEAT,S,AT Geografico,TIGRE                                                                                                                                                          ,"{""type"":""Point"",""coordinates"":[-58.6388160402998,-34.4660717217703]}",0101000020E6100000C09F58B9C4514DC0054CF93CA83B41C0
20463986,Entrada AT,TEAT,S,AT Geografico,TIGRE                                                                                                                                                          ,"{""type"":""Point"",""coordinates"":[-58.6386172141737,-34.4661450345178]}",0101000020E6100000F5C47835BE514DC03439F7A3AA3B41C0
20463987,Entrada AT,TEAT,S,AT Geografico,TIGRE                                                                                                                                                          ,"{""type"":""Point"",""coordinates"":[-58.6386526207189,-34.4662109046881]}",0101000020E61000000BBF7B5EBF514DC0425686CCAC3B41C0
23286954,Entrada AT,TEAT,S,AT Geografico,MORENO                                                                                                                                                         ,"{""type"":""Point"",""coordinates"":[-58.7885255371921,-34.6679232856913]}",0101000020E61000008026A167EE644DC0F1239E827E5541C0
23286955,Entrada AT,TEAT,S,AT Geografico,MORENO                                                                                                                                                         ,"{""type"":""Point"",""coordinates"":[-58.7885929567262,-34.6678524301864]}",0101000020E6100000587F2F9DF0644DC0391A3D307C5541C0
23314480,Entrada AT,TEAT,S,AT Geografico,VICENTELOPEZ                                                                                                                                                   ,"{""type"":""Point"",""coordinates"":[-58.5432477180963,-34.5265411687139]}",0101000020E6100000D16C272489454DC0DDCF75B3654341C0
23314481,Entrada AT,TEAT,S,AT Geografico,VICENTELOPEZ                                                                                                                                                   ,"{""type"":""Point"",""coordinates"":[-58.5432946817869,-34.5265825580317]}",0101000020E6100000C42E1DAE8A454DC0EBB1A80E674341C0
23314483,Entrada AT,TEAT,S,AT Geografico,VICENTELOPEZ                                                                                                                                                   ,"{""type"":""Point"",""coordinates"":[-58.5433416455346,-34.5266239473414]}",0101000020E6100000241013388C454DC0928FDB69684341C0
23314484,Entrada AT,TEAT,S,AT Geografico,VICENTELOPEZ                                                                                                                                                   ,"{""type"":""Point"",""coordinates"":[-58.5428915597173,-34.5269737647373]}",0101000020E610000056217B787D454DC0CBB256E0734341C0
23314486,Entrada AT,TEAT,S,AT Geografico,VICENTELOPEZ                                                                                                                                                   ,"{""type"":""Point"",""coordinates"":[-58.5428445960087,-34.5269323752574]}",0101000020E6100000785585EE7B454DC095772385724341C0
23314487,Entrada AT,TEAT,S,AT Geografico,VICENTELOPEZ                                                                                                                                                   ,"{""type"":""Point"",""coordinates"":[-58.5427976323463,-34.5268909857694]}",0101000020E610000008A38F647A454DC0E937F029714341C0
23328346,Entrada AT,TEAT,S,AT Geografico,VICENTELOPEZ                                                                                                                                                   ,"{""type"":""Point"",""coordinates"":[-58.4880627902081,-34.5172045683872]}",0101000020E6100000472B6DD7783E4DC0494861C2334241C0
23328347,Entrada AT,TEAT,S,AT Geografico,VICENTELOPEZ                                                                                                                                                   ,"{""type"":""Point"",""coordinates"":[-58.4878760208805,-34.517133052875]}",0101000020E61000009F17B1B8723E4DC0AAE3766A314241C0
23351536,Entrada AT,TEAT,S,AT Geografico,MORENO                                                                                                                                                         ,"{""type"":""Point"",""coordinates"":[-58.7945545062772,-34.6719082722344]}",0101000020E6100000D3AC49F6B3654DC052941B17015641C0
23351538,Entrada AT,TEAT,S,AT Geografico,MORENO                                                                                                                                                         ,"{""type"":""Point"",""coordinates"":[-58.7946220633744,-34.6718375039939]}",0101000020E6100000BF6FFF2CB6654DC0A7F075C5FE5541C0
23353826,Entrada AT,TEAT,S,AT Geografico,MORENO                                                                                                                                                         ,"{""type"":""Point"",""coordinates"":[-58.8231827020665,-34.6367334847991]}",0101000020E61000001701000D5E694DC073BD9A7B805141C0
23353827,Entrada AT,TEAT,S,AT Geografico,MORENO                                                                                                                                                         ,"{""type"":""Point"",""coordinates"":[-58.8230980176816,-34.6368229151341]}",0101000020E610000027AC9D465B694DC010ECCC69835141C0
23354411,Entrada AT,TEAT,S,AT Geografico,MERLO                                                                                                                                                          ,"{""type"":""Point"",""coordinates"":[-58.7410694811324,-34.7224678352071]}",0101000020E61000007AC3605DDB5E4DC02C5076D3795C41C0
23354412,Entrada AT,TEAT,S,AT Geografico,MERLO                                                                                                                                                          ,"{""type"":""Point"",""coordinates"":[-58.740996751835,-34.7225223661112]}",0101000020E610000065C947FBD85E4DC0BD89E69C7B5C41C0
23615714,Entrada AT,TEAT,S,AT Geografico,HURLINGHAM                                                                                                                                                     ,"{""type"":""Point"",""coordinates"":[-58.6709901886304,-34.5942830060325]}",0101000020E61000005D0DAA01E3554DC02EBD2D77114C41C0
23664475,Entrada AT,TEAT,S,AT Geografico,MALVINASARGENTINAS                                                                                                                                             ,"{""type"":""Point"",""coordinates"":[-58.7259495043229,-34.5083171486401]}",0101000020E61000009CCED1E9EB5C4DC0E4B34C89104141C0
23689492,Entrada AT,TEAT,S,AT Geografico,MALVINASARGENTINAS                                                                                                                                             ,"{""type"":""Point"",""coordinates"":[-58.7258977164385,-34.5083860115616]}",0101000020E61000001A2C6437EA5C4DC055B3F6CA124141C0
23694261,Entrada AT,TEAT,S,AT Geografico,HURLINGHAM                                                                                                                                                     ,"{""type"":""Point"",""coordinates"":[-58.6710622665154,-34.5942279890116]}",0101000020E6100000B1214C5EE5554DC01796A9A90F4C41C0
24225699,Entrada AT,TEAT,S,AT Geografico,CABA,"{""type"":""Point"",""coordinates"":[-58.377009926103,-34.5767791617519]}",0101000020E61000009D707BDC41304DC08C5E4AE6D34941C0
24236677,Entrada AT,TEAT,S,AT Geografico,CABA,"{""type"":""Point"",""coordinates"":[-58.4283434071466,-34.555527533109]}",0101000020E61000007093EEF4D3364DC08E5DB5861B4741C0
24263855,Entrada AT,TEAT,S,AT Geografico,CABA,"{""type"":""Point"",""coordinates"":[-58.3770025067518,-34.5768519203682]}",0101000020E610000024813E9E41304DC0E14EA248D64941C0
24263856,Entrada AT,TEAT,S,AT Geografico,CABA,"{""type"":""Point"",""coordinates"":[-58.4284331031339,-34.555607962279]}",0101000020E6100000EB3D5BE5D6364DC05BB165291E4741C0
24333442,Entrada AT,TEAT,S,AT Geografico,CABA,"{""type"":""Point"",""coordinates"":[-58.3852478224425,-34.5717512430935]}",0101000020E6100000791FF7CC4F314DC059440D252F4941C0
24333444,Entrada AT,TEAT,S,AT Geografico,CABA,"{""type"":""Point"",""coordinates"":[-58.4291286297468,-34.5547792180805]}",0101000020E61000001345DBAFED364DC005146301034741C0
24413976,Entrada AT,TEAT,S,AT Geografico,LAMATANZA                                                                                                                                                      ,"{""type"":""Point"",""coordinates"":[-58.681563416479,-34.8796433014071]}",0101000020E6100000B2F653783D574DC034D8D526987041C0
24413977,Entrada AT,TEAT,S,AT Geografico,LAMATANZA                                                                                                                                                      ,"{""type"":""Point"",""coordinates"":[-58.6810734459146,-34.8799616014612]}",0101000020E61000004730286A2D574DC07B01EE94A27041C0
24475783,Entrada AT,TEAT,S,AT Geografico,                                                                                                                                                               ,"{""type"":""Point"",""coordinates"":[-58.4008748953366,-34.5968831959479]}",0101000020E610000010A15ADE4F334DC06A1027AB664C41C0
24475784,Entrada AT,TEAT,S,AT Geografico,                                                                                                                                                               ,"{""type"":""Point"",""coordinates"":[-58.4009707811777,-34.596866120967]}",0101000020E6100000A2E7B30253334DC060D2EA1B664C41C0
24476428,Entrada AT,TEAT,S,AT Geografico,CABA,"{""type"":""Point"",""coordinates"":[-58.4290389338586,-34.5546987894377]}",0101000020E610000012D16EBFEA364DC005E2B35E004741C0
24476517,Entrada AT,TEAT,S,AT Geografico,CABA,"{""type"":""Point"",""coordinates"":[-58.3856770700639,-34.5715116043106]}",0101000020E6100000F15EC1DD5D314DC039E6D04A274941C0
24510464,Entrada AT,TEAT,S,AT Geografico,CABA,"{""type"":""Point"",""coordinates"":[-58.3856055289719,-34.5715515442075]}",0101000020E6100000AE0BA0855B314DC0B82CDB99284941C0
24527640,Entrada AT,TEAT,S,AT Geografico,CABA,"{""type"":""Point"",""coordinates"":[-58.4059033612483,-34.5840579128433]}",0101000020E6100000EEF22EA4F4334DC0E850E168C24A41C0
24576672,Entrada AT,TEAT,S,AT Geografico,CABA,"{""type"":""Point"",""coordinates"":[-58.3853193638874,-34.5717113033991]}",0101000020E6100000B434192552314DC01F6D03D62D4941C0
24576876,Entrada AT,TEAT,S,AT Geografico,CABA,"{""type"":""Point"",""coordinates"":[-58.4061596396602,-34.5838296389831]}",0101000020E6100000DFA5000AFD334DC018EFFAEDBA4A41C0
24673114,Entrada AT,TEAT,S,AT Geografico,MORON                                                                                                                                                          ,"{""type"":""Point"",""coordinates"":[-58.5705978685031,-34.6371685944069]}",0101000020E6100000A731D85909494DC0088291BD8E5141C0
24673115,Entrada AT,TEAT,S,AT Geografico,MORON                                                                                                                                                          ,"{""type"":""Point"",""coordinates"":[-58.5706491124761,-34.6371691951017]}",0101000020E6100000C7C9B5070B494DC07C7D9BC28E5141C0
24673116,Entrada AT,TEAT,S,AT Geografico,MORON                                                                                                                                                          ,"{""type"":""Point"",""coordinates"":[-58.5706959952613,-34.6371697446547]}",0101000020E61000007ECDFD900C494DC06FA537C78E5141C0
24673117,Entrada AT,TEAT,S,AT Geografico,MORON                                                                                                                                                          ,"{""type"":""Point"",""coordinates"":[-58.5703834265636,-34.636067267255]}",0101000020E6100000B4A2F95202494DC04C75F7A66A5141C0
24673118,Entrada AT,TEAT,S,AT Geografico,MORON                                                                                                                                                          ,"{""type"":""Point"",""coordinates"":[-58.5702852956285,-34.6360665007643]}",0101000020E6100000990ECB1BFF484DC0936E89A06A5141C0
24673119,Entrada AT,TEAT,S,AT Geografico,MORON                                                                                                                                                          ,"{""type"":""Point"",""coordinates"":[-58.5704815575035,-34.6360680336578]}",0101000020E61000007439288A05494DC0AC4B65AD6A5141C0
24673121,Entrada AT,TEAT,S,AT Geografico,LAMATANZA                                                                                                                                                      ,"{""type"":""Point"",""coordinates"":[-58.5642069516592,-34.6402723409794]}",0101000020E6100000B1C6F2EE37484DC01985AE71F45141C0
24673122,Entrada AT,TEAT,S,AT Geografico,LAMATANZA                                                                                                                                                      ,"{""type"":""Point"",""coordinates"":[-58.5642213134714,-34.6402750122969]}",0101000020E61000006A886C6738484DC06E211788F45141C0
24673123,Entrada AT,TEAT,S,AT Geografico,LAMATANZA                                                                                                                                                      ,"{""type"":""Point"",""coordinates"":[-58.5642356752843,-34.6402776836218]}",0101000020E6100000934AE6DF38484DC0CDC17F9EF45141C0
24673124,Entrada AT,TEAT,S,AT Geografico,LAMATANZA                                                                                                                                                      ,"{""type"":""Point"",""coordinates"":[-58.5642500370984,-34.6402803549359]}",0101000020E61000005E0D605839484DC04E5CE8B4F45141C0
24699305,Entrada AT,TEAT,S,AT Geografico,CABA,"{""type"":""Point"",""coordinates"":[-58.3851762809294,-34.5717911827367]}",0101000020E6100000ADE4D4744D314DC062FF1674304941C0
24763440,Entrada AT,TEAT,S,AT Geografico,CABA,"{""type"":""Point"",""coordinates"":[-58.385183409768,-34.5718608947503]}",0101000020E610000026F5A1B04D314DC02C68E0BC324941C0
24797167,Entrada AT,TEAT,S,AT Geografico,CABA,"{""type"":""Point"",""coordinates"":[-58.3859721351312,-34.5716789683624]}",0101000020E610000023C7F08867314DC0C076C4C62C4941C0
24815253,Entrada AT,TEAT,S,AT Geografico,CABA,"{""type"":""Point"",""coordinates"":[-58.3859238504857,-34.5716197910425]}",0101000020E61000008C4AE6F365314DC00D235AD62A4941C0
24871505,Entrada AT,TEAT,S,AT Geografico,CABA,"{""type"":""Point"",""coordinates"":[-58.3858272814107,-34.5715014363529]}",0101000020E61000001DC8D1C962314DC05A6085F5264941C0
24871506,Entrada AT,TEAT,S,AT Geografico,CABA,"{""type"":""Point"",""coordinates"":[-58.3858755659195,-34.571560613712]}",0101000020E61000008CF9DB5E64314DC091C9EFE5284941C0
25110906,Entrada AT,TEAT,S,AT Geografico,CABA,"{""type"":""Point"",""coordinates"":[-58.3858662654143,-34.5718711021787]}",0101000020E6100000BF4AD71064314DC046B18012334941C0
25110928,Entrada AT,TEAT,S,AT Geografico,CABA,"{""type"":""Point"",""coordinates"":[-58.3854624465609,-34.5716314238923]}",0101000020E61000005EE85CD556314DC0E57DEF372B4941C0
25111009,Entrada AT,TEAT,S,AT Geografico,CABA,"{""type"":""Point"",""coordinates"":[-58.3855085581367,-34.5720708018083]}",0101000020E61000003FC32C5858314DC0AD61B49D394941C0
25245932,Entrada AT,TEAT,S,AT Geografico,MARCOSPAZ                                                                                                                                                      ,"{""type"":""Point"",""coordinates"":[-58.7184039455073,-34.9133632183168]}",0101000020E6100000B2A215A9F45B4DC01B050016E97441C0
25245933,Entrada AT,TEAT,S,AT Geografico,MARCOSPAZ                                                                                                                                                      ,"{""type"":""Point"",""coordinates"":[-58.7182070249106,-34.9133611411553]}",0101000020E6100000CCDF3135EE5B4DC087599304E97441C0
25245934,Entrada AT,TEAT,S,AT Geografico,MARCOSPAZ                                                                                                                                                      ,"{""type"":""Point"",""coordinates"":[-58.7183054852064,-34.9133621797759]}",0101000020E6100000DCBF236FF15B4DC03BC5490DE97441C0
25245935,Entrada AT,TEAT,S,AT Geografico,MARCOSPAZ                                                                                                                                                      ,"{""type"":""Point"",""coordinates"":[-58.7181085646198,-34.913360102455]}",0101000020E6100000820240FBEA5B4DC0FAC1DCFBE87441C0
25449819,Entrada AT,TEAT,S,AT Geografico,LAMATANZA                                                                                                                                                      ,"{""type"":""Point"",""coordinates"":[-58.5957089791411,-34.6715541241096]}",0101000020E61000001AAC1B31404C4DC0B1454C7CF55541C0
25449820,Entrada AT,TEAT,S,AT Geografico,LAMATANZA                                                                                                                                                      ,"{""type"":""Point"",""coordinates"":[-58.5954347789155,-34.6709222818219]}",0101000020E6100000EA2BF334374C4DC0924A05C8E05541C0
26726322,Entrada AT,TEAT,S,AT Geografico,LAMATANZA                                                                                                                                                      ,"{""type"":""Point"",""coordinates"":[-58.608170325545,-34.7022808048906]}",0101000020E6100000874E7586D84D4DC091CE6056E45941C0
26726323,Entrada AT,TEAT,S,AT Geografico,LAMATANZA                                                                                                                                                      ,"{""type"":""Point"",""coordinates"":[-58.6082079457942,-34.7024583560848]}",0101000020E61000003B2D0AC2D94D4DC0D217C927EA5941C0
26726324,Entrada AT,TEAT,S,AT Geografico,LAMATANZA                                                                                                                                                      ,"{""type"":""Point"",""coordinates"":[-58.6080843303954,-34.7022932325511]}",0101000020E61000000C2114B5D54D4DC02401A1BEE45941C0
26726325,Entrada AT,TEAT,S,AT Geografico,LAMATANZA                                                                                                                                                      ,"{""type"":""Point"",""coordinates"":[-58.6081219504644,-34.7024707837762]}",0101000020E6100000B69CA8F0D64D4DC06D5B0990EA5941C0
26800218,Entrada AT,TEAT,S,AT Geografico,GRALSANMARTIN                                                                                                                                                  ,"{""type"":""Point"",""coordinates"":[-58.5901021833663,-34.5547079823001]}",0101000020E61000009E6DE577884B4DC09067D1AB004741C0
26800219,Entrada AT,TEAT,S,AT Geografico,GRALSANMARTIN                                                                                                                                                  ,"{""type"":""Point"",""coordinates"":[-58.5902601879777,-34.5545838781549]}",0101000020E610000060BF55A58D4B4DC036C8C19AFC4641C0
26800220,Entrada AT,TEAT,S,AT Geografico,GRALSANMARTIN                                                                                                                                                  ,"{""type"":""Point"",""coordinates"":[-58.5901621841533,-34.5547602723983]}",0101000020E61000001A23386F8A4B4DC008897562024741C0
26800221,Entrada AT,TEAT,S,AT Geografico,GRALSANMARTIN                                                                                                                                                  ,"{""type"":""Point"",""coordinates"":[-58.59032018878,-34.5546361681766]}",0101000020E6100000477DA89C8F4B4DC0A9BF6551FE4641C0
27116891,Entrada AT,TEAT,S,AT Geografico,TIGRE                                                                                                                                                          ,"{""type"":""Point"",""coordinates"":[-58.6575920890396,-34.4320434334382]}",0101000020E6100000454442FA2B544DC0CE8800334D3741C0
27116892,Entrada AT,TEAT,S,AT Geografico,TIGRE                                                                                                                                                          ,"{""type"":""Point"",""coordinates"":[-58.6577574842386,-34.4319263324967]}",0101000020E61000007EC0B16531544DC0622DB05C493741C0
27116893,Entrada AT,TEAT,S,AT Geografico,TIGRE                                                                                                                                                          ,"{""type"":""Point"",""coordinates"":[-58.6576486199912,-34.4320982506953]}",0101000020E6100000928F79D42D544DC095B2D7FE4E3741C0
27116894,Entrada AT,TEAT,S,AT Geografico,TIGRE                                                                                                                                                          ,"{""type"":""Point"",""coordinates"":[-58.6578140152354,-34.4319811496791]}",0101000020E6100000AC24E93F33544DC01F2E87284B3741C0
27322970,Entrada AT,TEAT,S,AT Geografico,PILAR                                                                                                                                                          ,"{""type"":""Point"",""coordinates"":[-58.98493019798,-34.4026240826911]}",0101000020E610000062955631127E4DC0C7DE992F893341C0
27322971,Entrada AT,TEAT,S,AT Geografico,PILAR                                                                                                                                                          ,"{""type"":""Point"",""coordinates"":[-58.9848252183676,-34.4026763856853]}",0101000020E61000002195B4C00E7E4DC0EBB159E68A3341C0
27417713,Entrada AT,TEAT,S,AT Geografico,SANISIDRO                                                                                                                                                      ,"{""type"":""Point"",""coordinates"":[-58.5316428799914,-34.5065648869171]}",0101000020E6100000685BB7DF0C444DC0344E431ED74041C0
27417714,Entrada AT,TEAT,S,AT Geografico,SANISIDRO                                                                                                                                                      ,"{""type"":""Point"",""coordinates"":[-58.5318605693204,-34.5065686954852]}",0101000020E6100000A7A1D30114444DC0A724363ED74041C0
27417715,Entrada AT,TEAT,S,AT Geografico,SANISIDRO                                                                                                                                                      ,"{""type"":""Point"",""coordinates"":[-58.5316410396308,-34.5066369710514]}",0101000020E61000007F3647D00C444DC01ACEF27AD94041C0
27417716,Entrada AT,TEAT,S,AT Geografico,SANISIDRO                                                                                                                                                      ,"{""type"":""Point"",""coordinates"":[-58.5318587291581,-34.5066407796186]}",0101000020E6100000B9E963F213444DC017A4E59AD94041C0
27743612,Entrada AT,TEAT,S,AT Geografico,                                                                                                                                                               ,"{""type"":""Point"",""coordinates"":[-58.432073749512,-34.6030498409872]}",0101000020E610000096CE4F314E374DC0ED72B8BC304D41C0
27743613,Entrada AT,TEAT,S,AT Geografico,                                                                                                                                                               ,"{""type"":""Point"",""coordinates"":[-58.4319842688391,-34.6030124242052]}",0101000020E61000007886B1424B374DC08185D8822F4D41C0
27765014,Entrada AT,TEAT,S,AT Geografico,                                                                                                                                                               ,"{""type"":""Point"",""coordinates"":[-58.3406273698729,-34.6246198612129]}",0101000020E610000002DD7AAD992B4DC0BC2B2A8BF34F41C0
29294779,Entrada AT,TEAT,S,AT Geografico,TIGRE                                                                                                                                                          ,"{""type"":""Point"",""coordinates"":[-58.628555791792,-34.409625759071]}",0101000020E6100000A3BA248474504DC08D67EB9D6E3441C0
29294780,Entrada AT,TEAT,S,AT Geografico,TIGRE                                                                                                                                                          ,"{""type"":""Point"",""coordinates"":[-58.6287273730722,-34.4095649237282]}",0101000020E6100000F4B878237A504DC02B80989F6C3441C0
29457174,Entrada AT,TEAT,S,AT Geografico,MALVINASARGENTINAS                                                                                                                                             ,"{""type"":""Point"",""coordinates"":[-58.7488021573674,-34.4762437817216]}",0101000020E61000009988C4BFD85F4DC078B5658EF53C41C0
29457175,Entrada AT,TEAT,S,AT Geografico,MALVINASARGENTINAS                                                                                                                                             ,"{""type"":""Point"",""coordinates"":[-58.7486587342417,-34.4761610554755]}",0101000020E610000061B7A50CD45F4DC0B37270D8F23C41C0
30048519,Entrada AT,TEAT,S,AT Geografico,MORENO                                                                                                                                                         ,"{""type"":""Point"",""coordinates"":[-58.7972689009882,-34.6722780812215]}",0101000020E61000005DEE47E80C664DC000554A350D5641C0
30065445,Entrada AT,TEAT,S,AT Geografico,CABA,"{""type"":""Point"",""coordinates"":[-58.4441118409477,-34.5776240806906]}",0101000020E6100000845124A8D8384DC060F9FB95EF4941C0
30072188,Entrada AT,TEAT,S,AT Geografico,GRALSANMARTIN                                                                                                                                                  ,"{""type"":""Point"",""coordinates"":[-58.5272892258414,-34.5799754533917]}",0101000020E6100000D5429E367E434DC06466BAA23C4A41C0
30072189,Entrada AT,TEAT,S,AT Geografico,GRALSANMARTIN                                                                                                                                                  ,"{""type"":""Point"",""coordinates"":[-58.5272113407777,-34.5798577623419]}",0101000020E6100000415C45A97B434DC090CB76C7384A41C0
31546942,Entrada AT,TEAT,S,AT Geografico,                                                                                                                                                               ,"{""type"":""Point"",""coordinates"":[-58.4463329432191,-34.5958666173122]}",0101000020E61000007220197021394DC02611795B454C41C0
31546943,Entrada AT,TEAT,S,AT Geografico,                                                                                                                                                               ,"{""type"":""Point"",""coordinates"":[-58.446260656332,-34.5958117949823]}",0101000020E6100000FE37B6111F394DC09402978F434C41C0
33006118,Entrada AT,TEAT,S,AT Geografico,CABA,"{""type"":""Point"",""coordinates"":[-58.406188135657,-34.5838626552335]}",0101000020E6100000C5550BF9FD334DC0AECAF002BC4A41C0
33006119,Entrada AT,TEAT,S,AT Geografico,CABA,"{""type"":""Point"",""coordinates"":[-58.4058288533996,-34.5840747651481]}",0101000020E6100000EA8F2A33F2334DC0765D3FF6C24A41C0
35536586,Entrada AT,TEAT,S,AT Geografico,LAMATANZA                                                                                                                                                      ,"{""type"":""Point"",""coordinates"":[-58.6048267457981,-34.7711523716313]}",0101000020E610000071797AF66A4D4DC0D731F41EB56241C0
35536598,Entrada AT,TEAT,S,AT Geografico,LAMATANZA                                                                                                                                                      ,"{""type"":""Point"",""coordinates"":[-58.6048540711679,-34.7711758725241]}",0101000020E61000005C42B3DB6B4D4DC049FA17E4B56241C0
36392410,Entrada AT,TEAT,S,AT Geografico,MORON                                                                                                                                                          ,"{""type"":""Point"",""coordinates"":[-58.5705360898971,-34.6357809495473]}",0101000020E6100000E0A59B5307494DC0D7DC2845615141C0
36392597,Entrada AT,TEAT,S,AT Geografico,LAMATANZA                                                                                                                                                      ,"{""type"":""Point"",""coordinates"":[-58.583334923457,-34.6994318149991]}",0101000020E61000006B6E01B8AA4A4DC0FF9951FB865941C0
36508424,Entrada AT,TEAT,S,AT Geografico,CABA,"{""type"":""Point"",""coordinates"":[-58.444046546117,-34.5774827950916]}",0101000020E6100000BABC6884D6384DC0ED75CBF4EA4941C0
36508425,Entrada AT,TEAT,S,AT Geografico,GRALSANMARTIN                                                                                                                                                  ,"{""type"":""Point"",""coordinates"":[-58.5544024452176,-34.5618208076947]}",0101000020E61000001E84C9A8F6464DC070A185BEE94741C0
36664833,Entrada AT,TEAT,S,AT Geografico,MORENO                                                                                                                                                         ,"{""type"":""Point"",""coordinates"":[-58.7967507693857,-34.6720961209358]}",0101000020E61000008AC9E0EDFB654DC00298E53E075641C0
36664837,Entrada AT,TEAT,S,AT Geografico,MORENO                                                                                                                                                         ,"{""type"":""Point"",""coordinates"":[-58.7882972148457,-34.6681525710938]}",0101000020E61000001EA552ECE6644DC009CB0006865541C0
36664838,Entrada AT,TEAT,S,AT Geografico,MORENO                                                                                                                                                         ,"{""type"":""Point"",""coordinates"":[-58.7882314089015,-34.6682212641073]}",0101000020E6100000BA744DC4E4644DC08EEA3D46885541C0
42058673,Entrada AT,TEAT,S,AT Geografico,MERLO                                                                                                                                                          ,"{""type"":""Point"",""coordinates"":[-58.6656557056004,-34.748990697297]}",0101000020E61000008BF9C63434554DC011F35AEDDE5F41C0
42058674,Entrada AT,TEAT,S,AT Geografico,MERLO                                                                                                                                                          ,"{""type"":""Point"",""coordinates"":[-58.6656293696268,-34.7490518382771]}",0101000020E6100000EEE6DA5733554DC051343EEEE05F41C0
42201070,Entrada AT,TEAT,S,AT Geografico,"","{""type"":""Point"",""coordinates"":[-58.5149457973774,-34.5620986129308]}",0101000020E610000070796FBEE9414DC01CD5EBD8F24741C0
42201071,Entrada AT,TEAT,S,AT Geografico,VICENTELOPEZ                                                                                                                                                   ,"{""type"":""Point"",""coordinates"":[-58.5232179087115,-34.5444174925703]}",0101000020E6100000774CEFCDF8424DC0D7FAEE78AF4541C0
