{
"type": "FeatureCollection",
"name": "concesion_eds",
"crs": { "type": "name", "properties": { "name": "urn:ogc:def:crs:OGC:1.3:CRS84" } },
"features": [
{ "type": "Feature", "properties": { "id": 1.0, "comuna": 15.0, "perimetro_": 6556.17, "area_metro": 2122169.34, "nam": "Agronomia", "cca": null, "cde": null, "fna": null, "gna": null, "ara3": null, "arl": null }, "geometry": { "type": "Polygon", "coordinates": [ [ [ -58.475888981732986, -34.59172346127297 ], [ -58.475977396164915, -34.591947076404097 ], [ -58.476035630241803, -34.592094353950401 ], [ -58.476126446152094, -34.592356654204373 ], [ -58.476205540862303, -34.592585093643422 ], [ -58.476686249423018, -34.593927229846422 ], [ -58.476708704277414, -34.593989922277188 ], [ -58.476711262623844, -34.593996998169366 ], [ -58.476903000242935, -34.594527228393666 ], [ -58.477115481331971, -34.595114813480961 ], [ -58.477879494691322, -34.597087866608128 ], [ -58.478347428517765, -34.598342265825607 ], [ -58.478579612187026, -34.598965275074463 ], [ -58.478830975396626, -34.599670676803555 ], [ -58.479746925962864, -34.599276043802305 ], [ -58.480779871195864, -34.59883096341887 ], [ -58.482126942293938, -34.598250542482248 ], [ -58.482843223095628, -34.597943331365947 ], [ -58.482983529044624, -34.597885421247284 ], [ -58.482998825070069, -34.597880875608205 ], [ -58.483287645295967, -34.597795094321398 ], [ -58.48345568510112, -34.59775787307543 ], [ -58.483461746899891, -34.597757338431734 ], [ -58.484852932554183, -34.59763458917039 ], [ -58.485180544769591, -34.597607135725028 ], [ -58.486129913847577, -34.597537243054589 ], [ -58.486486310143164, -34.597511048115038 ], [ -58.486680475849276, -34.597496785713183 ], [ -58.487142726741524, -34.597462752291058 ], [ -58.487352987919266, -34.597447287682144 ], [ -58.487797609339438, -34.597416142510099 ], [ -58.487823871957318, -34.597414299233698 ], [ -58.48854378314217, -34.597363807060539 ], [ -58.489526020734111, -34.597296415061997 ], [ -58.490185414720813, -34.597249933019263 ], [ -58.491216702249766, -34.597180757016808 ], [ -58.492489075438669, -34.59709542266674 ], [ -58.492819353384604, -34.597073271877171 ], [ -58.492907975039081, -34.597067328058245 ], [ -58.493416804011154, -34.597033259557293 ], [ -58.494714805513873, -34.596947578369708 ], [ -58.496783836296792, -34.596811040416171 ], [ -58.497127198020841, -34.596788410142842 ], [ -58.497174048784409, -34.596817270622779 ], [ -58.4983837484098, -34.596367555072021 ], [ -58.499549669825562, -34.595934109394989 ], [ -58.499632773069131, -34.595903238885931 ], [ -58.499785531356302, -34.595846430700341 ], [ -58.50012517560527, -34.595720130353435 ], [ -58.500708511352279, -34.595503330145384 ], [ -58.501791647143982, -34.595100803551382 ], [ -58.502756166573647, -34.594742320421517 ], [ -58.502875368596385, -34.594697984985011 ], [ -58.503179160444098, -34.594582149656851 ], [ -58.503542471562149, -34.594450087269095 ], [ -58.503082240397291, -34.594382208664953 ], [ -58.503470528931274, -34.593953552960159 ], [ -58.503310044132242, -34.593856139289613 ], [ -58.502140738061648, -34.593133406962757 ], [ -58.501926930835225, -34.593001218882918 ], [ -58.500815913063143, -34.592315286552214 ], [ -58.499486172884247, -34.591494195526316 ], [ -58.498201433538377, -34.590700964377518 ], [ -58.497065350012562, -34.58999951201438 ], [ -58.495926985166619, -34.589296569459776 ], [ -58.49559139970107, -34.589089331191644 ], [ -58.495360237034006, -34.588945869203705 ], [ -58.494793494406906, -34.588594249544272 ], [ -58.49422445511231, -34.58824114947749 ], [ -58.493889644170544, -34.588033413216053 ], [ -58.493662660896796, -34.587890298493804 ], [ -58.492539338293199, -34.587182039791799 ], [ -58.491969380815277, -34.586822590526516 ], [ -58.491412629067369, -34.586471587291207 ], [ -58.490849578720002, -34.58611656887323 ], [ -58.490285001501753, -34.585760562014748 ], [ -58.48955886693647, -34.585302684041615 ], [ -58.488968239147184, -34.584930196797615 ], [ -58.488792967971889, -34.584818330673862 ], [ -58.488193361338013, -34.585438324515984 ], [ -58.488085765327583, -34.585550743244809 ], [ -58.487442992300871, -34.58622278492853 ], [ -58.486893422203515, -34.586797339560661 ], [ -58.486802168216933, -34.586897217864063 ], [ -58.48669542204803, -34.587014142299118 ], [ -58.486543018401882, -34.587175585874341 ], [ -58.486439957729402, -34.587284758932356 ], [ -58.486110940631718, -34.587633277256195 ], [ -58.485560759126763, -34.588215924266741 ], [ -58.485489859079578, -34.58829115111179 ], [ -58.485433831530891, -34.588350597590953 ], [ -58.485077735845167, -34.588728626096604 ], [ -58.484709974192548, -34.589118979857325 ], [ -58.484705723708238, -34.589120472459783 ], [ -58.48398795748308, -34.589372452321975 ], [ -58.48365007305128, -34.589491068926755 ], [ -58.482501098747932, -34.589893234320108 ], [ -58.48201175423852, -34.59006443935688 ], [ -58.48186121270912, -34.590117139757666 ], [ -58.481457437281115, -34.590245794031624 ], [ -58.481288076820448, -34.590299763924513 ], [ -58.481181894846962, -34.590328653038156 ], [ -58.480870586646141, -34.590413347368148 ], [ -58.479544619619958, -34.590751213465701 ], [ -58.47808274019043, -34.591123658491689 ], [ -58.477824730865166, -34.591189324842112 ], [ -58.477203164772639, -34.591347681841825 ], [ -58.476482609690549, -34.591556669459806 ], [ -58.475888981732986, -34.59172346127297 ] ] ] } },
{ "type": "Feature", "properties": { "id": 2.0, "comuna": 5.0, "perimetro_": 8537.9, "area_metro": 4050752.25, "nam": "Almagro", "cca": null, "cde": null, "fna": null, "gna": null, "ara3": null, "arl": null }, "geometry": { "type": "Polygon", "coordinates": [ [ [ -58.416002854915654, -34.597854231564213 ], [ -58.415693821186316, -34.597858813065592 ], [ -58.41569310064061, -34.597858823746961 ], [ -58.415665646742056, -34.597859230274508 ], [ -58.415664927285803, -34.597859240927875 ], [ -58.414630265426247, -34.597897424344609 ], [ -58.413956512305795, -34.59792230600732 ], [ -58.413923180197884, -34.597923536863135 ], [ -58.413255030887179, -34.5979482077055 ], [ -58.412986336280575, -34.59795809669334 ], [ -58.412093470691637, -34.597993078170717 ], [ -58.412048595967626, -34.59799553824341 ], [ -58.411989708858094, -34.597998765828905 ], [ -58.411921350793243, -34.598002513125124 ], [ -58.412126566880808, -34.599295577317605 ], [ -58.412256536789258, -34.600114095336792 ], [ -58.412281411716819, -34.60024290997449 ], [ -58.412302471689848, -34.600351511319474 ], [ -58.412594078178884, -34.60160123026931 ], [ -58.412806442779818, -34.602511050583104 ], [ -58.412975149722129, -34.603233877671194 ], [ -58.413185908917086, -34.604136864545964 ], [ -58.413224386502563, -34.604301602542819 ], [ -58.413231258655529, -34.604331067430003 ], [ -58.413414767283442, -34.605118381160466 ], [ -58.413647283319229, -34.606116096319695 ], [ -58.413910643885274, -34.607245585915685 ], [ -58.413939372758179, -34.607345317269221 ], [ -58.41410129587242, -34.60790623523301 ], [ -58.414662333417567, -34.608189281064142 ], [ -58.414624389305921, -34.608845472539528 ], [ -58.414585325503452, -34.60937560517344 ], [ -58.414469373697777, -34.610735577540318 ], [ -58.41401660972268, -34.611549631672702 ], [ -58.413563581441935, -34.612364247291673 ], [ -58.413437711218307, -34.612613565779156 ], [ -58.413316359385711, -34.61285387177309 ], [ -58.413118664016899, -34.613415558510603 ], [ -58.412872416885037, -34.614115325103157 ], [ -58.412818716836114, -34.61544250344059 ], [ -58.412756412830412, -34.616628619211632 ], [ -58.412689947940308, -34.618068891875524 ], [ -58.412684626508948, -34.618276356806987 ], [ -58.412644422700261, -34.619393536966712 ], [ -58.412637663484162, -34.61958205792434 ], [ -58.412546212099379, -34.620641257961523 ], [ -58.41382580678151, -34.6207507985755 ], [ -58.4150954403447, -34.620859477200995 ], [ -58.416104707694323, -34.620945884371011 ], [ -58.416106889442588, -34.620946070907465 ], [ -58.416511846881271, -34.620976156723763 ], [ -58.418067538257951, -34.621091533819659 ], [ -58.419427823819134, -34.621192454135532 ], [ -58.420240129531955, -34.621252674430565 ], [ -58.420499256807815, -34.621271075251158 ], [ -58.420974921107444, -34.621303777042073 ], [ -58.42145075594803, -34.621338518751237 ], [ -58.422214510372584, -34.621392722907792 ], [ -58.422243975978645, -34.621394812402443 ], [ -58.423522676111652, -34.621485481645145 ], [ -58.423703202773417, -34.621504469279301 ], [ -58.423720810587675, -34.621506321100036 ], [ -58.423745496858459, -34.621508911673118 ], [ -58.424042544526067, -34.621540087662403 ], [ -58.424056856270319, -34.621541594031704 ], [ -58.424279149583448, -34.621564993168285 ], [ -58.42429016961119, -34.621566153213664 ], [ -58.425086486331317, -34.621681374974031 ], [ -58.42516523463879, -34.621692769217383 ], [ -58.426616811071426, -34.621902724010326 ], [ -58.427797005138281, -34.62207349731024 ], [ -58.427844642250214, -34.621832804309747 ], [ -58.427943332036563, -34.621330362060704 ], [ -58.428070448142066, -34.620682926491526 ], [ -58.428279200669543, -34.619619619976618 ], [ -58.42828566181668, -34.619586707399854 ], [ -58.428319207394416, -34.619424320890474 ], [ -58.428552658317557, -34.618293880322106 ], [ -58.42858902492565, -34.618117773997568 ], [ -58.428589957961158, -34.618113255445977 ], [ -58.428794696234441, -34.617186118542712 ], [ -58.429220714603758, -34.615256495484132 ], [ -58.429254167197492, -34.615104812037657 ], [ -58.430030191312774, -34.615448341011856 ], [ -58.430087493407825, -34.614014464767962 ], [ -58.43012890776653, -34.613327353925349 ], [ -58.430234499752224, -34.611896588412648 ], [ -58.430256274473003, -34.61175905735103 ], [ -58.430320321823402, -34.611127869247994 ], [ -58.430331903900843, -34.610914699885583 ], [ -58.430372315398849, -34.610171180121384 ], [ -58.430415607220169, -34.609464703122434 ], [ -58.430475606125405, -34.608724567851368 ], [ -58.430514528435737, -34.608513025593176 ], [ -58.430551130616088, -34.607918168646336 ], [ -58.430561587356415, -34.60775295716266 ], [ -58.430607516794439, -34.60704641020989 ], [ -58.4306708058851, -34.605940707541663 ], [ -58.431531154739787, -34.604943173543006 ], [ -58.432331787123211, -34.603927589729139 ], [ -58.433335694565471, -34.602672891597088 ], [ -58.433143421090556, -34.602578054292501 ], [ -58.43224225861244, -34.602133242368652 ], [ -58.432200125926379, -34.602071894369708 ], [ -58.431874334237683, -34.60169687517449 ], [ -58.431156014164543, -34.600880690009213 ], [ -58.431039899861958, -34.600748756043721 ], [ -58.430276817198475, -34.599881705399419 ], [ -58.430189726779545, -34.599803865605175 ], [ -58.430151927725682, -34.599770052000842 ], [ -58.429648360741666, -34.599320189079286 ], [ -58.42943067386279, -34.599125687504198 ], [ -58.42922190569643, -34.598998797422709 ], [ -58.429163585695918, -34.598958639873146 ], [ -58.428549845644483, -34.59867205402908 ], [ -58.42854046714784, -34.598667893095396 ], [ -58.427989405531363, -34.598423438527377 ], [ -58.427854362607142, -34.598363539502309 ], [ -58.427775087919215, -34.598328442994706 ], [ -58.426787110584357, -34.597943779324389 ], [ -58.426566723963532, -34.597915334590141 ], [ -58.426441286790961, -34.597899169411271 ], [ -58.426304692262569, -34.597881520585155 ], [ -58.424956074043919, -34.597851316745839 ], [ -58.423755024700597, -34.597826836595814 ], [ -58.423369282461657, -34.597747393890565 ], [ -58.422843321256686, -34.59771242482563 ], [ -58.422841452923024, -34.59771230071123 ], [ -58.422746057043184, -34.59771428913281 ], [ -58.421779656804809, -34.59773443003219 ], [ -58.42063732121229, -34.59775353737114 ], [ -58.420434846091069, -34.597756923369246 ], [ -58.420164878598605, -34.597762673961988 ], [ -58.419118592844669, -34.597785034401539 ], [ -58.418943039075316, -34.59778878553346 ], [ -58.41885206549442, -34.597790723841349 ], [ -58.417467923557332, -34.597820212060753 ], [ -58.417407267455047, -34.597821685625085 ], [ -58.417401897651693, -34.597821816114553 ], [ -58.417266656217663, -34.597825101335502 ], [ -58.417265955262046, -34.597825118406817 ], [ -58.417265234734849, -34.597825135954743 ], [ -58.417242677412503, -34.597825684414907 ], [ -58.416162149588743, -34.597851951544101 ], [ -58.416161429027483, -34.597851969057423 ], [ -58.416003575469809, -34.59785422128396 ], [ -58.416002854915654, -34.597854231564213 ] ] ] } },
{ "type": "Feature", "properties": { "id": 3.0, "comuna": 3.0, "perimetro_": 8375.82, "area_metro": 4342280.27, "nam": "Balvanera", "cca": null, "cde": null, "fna": null, "gna": null, "ara3": null, "arl": null }, "geometry": { "type": "Polygon", "coordinates": [ [ [ -58.392934155259674, -34.599636447011676 ], [ -58.392768884486621, -34.600806369654897 ], [ -58.392750721458881, -34.600934670280111 ], [ -58.392595594876546, -34.601986005429119 ], [ -58.392576236326832, -34.60211712225378 ], [ -58.392390372681575, -34.603154635642909 ], [ -58.392289635341101, -34.604435299822072 ], [ -58.392208937038582, -34.605485408858982 ], [ -58.392197216787096, -34.605646249860214 ], [ -58.392125252917324, -34.606638898116991 ], [ -58.392115416542765, -34.606787837812881 ], [ -58.392045603594866, -34.607850980920482 ], [ -58.392036801702744, -34.607985696760352 ], [ -58.391963903773807, -34.609168416694345 ], [ -58.391955228550536, -34.609287280186088 ], [ -58.391954940622071, -34.609291230043844 ], [ -58.391878408253341, -34.610339579977058 ], [ -58.391862660382415, -34.610555163537924 ], [ -58.391809804084843, -34.611278988640045 ], [ -58.391797946714888, -34.611498702944509 ], [ -58.391788857439813, -34.611667573338757 ], [ -58.391788804157088, -34.611669953057621 ], [ -58.391788790756316, -34.611670323533573 ], [ -58.391769699278285, -34.612454544506058 ], [ -58.391760066365272, -34.612662146781823 ], [ -58.391752518030962, -34.612823976148952 ], [ -58.391713499934987, -34.613824036647138 ], [ -58.391703745337416, -34.614073963179294 ], [ -58.391687890068035, -34.614658764582025 ], [ -58.391687742137179, -34.614664220783212 ], [ -58.391686943816403, -34.614693679622789 ], [ -58.391680023541745, -34.614916002694791 ], [ -58.391671875047926, -34.615179522633746 ], [ -58.391663583499252, -34.615510507447546 ], [ -58.391661888441433, -34.615699170932579 ], [ -58.391660665791065, -34.615834172263469 ], [ -58.391678423720641, -34.616877646403807 ], [ -58.391700238539833, -34.618158097826793 ], [ -58.39203116032602, -34.618174840764205 ], [ -58.392296479325175, -34.618187859635547 ], [ -58.393005786251045, -34.61822266047087 ], [ -58.393202039786601, -34.618233054989382 ], [ -58.394499069795422, -34.618301681991703 ], [ -58.395992781437933, -34.61838068456894 ], [ -58.39751750090732, -34.618461306334133 ], [ -58.398965818014489, -34.618537854753924 ], [ -58.399245805292637, -34.618552650155685 ], [ -58.400042148452471, -34.61860250224403 ], [ -58.4002968358825, -34.618618408886249 ], [ -58.400983039878888, -34.618666297708607 ], [ -58.402249401321036, -34.618754756124524 ], [ -58.403515598253875, -34.618839186391725 ], [ -58.405037785588867, -34.619153448290746 ], [ -58.40638981082396, -34.619432047319435 ], [ -58.407782897188717, -34.619719101757234 ], [ -58.409254524134504, -34.620022371802058 ], [ -58.410081478195259, -34.620192736747207 ], [ -58.410521572286022, -34.62028342233522 ], [ -58.410814237269562, -34.620335169284367 ], [ -58.412546212099379, -34.620641257961523 ], [ -58.412637663484162, -34.61958205792434 ], [ -58.412644422700261, -34.619393536966712 ], [ -58.412684626508948, -34.618276356806987 ], [ -58.412689947940308, -34.618068891875524 ], [ -58.412756412830412, -34.616628619211632 ], [ -58.412818716836114, -34.61544250344059 ], [ -58.412872416885037, -34.614115325103157 ], [ -58.413118664016899, -34.613415558510603 ], [ -58.413316359385711, -34.61285387177309 ], [ -58.413437711218307, -34.612613565779156 ], [ -58.413563581441935, -34.612364247291673 ], [ -58.41401660972268, -34.611549631672702 ], [ -58.414469373697777, -34.610735577540318 ], [ -58.414585325503452, -34.60937560517344 ], [ -58.414624389305921, -34.608845472539528 ], [ -58.414662333417567, -34.608189281064142 ], [ -58.41410129587242, -34.60790623523301 ], [ -58.413939372758179, -34.607345317269221 ], [ -58.413910643885274, -34.607245585915685 ], [ -58.413647283319229, -34.606116096319695 ], [ -58.413414767283442, -34.605118381160466 ], [ -58.413231258655529, -34.604331067430003 ], [ -58.413224386502563, -34.604301602542819 ], [ -58.413185908917086, -34.604136864545964 ], [ -58.412975149722129, -34.603233877671194 ], [ -58.412806442779818, -34.602511050583104 ], [ -58.412594078178884, -34.60160123026931 ], [ -58.412302471689848, -34.600351511319474 ], [ -58.412281411716819, -34.60024290997449 ], [ -58.412256536789258, -34.600114095336792 ], [ -58.412126566880808, -34.599295577317605 ], [ -58.411921350793243, -34.598002513125124 ], [ -58.410296731834762, -34.598092171455058 ], [ -58.409431434383528, -34.598087852082664 ], [ -58.409430714934935, -34.598087848488767 ], [ -58.409102451424296, -34.5980832536085 ], [ -58.408724846912257, -34.59807796698302 ], [ -58.408724126389046, -34.598077956894251 ], [ -58.40858011165551, -34.59807555765817 ], [ -58.408579392228823, -34.598075545672351 ], [ -58.408151367208646, -34.598068415588983 ], [ -58.408150646692356, -34.598068403585273 ], [ -58.408060134755758, -34.59806702653907 ], [ -58.408059415323677, -34.598067015593394 ], [ -58.40662969515121, -34.598045252089264 ], [ -58.406628974629832, -34.598045241117099 ], [ -58.405885696735396, -34.598041772352005 ], [ -58.405884976200817, -34.598041768987173 ], [ -58.405589777411933, -34.598040390596907 ], [ -58.405589056877382, -34.598040387231599 ], [ -58.404873691635125, -34.598037039083081 ], [ -58.404872971100694, -34.598037035708614 ], [ -58.404735513266566, -34.598036392325291 ], [ -58.404734792732143, -34.598036388952359 ], [ -58.404510253950363, -34.598035368045437 ], [ -58.404509537775233, -34.598035364788565 ], [ -58.403724379341433, -34.598454497923122 ], [ -58.403635063797516, -34.598502177394977 ], [ -58.40344790027693, -34.598602089548528 ], [ -58.403085665672961, -34.59879545756035 ], [ -58.402539726093387, -34.599086880929235 ], [ -58.402477277439637, -34.599120231292488 ], [ -58.402011163481092, -34.599369086313544 ], [ -58.401466820592283, -34.599436038867623 ], [ -58.401211144647938, -34.599467485864359 ], [ -58.401073174709992, -34.599483871949168 ], [ -58.401072399579164, -34.59948396440037 ], [ -58.40047987207479, -34.599554621658591 ], [ -58.399923942732251, -34.599620911435345 ], [ -58.398779778378469, -34.599753432956369 ], [ -58.398726185130975, -34.599759639793142 ], [ -58.398726084824091, -34.599759651410032 ], [ -58.398658177780788, -34.599758324617895 ], [ -58.397188804864456, -34.599729602282103 ], [ -58.396643338317666, -34.599718897707575 ], [ -58.395819553164422, -34.599702725915996 ], [ -58.394714989281425, -34.599681194368529 ], [ -58.394688238685994, -34.599680528502915 ], [ -58.394399376974782, -34.599673340051062 ], [ -58.393082559830859, -34.599640184163107 ], [ -58.392934155259674, -34.599636447011676 ] ] ] } },
{ "type": "Feature", "properties": { "id": 4.0, "comuna": 4.0, "perimetro_": 12844.17, "area_metro": 7954579.06, "nam": "Barracas", "cca": null, "cde": null, "fna": null, "gna": null, "ara3": null, "arl": null }, "geometry": { "type": "Polygon", "coordinates": [ [ [ -58.370662057761699, -34.62949214687238 ], [ -58.370635285811325, -34.629727847250997 ], [ -58.370618595214346, -34.629874455553917 ], [ -58.370615801686426, -34.629906519559668 ], [ -58.370588068492943, -34.630224783621252 ], [ -58.370537216570781, -34.630808346992801 ], [ -58.370456352711571, -34.631737590916146 ], [ -58.370439697170262, -34.631928424507819 ], [ -58.37036328009988, -34.63268788064255 ], [ -58.370339416130136, -34.632924273531749 ], [ -58.370283094006162, -34.633387544566844 ], [ -58.370251822261352, -34.633620340516075 ], [ -58.370234124484099, -34.633751525558729 ], [ -58.370109941123083, -34.63455636724413 ], [ -58.369954601793339, -34.635563018377816 ], [ -58.369921645435831, -34.6357764459298 ], [ -58.369808273811614, -34.636508126423969 ], [ -58.3696743015918, -34.637373242917789 ], [ -58.36962732365329, -34.637676345989732 ], [ -58.369574572348682, -34.638016692919571 ], [ -58.369535262732114, -34.638270468200929 ], [ -58.369395877645971, -34.639170298016559 ], [ -58.369360001310433, -34.639401821673111 ], [ -58.369294429940247, -34.639823112886603 ], [ -58.369249708465659, -34.640114136649366 ], [ -58.369094944327728, -34.641121208955447 ], [ -58.369064472388125, -34.641319215671018 ], [ -58.368970196113189, -34.641953584496875 ], [ -58.368826633192064, -34.642919959588291 ], [ -58.368739137652661, -34.6435088406772 ], [ -58.368695846225236, -34.6438135279205 ], [ -58.368650322096606, -34.644133353574198 ], [ -58.368585782068422, -34.644539926561336 ], [ -58.368557959348074, -34.644728145723086 ], [ -58.368525930843752, -34.64494410897138 ], [ -58.368425611989849, -34.645640232759391 ], [ -58.368395550521434, -34.645848450708328 ], [ -58.368360987920013, -34.646083129786668 ], [ -58.368340846918329, -34.646219889433588 ], [ -58.368309326196808, -34.646437190666298 ], [ -58.368276172947304, -34.646666532615043 ], [ -58.368176993060708, -34.6473320240992 ], [ -58.368158864842108, -34.647453587401039 ], [ -58.368123838201782, -34.647688463396698 ], [ -58.368080783848107, -34.647931671192744 ], [ -58.367863663091534, -34.649039838752437 ], [ -58.36768469030666, -34.649953276903403 ], [ -58.367652871748547, -34.650134647211807 ], [ -58.36765263820719, -34.650135978427691 ], [ -58.367714618627595, -34.65016803444653 ], [ -58.36808761141593, -34.650369149141625 ], [ -58.368636686966461, -34.650665202386442 ], [ -58.368641449622793, -34.650667770607875 ], [ -58.369016781490615, -34.650912512377815 ], [ -58.369187457769307, -34.651023803951375 ], [ -58.36966067200548, -34.651332252781764 ], [ -58.369863820139564, -34.651770385127634 ], [ -58.369899342215788, -34.651847590535901 ], [ -58.37001599631224, -34.652100755508322 ], [ -58.369982491670108, -34.65221168766125 ], [ -58.369731713127102, -34.653041981923963 ], [ -58.369674930606294, -34.653229978736569 ], [ -58.369683650590467, -34.653256088581848 ], [ -58.369790879891525, -34.653576663234752 ], [ -58.37031671375523, -34.653979280806176 ], [ -58.370829406624672, -34.654209579939163 ], [ -58.370832131217107, -34.654210803421321 ], [ -58.371242011510738, -34.654394917280946 ], [ -58.371800587569261, -34.654645819020239 ], [ -58.372547311059712, -34.654981228009611 ], [ -58.372569390042983, -34.655007663078891 ], [ -58.372671744234218, -34.655130216104574 ], [ -58.37326742030146, -34.655928630369459 ], [ -58.373267999787323, -34.655929407815982 ], [ -58.37326810435674, -34.655929547612338 ], [ -58.373275531340823, -34.655939127912987 ], [ -58.373541516149565, -34.656282182126361 ], [ -58.373629627537831, -34.656394006931727 ], [ -58.373713448252666, -34.656456721304657 ], [ -58.374063214878085, -34.656718414793772 ], [ -58.374122731938364, -34.65676294490401 ], [ -58.374532091762134, -34.656837899593143 ], [ -58.375106163065595, -34.656943011766224 ], [ -58.376221521327253, -34.656825517303155 ], [ -58.376376228419133, -34.656819903715011 ], [ -58.376582757050159, -34.656931982010505 ], [ -58.376620856055183, -34.656938373982449 ], [ -58.376879478839349, -34.656921385631442 ], [ -58.376985738372852, -34.656915453878376 ], [ -58.377019188355717, -34.656912210830008 ], [ -58.377052823299728, -34.656913644437253 ], [ -58.37735204826528, -34.65694762899183 ], [ -58.377380646417897, -34.65695045344502 ], [ -58.377408426139787, -34.656956734236317 ], [ -58.377437097390555, -34.656960610677494 ], [ -58.377529397489461, -34.65701696171044 ], [ -58.377530469828166, -34.657017991879151 ], [ -58.377635896925945, -34.657119328096947 ], [ -58.377636200121259, -34.657119388704658 ], [ -58.377755650391244, -34.657143262676193 ], [ -58.377968108689643, -34.657196429993704 ], [ -58.378158833283614, -34.657253617395163 ], [ -58.378352731991242, -34.657308130412396 ], [ -58.37845641087489, -34.657295846023011 ], [ -58.378471507512579, -34.657300940499638 ], [ -58.378521765674797, -34.657317902199324 ], [ -58.378593888731217, -34.65735014991774 ], [ -58.378743936900229, -34.657386028467279 ], [ -58.378902662681, -34.657402833518887 ], [ -58.378983132969815, -34.657412701079394 ], [ -58.378990681866469, -34.657413626642651 ], [ -58.37905849849561, -34.65742321407776 ], [ -58.379156617751647, -34.657436399199845 ], [ -58.379253292629166, -34.65745077581753 ], [ -58.379639420018179, -34.657477641180151 ], [ -58.379850692582359, -34.657501270487927 ], [ -58.380038305711132, -34.657494244228047 ], [ -58.380154180930056, -34.657501082099735 ], [ -58.380160963497708, -34.657501482445248 ], [ -58.380236487506416, -34.657495516081887 ], [ -58.380309015768063, -34.657489785605875 ], [ -58.380404856111639, -34.65749568655346 ], [ -58.380498368329384, -34.657474411830734 ], [ -58.380563014576346, -34.6574801796909 ], [ -58.380793059446653, -34.657491179580077 ], [ -58.380860880982056, -34.657497188305555 ], [ -58.381223079458493, -34.657521282259246 ], [ -58.381509808280171, -34.657535144871581 ], [ -58.381523235044035, -34.657535793881202 ], [ -58.38152552664102, -34.657534989554385 ], [ -58.381615137862319, -34.657503544314856 ], [ -58.381793127660075, -34.657506162145459 ], [ -58.381995165871061, -34.657503911895766 ], [ -58.382047134339579, -34.6574872523585 ], [ -58.382125038717618, -34.657512346419807 ], [ -58.382370359373304, -34.657522049156732 ], [ -58.382377718287799, -34.657526568320243 ], [ -58.382415069969788, -34.657549506136355 ], [ -58.382480045838655, -34.657512582250995 ], [ -58.382534887905592, -34.657509040879823 ], [ -58.382640332427414, -34.65750136483301 ], [ -58.382679542601146, -34.657523584469622 ], [ -58.382683513335898, -34.657525834319159 ], [ -58.382686322363483, -34.657523516839177 ], [ -58.382708065302488, -34.657505577757959 ], [ -58.382817743639407, -34.657504457632967 ], [ -58.382866778235922, -34.657537880152177 ], [ -58.382946115818541, -34.657572515195795 ], [ -58.383034135713551, -34.657583305401317 ], [ -58.383084648179221, -34.657579760932691 ], [ -58.383087384410373, -34.65755108966772 ], [ -58.383267452874534, -34.65753624182517 ], [ -58.383413221890969, -34.657520834907665 ], [ -58.383465168308952, -34.657528024352615 ], [ -58.383466897038957, -34.657529457830741 ], [ -58.3835494063959, -34.657597839878107 ], [ -58.383874980573502, -34.657590896972053 ], [ -58.384126067248232, -34.657608232201483 ], [ -58.384526014774281, -34.657698644327226 ], [ -58.384811694965713, -34.657760361756225 ], [ -58.385177648480678, -34.657844730215963 ], [ -58.385266659534061, -34.657879881949292 ], [ -58.385290639872856, -34.657889352221083 ], [ -58.385399970426981, -34.657939818350734 ], [ -58.385505196365607, -34.657995926414848 ], [ -58.385605894658383, -34.65805744809672 ], [ -58.385701655380487, -34.658124134356392 ], [ -58.385792092619695, -34.658195717240176 ], [ -58.38579255147922, -34.658196142999074 ], [ -58.38600082302635, -34.65838932824289 ], [ -58.386002281517101, -34.658390508216385 ], [ -58.386230975147335, -34.658575504045572 ], [ -58.386231664033652, -34.658576094005419 ], [ -58.386383249864522, -34.658705821094593 ], [ -58.386383305500821, -34.65870581932684 ], [ -58.386445362619618, -34.658704134055313 ], [ -58.386445834706393, -34.658705600051178 ], [ -58.386468043474672, -34.658774562261087 ], [ -58.386513008672317, -34.658840416303747 ], [ -58.386532028536152, -34.658871910144605 ], [ -58.386533726853877, -34.658873287672215 ], [ -58.386595655506966, -34.658923550699079 ], [ -58.386595697993911, -34.658923612923338 ], [ -58.386596074931099, -34.658924163022647 ], [ -58.386673867318123, -34.659053736029982 ], [ -58.386756876576392, -34.659179715620823 ], [ -58.386909066558019, -34.659404477532895 ], [ -58.387289708862397, -34.659788222625274 ], [ -58.387291181584068, -34.659789395380663 ], [ -58.387516409361631, -34.659968668935704 ], [ -58.387563805106808, -34.65997614586216 ], [ -58.387564815164644, -34.659977464355755 ], [ -58.387593146923514, -34.660014442599319 ], [ -58.387621962191616, -34.66006318097358 ], [ -58.387718856626378, -34.660159117193153 ], [ -58.387719453064847, -34.660159426747626 ], [ -58.38783483184136, -34.660219290758846 ], [ -58.387890266162046, -34.660200722592229 ], [ -58.38796471190097, -34.660225095954218 ], [ -58.387965090637614, -34.660226085038559 ], [ -58.387985052723629, -34.660278172915014 ], [ -58.387985082162302, -34.660278190060033 ], [ -58.388018306246316, -34.660326729145496 ], [ -58.388019353115702, -34.660327162470232 ], [ -58.388070240793532, -34.66034822655417 ], [ -58.388097937937616, -34.660361122131377 ], [ -58.388137748094472, -34.660384042575146 ], [ -58.388275004632952, -34.660389138067885 ], [ -58.388275155145138, -34.660389173315593 ], [ -58.38835652795126, -34.660407952022652 ], [ -58.38835676353564, -34.660408007153634 ], [ -58.38877730844068, -34.660505060477639 ], [ -58.388873637812729, -34.660526162809298 ], [ -58.389043554356142, -34.660500272360714 ], [ -58.389044763906242, -34.660501783865897 ], [ -58.389116582918348, -34.66059154163441 ], [ -58.389117083735421, -34.660591436473787 ], [ -58.389190198650347, -34.660576083898775 ], [ -58.389190150134304, -34.660577889399931 ], [ -58.389188733934304, -34.660630817718776 ], [ -58.389190493227005, -34.660631189268976 ], [ -58.38927703997026, -34.660649473827299 ], [ -58.389366007804753, -34.660634208292208 ], [ -58.389481401835226, -34.660639581225588 ], [ -58.389728974578546, -34.660725590472026 ], [ -58.390227390966935, -34.660852954308197 ], [ -58.390326281546976, -34.66091627200727 ], [ -58.390426661255418, -34.660992175144521 ], [ -58.390540924583945, -34.661033741742514 ], [ -58.390627486499888, -34.661066706666254 ], [ -58.390679489596032, -34.661010928460144 ], [ -58.390726044603959, -34.661014004759757 ], [ -58.39074182860962, -34.661018120992296 ], [ -58.3907565744301, -34.661024332390625 ], [ -58.390775645476921, -34.661034552240046 ], [ -58.390776402864105, -34.661035462216411 ], [ -58.390785020726092, -34.661045823677796 ], [ -58.390792016822601, -34.661058218663534 ], [ -58.390796443153008, -34.66107139725154 ], [ -58.390798176757833, -34.661084998803766 ], [ -58.390802337914074, -34.661138360428112 ], [ -58.390826548443172, -34.661178442634842 ], [ -58.39085833468247, -34.661224314607267 ], [ -58.390888571786043, -34.661265261231257 ], [ -58.390925884940884, -34.661302006955957 ], [ -58.39092694681495, -34.66130278009733 ], [ -58.390969432685864, -34.661333725581386 ], [ -58.390969769415143, -34.661334142234011 ], [ -58.391004753291661, -34.661377456952366 ], [ -58.391065301881135, -34.6614519044901 ], [ -58.391066582940063, -34.661452783225414 ], [ -58.391136264938623, -34.661500600283084 ], [ -58.391137994975757, -34.661502031849587 ], [ -58.391224525252916, -34.661573633596767 ], [ -58.3912608694868, -34.661600844398599 ], [ -58.391261580184192, -34.661601512765593 ], [ -58.391298938689644, -34.661636641266085 ], [ -58.391334852901515, -34.661670454642234 ], [ -58.391368138180731, -34.661715463809436 ], [ -58.39140730206595, -34.661757118670209 ], [ -58.391451853009521, -34.661794896109754 ], [ -58.391452060162138, -34.661795036852247 ], [ -58.391501233960931, -34.661828324355135 ], [ -58.391502458120691, -34.661829413982957 ], [ -58.391548121607805, -34.661870040507203 ], [ -58.391548942531244, -34.661870663866708 ], [ -58.391589658417402, -34.661901546794375 ], [ -58.39167621426423, -34.661943096925022 ], [ -58.391710849672791, -34.66194454780932 ], [ -58.391812998810877, -34.661978951581148 ], [ -58.391896087500719, -34.662024792051021 ], [ -58.391965370657012, -34.662013384662153 ], [ -58.39201384361035, -34.662034878361027 ], [ -58.392199083153933, -34.662113691600098 ], [ -58.39233759339794, -34.662156702089618 ], [ -58.392472648634154, -34.662189693012081 ], [ -58.392609070403431, -34.662204002793274 ], [ -58.392719942971162, -34.662223290560618 ], [ -58.392873619230691, -34.662243613443536 ], [ -58.392993865557941, -34.662270131200941 ], [ -58.39318261845203, -34.662291704344931 ], [ -58.393350607516204, -34.662290370297811 ], [ -58.393535924453857, -34.662279028533213 ], [ -58.393707397398977, -34.662254799196937 ], [ -58.393869182216875, -34.66222087301167 ], [ -58.393984518865992, -34.662223475214134 ], [ -58.394096842231342, -34.66219740615719 ], [ -58.39413946491829, -34.662193012517491 ], [ -58.394228727548594, -34.662200717918488 ], [ -58.394304923649685, -34.66220648503392 ], [ -58.394346499603785, -34.662192198623345 ], [ -58.394411192626038, -34.66216417691151 ], [ -58.394822584956756, -34.662115852250324 ], [ -58.39490259045278, -34.662087177239414 ], [ -58.395000800798663, -34.662072243599738 ], [ -58.395045846101873, -34.662050804378595 ], [ -58.395158441648164, -34.662019385510028 ], [ -58.395236407469852, -34.661979361250886 ], [ -58.395300512793916, -34.661945053184731 ], [ -58.395343825497918, -34.661925042527677 ], [ -58.395409785035739, -34.66191780577217 ], [ -58.395435192958928, -34.661909233958298 ], [ -58.395465101005563, -34.661901886959072 ], [ -58.395501023530294, -34.661883512705785 ], [ -58.395525717305681, -34.661865042059191 ], [ -58.395574215544002, -34.661856483049561 ], [ -58.395641731954406, -34.661886571843255 ], [ -58.395769897819882, -34.661875194953339 ], [ -58.395922316294126, -34.661853813930527 ], [ -58.395977742962579, -34.66184382804645 ], [ -58.395979473090243, -34.661845259544286 ], [ -58.396022740473526, -34.661881058708239 ], [ -58.396043524755591, -34.661878208188917 ], [ -58.396044521707289, -34.661879740239627 ], [ -58.396055633089034, -34.661896817328717 ], [ -58.396067735713203, -34.661921151338355 ], [ -58.396068904932925, -34.661921453956467 ], [ -58.396095439243439, -34.661928321127249 ], [ -58.396126619144248, -34.661919752350698 ], [ -58.39615261101563, -34.661902594749762 ], [ -58.396173387220692, -34.661909761607021 ], [ -58.396174228501778, -34.661910887033685 ], [ -58.396195876258425, -34.661939825294731 ], [ -58.396197238058328, -34.661940764415213 ], [ -58.396227031940043, -34.661961306885637 ], [ -58.396249542849525, -34.661965612697792 ], [ -58.396306696173347, -34.661962782129223 ], [ -58.396306694952415, -34.661964299206687 ], [ -58.396306673140167, -34.661991401980416 ], [ -58.396308404034613, -34.661991891497365 ], [ -58.396344487781391, -34.662002107201509 ], [ -58.39639672616196, -34.661994313415612 ], [ -58.396398012242514, -34.661995811368371 ], [ -58.396422354058771, -34.662024152528879 ], [ -58.396422834083346, -34.662024127552627 ], [ -58.396544587908352, -34.662017846526275 ], [ -58.39666532935145, -34.662018367789123 ], [ -58.396782119742802, -34.662025394077567 ], [ -58.396899220031202, -34.66202551199342 ], [ -58.397016031274433, -34.662018719407378 ], [ -58.397088207158781, -34.662006916762046 ], [ -58.397133441464369, -34.661998138119216 ], [ -58.397211314493347, -34.66198170883527 ], [ -58.397286693438652, -34.661958669892151 ], [ -58.397358760987025, -34.661929273247999 ], [ -58.397423168095401, -34.661895696175542 ], [ -58.397426733594436, -34.66189383758546 ], [ -58.397489872395582, -34.661852748317223 ], [ -58.397547493027957, -34.661806451281137 ], [ -58.397598967815817, -34.66175545003653 ], [ -58.397643737776185, -34.661700298659127 ], [ -58.397681316987068, -34.661641595432961 ], [ -58.397711296953126, -34.661579980148126 ], [ -58.397733352070809, -34.661516119680769 ], [ -58.397747242898937, -34.661450709797307 ], [ -58.397752818350995, -34.66138446073284 ], [ -58.397773647649167, -34.661343591942057 ], [ -58.397794712187078, -34.66131567838346 ], [ -58.397802044202422, -34.661305962384588 ], [ -58.397837291619616, -34.661272522661456 ], [ -58.397869202741767, -34.66125052547897 ], [ -58.397878502326705, -34.661244115111884 ], [ -58.397924635035594, -34.661221455794966 ], [ -58.399079711658679, -34.660915424234652 ], [ -58.399195414619236, -34.660894947324792 ], [ -58.399267564925921, -34.660886365023792 ], [ -58.399312533939863, -34.660881016209743 ], [ -58.399430527419163, -34.66087369460179 ], [ -58.399548851787934, -34.660873017369497 ], [ -58.399732899735028, -34.660896801703039 ], [ -58.399758298164514, -34.660899676929283 ], [ -58.39980909284693, -34.660905427364767 ], [ -58.399832192020092, -34.660894945138651 ], [ -58.399933834410326, -34.660839666558708 ], [ -58.399998803619539, -34.660754462671775 ], [ -58.400047610274108, -34.660733369692302 ], [ -58.400099428947009, -34.660717942735396 ], [ -58.4004171287623, -34.660647701220938 ], [ -58.400552833402649, -34.660585761114412 ], [ -58.400614358668506, -34.660558815265944 ], [ -58.400671215521648, -34.660530967377859 ], [ -58.400727395145694, -34.660496971477031 ], [ -58.400761284789461, -34.660471149852931 ], [ -58.400790009805704, -34.660441358451664 ], [ -58.400812897679749, -34.660408293724601 ], [ -58.400887867356651, -34.660294964076812 ], [ -58.400908940909062, -34.660250363917271 ], [ -58.400937275550724, -34.660208528496938 ], [ -58.400945454589888, -34.660161129155888 ], [ -58.400953079637659, -34.660120756047618 ], [ -58.40096752725136, -34.66008167634925 ], [ -58.40097088837102, -34.660075747669111 ], [ -58.400988506658159, -34.66004467323792 ], [ -58.401016820052604, -34.660020104913222 ], [ -58.40102148157478, -34.660016059977977 ], [ -58.401053009205803, -34.659988702541419 ], [ -58.401038771587785, -34.659970240171482 ], [ -58.401038822824674, -34.659970164650467 ], [ -58.401212087190217, -34.659499453827664 ], [ -58.401238576879237, -34.659436938967985 ], [ -58.402011356677598, -34.657613157229299 ], [ -58.402747933161706, -34.655871049905862 ], [ -58.403241646254905, -34.654420017396312 ], [ -58.403412009236952, -34.653845441495029 ], [ -58.403583012809314, -34.65326869861353 ], [ -58.403836136886603, -34.652400154458832 ], [ -58.403930495914551, -34.652129424527843 ], [ -58.404001542306325, -34.651925724984842 ], [ -58.404169398845106, -34.651477633970117 ], [ -58.404280386867313, -34.651202231643587 ], [ -58.404298782450446, -34.651156584793178 ], [ -58.404320071472227, -34.651103761373939 ], [ -58.404398067312478, -34.650935843879019 ], [ -58.404423800757577, -34.650880442737467 ], [ -58.404428974534561, -34.650869304650698 ], [ -58.404666252224168, -34.650457796934724 ], [ -58.404749524850288, -34.650313328434542 ], [ -58.404936033684955, -34.649989824337993 ], [ -58.405047460431575, -34.649796496181864 ], [ -58.404556745759699, -34.649413870648587 ], [ -58.404504103685511, -34.649346021013592 ], [ -58.404436799849712, -34.649254955547221 ], [ -58.404435315656983, -34.649252958196591 ], [ -58.404396878935849, -34.649203192346178 ], [ -58.403612561240855, -34.648187691416105 ], [ -58.403483497470432, -34.648019105910315 ], [ -58.40312951266781, -34.647556463401038 ], [ -58.402748544531399, -34.647058602562822 ], [ -58.401526664188651, -34.646856640587906 ], [ -58.401544206476764, -34.646781311884538 ], [ -58.401543809488331, -34.646781266612713 ], [ -58.401086381871693, -34.646729332525993 ], [ -58.400762185925018, -34.646609328036945 ], [ -58.400605172898139, -34.646551207083206 ], [ -58.400468263659938, -34.646473516643638 ], [ -58.400464398970961, -34.646408831789515 ], [ -58.400335297498557, -34.646357018547697 ], [ -58.400355060206678, -34.646307870963462 ], [ -58.400495102805493, -34.645916742396992 ], [ -58.400382465414054, -34.645900768943775 ], [ -58.397279337624425, -34.64458207561475 ], [ -58.39351029758447, -34.642980175828342 ], [ -58.391403265870984, -34.642084577801526 ], [ -58.391474307871505, -34.640824890727892 ], [ -58.39024715439993, -34.640351622337732 ], [ -58.389884648307692, -34.640203868059906 ], [ -58.389970058734008, -34.639100247849363 ], [ -58.390067205510505, -34.637824873102552 ], [ -58.390109864840923, -34.637264471768887 ], [ -58.390167280362874, -34.63651020249948 ], [ -58.39023451220617, -34.635626572142947 ], [ -58.390251922939392, -34.635397989548856 ], [ -58.390285538246737, -34.634956666910512 ], [ -58.390334119090198, -34.634354507023353 ], [ -58.390355791630974, -34.634122898154061 ], [ -58.389518621455728, -34.633930632521405 ], [ -58.388766891855738, -34.63375806066982 ], [ -58.388643559882411, -34.633729722786981 ], [ -58.388637799516474, -34.633728399229049 ], [ -58.388560070387925, -34.63371053939489 ], [ -58.388543134064129, -34.633705793870867 ], [ -58.388525331111644, -34.633700805896538 ], [ -58.388464331151617, -34.633683715098385 ], [ -58.387655741635221, -34.633457163202387 ], [ -58.387629866007707, -34.633450244999935 ], [ -58.387271076939442, -34.633354316605853 ], [ -58.386523230163625, -34.633139832758303 ], [ -58.385919073021711, -34.632964316563019 ], [ -58.385420293578662, -34.632819411603045 ], [ -58.385356615254643, -34.632800485216926 ], [ -58.383993457079363, -34.632395319126672 ], [ -58.383395026896842, -34.632219081853961 ], [ -58.382626126675348, -34.631682725428099 ], [ -58.382183217171963, -34.631412050733232 ], [ -58.381736477725724, -34.631139032426077 ], [ -58.381661441660725, -34.631083603356181 ], [ -58.381406554036971, -34.630895315945843 ], [ -58.381336840029832, -34.630844085728981 ], [ -58.381336679696133, -34.630844005542492 ], [ -58.381336498760092, -34.630843915279137 ], [ -58.381336297221672, -34.630843814938949 ], [ -58.381336128314949, -34.630843690429835 ], [ -58.381336114581771, -34.630844096052805 ], [ -58.381336094508946, -34.630844674752268 ], [ -58.381336086793304, -34.630844894696025 ], [ -58.381334414195329, -34.630893419582826 ], [ -58.381310828192902, -34.631577763499621 ], [ -58.381310525097334, -34.631586557524393 ], [ -58.381301121086594, -34.63185940484253 ], [ -58.381293394218922, -34.632083590260407 ], [ -58.381284034581761, -34.632355146770735 ], [ -58.381278121182504, -34.632494540682394 ], [ -58.381267974179302, -34.632733730322634 ], [ -58.381267967907561, -34.632733878162632 ], [ -58.381254723781289, -34.633046072422268 ], [ -58.381253768976293, -34.633068579260076 ], [ -58.381253657798311, -34.633068575408657 ], [ -58.380146912344678, -34.63303023065702 ], [ -58.380146860515126, -34.633029713208195 ], [ -58.38011696353648, -34.632732388288524 ], [ -58.380095765832479, -34.632630682243089 ], [ -58.380011192620991, -34.632580630060851 ], [ -58.379639375742876, -34.632360579459679 ], [ -58.379581256474246, -34.632290538216047 ], [ -58.379513689772111, -34.632209927646144 ], [ -58.37952933195082, -34.632159303975584 ], [ -58.379521240572672, -34.632140631835462 ], [ -58.379474507498202, -34.632032786637183 ], [ -58.379123070319707, -34.631397708771502 ], [ -58.378633790481366, -34.630513522130897 ], [ -58.378624945266196, -34.630497536561244 ], [ -58.378624954015862, -34.630497511327626 ], [ -58.378632123458296, -34.630477743709832 ], [ -58.378632132212545, -34.630477713969114 ], [ -58.378965060255631, -34.629558677989721 ], [ -58.379048013153934, -34.62933204317676 ], [ -58.37872152383153, -34.629119899311341 ], [ -58.378572957867739, -34.629023364330507 ], [ -58.377935600842719, -34.628609219634775 ], [ -58.377723098645284, -34.628471181740082 ], [ -58.376607943720202, -34.627862788106007 ], [ -58.375576767291435, -34.627300208745069 ], [ -58.374564447960466, -34.626797991498485 ], [ -58.374564274581637, -34.626797987766672 ], [ -58.373869811235458, -34.626779456731811 ], [ -58.373869637857673, -34.626779452097608 ], [ -58.373660552952259, -34.626773874791517 ], [ -58.37366037957446, -34.62677387015701 ], [ -58.37363927219134, -34.626773307482942 ], [ -58.373639098813555, -34.626773302848406 ], [ -58.37278926765191, -34.626750631935458 ], [ -58.372789094278133, -34.626750623694051 ], [ -58.372551255359348, -34.626736935623853 ], [ -58.372551083078051, -34.626736925580083 ], [ -58.371725102059095, -34.626689363320317 ], [ -58.37172492977799, -34.62668935327536 ], [ -58.371559370808356, -34.626679818966316 ], [ -58.371276015196607, -34.626663500788041 ], [ -58.371131073360793, -34.626655153293648 ], [ -58.371130901079837, -34.626655143247874 ], [ -58.370969220751803, -34.626645831916022 ], [ -58.370969017940133, -34.626645820044075 ], [ -58.370967722560451, -34.626645746048659 ], [ -58.370967550271573, -34.626645743213999 ], [ -58.370967211463814, -34.626649388292279 ], [ -58.37096716740249, -34.626649861508525 ], [ -58.370967103355532, -34.626650551042566 ], [ -58.370967083243478, -34.626650770056813 ], [ -58.370951254332979, -34.626821084637534 ], [ -58.370920074381111, -34.627083232155698 ], [ -58.370797496841867, -34.628113798906618 ], [ -58.370713047252089, -34.628824445993047 ], [ -58.370715344479173, -34.628994655239431 ], [ -58.370715723281975, -34.629022759929157 ], [ -58.370696882589421, -34.629187959269728 ], [ -58.370662125025497, -34.629491559206159 ], [ -58.370662094088701, -34.629491829600013 ], [ -58.370662057761699, -34.62949214687238 ] ] ] } },
{ "type": "Feature", "properties": { "id": 6.0, "comuna": 4.0, "perimetro_": 20074.86, "area_metro": 5036358.08, "nam": "Boca", "cca": null, "cde": null, "fna": null, "gna": null, "ara3": null, "arl": null }, "geometry": { "type": "Polygon", "coordinates": [ [ [ -58.351257033668787, -34.61931106938593 ], [ -58.351264538055332, -34.619333917524315 ], [ -58.351270165409368, -34.619350954102522 ], [ -58.351229822465854, -34.619351477729374 ], [ -58.351200280399716, -34.619356228106547 ], [ -58.35115466475176, -34.619371944787133 ], [ -58.350872985347337, -34.61946899459241 ], [ -58.350872190103814, -34.61946926879228 ], [ -58.350879221555772, -34.619612615307268 ], [ -58.350775716048638, -34.619670186018553 ], [ -58.350775594106544, -34.619670253843758 ], [ -58.35068668875153, -34.619552760089206 ], [ -58.35068665264852, -34.619552712376837 ], [ -58.350172748994844, -34.61973227304302 ], [ -58.350163841806683, -34.619735385235884 ], [ -58.34974759858445, -34.619773388261301 ], [ -58.349741859425635, -34.619773912236568 ], [ -58.349740376332747, -34.619774047640348 ], [ -58.349577063832911, -34.619788957671688 ], [ -58.349576931942345, -34.619788969712879 ], [ -58.349072006994312, -34.61964206876727 ], [ -58.348320091568695, -34.619052518561602 ], [ -58.347852878847284, -34.61896388787833 ], [ -58.347294291979509, -34.618933968340109 ], [ -58.347294150539234, -34.61893396076384 ], [ -58.34656761788559, -34.619101225256784 ], [ -58.346567515442125, -34.619101248841275 ], [ -58.346379653753324, -34.619038075971829 ], [ -58.345973535327914, -34.618852906884221 ], [ -58.345201472314855, -34.618814366300867 ], [ -58.344600078134938, -34.618997536858039 ], [ -58.344547359320352, -34.619053437536429 ], [ -58.344581581432358, -34.61933203994144 ], [ -58.344680404542821, -34.619625968883447 ], [ -58.345197093177291, -34.619830627151984 ], [ -58.345450910579061, -34.619870940686724 ], [ -58.34592173884657, -34.619562575736737 ], [ -58.346242070904687, -34.61934450849968 ], [ -58.346328614753631, -34.619210207078041 ], [ -58.346333003867819, -34.619211582674673 ], [ -58.346333034289373, -34.619211538204361 ], [ -58.346337854835291, -34.619204491927327 ], [ -58.346566342738001, -34.619276102262447 ], [ -58.346898158163164, -34.619622450613065 ], [ -58.346902045097337, -34.619626508002632 ], [ -58.347155529905784, -34.619987907579876 ], [ -58.347103953457044, -34.620546393773978 ], [ -58.346971263325031, -34.620987217010537 ], [ -58.346584518496506, -34.621469791645872 ], [ -58.346457512497182, -34.621618244579111 ], [ -58.346516491408956, -34.621988956255535 ], [ -58.346467502096417, -34.622071472972529 ], [ -58.346380167714884, -34.622222461629349 ], [ -58.346320524809016, -34.622326047743371 ], [ -58.346282172279139, -34.622399790257816 ], [ -58.346201231438052, -34.622536731797126 ], [ -58.346184192609577, -34.622564822568087 ], [ -58.346095441384527, -34.622650218837215 ], [ -58.346066356689192, -34.622678393567071 ], [ -58.346025966543877, -34.622811295029557 ], [ -58.346041921602755, -34.62290104566749 ], [ -58.345937473382079, -34.622954042521137 ], [ -58.345937319412073, -34.622954120645161 ], [ -58.34592458905454, -34.622904451060421 ], [ -58.345941550282802, -34.622804566784467 ], [ -58.345961726724781, -34.622751410620779 ], [ -58.345964915266649, -34.622700138304097 ], [ -58.34595123717272, -34.622662228614672 ], [ -58.345951164836897, -34.622650690390593 ], [ -58.345951077779603, -34.622636803954627 ], [ -58.345937182649003, -34.622615204319601 ], [ -58.345938979656978, -34.622574910841628 ], [ -58.345945975369375, -34.622551892640764 ], [ -58.345937322509933, -34.622532123421003 ], [ -58.345933850924645, -34.622508707539566 ], [ -58.345920882616284, -34.62248016967478 ], [ -58.345928686666099, -34.622466968699328 ], [ -58.345946105023579, -34.622459789434131 ], [ -58.3459444498314, -34.622399345931242 ], [ -58.345978682473877, -34.622350090199475 ], [ -58.345980901256354, -34.622306559216767 ], [ -58.345980919587035, -34.622306199581224 ], [ -58.345979259253056, -34.622305180283583 ], [ -58.345969179592714, -34.622298992266039 ], [ -58.345956732098635, -34.622298625566913 ], [ -58.345956558750466, -34.622298620460128 ], [ -58.345943076965234, -34.622292491366167 ], [ -58.34593032397504, -34.622290722218317 ], [ -58.345930023081081, -34.622290680477036 ], [ -58.345912638700696, -34.62227375403986 ], [ -58.345871685071373, -34.622274072772719 ], [ -58.34587151169243, -34.62227407412206 ], [ -58.345878493210975, -34.622261128360392 ], [ -58.345878664393886, -34.622261135723846 ], [ -58.345889664745357, -34.622261608905106 ], [ -58.345897763742457, -34.622261957283683 ], [ -58.34589945875554, -34.622261548653057 ], [ -58.345908262389834, -34.622259426288721 ], [ -58.345908322238074, -34.622259453517408 ], [ -58.345912232452598, -34.622261232516394 ], [ -58.345932431941634, -34.622270422512962 ], [ -58.345932605314736, -34.622270422679762 ], [ -58.345939231656736, -34.622270429055078 ], [ -58.345941361751073, -34.622269299884756 ], [ -58.345948759034378, -34.622265378558943 ], [ -58.345960321495582, -34.622263141543925 ], [ -58.345960383617843, -34.622263163237527 ], [ -58.345964414841447, -34.622264570973847 ], [ -58.34597323527823, -34.622267651142025 ], [ -58.345974130187003, -34.622268792185821 ], [ -58.345982059304561, -34.622278902120094 ], [ -58.345986130868376, -34.622285089766606 ], [ -58.345994965179869, -34.622289033855381 ], [ -58.346009243739736, -34.622290733237826 ], [ -58.346009361497828, -34.622290726867853 ], [ -58.346009415998019, -34.62229072391974 ], [ -58.346017033068762, -34.622290311883653 ], [ -58.346019444104968, -34.622290181461508 ], [ -58.34603033278642, -34.622284008198967 ], [ -58.346039186077988, -34.622274459870951 ], [ -58.34604871265897, -34.622269971851395 ], [ -58.346048886032087, -34.622269972018032 ], [ -58.346060136747326, -34.622269982831575 ], [ -58.346060250148589, -34.622269982940573 ], [ -58.346062196507084, -34.62226998481119 ], [ -58.346062312089167, -34.622269984922276 ], [ -58.346067758702802, -34.622266055465104 ], [ -58.346069127914291, -34.622259310565006 ], [ -58.346069148466931, -34.622244694985412 ], [ -58.346071200455725, -34.622236265088851 ], [ -58.346069167438912, -34.622231203473106 ], [ -58.346064412301452, -34.62222726421151 ], [ -58.346048775118753, -34.622225562628195 ], [ -58.346035623376459, -34.622215655310974 ], [ -58.34603383069657, -34.622214304869971 ], [ -58.346048136615188, -34.622195768330414 ], [ -58.346060378981996, -34.622194655126847 ], [ -58.346060406222101, -34.622194668675355 ], [ -58.34606217138122, -34.622195546619473 ], [ -58.346077366396955, -34.622203104222194 ], [ -58.34607742213727, -34.622203045714627 ], [ -58.346081031011451, -34.622199257676151 ], [ -58.346084857579491, -34.622195241135792 ], [ -58.346081596654258, -34.622183314932307 ], [ -58.346081475114424, -34.622182870423785 ], [ -58.346064007709593, -34.622172129651652 ], [ -58.346063029549214, -34.622171528177041 ], [ -58.346056580046749, -34.62216438811322 ], [ -58.346056314058195, -34.622164093644699 ], [ -58.346048873157997, -34.622155856030112 ], [ -58.346048202238286, -34.622149110070531 ], [ -58.346053658824268, -34.622137309437157 ], [ -58.346048080672283, -34.622131454055719 ], [ -58.346044985941639, -34.62212820551909 ], [ -58.34604347429071, -34.622126618740019 ], [ -58.346030118900593, -34.622136072598757 ], [ -58.346012887209497, -34.622134631786267 ], [ -58.346012712766047, -34.622134617200331 ], [ -58.345989093467651, -34.622113074924442 ], [ -58.345995227001112, -34.6221029624 ], [ -58.346017674442443, -34.622097924321977 ], [ -58.346017702384366, -34.622097957012116 ], [ -58.346018979860901, -34.622099451571977 ], [ -58.34602921582821, -34.622111426948642 ], [ -58.346029759800714, -34.622111483725661 ], [ -58.346040094205499, -34.622112562376373 ], [ -58.346040126989649, -34.622112548066632 ], [ -58.346042289290516, -34.622111604257135 ], [ -58.346051660597219, -34.622107513832077 ], [ -58.346054405640139, -34.622090090247859 ], [ -58.346041720911217, -34.622078624089916 ], [ -58.346039464403532, -34.622076584355398 ], [ -58.346046962694523, -34.622063661615854 ], [ -58.34606397014457, -34.622058619201596 ], [ -58.346067400823962, -34.622036698197455 ], [ -58.346089036155711, -34.62202294621428 ], [ -58.346096897467156, -34.6220069698144 ], [ -58.346078093412238, -34.622000904129251 ], [ -58.346068481017312, -34.621996173279818 ], [ -58.34606811734033, -34.621995994292028 ], [ -58.346061382682578, -34.621992679752871 ], [ -58.346037003269586, -34.621966001499004 ], [ -58.346035648941481, -34.621964519464768 ], [ -58.346020685287385, -34.621948144811022 ], [ -58.34597845242174, -34.62194329603382 ], [ -58.345941808462996, -34.62192560470065 ], [ -58.345923113095559, -34.621921291735177 ], [ -58.345923002006046, -34.621921266107151 ], [ -58.345910453013722, -34.621926438089616 ], [ -58.34590155194492, -34.621938957438395 ], [ -58.345884918439033, -34.621943237433683 ], [ -58.345884823599462, -34.621943261836996 ], [ -58.34586288591359, -34.621936328641993 ], [ -58.345839399116251, -34.621916001576274 ], [ -58.345836811619854, -34.62189742265155 ], [ -58.345823247858952, -34.621881425636374 ], [ -58.345811323071139, -34.62187626776786 ], [ -58.345811235775841, -34.621876230009725 ], [ -58.345795549471312, -34.621883126978048 ], [ -58.345786653260248, -34.621892191185907 ], [ -58.345794450201822, -34.62192114234449 ], [ -58.345812197239034, -34.621929804042153 ], [ -58.345812795275464, -34.621930684607086 ], [ -58.345826286427162, -34.621950549335821 ], [ -58.345825744167243, -34.621963941188689 ], [ -58.345808641049089, -34.621974199084306 ], [ -58.345808484991601, -34.621974292682509 ], [ -58.345804854730936, -34.621954416513091 ], [ -58.345794609358165, -34.62194592700034 ], [ -58.345789792171288, -34.621941935385827 ], [ -58.345789718110979, -34.621941874018013 ], [ -58.345779257562768, -34.621948344238604 ], [ -58.345771242886116, -34.621976386858748 ], [ -58.345790538780257, -34.621989344409613 ], [ -58.345790599065595, -34.621989656403322 ], [ -58.345792853161569, -34.622001321984115 ], [ -58.345801527490728, -34.622012853103435 ], [ -58.345801661224513, -34.622013030880879 ], [ -58.345803118447115, -34.622014102469116 ], [ -58.345814967700349, -34.622022815975292 ], [ -58.345815013220204, -34.622023010725904 ], [ -58.345816126346989, -34.622027773090188 ], [ -58.345806456047576, -34.622037536054549 ], [ -58.345799778146187, -34.622049367951725 ], [ -58.345787993628733, -34.622052897371866 ], [ -58.345783799661341, -34.622062396987026 ], [ -58.345785323194576, -34.622093934581301 ], [ -58.345769106020633, -34.62210687955271 ], [ -58.345755348971316, -34.622108890185146 ], [ -58.34575517879064, -34.622108915057538 ], [ -58.345749434249548, -34.621958356404249 ], [ -58.345739306460139, -34.6219199434845 ], [ -58.345736917318554, -34.621910881886336 ], [ -58.345725354237601, -34.621867025104635 ], [ -58.345725286026557, -34.62186676639169 ], [ -58.345715615579614, -34.621830088009482 ], [ -58.345618112657903, -34.621657841069606 ], [ -58.345485199691907, -34.621521923980801 ], [ -58.345484317752224, -34.621521021710436 ], [ -58.345431961245147, -34.62148821616109 ], [ -58.345294808248717, -34.621415463600783 ], [ -58.345039771184233, -34.621332349208636 ], [ -58.344945611316334, -34.621329746536588 ], [ -58.344802842606136, -34.6213321192878 ], [ -58.344708668458345, -34.621339560926579 ], [ -58.344526343470513, -34.621389606077557 ], [ -58.344340942124212, -34.621467271026589 ], [ -58.34426035809016, -34.621529133393516 ], [ -58.344196494014348, -34.621581804943176 ], [ -58.344116013753762, -34.621689147486258 ], [ -58.344114110530143, -34.621691779571734 ], [ -58.344068895247915, -34.621754330791049 ], [ -58.344068398595269, -34.62174951317369 ], [ -58.344062296385054, -34.621757249444201 ], [ -58.344056652490643, -34.62166655040474 ], [ -58.344085432026425, -34.621597321644671 ], [ -58.34408380295875, -34.621523375786118 ], [ -58.344116554048782, -34.621501131933243 ], [ -58.34416853789088, -34.621488453779769 ], [ -58.344212923593119, -34.621405758610877 ], [ -58.344233804821329, -34.621335212316126 ], [ -58.344237437823409, -34.621309453342796 ], [ -58.34427036420319, -34.621211697781355 ], [ -58.34426621729758, -34.621186721379303 ], [ -58.344264183401314, -34.621174471417973 ], [ -58.344254764358034, -34.621117741379926 ], [ -58.344268971715231, -34.621114638661155 ], [ -58.344268882612425, -34.621108428014722 ], [ -58.344254814149188, -34.621060557970786 ], [ -58.344250830667868, -34.621021834546774 ], [ -58.34422914567844, -34.620963442017263 ], [ -58.344246631687604, -34.620931676864821 ], [ -58.344235570737027, -34.620898172056094 ], [ -58.344234435109428, -34.620894733838291 ], [ -58.344231981465143, -34.620887301049315 ], [ -58.344223161747401, -34.620841238058958 ], [ -58.344274514257592, -34.620800766701471 ], [ -58.344269458842817, -34.620767455249741 ], [ -58.344294484534366, -34.620755709842406 ], [ -58.344301522676894, -34.62073067619847 ], [ -58.344340070782067, -34.620551120541279 ], [ -58.344349347898785, -34.62051964753887 ], [ -58.344339223309724, -34.620442783606414 ], [ -58.344335648528435, -34.620415648317689 ], [ -58.344308531700968, -34.620280644327835 ], [ -58.344301370977675, -34.620176159301998 ], [ -58.344276926422012, -34.620120073515999 ], [ -58.344211136703507, -34.620043009213589 ], [ -58.344206915497985, -34.619968473082061 ], [ -58.344197588546479, -34.619946297186289 ], [ -58.34413412566979, -34.619801485374737 ], [ -58.344102498329811, -34.619656705539469 ], [ -58.344051804037363, -34.619488220471943 ], [ -58.344010509778208, -34.619425016776461 ], [ -58.343923254925592, -34.619344149866713 ], [ -58.343852005379688, -34.619230725794246 ], [ -58.343851617006855, -34.619230107942023 ], [ -58.343708486110025, -34.619143117799688 ], [ -58.343611450066653, -34.619075296324951 ], [ -58.343480879767689, -34.618971421138752 ], [ -58.343479154616546, -34.618970049287505 ], [ -58.343463675029248, -34.618745368927378 ], [ -58.343463654744014, -34.618745068734924 ], [ -58.34340961388704, -34.618709241021477 ], [ -58.343301500169531, -34.618661434333021 ], [ -58.343063560967934, -34.618616480652058 ], [ -58.342859884821905, -34.61856649166014 ], [ -58.342658611627826, -34.618535633717045 ], [ -58.342478509356496, -34.618517936396401 ], [ -58.342322554968781, -34.618504101903014 ], [ -58.342187675494365, -34.618501865960795 ], [ -58.342111398556554, -34.618492444297416 ], [ -58.342048352798933, -34.618489921677742 ], [ -58.342000616491895, -34.618494241596572 ], [ -58.341832211346535, -34.61849101551568 ], [ -58.341562040288785, -34.618477606220139 ], [ -58.341418979532236, -34.618490603357259 ], [ -58.341159631008203, -34.618522082929971 ], [ -58.3410957397979, -34.618538458121918 ], [ -58.341042750655276, -34.618550585903385 ], [ -58.340979561031219, -34.618557677121984 ], [ -58.340901658275683, -34.618565470174588 ], [ -58.340694757923259, -34.618601752749477 ], [ -58.340562293164723, -34.618634532155085 ], [ -58.340532847894671, -34.618648097726798 ], [ -58.340493894330884, -34.618653066802921 ], [ -58.340393454004584, -34.618684447707075 ], [ -58.340375025831506, -34.61867788934471 ], [ -58.340184445233575, -34.618581340878208 ], [ -58.339903789440903, -34.618493459220382 ], [ -58.339835450433732, -34.618484089234222 ], [ -58.339741983607198, -34.618481847422814 ], [ -58.339176339812916, -34.618497434743759 ], [ -58.338785299412699, -34.618590051860096 ], [ -58.338718753451346, -34.618599345155111 ], [ -58.338654081648684, -34.618615295504782 ], [ -58.338592254759611, -34.618637664126965 ], [ -58.338534200072232, -34.618666115745029 ], [ -58.338190608214369, -34.618858949645315 ], [ -58.338144101229652, -34.618887365143543 ], [ -58.338103219967408, -34.618921179586778 ], [ -58.338068872729664, -34.618959642129695 ], [ -58.33804182078282, -34.619001897211433 ], [ -58.337816156486497, -34.619428581763472 ], [ -58.33764698410581, -34.619696721240075 ], [ -58.337583235752106, -34.619882686756903 ], [ -58.337556849333275, -34.619922865541156 ], [ -58.337535148647007, -34.619964916889849 ], [ -58.337518325074832, -34.620008468716883 ], [ -58.33750652749552, -34.620053135370554 ], [ -58.33751139809938, -34.620176044326037 ], [ -58.337449440652797, -34.620608262953013 ], [ -58.337416520905691, -34.620915299037271 ], [ -58.337354200623516, -34.621060100787815 ], [ -58.337343135634192, -34.621093159705893 ], [ -58.337326405346893, -34.621124548753812 ], [ -58.337304360766076, -34.621153608453433 ], [ -58.337064498648004, -34.621424058258626 ], [ -58.337033108964832, -34.621453322774236 ], [ -58.337008215188952, -34.621486583685197 ], [ -58.33699054826959, -34.621522867318902 ], [ -58.336980625580544, -34.621561109638947 ], [ -58.336967275438546, -34.621648512673303 ], [ -58.336949734007071, -34.621702686882244 ], [ -58.336936307570532, -34.621757659500503 ], [ -58.336927049889681, -34.621813216949036 ], [ -58.336921185511358, -34.621890345249298 ], [ -58.336923346224097, -34.621967605356843 ], [ -58.336933518740054, -34.622044426659635 ], [ -58.336951626521092, -34.62212024298568 ], [ -58.336977535224726, -34.622194496214412 ], [ -58.337011055972951, -34.62226663718161 ], [ -58.337051939886074, -34.622336134688069 ], [ -58.337099885713428, -34.622402476409249 ], [ -58.337130043977183, -34.622437071591314 ], [ -58.337154540917787, -34.622465172502174 ], [ -58.337215500576463, -34.622523761013269 ], [ -58.337217003491894, -34.6225249767772 ], [ -58.337282317191836, -34.622577809691514 ], [ -58.337354496322881, -34.622626920491399 ], [ -58.337431506398687, -34.622670729583511 ], [ -58.337512778706405, -34.622708915467371 ], [ -58.337597716120335, -34.62274119537534 ], [ -58.337685689819949, -34.622767332480706 ], [ -58.337776051289147, -34.622787133206117 ], [ -58.337868135581346, -34.622800451734193 ], [ -58.337961261319982, -34.622807190007798 ], [ -58.337972686566232, -34.622807203549542 ], [ -58.337972801058619, -34.622807203667172 ], [ -58.338054630382338, -34.62280729762707 ], [ -58.338054743784305, -34.622807297743506 ], [ -58.338650921529066, -34.622715585136739 ], [ -58.338875896921664, -34.622676353875889 ], [ -58.339203742894597, -34.62261918320965 ], [ -58.339309297031683, -34.622600942174728 ], [ -58.33941616006198, -34.622588997883405 ], [ -58.339523782354831, -34.622583411972549 ], [ -58.33953403202409, -34.62258348817663 ], [ -58.339631613238204, -34.622584213628706 ], [ -58.33973909772957, -34.622591397782074 ], [ -58.339845684163983, -34.6226049278186 ], [ -58.340231484868163, -34.62265301801267 ], [ -58.340344362345157, -34.6226589207496 ], [ -58.340457457349842, -34.622660029858316 ], [ -58.340459825801375, -34.622659952541419 ], [ -58.340570471099241, -34.622656340530462 ], [ -58.340956409187505, -34.622612009750881 ], [ -58.34096670237787, -34.62261215772115 ], [ -58.341016806414302, -34.622612877981723 ], [ -58.34107689208296, -34.622618006875129 ], [ -58.341136229004526, -34.622627359937063 ], [ -58.341194382217942, -34.622640868225353 ], [ -58.341263757209582, -34.622682395683093 ], [ -58.341335631526974, -34.622720907651434 ], [ -58.341392609481865, -34.622742549970745 ], [ -58.341451679619865, -34.622759944165722 ], [ -58.34173787919547, -34.622801100919936 ], [ -58.341830871501074, -34.622812076378686 ], [ -58.341838721070282, -34.622813002740138 ], [ -58.341860377159698, -34.622815559089865 ], [ -58.341881412142385, -34.62282007089533 ], [ -58.341903074233421, -34.622821503174755 ], [ -58.34190825752475, -34.622821098223554 ], [ -58.341924709249746, -34.622819812910222 ], [ -58.341945663960892, -34.622815051734136 ], [ -58.341965303539766, -34.62280736324233 ], [ -58.341983037737855, -34.622796979414353 ], [ -58.341998328527453, -34.622784214311025 ], [ -58.342007913008914, -34.622760355184674 ], [ -58.342013495851404, -34.622735642942665 ], [ -58.342014973898259, -34.622710532699301 ], [ -58.342012320308029, -34.62268548865849 ], [ -58.342003643207697, -34.622663526887514 ], [ -58.341975490195743, -34.622592269710807 ], [ -58.341974117532388, -34.622585421171479 ], [ -58.341960542800635, -34.622552672660404 ], [ -58.341940615320944, -34.622522225458766 ], [ -58.341927923010218, -34.622497534699306 ], [ -58.341923957547579, -34.622489820922098 ], [ -58.341913393246891, -34.622455712456038 ], [ -58.34190916225873, -34.622420677323426 ], [ -58.341911360456422, -34.6223855151785 ], [ -58.341919939776652, -34.622351028235407 ], [ -58.34193470279321, -34.622318004136133 ], [ -58.341947703418683, -34.622303160792846 ], [ -58.341969017793041, -34.622288685383545 ], [ -58.341988426440977, -34.622275504314992 ], [ -58.341989156267687, -34.622275126181854 ], [ -58.34201473577761, -34.622261873085463 ], [ -58.342043107842876, -34.622251443936094 ], [ -58.342072974237318, -34.622244426331122 ], [ -58.342103740496405, -34.622240958497294 ], [ -58.342114841759489, -34.62224101271223 ], [ -58.342134790447822, -34.622241110132528 ], [ -58.342170473391612, -34.622245839256223 ], [ -58.342234821749251, -34.622254367455341 ], [ -58.342238419860998, -34.6222553083077 ], [ -58.342249217171464, -34.622258131642056 ], [ -58.34224978274046, -34.622258279483681 ], [ -58.342264835559391, -34.622262214339784 ], [ -58.34231169561717, -34.6222771071876 ], [ -58.342427819721422, -34.622319260857701 ], [ -58.342540272126378, -34.622367741443938 ], [ -58.34264854939741, -34.622422333920845 ], [ -58.342752165586397, -34.622482792633377 ], [ -58.342761869038831, -34.62248884442976 ], [ -58.342877300697275, -34.622560827626117 ], [ -58.34287744851644, -34.622560919194939 ], [ -58.342917840477647, -34.622585940592913 ], [ -58.342970951197778, -34.622618842483625 ], [ -58.34299194271636, -34.622635345623792 ], [ -58.342992104091024, -34.62263543757409 ], [ -58.343026659871995, -34.622655127231582 ], [ -58.343027674723523, -34.6226561530937 ], [ -58.343028562032671, -34.622657050029652 ], [ -58.343034032237988, -34.622664849987743 ], [ -58.343037925913492, -34.62267327217284 ], [ -58.343040143053877, -34.622682100146093 ], [ -58.343040628375846, -34.622691106695662 ], [ -58.343039368033843, -34.622700062847656 ], [ -58.343036395073661, -34.622708736970004 ], [ -58.34303178614023, -34.622716909192185 ], [ -58.343016260578459, -34.622732291912868 ], [ -58.342761310988372, -34.622984896213829 ], [ -58.342644633612174, -34.623100498638451 ], [ -58.342561328932682, -34.623183036609618 ], [ -58.342394175273512, -34.623348649984585 ], [ -58.342376332764864, -34.623372015088556 ], [ -58.342202042251174, -34.623286243955107 ], [ -58.342200539968808, -34.623285504656195 ], [ -58.342150280256583, -34.623131801758475 ], [ -58.342149987446284, -34.623130906292161 ], [ -58.341889321017909, -34.623033339021958 ], [ -58.340686850908384, -34.623022595665446 ], [ -58.340051825694189, -34.623235652241064 ], [ -58.339201233890591, -34.623936175261171 ], [ -58.338437394506066, -34.624565236436311 ], [ -58.338212373189428, -34.624617912822089 ], [ -58.338239610577908, -34.624697427792519 ], [ -58.338225797610711, -34.624700661439263 ], [ -58.337804624154074, -34.624799254552201 ], [ -58.337803633791971, -34.62479948638552 ], [ -58.337803460420744, -34.624799526969902 ], [ -58.337784310338257, -34.624741680352649 ], [ -58.337784116915827, -34.624741096081479 ], [ -58.337762936571693, -34.624729391908026 ], [ -58.337483762256475, -34.624781499198278 ], [ -58.337362167799959, -34.62480419401858 ], [ -58.337026521621304, -34.62488441936933 ], [ -58.336066339754915, -34.625678437067855 ], [ -58.335269289969254, -34.626337535561511 ], [ -58.335268390295063, -34.626338279188261 ], [ -58.335172087887088, -34.626417912975512 ], [ -58.33516654746844, -34.626423477015855 ], [ -58.335162189148896, -34.626429718361024 ], [ -58.335159132048354, -34.626436467669798 ], [ -58.335157460415893, -34.626443540240054 ], [ -58.33515745260258, -34.626443657416146 ], [ -58.335157139885894, -34.626448464348414 ], [ -58.335157492168342, -34.626453386459289 ], [ -58.335155892732679, -34.627080943658534 ], [ -58.335156391041799, -34.627087347852928 ], [ -58.335157538834061, -34.62709332365484 ], [ -58.335158158527953, -34.627094539416817 ], [ -58.335166174283984, -34.627105326088078 ], [ -58.335176077186127, -34.627114983461908 ], [ -58.335177797843834, -34.627116423078462 ], [ -58.33518733489737, -34.627124402409663 ], [ -58.335647156001841, -34.62750911652352 ], [ -58.335648876673666, -34.627510556135157 ], [ -58.336260678274094, -34.628022419354124 ], [ -58.336203129820746, -34.62817747172096 ], [ -58.336205169220385, -34.628178069608857 ], [ -58.336348047100259, -34.628219956807314 ], [ -58.336351745082588, -34.628217670117337 ], [ -58.336362486606738, -34.628211027970785 ], [ -58.336372121295199, -34.628212218148185 ], [ -58.336381958844456, -34.628213433384225 ], [ -58.336382462916276, -34.628212081882687 ], [ -58.336428715538162, -34.628088070606431 ], [ -58.336438041897274, -34.628063064977717 ], [ -58.336448492900452, -34.628065999134328 ], [ -58.336984300530297, -34.628216427570102 ], [ -58.336983973271195, -34.628217282699623 ], [ -58.336976424453823, -34.628237007789025 ], [ -58.336943027199943, -34.628324258352961 ], [ -58.336924717528632, -34.628372091130721 ], [ -58.336926779966923, -34.628372654579138 ], [ -58.33816334045008, -34.628710469427695 ], [ -58.338164429779489, -34.628707657241762 ], [ -58.338219618009312, -34.628565184405048 ], [ -58.338223231384532, -34.628554602765156 ], [ -58.338233643141791, -34.628557581909519 ], [ -58.338795417098773, -34.62871832218184 ], [ -58.338795083650744, -34.628719164776591 ], [ -58.33873299330152, -34.628876061483695 ], [ -58.338735061212553, -34.628876637496845 ], [ -58.338871346627315, -34.62891459947523 ], [ -58.338882831205098, -34.628917797700886 ], [ -58.338885966135926, -34.628915500134902 ], [ -58.338893229452296, -34.628910176907098 ], [ -58.338915801697247, -34.628847871420007 ], [ -58.338928378195554, -34.628813563677234 ], [ -58.338950458768352, -34.628753324631532 ], [ -58.338960944786145, -34.62875622192611 ], [ -58.33921471043061, -34.628826337227117 ], [ -58.339214434271888, -34.628827215817758 ], [ -58.339200939995074, -34.628870147428614 ], [ -58.339202954428494, -34.628870670506231 ], [ -58.339282777598299, -34.628891397748014 ], [ -58.339283722955841, -34.628888657543783 ], [ -58.339306013088134, -34.62882404752699 ], [ -58.33930632237373, -34.628823151033224 ], [ -58.339225566589619, -34.628801901829917 ], [ -58.339220859967313, -34.62881441773029 ], [ -58.339204811407328, -34.628809961922968 ], [ -58.339127038788334, -34.628788364703482 ], [ -58.339123883008732, -34.628787488351833 ], [ -58.339178384299025, -34.628766244231961 ], [ -58.339188566049529, -34.628751659742711 ], [ -58.339225704208758, -34.628660939140374 ], [ -58.339229063368293, -34.628652733419685 ], [ -58.339229158291054, -34.628652699262375 ], [ -58.339229198661634, -34.628652683979361 ], [ -58.339239773189206, -34.628654775320236 ], [ -58.339275549034596, -34.628661850757709 ], [ -58.339343935943383, -34.62867537571973 ], [ -58.339344545339848, -34.628675496240639 ], [ -58.339344610974884, -34.628675475041341 ], [ -58.339348861604556, -34.62867410214205 ], [ -58.339392459048121, -34.628660020711493 ], [ -58.339449813675088, -34.62860962572465 ], [ -58.339501669714053, -34.628468407318671 ], [ -58.339505511850774, -34.628458635356225 ], [ -58.339753284635876, -34.627828453164895 ], [ -58.339763717265363, -34.627831279959217 ], [ -58.340266748906949, -34.627967578633147 ], [ -58.340269597971385, -34.627965235580533 ], [ -58.34052409928961, -34.627755934498616 ], [ -58.340540339575618, -34.627743251475152 ], [ -58.340555257139542, -34.627731601440217 ], [ -58.340556954860624, -34.627733059077407 ], [ -58.340667373916467, -34.627827863018737 ], [ -58.340667405441728, -34.627827837695619 ], [ -58.340673326312732, -34.627823081670734 ], [ -58.340774778007926, -34.627741589005957 ], [ -58.340784102194334, -34.627715168807377 ], [ -58.340697587531288, -34.6276419137141 ], [ -58.340674600616914, -34.627622449830518 ], [ -58.341072975672446, -34.627296938515073 ], [ -58.341078815115708, -34.627301607133326 ], [ -58.341184435861287, -34.627386050479934 ], [ -58.34118686555702, -34.627387993008455 ], [ -58.341192273334151, -34.627383100669924 ], [ -58.341236162083113, -34.627343395116839 ], [ -58.341305893693075, -34.627280309768587 ], [ -58.341204171552747, -34.627196253806993 ], [ -58.341202440120355, -34.627194823071868 ], [ -58.341419585566001, -34.627015495858238 ], [ -58.341557273693098, -34.626900483553179 ], [ -58.341600708393187, -34.626864201564061 ], [ -58.341606605453137, -34.626868895573786 ], [ -58.341697296988507, -34.626941085164411 ], [ -58.341704516768537, -34.626937657489556 ], [ -58.341770064646298, -34.626906537836803 ], [ -58.341796550406528, -34.626863423270393 ], [ -58.341798015330752, -34.626848161022785 ], [ -58.341790526249298, -34.626839805532867 ], [ -58.341794724414704, -34.626814439312056 ], [ -58.341736000798477, -34.626766188117756 ], [ -58.341734264467071, -34.626764761432128 ], [ -58.341747376782457, -34.626752898106055 ], [ -58.341753947014645, -34.626746953707375 ], [ -58.34191883960537, -34.626597771907804 ], [ -58.341922117468862, -34.626594806800803 ], [ -58.342127817499076, -34.626430608030745 ], [ -58.342127917702655, -34.626430689257894 ], [ -58.342133538780679, -34.626435265111546 ], [ -58.342220013122088, -34.626505659684753 ], [ -58.342226300409443, -34.626501395087729 ], [ -58.342356281660486, -34.62641323008048 ], [ -58.342257168090917, -34.626323980642617 ], [ -58.342437709099592, -34.62618230083342 ], [ -58.342450224469736, -34.626167816631543 ], [ -58.342460859158585, -34.626168876537022 ], [ -58.342510491632495, -34.626173823141301 ], [ -58.342514903096408, -34.626174262807403 ], [ -58.342739146437893, -34.62619661167939 ], [ -58.342739013059266, -34.626197859136553 ], [ -58.342727724292672, -34.626303440039273 ], [ -58.342729499337771, -34.626304443085786 ], [ -58.342743579578567, -34.626312399578552 ], [ -58.342754567405635, -34.626312098680273 ], [ -58.342904051274004, -34.62630800501195 ], [ -58.342909986656188, -34.626264731068041 ], [ -58.342916101150202, -34.626220151199519 ], [ -58.342927481555478, -34.626221317334334 ], [ -58.342984754451948, -34.626227185994424 ], [ -58.343042002216897, -34.626233076424363 ], [ -58.343331502175808, -34.626262893748425 ], [ -58.34333141237633, -34.626264139435023 ], [ -58.343325613944891, -34.626344574442946 ], [ -58.343327392327765, -34.626345319225912 ], [ -58.343445038080887, -34.626394588929621 ], [ -58.343484877050074, -34.626395079678844 ], [ -58.343484895552251, -34.626394948068651 ], [ -58.343500251492621, -34.626285717639149 ], [ -58.343511611013042, -34.626287013466523 ], [ -58.343559895924045, -34.626292521513321 ], [ -58.343577778801887, -34.626294400494551 ], [ -58.343580969341424, -34.626294759169717 ], [ -58.344120416672688, -34.626355401701005 ], [ -58.344209006013983, -34.626365360553613 ], [ -58.3442763774962, -34.626372933319445 ], [ -58.344383597464891, -34.6264492392527 ], [ -58.344383463354227, -34.626449346533931 ], [ -58.344363664130448, -34.626465184829534 ], [ -58.344363573518777, -34.626465257756045 ], [ -58.343824533233253, -34.626896477644848 ], [ -58.343715433499916, -34.62681087937122 ], [ -58.343706253804413, -34.62681863428265 ], [ -58.343706170828874, -34.626818704511884 ], [ -58.343580104874775, -34.626925204144541 ], [ -58.343677535059406, -34.627010420611249 ], [ -58.34367744771663, -34.627010494441848 ], [ -58.343329994667492, -34.627305732582037 ], [ -58.343263485527842, -34.627251656904399 ], [ -58.343215458888459, -34.627212607992227 ], [ -58.343085907343351, -34.627310266175186 ], [ -58.343096432654647, -34.627319235738426 ], [ -58.343168413038505, -34.62738057511033 ], [ -58.343168682054319, -34.627380803433944 ], [ -58.34319702442626, -34.627404956887197 ], [ -58.343207512731134, -34.627413894854683 ], [ -58.343195250409075, -34.627425271292253 ], [ -58.343178583550205, -34.627439015922434 ], [ -58.343134202071461, -34.627475615887718 ], [ -58.343134057639816, -34.627475734995706 ], [ -58.343040506939943, -34.627552883062627 ], [ -58.342824959024846, -34.627730636343856 ], [ -58.342824547317754, -34.627730297004199 ], [ -58.342728132954036, -34.627650969535672 ], [ -58.342724353289135, -34.627647859711729 ], [ -58.342722618119225, -34.627646432052515 ], [ -58.342708517529012, -34.627657557832116 ], [ -58.342708431284265, -34.627657625353194 ], [ -58.342597965975244, -34.627744786840729 ], [ -58.342634054240868, -34.627776247767962 ], [ -58.342697825200283, -34.627831841768362 ], [ -58.342682309228998, -34.627844415624637 ], [ -58.342682217521258, -34.627844490351613 ], [ -58.342507892875602, -34.627985763787343 ], [ -58.342321616978019, -34.628136723247678 ], [ -58.342321584488282, -34.628136749577557 ], [ -58.342213487359594, -34.628043777667237 ], [ -58.3422094579023, -34.628040312015742 ], [ -58.342207760079233, -34.628038851753672 ], [ -58.342157651266078, -34.628083428477709 ], [ -58.342088590506016, -34.628144865392983 ], [ -58.342095424628688, -34.628150785483307 ], [ -58.342095513934815, -34.62815086309395 ], [ -58.342199532121072, -34.628240972051813 ], [ -58.342186009250582, -34.628252140709968 ], [ -58.342185918632431, -34.628252215437641 ], [ -58.342124407321144, -34.628303018633162 ], [ -58.342057540706243, -34.628358245138479 ], [ -58.34186938241475, -34.628513647136757 ], [ -58.341827501189577, -34.62854823699444 ], [ -58.341817884865797, -34.628556039101426 ], [ -58.341811833207245, -34.62855194965281 ], [ -58.34176663328558, -34.628514965437745 ], [ -58.341764894954323, -34.628513543071087 ], [ -58.341721642535269, -34.628478152675825 ], [ -58.341719904196999, -34.628476730315619 ], [ -58.341700572599144, -34.628477187894973 ], [ -58.341648882264174, -34.628507425784093 ], [ -58.341641665442097, -34.628513420223996 ], [ -58.341609306550559, -34.628540299764396 ], [ -58.341609298967086, -34.628545493724495 ], [ -58.341609298743357, -34.628545646965222 ], [ -58.341609284960953, -34.62855508659554 ], [ -58.341588770013118, -34.62857581585606 ], [ -58.341590499734309, -34.628577248024833 ], [ -58.341636320753103, -34.628615186731345 ], [ -58.341638047079215, -34.628616616298565 ], [ -58.341639776781797, -34.628618048483403 ], [ -58.341689957795964, -34.628659598072751 ], [ -58.341671045985834, -34.628675004272047 ], [ -58.341670952092691, -34.628675080798914 ], [ -58.341404555988035, -34.628892089828213 ], [ -58.341404736260678, -34.628901548581617 ], [ -58.341404739323828, -34.62890169100865 ], [ -58.341405628490193, -34.628948377207905 ], [ -58.341407360730955, -34.62894980730394 ], [ -58.341562396323845, -34.629077800637049 ], [ -58.341668326714291, -34.62910588901677 ], [ -58.341687635053603, -34.629111008489097 ], [ -58.341787524378233, -34.629137495233124 ], [ -58.341868691859958, -34.629159017180896 ], [ -58.341868337385392, -34.629159897547453 ], [ -58.341846973605314, -34.629212956206203 ], [ -58.341848976674463, -34.629213707561867 ], [ -58.342004334705003, -34.62927198256115 ], [ -58.342004482930115, -34.629272038596433 ], [ -58.342009542223472, -34.629273935702571 ], [ -58.342010947956325, -34.629270253957216 ], [ -58.342029872278751, -34.629220689359975 ], [ -58.342037418870298, -34.629200923370568 ], [ -58.342047585536797, -34.629203777868497 ], [ -58.342207455974673, -34.629248664600794 ], [ -58.342378194174856, -34.629296601896449 ], [ -58.342384445590348, -34.629298356843492 ], [ -58.34238414137495, -34.62929921924448 ], [ -58.342378165799957, -34.629316159020107 ], [ -58.342358371585419, -34.629372266148835 ], [ -58.342365209514227, -34.629382409367203 ], [ -58.34235725001902, -34.629399692463494 ], [ -58.342359307653219, -34.629400411465234 ], [ -58.34237803406613, -34.629406955057313 ], [ -58.342425123805299, -34.629423409331018 ], [ -58.342506388637531, -34.62945180425789 ], [ -58.342506537958975, -34.629451856687993 ], [ -58.342512975146853, -34.629454105789151 ], [ -58.34251418319851, -34.629450606821166 ], [ -58.34252793953106, -34.629410763332515 ], [ -58.342544414029639, -34.629363043283078 ], [ -58.342544427759343, -34.629363003515905 ], [ -58.342549192987406, -34.629349201341675 ], [ -58.34255950182947, -34.629351943634482 ], [ -58.342850651273018, -34.629429392929126 ], [ -58.342853287961191, -34.629427113029848 ], [ -58.343188006432172, -34.629137686192209 ], [ -58.343194654830263, -34.629141678814932 ], [ -58.343284836562269, -34.629195836393542 ], [ -58.343285745244756, -34.629196381743739 ], [ -58.343324649700577, -34.629219745995464 ], [ -58.343329087779281, -34.629215665475542 ], [ -58.343400054264585, -34.629150416407803 ], [ -58.343400070711652, -34.629138983746678 ], [ -58.343400071248517, -34.629138610560389 ], [ -58.343392111996913, -34.629133735360874 ], [ -58.343390126036418, -34.629132518920493 ], [ -58.343397787286577, -34.629126057880306 ], [ -58.343397877907179, -34.629125981348906 ], [ -58.343408004469758, -34.629117440457229 ], [ -58.343379665033268, -34.629093074327493 ], [ -58.343323536222542, -34.629044816734641 ], [ -58.34331868084147, -34.629040642001591 ], [ -58.343456483938724, -34.628931124548664 ], [ -58.343463107482989, -34.628925860468371 ], [ -58.343647111106868, -34.628779623867423 ], [ -58.343693059781295, -34.628743106537826 ], [ -58.343697959462254, -34.628746808055446 ], [ -58.343698787226415, -34.628747508365471 ], [ -58.343699355775449, -34.628747989372748 ], [ -58.343782358602887, -34.628818211836744 ], [ -58.343788127242114, -34.628813583203751 ], [ -58.343900207454105, -34.62872365227674 ], [ -58.343915041984069, -34.628711749156416 ], [ -58.343889445782096, -34.628689951262665 ], [ -58.3438227580491, -34.628633160656356 ], [ -58.344189085609052, -34.628331062699374 ], [ -58.344189467931393, -34.628330604251161 ], [ -58.344189557252498, -34.628330672846126 ], [ -58.34418964131708, -34.628330604420476 ], [ -58.344204640849981, -34.628319911127527 ], [ -58.344206342074536, -34.628321364091022 ], [ -58.34431702801578, -34.628415897383427 ], [ -58.344317055137594, -34.628415876526624 ], [ -58.344322941447786, -34.628411349929522 ], [ -58.344406395912422, -34.628347173014056 ], [ -58.34442305762461, -34.628307969476801 ], [ -58.344353153699764, -34.628248344669686 ], [ -58.344318698426484, -34.628218956401703 ], [ -58.344318787947067, -34.628218885277029 ], [ -58.344312588506355, -34.628213596922606 ], [ -58.344319921666774, -34.628207689875111 ], [ -58.344580756376921, -34.627997586509444 ], [ -58.34496697687937, -34.62832252081747 ], [ -58.345018124636084, -34.628365552721078 ], [ -58.345018181274355, -34.628365599649698 ], [ -58.345018265487937, -34.628365669757073 ], [ -58.345019100551809, -34.628366364943226 ], [ -58.345025298227455, -34.628362134227828 ], [ -58.345032524254322, -34.628357201528765 ], [ -58.345033522352409, -34.628356982550642 ], [ -58.34503454970276, -34.628356897912063 ], [ -58.345035580130116, -34.628356950291959 ], [ -58.34503658637518, -34.628357137861016 ], [ -58.345037544453788, -34.628357456088892 ], [ -58.345038429297809, -34.628357895937185 ], [ -58.345039216930864, -34.628358447466958 ], [ -58.345040594216911, -34.628359580541911 ], [ -58.345040952203753, -34.628359875052929 ], [ -58.345280616180652, -34.628557042715883 ], [ -58.345281814378943, -34.628557982250875 ], [ -58.345282015738, -34.628558204235148 ], [ -58.345282806258432, -34.628559075728617 ], [ -58.345283561331705, -34.628560290668617 ], [ -58.345284058928073, -34.628561592796991 ], [ -58.345284286014142, -34.628562945143024 ], [ -58.345284236100639, -34.628564309840883 ], [ -58.345283909241132, -34.628565649031117 ], [ -58.345283315304833, -34.628566923962261 ], [ -58.345282471791705, -34.628568097693176 ], [ -58.345281401646503, -34.62856913869642 ], [ -58.345280136536502, -34.628570016354452 ], [ -58.345270702637855, -34.628575512182998 ], [ -58.345272429052947, -34.62857694707867 ], [ -58.345273850422657, -34.628578128438349 ], [ -58.345275577523047, -34.62857956276811 ], [ -58.345278074340229, -34.628581636335419 ], [ -58.345278218506081, -34.628581756040163 ], [ -58.345279801605479, -34.628583070529615 ], [ -58.345301591268935, -34.628601163059152 ], [ -58.345303318551927, -34.62860259723908 ], [ -58.345376922632191, -34.628663711357497 ], [ -58.345377067833162, -34.628663593412163 ], [ -58.345377210519068, -34.628663711635824 ], [ -58.345382882641587, -34.628659088782108 ], [ -58.346014320824779, -34.628144453558562 ], [ -58.346381123038917, -34.627845497695404 ], [ -58.347054154950683, -34.627280519380641 ], [ -58.347054243314965, -34.627280590561227 ], [ -58.347059990991845, -34.627285220519575 ], [ -58.347269989441465, -34.627454381207592 ], [ -58.347791591497874, -34.627876610845881 ], [ -58.347793314917709, -34.627878048201829 ], [ -58.348696882592733, -34.628631625914288 ], [ -58.348697079922069, -34.628631780999399 ], [ -58.348763043719536, -34.628683623231865 ], [ -58.348763056286764, -34.628683707117162 ], [ -58.348773331838231, -34.628752295670367 ], [ -58.348430816530644, -34.628786305879395 ], [ -58.348440116250458, -34.628947673783578 ], [ -58.348441754392496, -34.628947531380803 ], [ -58.348451312469948, -34.628946700502077 ], [ -58.348778489692826, -34.628918258693552 ], [ -58.348778760313031, -34.628919236002034 ], [ -58.348778917607888, -34.628919804051307 ], [ -58.348783634157165, -34.628936837231691 ], [ -58.348785547431284, -34.629015795089856 ], [ -58.348788662154874, -34.629082251414154 ], [ -58.348767165855769, -34.62914617778852 ], [ -58.34874583429535, -34.629216372770266 ], [ -58.348710284376089, -34.62929725061047 ], [ -58.348694656903213, -34.6293358589623 ], [ -58.348689038474333, -34.629345534906733 ], [ -58.348571846486507, -34.629371025890023 ], [ -58.348483880727692, -34.629390159535376 ], [ -58.348483333000786, -34.629405417313023 ], [ -58.34848333185689, -34.629405456072888 ], [ -58.34846954895108, -34.629789452328659 ], [ -58.348469107051869, -34.629816542209539 ], [ -58.3484436605059, -34.629857540854218 ], [ -58.348438609416419, -34.629858262640191 ], [ -58.34843842508652, -34.629858288607721 ], [ -58.348078888944443, -34.629909666523247 ], [ -58.347999246167106, -34.629916269864474 ], [ -58.347965745079335, -34.629935887287196 ], [ -58.347965531306954, -34.629935912324697 ], [ -58.347925712180263, -34.630038005253077 ], [ -58.347895923490078, -34.630114822900943 ], [ -58.347910084837444, -34.630128927254695 ], [ -58.347910344368849, -34.630128896563328 ], [ -58.3479201322329, -34.630127739081452 ], [ -58.348130880906034, -34.630102816410606 ], [ -58.348270227122939, -34.630086337427649 ], [ -58.348270535215001, -34.63008764203817 ], [ -58.348270603151498, -34.630087929714101 ], [ -58.34831405781258, -34.630271937316699 ], [ -58.348257545820459, -34.630339834668668 ], [ -58.348139312010268, -34.630417376590017 ], [ -58.348083144785754, -34.630776833993508 ], [ -58.347992233707068, -34.630975198691502 ], [ -58.347930611833526, -34.631151867769574 ], [ -58.34786982132394, -34.631165875967952 ], [ -58.347847773940444, -34.631170955459993 ], [ -58.347846605578482, -34.631171224638528 ], [ -58.347833264705365, -34.631130732969709 ], [ -58.347815608291164, -34.631077145029863 ], [ -58.347760148543777, -34.630908825741102 ], [ -58.347759822909673, -34.630907837445655 ], [ -58.347759251039506, -34.630906101826689 ], [ -58.347692296570294, -34.630923643062161 ], [ -58.347765292540643, -34.631186876471801 ], [ -58.347696001152549, -34.631322923908087 ], [ -58.347574125265027, -34.631391834351504 ], [ -58.3474000941128, -34.631434810029383 ], [ -58.347260864839278, -34.631472066630188 ], [ -58.347135605837238, -34.631471947398182 ], [ -58.346978995410531, -34.631497683236489 ], [ -58.346902455647651, -34.631491858275254 ], [ -58.346853723224427, -34.631506192067079 ], [ -58.346764575740494, -34.631483425277885 ], [ -58.346763290407296, -34.631483097024528 ], [ -58.34673985538825, -34.631424757633631 ], [ -58.346739678578949, -34.631424317482313 ], [ -58.346739019266096, -34.631422676180435 ], [ -58.346150834609048, -34.631537156024244 ], [ -58.346101952378305, -34.631657904364182 ], [ -58.346104032467785, -34.63165847021935 ], [ -58.347152345477859, -34.631943641552894 ], [ -58.347153502096575, -34.63194397878469 ], [ -58.347512044643302, -34.632048517281994 ], [ -58.34758697926727, -34.632070365730222 ], [ -58.34761059061946, -34.632081889308182 ], [ -58.347632072444078, -34.63209636480574 ], [ -58.347633195346567, -34.632097388985926 ], [ -58.347650683811402, -34.632113339911491 ], [ -58.347666004311193, -34.632132430224502 ], [ -58.347677686662273, -34.632153204539499 ], [ -58.347685147149463, -34.632174293051619 ], [ -58.34768546542567, -34.632175192967551 ], [ -58.347689182847411, -34.632198124934796 ], [ -58.347691241602107, -34.632210819739363 ], [ -58.347691399086997, -34.632211282315566 ], [ -58.34769483986382, -34.632221386856024 ], [ -58.347700069127512, -34.632231477767377 ], [ -58.34770123326814, -34.632231820667023 ], [ -58.347707379226492, -34.632233630969424 ], [ -58.347895836233832, -34.632289143813367 ], [ -58.348498396075463, -34.632466633568214 ], [ -58.348529786296261, -34.632475879197152 ], [ -58.348683631303381, -34.63248510654271 ], [ -58.349009214488007, -34.632504638387644 ], [ -58.349009394674468, -34.632504648924574 ], [ -58.349043599779996, -34.632507230627773 ], [ -58.349067370222606, -34.632546472160094 ], [ -58.349559472138679, -34.63244382395709 ], [ -58.350146331220536, -34.632321406606863 ], [ -58.35014851232593, -34.632320286870026 ], [ -58.350226172626577, -34.63224554799168 ], [ -58.350920402454278, -34.631577430967226 ], [ -58.351143018564095, -34.631354162839301 ], [ -58.351255733374167, -34.631171635701307 ], [ -58.351340582935769, -34.630979351177764 ], [ -58.351684451326044, -34.630163994540538 ], [ -58.351885616868628, -34.629684642423612 ], [ -58.351953098915097, -34.629523838887977 ], [ -58.351952994267577, -34.629523809045693 ], [ -58.351953012466069, -34.629523765680574 ], [ -58.352075188779665, -34.629232631075084 ], [ -58.352100313098397, -34.629223243183766 ], [ -58.352197245965847, -34.62919352884952 ], [ -58.352307813820701, -34.629078145306501 ], [ -58.352386460917288, -34.62900927823582 ], [ -58.352386586268558, -34.629009320712726 ], [ -58.352394705618117, -34.629012072059496 ], [ -58.352571284984379, -34.629071908085933 ], [ -58.352696489204874, -34.629107314883569 ], [ -58.352881689353268, -34.629159688275081 ], [ -58.35288186164906, -34.629159689332461 ], [ -58.352992758270169, -34.629160155647604 ], [ -58.352992795084866, -34.629160118512523 ], [ -58.352995710893097, -34.629157177329986 ], [ -58.353291977723366, -34.628825336518965 ], [ -58.353434127519215, -34.628676639692067 ], [ -58.353630666195471, -34.628437989564333 ], [ -58.353971583088736, -34.628087700019449 ], [ -58.354162871539195, -34.627960603761302 ], [ -58.354172386559746, -34.627954281617683 ], [ -58.354595330921306, -34.627673266400826 ], [ -58.354760667030398, -34.627567552933158 ], [ -58.354879843053588, -34.62749135210241 ], [ -58.355166664179947, -34.627307960649112 ], [ -58.356192777376215, -34.62665185874544 ], [ -58.356197115501878, -34.626649085285962 ], [ -58.356342314329169, -34.626556242246288 ], [ -58.357190350636721, -34.626003204863274 ], [ -58.357181003061712, -34.62598285262743 ], [ -58.360298598340329, -34.623943095179456 ], [ -58.360300085240823, -34.623944686253822 ], [ -58.360349281709553, -34.623997329436222 ], [ -58.360349526214556, -34.623997173759747 ], [ -58.3603565105633, -34.62399272682061 ], [ -58.360383941820977, -34.623975261313426 ], [ -58.360442026333082, -34.623938166459062 ], [ -58.360507131046333, -34.623895660869621 ], [ -58.360507667955964, -34.623896245498983 ], [ -58.360523149878766, -34.623886358208217 ], [ -58.360523327758187, -34.623886243877955 ], [ -58.360749941138373, -34.62412010568319 ], [ -58.360814345937399, -34.624186570006167 ], [ -58.36086322325751, -34.624237010263272 ], [ -58.360870080233056, -34.624232484879627 ], [ -58.360972338820112, -34.624164997391773 ], [ -58.361227979260342, -34.623996281262592 ], [ -58.361300257677236, -34.623948579544958 ], [ -58.361309846719422, -34.623942251040084 ], [ -58.361311244648434, -34.623941328445149 ], [ -58.361311536776896, -34.62394113564833 ], [ -58.361397323075018, -34.623884518964701 ], [ -58.361444322079983, -34.623853500747984 ], [ -58.361494604767941, -34.623820314637982 ], [ -58.361583620828007, -34.623761565936476 ], [ -58.361617411735857, -34.623739265072629 ], [ -58.361631220997666, -34.623730151524178 ], [ -58.361637559245587, -34.623725967915277 ], [ -58.361664764157702, -34.623708012695907 ], [ -58.36166745310954, -34.623706238240551 ], [ -58.361685913434798, -34.623694054697019 ], [ -58.361704609526669, -34.623681715455582 ], [ -58.361714672424604, -34.62367507414384 ], [ -58.361752978060053, -34.62364979342459 ], [ -58.361771525505752, -34.623637552988718 ], [ -58.361773032628136, -34.623639132685668 ], [ -58.36177375038644, -34.623639885007194 ], [ -58.361890332876499, -34.623762035059919 ], [ -58.361917376949179, -34.623790370974071 ], [ -58.361916678514184, -34.623790837328322 ], [ -58.361911352940218, -34.623794398913283 ], [ -58.361910238725009, -34.623795137150282 ], [ -58.36190808340185, -34.623796573121155 ], [ -58.361901013936539, -34.62380128707175 ], [ -58.361899908446667, -34.623802023513079 ], [ -58.361897850243757, -34.623803399169496 ], [ -58.361877104483945, -34.623817290808461 ], [ -58.361878072539895, -34.623816588506976 ], [ -58.361868600015654, -34.623822907686659 ], [ -58.36186795287248, -34.623823338927956 ], [ -58.361866845197923, -34.623824078071415 ], [ -58.361859900134306, -34.623828710995362 ], [ -58.361859473434308, -34.623828995488729 ], [ -58.361846078757054, -34.623837930926861 ], [ -58.361845634597081, -34.623838226222674 ], [ -58.36183134177309, -34.623847760355439 ], [ -58.361830450176235, -34.623848355451358 ], [ -58.361816847053859, -34.623857429531263 ], [ -58.36181667899227, -34.623857542068748 ], [ -58.361804505478332, -34.623865661833115 ], [ -58.361804222829498, -34.62386585089579 ], [ -58.361795944184301, -34.623871372406384 ], [ -58.361795825230985, -34.623871452533685 ], [ -58.361785299585264, -34.623878473035376 ], [ -58.361784638253738, -34.623878914180082 ], [ -58.361772310858314, -34.623887137476274 ], [ -58.361772110057679, -34.623887271620468 ], [ -58.361757189716634, -34.62389722348027 ], [ -58.361757110050149, -34.623897277499069 ], [ -58.361745454895271, -34.623905051544298 ], [ -58.361744717171462, -34.623905544005993 ], [ -58.361735556741564, -34.623911654305985 ], [ -58.361727323921102, -34.623917146103231 ], [ -58.36172718750781, -34.623917237032892 ], [ -58.361709490869991, -34.62392904079266 ], [ -58.361708598179874, -34.623929636788205 ], [ -58.36169251339696, -34.623940366495731 ], [ -58.3616924260931, -34.623940424113798 ], [ -58.361629767537472, -34.623982220254391 ], [ -58.361627721333484, -34.623983585099182 ], [ -58.361557176906594, -34.62403064161667 ], [ -58.361556683633857, -34.624030971124348 ], [ -58.361547104112731, -34.624037361401619 ], [ -58.361546691598171, -34.624037635990121 ], [ -58.361540459124633, -34.624041793541174 ], [ -58.361540212488208, -34.624041958294995 ], [ -58.361533064405002, -34.62404672624352 ], [ -58.361532446723956, -34.624047137676406 ], [ -58.361515918823834, -34.624058162655942 ], [ -58.361515293501974, -34.624058580392273 ], [ -58.361490131143732, -34.624075364536623 ], [ -58.361489894328599, -34.624075522988598 ], [ -58.361462711942892, -34.624093653963101 ], [ -58.361462682476187, -34.624093674671137 ], [ -58.361440483010028, -34.624108481763876 ], [ -58.361440432808791, -34.624108515975863 ], [ -58.361419706605993, -34.624122340847556 ], [ -58.361418957965277, -34.624122840509457 ], [ -58.361355497020405, -34.624165171280048 ], [ -58.361355308222997, -34.624165297320815 ], [ -58.361339232080276, -34.624176020678561 ], [ -58.361339002904138, -34.624176173728124 ], [ -58.361309834259103, -34.624195630797189 ], [ -58.36130961708745, -34.624195775743964 ], [ -58.361289778079758, -34.624209009103232 ], [ -58.361287751507703, -34.624210361338854 ], [ -58.361211800318088, -34.624261023313267 ], [ -58.361208100756421, -34.624263491004683 ], [ -58.361176299795801, -34.624284702702738 ], [ -58.361175959304184, -34.62428493047652 ], [ -58.361099878112142, -34.624335678807803 ], [ -58.361096167629647, -34.624338154599428 ], [ -58.361047491547829, -34.624370623458276 ], [ -58.361047158696209, -34.624370844928137 ], [ -58.361044299439811, -34.624372752636795 ], [ -58.361043210403956, -34.624373397139387 ], [ -58.361038514889479, -34.62437617768429 ], [ -58.361038387216865, -34.624376253296361 ], [ -58.361038032571095, -34.624376463029542 ], [ -58.361033141767372, -34.62438021604094 ], [ -58.361028491621994, -34.624385123069338 ], [ -58.361022904199032, -34.624392297280195 ], [ -58.361020437530506, -34.624397730764507 ], [ -58.361018790268695, -34.624403648096063 ], [ -58.361018307045939, -34.624408225093148 ], [ -58.361018521281451, -34.624415806200894 ], [ -58.361020982556887, -34.624422767214128 ], [ -58.361022725094209, -34.624427182019332 ], [ -58.361025565574266, -34.624432581192437 ], [ -58.361025752692861, -34.624432935606741 ], [ -58.361025794031711, -34.624433014966186 ], [ -58.361031965609328, -34.624439431027646 ], [ -58.361032886935142, -34.624440389106347 ], [ -58.361045079805997, -34.624453065156835 ], [ -58.361046714453352, -34.624454763897809 ], [ -58.361055957123007, -34.624464372651836 ], [ -58.361061883671148, -34.62447053430639 ], [ -58.36109491205157, -34.624504871768373 ], [ -58.361096601152674, -34.624506627343642 ], [ -58.361110483143463, -34.624521059864172 ], [ -58.36111156238298, -34.624522181231264 ], [ -58.361128073323407, -34.624539346348158 ], [ -58.361129167808372, -34.624540484854812 ], [ -58.361141658016273, -34.624553470331001 ], [ -58.361147197967966, -34.624559229624992 ], [ -58.361187452212683, -34.624601079222742 ], [ -58.361187615569264, -34.624601248826124 ], [ -58.361198729246418, -34.624612802593184 ], [ -58.361199404451781, -34.624613505363179 ], [ -58.36120753415539, -34.624621956654259 ], [ -58.361210195776103, -34.624624723531781 ], [ -58.361221984666294, -34.624636979165231 ], [ -58.361224303239034, -34.624639389695169 ], [ -58.361254205107727, -34.624670476686738 ], [ -58.361254927143975, -34.624671227270795 ], [ -58.361265532255963, -34.624682252375109 ], [ -58.36126567165325, -34.624682397620049 ], [ -58.361266465566402, -34.624683223081853 ], [ -58.361266357522361, -34.624683297809213 ], [ -58.361203928169701, -34.62472607015296 ], [ -58.360936125887378, -34.624898447480518 ], [ -58.360771441541615, -34.625004449365328 ], [ -58.360771142389275, -34.625004752891826 ], [ -58.358995740457715, -34.62614750516444 ], [ -58.357459153898887, -34.627136495547667 ], [ -58.357437190044898, -34.627150631900975 ], [ -58.35738357867254, -34.627185137160851 ], [ -58.355846117916933, -34.628186457484567 ], [ -58.355467607798388, -34.62847256063975 ], [ -58.355130224126704, -34.628771818315023 ], [ -58.354892180156774, -34.629002476253156 ], [ -58.354693381370097, -34.629227443764329 ], [ -58.354293029525685, -34.629772218865263 ], [ -58.354271384283741, -34.629804709139705 ], [ -58.354213607468935, -34.629891432431585 ], [ -58.354193579281358, -34.629921494817722 ], [ -58.354121727902871, -34.630029343712081 ], [ -58.354067534670108, -34.630110687775549 ], [ -58.354041353613987, -34.630158335785758 ], [ -58.353978633428355, -34.630278035591878 ], [ -58.353919087165032, -34.630398837938671 ], [ -58.353836397608049, -34.630580548988441 ], [ -58.353791355081221, -34.630669515405245 ], [ -58.353749138329547, -34.630775628397814 ], [ -58.35371917096866, -34.630862828024817 ], [ -58.353713356212921, -34.630875383149174 ], [ -58.353678716263353, -34.630958186861534 ], [ -58.353644603225135, -34.631055709377641 ], [ -58.353619541741367, -34.631147984759785 ], [ -58.353466124430547, -34.631576935722691 ], [ -58.352765054713949, -34.633561157792663 ], [ -58.353028215133683, -34.634391311541222 ], [ -58.35319670832201, -34.634933610934894 ], [ -58.353198851976757, -34.634940512313349 ], [ -58.35325088939701, -34.635108922277617 ], [ -58.353289388828181, -34.635190507272675 ], [ -58.353292324057378, -34.635196727892172 ], [ -58.353318648364912, -34.635258555461959 ], [ -58.353381866878543, -34.635407029798628 ], [ -58.35338701913075, -34.635419129650032 ], [ -58.353468115913515, -34.635609593610724 ], [ -58.353479912116242, -34.635637298454618 ], [ -58.353510942145377, -34.635710177075865 ], [ -58.353538775892972, -34.635745693602523 ], [ -58.353819590488776, -34.636104025606564 ], [ -58.353912210928328, -34.636222212302982 ], [ -58.353913232182109, -34.636223515765764 ], [ -58.354005958497282, -34.63634183679499 ], [ -58.354007800679632, -34.636344187537148 ], [ -58.354067644446197, -34.636420549659462 ], [ -58.354069053304599, -34.636422347444316 ], [ -58.354142384798301, -34.636515920634153 ], [ -58.354143442597803, -34.63651648299242 ], [ -58.354874334876421, -34.636905043460231 ], [ -58.354924526201771, -34.636931725826855 ], [ -58.355249657869898, -34.637104571544903 ], [ -58.356047817022208, -34.637536483891139 ], [ -58.356048677626937, -34.63753744629328 ], [ -58.356094387266303, -34.637588562698909 ], [ -58.356127017942882, -34.637625054568851 ], [ -58.356232227378868, -34.637742710592228 ], [ -58.356500280268648, -34.638043412903073 ], [ -58.356520563624365, -34.638066166184139 ], [ -58.35658663788606, -34.638140288882049 ], [ -58.356590838320578, -34.638144999752875 ], [ -58.356590931977529, -34.638145105300552 ], [ -58.356591114935938, -34.638145310983511 ], [ -58.356632615065564, -34.6381918657734 ], [ -58.356637456951148, -34.638197296533789 ], [ -58.356659071191608, -34.63822154370056 ], [ -58.356662844729321, -34.638225775543575 ], [ -58.356697339113104, -34.638264471948403 ], [ -58.356701549360622, -34.638269194542332 ], [ -58.356724526034377, -34.638294969887127 ], [ -58.356725131544749, -34.638295648281265 ], [ -58.356726530967308, -34.638297218869766 ], [ -58.356762563145317, -34.638337639205908 ], [ -58.356763302607369, -34.638338469154789 ], [ -58.356855792184724, -34.638442221791102 ], [ -58.356856912815942, -34.63844347934333 ], [ -58.35691835594254, -34.63851240475681 ], [ -58.35696000781617, -34.6385591290314 ], [ -58.356967568017424, -34.638567610738093 ], [ -58.35696853012805, -34.638568182369312 ], [ -58.356970196579908, -34.638569172479805 ], [ -58.357602784512203, -34.638945414586473 ], [ -58.357690978361468, -34.638997868674657 ], [ -58.357861889066506, -34.639099518712953 ], [ -58.357895484291717, -34.639119499697024 ], [ -58.357969335649159, -34.639163422803996 ], [ -58.357972836087541, -34.639165504492681 ], [ -58.358030971501691, -34.639200081627408 ], [ -58.358031260515695, -34.639200081876872 ], [ -58.35804238928786, -34.639200018013227 ], [ -58.358046553301158, -34.639199994117341 ], [ -58.358960175530299, -34.639194786563159 ], [ -58.36017462331251, -34.639187852806309 ], [ -58.360300888545439, -34.639187132008239 ], [ -58.360314918379203, -34.63918705191179 ], [ -58.360352017168658, -34.639186839851085 ], [ -58.360357940370527, -34.639186803385726 ], [ -58.360367136692908, -34.639189277422297 ], [ -58.360368365412718, -34.639189608377627 ], [ -58.360454564475887, -34.639212795210632 ], [ -58.360465315512961, -34.639215687005084 ], [ -58.360518392567755, -34.63922996420704 ], [ -58.36055121917024, -34.639238794196018 ], [ -58.360903964124816, -34.639333679167912 ], [ -58.36094242637229, -34.639344024556465 ], [ -58.360954244809037, -34.63934720385398 ], [ -58.36112641141159, -34.639393514238506 ], [ -58.361127202695734, -34.639394694023345 ], [ -58.361362828458603, -34.639746004407122 ], [ -58.361378918581622, -34.63976999371895 ], [ -58.361385565543777, -34.639779904164769 ], [ -58.361442909023921, -34.639865401672814 ], [ -58.361426848355073, -34.639891040607935 ], [ -58.361426707735184, -34.639891265090668 ], [ -58.361426725156583, -34.639891288542046 ], [ -58.361116555861798, -34.640386420242841 ], [ -58.361106324204883, -34.64040275343941 ], [ -58.360979100763736, -34.640605842142982 ], [ -58.360975974316524, -34.64061083336405 ], [ -58.360906921384611, -34.6407210627426 ], [ -58.360904860295804, -34.640721770426403 ], [ -58.359895366500048, -34.641068506429363 ], [ -58.35985774721275, -34.641081427872116 ], [ -58.359717986844565, -34.641129431331734 ], [ -58.359710820424546, -34.641131893321315 ], [ -58.359460649059777, -34.641217818061065 ], [ -58.359456849802285, -34.641219122780456 ], [ -58.359423986545394, -34.641230410266054 ], [ -58.359423789053153, -34.641230478605436 ], [ -58.35936859831488, -34.641249434330447 ], [ -58.359367122036893, -34.641249941470846 ], [ -58.359354914647504, -34.641254134368729 ], [ -58.359354306896883, -34.641254342979195 ], [ -58.35915911070682, -34.641321385112278 ], [ -58.359149748928253, -34.641324600580511 ], [ -58.359109850066844, -34.641338304978198 ], [ -58.359107363411489, -34.641339159198743 ], [ -58.358883510774746, -34.641416043300381 ], [ -58.358864769717279, -34.641422479587142 ], [ -58.358568935359585, -34.641524086775178 ], [ -58.358550288090264, -34.641530490643035 ], [ -58.358544651353903, -34.641532427450926 ], [ -58.358541808982231, -34.641533403045486 ], [ -58.358530518052319, -34.641537281152267 ], [ -58.358519042722222, -34.641541222198668 ], [ -58.35848528449111, -34.641552816945747 ], [ -58.358332188195142, -34.641688277127173 ], [ -58.358129533076195, -34.641866994789424 ], [ -58.357864933387269, -34.642516070434368 ], [ -58.357837690068592, -34.642582117937117 ], [ -58.357770312552631, -34.642747921020124 ], [ -58.35747859322381, -34.64345869037043 ], [ -58.357468388656578, -34.643496623894563 ], [ -58.357465604098891, -34.64350697333311 ], [ -58.357448797008956, -34.643569445766325 ], [ -58.357448356472453, -34.643571085960062 ], [ -58.357437057125068, -34.643613083914218 ], [ -58.357436708643696, -34.643614378945699 ], [ -58.357417485141696, -34.643685837288935 ], [ -58.357417132279814, -34.643687145837816 ], [ -58.35740147466926, -34.643745347452949 ], [ -58.357398775571149, -34.643755379665514 ], [ -58.357396132379613, -34.643765205506121 ], [ -58.357392663964823, -34.643778099040674 ], [ -58.357388650335736, -34.643794088412669 ], [ -58.357362547127941, -34.643898077413311 ], [ -58.357361103379738, -34.643903833499252 ], [ -58.357326507217124, -34.644041656894935 ], [ -58.357333590822009, -34.644066822454683 ], [ -58.357467093280995, -34.644541081950287 ], [ -58.357486675928584, -34.644604303479511 ], [ -58.357570927809405, -34.644876316435827 ], [ -58.357592912398168, -34.644947294880936 ], [ -58.357602425733141, -34.64497800893551 ], [ -58.357603867956421, -34.644978512525164 ], [ -58.357738731828441, -34.645025603639652 ], [ -58.357821330823569, -34.645054444679346 ], [ -58.358099009910468, -34.6451514027871 ], [ -58.358101166360392, -34.645152155526262 ], [ -58.358296937918212, -34.645220512706182 ], [ -58.358750967033465, -34.645379044378139 ], [ -58.358920065571908, -34.645472547901861 ], [ -58.359142087001366, -34.645595314874889 ], [ -58.35915982049287, -34.645605120290121 ], [ -58.359817986658697, -34.645969049124304 ], [ -58.359819588342141, -34.645970410692101 ], [ -58.360253290978363, -34.646339092571985 ], [ -58.360255012872138, -34.646340531500201 ], [ -58.360378632094573, -34.646443835695621 ], [ -58.360887526213745, -34.646869096412928 ], [ -58.36099417437967, -34.646974125959218 ], [ -58.361134418305049, -34.647122625452646 ], [ -58.361397674665938, -34.647401378431397 ], [ -58.361437617490076, -34.647441072361339 ], [ -58.361453695069507, -34.647457049742748 ], [ -58.361473186697687, -34.647476419398252 ], [ -58.361511308276739, -34.647514303427478 ], [ -58.361576669394481, -34.647579257147349 ], [ -58.361671501341583, -34.647673497114155 ], [ -58.361802752864605, -34.647771473040763 ], [ -58.36180452668215, -34.64781370526876 ], [ -58.361825716341713, -34.647836039024497 ], [ -58.362389526026597, -34.648139167574826 ], [ -58.362397896385261, -34.648143634701604 ], [ -58.363079239446108, -34.648156431476487 ], [ -58.363081473509396, -34.6481562686986 ], [ -58.363911183392808, -34.648095811663921 ], [ -58.363921999973101, -34.648095111065892 ], [ -58.363923998689472, -34.648095720871744 ], [ -58.364337420020838, -34.648221854305461 ], [ -58.36433897532784, -34.648223233474191 ], [ -58.364553222573342, -34.648413216624043 ], [ -58.364635844470541, -34.648486481987753 ], [ -58.364900435354919, -34.648721105085684 ], [ -58.364949385807591, -34.648764510737657 ], [ -58.364974975172537, -34.648787202855807 ], [ -58.364975287007361, -34.648787377874157 ], [ -58.365001051843031, -34.648801838472679 ], [ -58.365065725127316, -34.648838136519373 ], [ -58.365089973821178, -34.648851746681103 ], [ -58.365133162808768, -34.648875986245322 ], [ -58.366145539413402, -34.649380031619238 ], [ -58.366239084757986, -34.649425765470383 ], [ -58.366976226026928, -34.649786140616904 ], [ -58.367072027929424, -34.649835689494488 ], [ -58.36762201108845, -34.650120138170927 ], [ -58.367623744371969, -34.650121034635568 ], [ -58.36765263820719, -34.650135978427691 ], [ -58.367652871748547, -34.650134647211814 ], [ -58.36768469030666, -34.64995327690341 ], [ -58.367863663091534, -34.649039838752444 ], [ -58.368080783848107, -34.647931671192744 ], [ -58.368123838201782, -34.647688463396698 ], [ -58.368158864842115, -34.647453587401039 ], [ -58.368176993060715, -34.6473320240992 ], [ -58.368276172947304, -34.646666532615058 ], [ -58.368309326196822, -34.646437190666298 ], [ -58.368340846918329, -34.646219889433596 ], [ -58.368360987920028, -34.646083129786668 ], [ -58.368395550521441, -34.645848450708343 ], [ -58.368425611989863, -34.645640232759391 ], [ -58.368525930843752, -34.64494410897138 ], [ -58.368557959348088, -34.644728145723086 ], [ -58.368585782068436, -34.644539926561336 ], [ -58.36865032209662, -34.644133353574198 ], [ -58.368695846225251, -34.6438135279205 ], [ -58.368739137652675, -34.6435088406772 ], [ -58.368826633192064, -34.642919959588298 ], [ -58.368970196113189, -34.641953584496875 ], [ -58.369064472388139, -34.641319215671018 ], [ -58.369094944327728, -34.641121208955447 ], [ -58.369249708465659, -34.640114136649366 ], [ -58.369294429940261, -34.639823112886617 ], [ -58.369360001310433, -34.639401821673111 ], [ -58.369395877645971, -34.639170298016559 ], [ -58.369535262732114, -34.638270468200929 ], [ -58.369574572348689, -34.638016692919578 ], [ -58.36962732365329, -34.637676345989739 ], [ -58.3696743015918, -34.637373242917796 ], [ -58.369808273811621, -34.636508126423983 ], [ -58.369921645435831, -34.6357764459298 ], [ -58.369954601793353, -34.635563018377816 ], [ -58.370109941123083, -34.63455636724413 ], [ -58.370234124484099, -34.633751525558743 ], [ -58.370251822261352, -34.633620340516075 ], [ -58.370283094006176, -34.633387544566851 ], [ -58.370339416130136, -34.632924273531749 ], [ -58.37036328009988, -34.63268788064255 ], [ -58.370439697170269, -34.631928424507819 ], [ -58.370456352711585, -34.631737590916146 ], [ -58.370537216570781, -34.630808346992794 ], [ -58.370588068492943, -34.630224783621252 ], [ -58.370615801686434, -34.629906519559668 ], [ -58.370618595214346, -34.629874455553917 ], [ -58.370635285811325, -34.629727847251004 ], [ -58.370662057761713, -34.62949214687238 ], [ -58.370661881298361, -34.629491970060485 ], [ -58.370463250027505, -34.629293345797059 ], [ -58.36963417750443, -34.628498478191318 ], [ -58.369578469153872, -34.628445424650678 ], [ -58.369448569633363, -34.628321714418071 ], [ -58.368095456280578, -34.627187977410316 ], [ -58.367949320415974, -34.627140961583137 ], [ -58.367982592474696, -34.627100071323518 ], [ -58.367982473649967, -34.627084783181445 ], [ -58.367981777461807, -34.626995562987609 ], [ -58.367969970390497, -34.625472509585528 ], [ -58.36797540080503, -34.625194059419591 ], [ -58.366492151595992, -34.625193947744258 ], [ -58.366491978220878, -34.625193944001012 ], [ -58.363459376540995, -34.625119953960862 ], [ -58.363459203156452, -34.625119958326039 ], [ -58.363359643226772, -34.625125300629534 ], [ -58.363259178164022, -34.625130691687453 ], [ -58.363199947312573, -34.625133871975834 ], [ -58.363077003947105, -34.625005062920437 ], [ -58.362934084356382, -34.624855322597014 ], [ -58.362835244138701, -34.624751764436198 ], [ -58.362655547713025, -34.624563489688121 ], [ -58.362604289384343, -34.624509785050897 ], [ -58.362496979438077, -34.624397352139617 ], [ -58.362466914733709, -34.624365852077986 ], [ -58.362444666624469, -34.624342541034984 ], [ -58.36242252307531, -34.624319340047386 ], [ -58.36233547148197, -34.624228131925257 ], [ -58.362020721021246, -34.623898350296962 ], [ -58.361995024193369, -34.623871426126193 ], [ -58.362005911938063, -34.623864324779341 ], [ -58.361970083482106, -34.623826784733758 ], [ -58.361968126869975, -34.623824734649475 ], [ -58.361947687924278, -34.623803319798412 ], [ -58.361928457813185, -34.62378317153992 ], [ -58.361928350206355, -34.623783058637898 ], [ -58.361927669356263, -34.623782344283988 ], [ -58.361874120659444, -34.623726237854626 ], [ -58.361792638480047, -34.623640863441132 ], [ -58.361782652102328, -34.623630400479463 ], [ -58.361665409825527, -34.62350755760103 ], [ -58.361654522099691, -34.623514658016525 ], [ -58.361628087151253, -34.623486959734862 ], [ -58.361602062780442, -34.623459692667694 ], [ -58.361591317400531, -34.623448434006178 ], [ -58.361573906173511, -34.623430190970382 ], [ -58.361555829462098, -34.623411250646051 ], [ -58.361438974871355, -34.623288813029511 ], [ -58.361290366267646, -34.623133103587456 ], [ -58.361277158714266, -34.623119263880341 ], [ -58.361272227662511, -34.623114097332191 ], [ -58.361238100185595, -34.623078338355583 ], [ -58.361236956723857, -34.62307713941366 ], [ -58.360973676932417, -34.622801277673965 ], [ -58.36095650441731, -34.622783284474302 ], [ -58.360877587983055, -34.622700595770951 ], [ -58.360662334909641, -34.622475052329946 ], [ -58.360662207497079, -34.622474918812777 ], [ -58.360391060295214, -34.622190807501219 ], [ -58.360379539881684, -34.622178736800308 ], [ -58.360167907476431, -34.62195698304177 ], [ -58.360122057106231, -34.621908940027744 ], [ -58.360121636554574, -34.621908499012562 ], [ -58.360034231793982, -34.621816913878881 ], [ -58.360031541032711, -34.621814094597866 ], [ -58.35986961237279, -34.621644420358301 ], [ -58.359868037966059, -34.621642771065545 ], [ -58.35951758732611, -34.621275553064578 ], [ -58.359506477659622, -34.621263911734722 ], [ -58.359459496660932, -34.62121468301261 ], [ -58.358272668288642, -34.619971039417969 ], [ -58.357396579563797, -34.619052979974988 ], [ -58.356533607181284, -34.618148638909283 ], [ -58.356520461181219, -34.618134862674474 ], [ -58.356043509232308, -34.617635035506488 ], [ -58.356037961301496, -34.617629221072171 ], [ -58.356028023293987, -34.617618806279729 ], [ -58.356020853120519, -34.617611292032286 ], [ -58.356015033113302, -34.617605193319726 ], [ -58.356002414523473, -34.617637479173368 ], [ -58.355959134538821, -34.617746712006529 ], [ -58.355893131201469, -34.617913293919742 ], [ -58.355855296510882, -34.618008782195986 ], [ -58.355813723864337, -34.618113705926014 ], [ -58.35562965747544, -34.61852659192018 ], [ -58.355499235361364, -34.618819144074187 ], [ -58.355431837360392, -34.618959037923922 ], [ -58.355399184009002, -34.619026814690599 ], [ -58.355216767412692, -34.619405441252539 ], [ -58.355211083282711, -34.61941723938115 ], [ -58.355205237293326, -34.619429373579344 ], [ -58.35514454660283, -34.619548797466159 ], [ -58.35514438481885, -34.619549113720787 ], [ -58.355069178888506, -34.619541807724381 ], [ -58.355050754080217, -34.6195400182851 ], [ -58.354820523636178, -34.619517653285158 ], [ -58.354292487798752, -34.619466360583225 ], [ -58.354276311064602, -34.619464789376352 ], [ -58.354254126111272, -34.619462634085785 ], [ -58.35425395057382, -34.619462625816119 ], [ -58.354253805471316, -34.619462821380864 ], [ -58.354253786860276, -34.619462846582792 ], [ -58.354078363307053, -34.619699660908566 ], [ -58.354078143759168, -34.619699957280694 ], [ -58.354077883344111, -34.619699818229023 ], [ -58.353961778504456, -34.619637954349564 ], [ -58.35391809848354, -34.619614680268661 ], [ -58.353895639669673, -34.619602713544793 ], [ -58.353753046828722, -34.619526734852343 ], [ -58.353597093676569, -34.619443637093902 ], [ -58.353522271023273, -34.619403768558627 ], [ -58.353522047626804, -34.61940371948522 ], [ -58.35352197562127, -34.619403703390645 ], [ -58.35352191242432, -34.619403669981267 ], [ -58.353521870990853, -34.619403682601487 ], [ -58.353521841541934, -34.619403691595075 ], [ -58.353089649542213, -34.619535778898452 ], [ -58.353029982123786, -34.61961784244258 ], [ -58.352936944276152, -34.619745803967248 ], [ -58.352936889750787, -34.619745809326439 ], [ -58.352934968742687, -34.619749764817627 ], [ -58.352918676840545, -34.619751979286107 ], [ -58.352754884767272, -34.619764792472651 ], [ -58.352697328898842, -34.619769591739363 ], [ -58.352587903488832, -34.619569839849788 ], [ -58.35257944431536, -34.619554398049068 ], [ -58.352570194084997, -34.619537511563493 ], [ -58.35257012968426, -34.619537452121889 ], [ -58.352570065553721, -34.619537393379879 ], [ -58.352569845594331, -34.619537191243445 ], [ -58.352569822750596, -34.619537150658843 ], [ -58.352569474865, -34.619537244253344 ], [ -58.352568942530283, -34.619537387878509 ], [ -58.352568646886084, -34.619537467710472 ], [ -58.352551948576703, -34.619541968743015 ], [ -58.352218994669165, -34.619631720474679 ], [ -58.352218484195689, -34.619631857926954 ], [ -58.352209337674417, -34.619631451170797 ], [ -58.352172078872599, -34.6196297964838 ], [ -58.351981857631486, -34.619621346222239 ], [ -58.351922096156898, -34.619618691080277 ], [ -58.351921748594989, -34.619618493352185 ], [ -58.351785591839658, -34.619540867666096 ], [ -58.351688582063737, -34.619485562639802 ], [ -58.351676590614176, -34.619478726216904 ], [ -58.3516544700514, -34.619466115651996 ], [ -58.351521728490432, -34.619389462214698 ], [ -58.351518760988753, -34.619387748586831 ], [ -58.35146797400661, -34.619358420868465 ], [ -58.351468127311193, -34.619358367723649 ], [ -58.35155623607212, -34.619327823756976 ], [ -58.351568294932648, -34.619308685057469 ], [ -58.351618234893053, -34.619229432057452 ], [ -58.351591034496209, -34.619210945189963 ], [ -58.351556714015665, -34.619187619287281 ], [ -58.351546053482444, -34.619180373831391 ], [ -58.351525014567777, -34.619166074276158 ], [ -58.351506514867935, -34.619230016608057 ], [ -58.351471851659582, -34.619280944757243 ], [ -58.351343705366382, -34.619309900684925 ], [ -58.351343499225713, -34.619309947369523 ], [ -58.351331401474198, -34.619310103930147 ], [ -58.351324408875065, -34.619310194865022 ], [ -58.351271164589939, -34.619310886045021 ], [ -58.351257033668787, -34.61931106938593 ] ] ] } },
{ "type": "Feature", "properties": { "id": 7.0, "comuna": 5.0, "perimetro_": 6602.51, "area_metro": 2609850.88, "nam": "Boedo", "cca": null, "cde": null, "fna": null, "gna": null, "ara3": null, "arl": null }, "geometry": { "type": "Polygon", "coordinates": [ [ [ -58.411781630067345, -34.630354566952114 ], [ -58.411781587055664, -34.630355346660359 ], [ -58.411653192825419, -34.631529665702139 ], [ -58.411641098757414, -34.631652922222962 ], [ -58.411636816619627, -34.631696561651161 ], [ -58.411522975227626, -34.632854324714707 ], [ -58.411522869868989, -34.632855398258179 ], [ -58.411479946098289, -34.632966226430796 ], [ -58.410989261816987, -34.634231944946841 ], [ -58.410882588341821, -34.634507113545794 ], [ -58.410567659854422, -34.635093180187994 ], [ -58.410490888249228, -34.635236106315496 ], [ -58.410514275356689, -34.63570802179153 ], [ -58.41070830981392, -34.636332759637483 ], [ -58.410929645165147, -34.637041734522548 ], [ -58.411004473834574, -34.637280008389901 ], [ -58.411262723155346, -34.638097873294498 ], [ -58.41162803916562, -34.63815760685187 ], [ -58.411882006124685, -34.638199052254869 ], [ -58.41207353101715, -34.638232683578963 ], [ -58.413194174805398, -34.638429459648897 ], [ -58.414555423371716, -34.638668393637055 ], [ -58.415845882908023, -34.638894890424261 ], [ -58.415920028711447, -34.638907903256197 ], [ -58.416092121829976, -34.638938106150412 ], [ -58.416137849046144, -34.638946131125373 ], [ -58.417088811972306, -34.639106849054535 ], [ -58.417259973054882, -34.639135787062422 ], [ -58.418441426199934, -34.639328315266063 ], [ -58.418450070763505, -34.639329723925734 ], [ -58.418451757768779, -34.639329998742767 ], [ -58.418451848282658, -34.639330013198709 ], [ -58.418458517933011, -34.639331119886428 ], [ -58.418460369657979, -34.639331401809216 ], [ -58.418466575925102, -34.639332413342089 ], [ -58.418466949916095, -34.639332474125638 ], [ -58.418481870482999, -34.639334905405661 ], [ -58.418518498343438, -34.639340250739188 ], [ -58.418624578158237, -34.639355732712112 ], [ -58.419179683948428, -34.639436834222145 ], [ -58.419297219030334, -34.639454006303701 ], [ -58.419536026609997, -34.639495149050035 ], [ -58.419758391457343, -34.63953346853269 ], [ -58.41995143379242, -34.639567862422396 ], [ -58.420919174748683, -34.639740277471361 ], [ -58.42091963168032, -34.639740358757635 ], [ -58.422307845242983, -34.639987666329269 ], [ -58.423493634228592, -34.640198905843164 ], [ -58.423761329145684, -34.639167152281317 ], [ -58.424045150713596, -34.638073008882429 ], [ -58.424279202467041, -34.637169273026167 ], [ -58.424317146460893, -34.637031647816869 ], [ -58.424387593722692, -34.636776134845476 ], [ -58.424521550170446, -34.636245468271177 ], [ -58.424527326726874, -34.636222582228442 ], [ -58.424675500742168, -34.635653328486377 ], [ -58.424861513658897, -34.634875069427316 ], [ -58.425184789483104, -34.633699807454853 ], [ -58.425224476561276, -34.633547424422297 ], [ -58.425458160342714, -34.63264607967016 ], [ -58.425530451068546, -34.632363986322872 ], [ -58.425688003965362, -34.631748958095116 ], [ -58.425754578405787, -34.631482286067047 ], [ -58.425804423089119, -34.631282862726287 ], [ -58.425853003550344, -34.631061767985493 ], [ -58.425855770390918, -34.631049173324222 ], [ -58.425934272004795, -34.63069191053296 ], [ -58.425981408217226, -34.63045072537664 ], [ -58.426017101439371, -34.630268199169734 ], [ -58.426214462855839, -34.629393601764406 ], [ -58.426252449754102, -34.629225231121616 ], [ -58.426318410368665, -34.628932458827407 ], [ -58.426353996434358, -34.62877450600282 ], [ -58.42645748906461, -34.628315143062835 ], [ -58.426503754926948, -34.628109802242079 ], [ -58.426757521956766, -34.626997331830012 ], [ -58.426821026826381, -34.62671896669179 ], [ -58.42697330239973, -34.626046470116236 ], [ -58.427013548223925, -34.62586214019953 ], [ -58.427042274372035, -34.62573057137714 ], [ -58.427177816794263, -34.625133774206553 ], [ -58.427239104781648, -34.624851464400784 ], [ -58.427463711222657, -34.623755321508355 ], [ -58.427493165186767, -34.623606525730871 ], [ -58.427797005138281, -34.62207349731024 ], [ -58.426616811071426, -34.621902724010326 ], [ -58.42516523463879, -34.621692769217383 ], [ -58.425086486331317, -34.621681374974031 ], [ -58.42429016961119, -34.621566153213664 ], [ -58.424279149583448, -34.621564993168285 ], [ -58.424056856270319, -34.621541594031704 ], [ -58.424042544526067, -34.621540087662403 ], [ -58.423745496858459, -34.621508911673118 ], [ -58.423720810587675, -34.621506321100036 ], [ -58.423703202773417, -34.621504469279301 ], [ -58.423522676111652, -34.621485481645145 ], [ -58.422243975978645, -34.621394812402443 ], [ -58.422214510372584, -34.621392722907792 ], [ -58.42145075594803, -34.621338518751237 ], [ -58.420974921107444, -34.621303777042073 ], [ -58.420499256807815, -34.621271075251158 ], [ -58.420240129531955, -34.621252674430565 ], [ -58.419427823819134, -34.621192454135532 ], [ -58.418067538257951, -34.621091533819659 ], [ -58.416511846881271, -34.620976156723763 ], [ -58.416106889442588, -34.620946070907465 ], [ -58.416104707694323, -34.620945884371011 ], [ -58.4150954403447, -34.620859477200995 ], [ -58.41382580678151, -34.6207507985755 ], [ -58.412546212099379, -34.620641257961523 ], [ -58.412439143167191, -34.621882284593582 ], [ -58.412358735669578, -34.621867461458955 ], [ -58.412044226034155, -34.622973680925369 ], [ -58.412335789679922, -34.623031761619615 ], [ -58.412222071731826, -34.623991442983481 ], [ -58.412128988748357, -34.624776976861263 ], [ -58.412096414650719, -34.624968091888533 ], [ -58.41206751576626, -34.625136955123665 ], [ -58.411992644985581, -34.626503347003954 ], [ -58.411974009113308, -34.626843366794809 ], [ -58.411964760582428, -34.627012136359582 ], [ -58.411933366464112, -34.627585024039398 ], [ -58.411876498427176, -34.628622687426471 ], [ -58.411844617879368, -34.629204299550437 ], [ -58.411788176104437, -34.630235018274938 ], [ -58.411781630067345, -34.630354566952114 ] ] ] } },
{ "type": "Feature", "properties": { "id": 8.0, "comuna": 6.0, "perimetro_": 10990.96, "area_metro": 6851028.91, "nam": "Caballito", "cca": null, "cde": null, "fna": null, "gna": null, "ara3": null, "arl": null }, "geometry": { "type": "Polygon", "coordinates": [ [ [ -58.427797005138281, -34.62207349731024 ], [ -58.427493165186767, -34.623606525730871 ], [ -58.427463711222657, -34.623755321508355 ], [ -58.427239104781648, -34.624851464400784 ], [ -58.427177816794263, -34.625133774206553 ], [ -58.427042274372035, -34.62573057137714 ], [ -58.427013548223925, -34.62586214019953 ], [ -58.42697330239973, -34.626046470116236 ], [ -58.426821026826381, -34.62671896669179 ], [ -58.426757521956766, -34.626997331830012 ], [ -58.427081743373108, -34.627044752995715 ], [ -58.427511749247437, -34.627106173663002 ], [ -58.428161746729899, -34.627199014026438 ], [ -58.428368751219907, -34.627228580511627 ], [ -58.429635404914848, -34.627411756032757 ], [ -58.430935286728101, -34.627599715551852 ], [ -58.432335187071246, -34.627802122859791 ], [ -58.432546539711332, -34.627832669508237 ], [ -58.433819684825259, -34.628018972588436 ], [ -58.434764516067709, -34.628157226954613 ], [ -58.4356487817087, -34.62828658672391 ], [ -58.437170780179031, -34.628509248045098 ], [ -58.43859396599396, -34.628717434182228 ], [ -58.439528761425208, -34.628854171273204 ], [ -58.441760422838513, -34.629180574631896 ], [ -58.442926183232487, -34.629350988802052 ], [ -58.444478462516159, -34.629581944445071 ], [ -58.44606176216157, -34.629817321493427 ], [ -58.446424511915843, -34.629871246369994 ], [ -58.447514297878904, -34.630035407988032 ], [ -58.448223019001638, -34.630142189484225 ], [ -58.44844132186013, -34.630175061239918 ], [ -58.449054760673938, -34.630267431513289 ], [ -58.449359668945569, -34.630312255496598 ], [ -58.450498623832047, -34.630479565435358 ], [ -58.451577010052837, -34.63063798537047 ], [ -58.451995869139076, -34.629744353719602 ], [ -58.452103500995236, -34.629518516056805 ], [ -58.452569387773181, -34.628540800484146 ], [ -58.452669772714117, -34.628330173071781 ], [ -58.452671721901886, -34.628326230438205 ], [ -58.452672231287146, -34.628325196555863 ], [ -58.452871135720521, -34.627923637287509 ], [ -58.453437635521816, -34.626780080124291 ], [ -58.453938593876224, -34.625763417718865 ], [ -58.454018674731202, -34.625648834598977 ], [ -58.454031807939884, -34.625630042821449 ], [ -58.454575445627405, -34.624478943239438 ], [ -58.454775179997505, -34.624045998672081 ], [ -58.455049116897669, -34.623452204178989 ], [ -58.455558307730762, -34.62233778792983 ], [ -58.456076516151107, -34.621203509813427 ], [ -58.456623508921183, -34.620006273019911 ], [ -58.457225096340309, -34.618689527848815 ], [ -58.457295213777627, -34.618536078137545 ], [ -58.45776617724988, -34.617505313360162 ], [ -58.458199047581488, -34.616559897758741 ], [ -58.458499606280036, -34.615899760386206 ], [ -58.459033495498034, -34.614733778784831 ], [ -58.459448785509572, -34.61388497915074 ], [ -58.459544277360315, -34.613741247938279 ], [ -58.460036649500999, -34.612755544362948 ], [ -58.460485736769598, -34.611856318149535 ], [ -58.460553031189768, -34.611720402566142 ], [ -58.461075191983156, -34.61066546871816 ], [ -58.461640950667146, -34.609522363256715 ], [ -58.462193236926829, -34.608406438092985 ], [ -58.462704965341828, -34.607372483490124 ], [ -58.46251034765109, -34.60724149504167 ], [ -58.462150839231313, -34.606997333181745 ], [ -58.461623763306861, -34.606639402365658 ], [ -58.461540847546118, -34.606583094806616 ], [ -58.46051344795444, -34.605885389816585 ], [ -58.459654016248891, -34.605303527438707 ], [ -58.459513490157136, -34.60520852142551 ], [ -58.458782924477831, -34.604714407483968 ], [ -58.458474457518832, -34.604491361389265 ], [ -58.458080628460536, -34.604592333264421 ], [ -58.456563900354716, -34.604985785440888 ], [ -58.455803997022393, -34.60518292712112 ], [ -58.455525229062637, -34.605255234344163 ], [ -58.454983022143402, -34.605396257560223 ], [ -58.454002514362102, -34.605651261165491 ], [ -58.45306995391406, -34.605893795150408 ], [ -58.452959569105424, -34.605922588969236 ], [ -58.452429022265484, -34.606059939331182 ], [ -58.452015844293996, -34.606166734695201 ], [ -58.451508376736143, -34.606297885907338 ], [ -58.451050734792119, -34.606414320706428 ], [ -58.451014597937387, -34.60642351878387 ], [ -58.450989191148594, -34.606429985725136 ], [ -58.450739593006645, -34.606493515909946 ], [ -58.450656802746927, -34.606514563663701 ], [ -58.450237828074634, -34.606621211775604 ], [ -58.449290853076377, -34.606857096153156 ], [ -58.449062498185278, -34.606914042258893 ], [ -58.44704101846888, -34.607417599448105 ], [ -58.446248450324816, -34.607615029629478 ], [ -58.445678786378721, -34.60735684651533 ], [ -58.445132531314286, -34.607174509814854 ], [ -58.444168356901038, -34.606922316900338 ], [ -58.44298122272788, -34.606611768279016 ], [ -58.442825198680325, -34.606570896085067 ], [ -58.44160094723923, -34.6062384971572 ], [ -58.441466470769548, -34.606202909383839 ], [ -58.440336336320883, -34.605893049192311 ], [ -58.440142843206701, -34.605839983793587 ], [ -58.439286690896324, -34.605605236849108 ], [ -58.439202972701153, -34.605582261135339 ], [ -58.438512412409494, -34.605231442738585 ], [ -58.43797636922266, -34.604959117735909 ], [ -58.437190525362787, -34.604559851239891 ], [ -58.437175987020353, -34.604552464582369 ], [ -58.437058788770614, -34.604492883398613 ], [ -58.437054725279019, -34.604490817367349 ], [ -58.437053708305854, -34.604490333085103 ], [ -58.43702599279051, -34.604477145629552 ], [ -58.436853598056658, -34.604395116863046 ], [ -58.436617617509526, -34.604282832163584 ], [ -58.435339516885044, -34.603674577504151 ], [ -58.435149882072565, -34.603574393140065 ], [ -58.434973272729486, -34.603481039775339 ], [ -58.433915498569135, -34.60295909347095 ], [ -58.433867302865117, -34.602935278004267 ], [ -58.433335694565471, -34.602672891597088 ], [ -58.432331787123211, -34.603927589729139 ], [ -58.431531154739787, -34.604943173543006 ], [ -58.4306708058851, -34.605940707541663 ], [ -58.430607516794439, -34.60704641020989 ], [ -58.430561587356415, -34.60775295716266 ], [ -58.430551130616088, -34.607918168646336 ], [ -58.430514528435737, -34.608513025593176 ], [ -58.430475606125405, -34.608724567851368 ], [ -58.430415607220169, -34.609464703122434 ], [ -58.430372315398849, -34.610171180121384 ], [ -58.430331903900843, -34.610914699885583 ], [ -58.430320321823402, -34.611127869247994 ], [ -58.430256274473003, -34.61175905735103 ], [ -58.430234499752224, -34.611896588412648 ], [ -58.43012890776653, -34.613327353925349 ], [ -58.430087493407825, -34.614014464767962 ], [ -58.430030191312774, -34.615448341011856 ], [ -58.429254167197492, -34.615104812037657 ], [ -58.429220714603758, -34.615256495484132 ], [ -58.428794696234441, -34.617186118542712 ], [ -58.428589957961158, -34.618113255445977 ], [ -58.42858902492565, -34.618117773997568 ], [ -58.428552658317557, -34.618293880322106 ], [ -58.428319207394416, -34.619424320890474 ], [ -58.42828566181668, -34.619586707399854 ], [ -58.428279200669543, -34.619619619976618 ], [ -58.428070448142066, -34.620682926491526 ], [ -58.427943332036563, -34.621330362060704 ], [ -58.427844642250214, -34.621832804309747 ], [ -58.427797005138281, -34.62207349731024 ] ] ] } },
{ "type": "Feature", "properties": { "id": 12.0, "comuna": 1.0, "perimetro_": 6326.84, "area_metro": 2101995.0, "nam": "Constitucion", "cca": null, "cde": null, "fna": null, "gna": null, "ara3": null, "arl": null }, "geometry": { "type": "Polygon", "coordinates": [ [ [ -58.375576767291435, -34.627300208745076 ], [ -58.376607943720202, -34.627862788106007 ], [ -58.377723098645298, -34.628471181740082 ], [ -58.377935600842719, -34.628609219634775 ], [ -58.378572957867753, -34.629023364330521 ], [ -58.378721523831544, -34.629119899311341 ], [ -58.379048013153934, -34.62933204317676 ], [ -58.378965060255631, -34.629558677989721 ], [ -58.378632132212545, -34.630477713969114 ], [ -58.378632123458296, -34.630477743709818 ], [ -58.378624954015876, -34.630497511327626 ], [ -58.378624945266203, -34.630497536561244 ], [ -58.378633790481366, -34.630513522130904 ], [ -58.379123070319721, -34.631397708771502 ], [ -58.379474507498209, -34.63203278663719 ], [ -58.379521240572686, -34.632140631835462 ], [ -58.379529331950827, -34.632159303975591 ], [ -58.379513689772111, -34.632209927646144 ], [ -58.37958125647426, -34.632290538216047 ], [ -58.379639375742876, -34.632360579459679 ], [ -58.380011192620991, -34.632580630060851 ], [ -58.380095765832493, -34.632630682243089 ], [ -58.38011696353648, -34.632732388288538 ], [ -58.380146860515126, -34.633029713208202 ], [ -58.380146912344692, -34.63303023065702 ], [ -58.381253657798325, -34.633068575408664 ], [ -58.381253768976308, -34.633068579260076 ], [ -58.381254723781289, -34.633046072422268 ], [ -58.381267967907561, -34.632733878162647 ], [ -58.381267974179302, -34.632733730322634 ], [ -58.381278121182511, -34.632494540682401 ], [ -58.381284034581761, -34.632355146770735 ], [ -58.381293394218929, -34.632083590260407 ], [ -58.381301121086594, -34.63185940484253 ], [ -58.381310525097334, -34.631586557524393 ], [ -58.381310828192902, -34.631577763499628 ], [ -58.381334414195344, -34.630893419582826 ], [ -58.381336086793304, -34.630844894696033 ], [ -58.381336094508946, -34.630844674752275 ], [ -58.381336114581771, -34.630844096052805 ], [ -58.381336128314956, -34.630843690429835 ], [ -58.381336297221686, -34.630843814938956 ], [ -58.381336498760106, -34.630843915279137 ], [ -58.381336679696147, -34.630844005542492 ], [ -58.381336840029832, -34.630844085728981 ], [ -58.381406554036971, -34.63089531594585 ], [ -58.381661441660739, -34.631083603356181 ], [ -58.381736477725724, -34.631139032426077 ], [ -58.382183217171963, -34.631412050733232 ], [ -58.382626126675348, -34.631682725428099 ], [ -58.383395026896842, -34.632219081853961 ], [ -58.383993457079363, -34.632395319126672 ], [ -58.385356615254643, -34.632800485216926 ], [ -58.385420293578662, -34.632819411603059 ], [ -58.385919073021711, -34.632964316563033 ], [ -58.386523230163625, -34.633139832758303 ], [ -58.387271076939456, -34.633354316605853 ], [ -58.387629866007721, -34.633450244999935 ], [ -58.387655741635221, -34.633457163202387 ], [ -58.388464331151617, -34.6336837150984 ], [ -58.388525331111644, -34.633700805896538 ], [ -58.388543134064129, -34.633705793870867 ], [ -58.388560070387925, -34.63371053939489 ], [ -58.388637799516488, -34.633728399229049 ], [ -58.388643559882411, -34.633729722786981 ], [ -58.388766891855738, -34.63375806066982 ], [ -58.389518621455736, -34.633930632521405 ], [ -58.390355791630974, -34.634122898154061 ], [ -58.39052984690268, -34.632664748800394 ], [ -58.390560313934557, -34.632410257187331 ], [ -58.390665449624294, -34.631528480270049 ], [ -58.390786031753919, -34.630516992004551 ], [ -58.390893051018033, -34.629619300299566 ], [ -58.390928319547768, -34.629326994132427 ], [ -58.391064502495773, -34.628198119202104 ], [ -58.391173008226353, -34.627251694414575 ], [ -58.391189460890899, -34.627042758112523 ], [ -58.391221843430138, -34.626631434876167 ], [ -58.391245451537607, -34.626331516314707 ], [ -58.391332191833612, -34.625227330003014 ], [ -58.391406354268064, -34.624284616145808 ], [ -58.391434552788368, -34.623987235826888 ], [ -58.391447281826103, -34.623712078064798 ], [ -58.391454641864591, -34.623552988308717 ], [ -58.39146059522357, -34.623424286348026 ], [ -58.391491687726834, -34.62273260725982 ], [ -58.391556930400284, -34.621558758430737 ], [ -58.391613672544061, -34.620538683750418 ], [ -58.391613689180282, -34.620538357446456 ], [ -58.391625886454676, -34.620223431284813 ], [ -58.391669181550022, -34.619108231580967 ], [ -58.391700238539833, -34.618158097826793 ], [ -58.391414205452087, -34.61814370340948 ], [ -58.391123181121834, -34.61812649384111 ], [ -58.391109685525791, -34.618125696212168 ], [ -58.390329198320892, -34.618079537995442 ], [ -58.390127068832037, -34.618067585790946 ], [ -58.388967705480049, -34.617996179331826 ], [ -58.387740626730505, -34.617920635600548 ], [ -58.387550890844793, -34.617912264537573 ], [ -58.387463793470637, -34.617908421758528 ], [ -58.387291177507301, -34.617900795589911 ], [ -58.387206720863091, -34.617897064245845 ], [ -58.385877742514374, -34.617847917372998 ], [ -58.38557603486138, -34.617836739922012 ], [ -58.384321417961544, -34.617792834556298 ], [ -58.383306669150819, -34.617757243376104 ], [ -58.383017667092517, -34.617733320955494 ], [ -58.382850295892986, -34.617719478470121 ], [ -58.382695367430273, -34.617711553683492 ], [ -58.381786075472561, -34.617665039297705 ], [ -58.381514859649364, -34.617660138842204 ], [ -58.381136655253734, -34.617653264679014 ], [ -58.380687494028095, -34.617645145128904 ], [ -58.380278199291979, -34.617637754169827 ], [ -58.380046846774825, -34.61763358248313 ], [ -58.379867209524235, -34.617621276172549 ], [ -58.378952325264095, -34.617558956591395 ], [ -58.378776775581187, -34.617547074267115 ], [ -58.377361822005625, -34.617451154513105 ], [ -58.377352281295209, -34.617616432071408 ], [ -58.377310274027856, -34.618454652223924 ], [ -58.377307362225693, -34.618552467692837 ], [ -58.377271824917614, -34.619722879660252 ], [ -58.377269090677316, -34.619813371202255 ], [ -58.377228368835162, -34.620807157020337 ], [ -58.377232124161949, -34.620883146588007 ], [ -58.377238215148957, -34.621005558176037 ], [ -58.377238382861471, -34.621008926897098 ], [ -58.377215238764101, -34.621891386165622 ], [ -58.377202366147721, -34.622065040828609 ], [ -58.377148134889651, -34.622798757419531 ], [ -58.377135652931429, -34.622967634806152 ], [ -58.377106985277727, -34.623355481482179 ], [ -58.377086660103821, -34.623486102508551 ], [ -58.377069080134824, -34.623599189271943 ], [ -58.376996732808095, -34.623947145169289 ], [ -58.376754354200557, -34.625112857258053 ], [ -58.37622837506774, -34.626268199428495 ], [ -58.376180305643508, -34.626361208589522 ], [ -58.376180058701209, -34.626361687066222 ], [ -58.375945856297761, -34.626736763718597 ], [ -58.375696836910812, -34.62713556539628 ], [ -58.375695952146657, -34.627136982691447 ], [ -58.375576767291435, -34.627300208745076 ] ] ] } },
{ "type": "Feature", "properties": { "id": 13.0, "comuna": 7.0, "perimetro_": 15772.44, "area_metro": 8590784.13, "nam": "Flores", "cca": null, "cde": null, "fna": null, "gna": null, "ara3": null, "arl": null }, "geometry": { "type": "Polygon", "coordinates": [ [ [ -58.451577010052837, -34.63063798537047 ], [ -58.453233499828713, -34.631138772704688 ], [ -58.454378588345911, -34.631499428058206 ], [ -58.453942194373305, -34.632388630414056 ], [ -58.453870783094153, -34.632533204190914 ], [ -58.453384697008659, -34.633517471247487 ], [ -58.453323167638146, -34.633642115139487 ], [ -58.45289979133991, -34.634502370003005 ], [ -58.45241675040365, -34.635484098354581 ], [ -58.452048405672876, -34.636232593603957 ], [ -58.452002268981907, -34.636326344826948 ], [ -58.451924237924473, -34.636484907650043 ], [ -58.45192293649535, -34.636487551384825 ], [ -58.451601365311966, -34.637140997802057 ], [ -58.451441599468708, -34.637465645703578 ], [ -58.451303325854802, -34.637510839139118 ], [ -58.450885133731028, -34.637795668452725 ], [ -58.450547181910736, -34.638025843721842 ], [ -58.450323028481961, -34.63818131267174 ], [ -58.449559604555397, -34.638689614575043 ], [ -58.44955559495596, -34.63869265910887 ], [ -58.449408177618295, -34.638804598360394 ], [ -58.448127549147152, -34.639777201395439 ], [ -58.447339711892731, -34.640375556659905 ], [ -58.447151719449252, -34.640519265468853 ], [ -58.446204998299848, -34.641244472845003 ], [ -58.446054867860269, -34.641358176193222 ], [ -58.445309855811701, -34.64192683699072 ], [ -58.445252402058365, -34.642038308447638 ], [ -58.444244901531356, -34.642805415371775 ], [ -58.443598247513364, -34.642225585763477 ], [ -58.443313262569696, -34.641970047394025 ], [ -58.443078903412065, -34.641776344892989 ], [ -58.442952915613574, -34.641989706284811 ], [ -58.442440395488639, -34.64265441411299 ], [ -58.442389765555006, -34.642720110563481 ], [ -58.441476192686324, -34.643577070044856 ], [ -58.440746446310534, -34.644261520290705 ], [ -58.440626268957281, -34.644373752223736 ], [ -58.440522968546119, -34.644470283624322 ], [ -58.440185363836306, -34.644785645323893 ], [ -58.439871450566692, -34.645078897094812 ], [ -58.439653594537241, -34.645282800354011 ], [ -58.439119091161729, -34.645783263380707 ], [ -58.438851794548263, -34.646033423229341 ], [ -58.437871323657248, -34.64695125764527 ], [ -58.437423406804726, -34.647350814964732 ], [ -58.435013776069077, -34.646275271579142 ], [ -58.434924317375739, -34.646235320791163 ], [ -58.434601078726722, -34.646572201485391 ], [ -58.434503644754649, -34.646673746408922 ], [ -58.433766384443807, -34.647249040915383 ], [ -58.432968276958704, -34.647872890354456 ], [ -58.432955548814249, -34.647882830684964 ], [ -58.432841442879955, -34.647971944113102 ], [ -58.432613535328976, -34.648154004410316 ], [ -58.432101866573667, -34.648562735858739 ], [ -58.432033022135265, -34.648617729729359 ], [ -58.431963221900233, -34.648673487778431 ], [ -58.431792112847944, -34.64881016023984 ], [ -58.431150437936893, -34.649322688558122 ], [ -58.431133119067631, -34.649336521613201 ], [ -58.430900839096978, -34.649522049300472 ], [ -58.430898620978795, -34.649523820959509 ], [ -58.430837702879614, -34.649572477519307 ], [ -58.430817583062471, -34.649588547096045 ], [ -58.430765853236174, -34.649626611781102 ], [ -58.430590845205231, -34.64975538888929 ], [ -58.430505466430958, -34.649818141400765 ], [ -58.430502760066581, -34.64982013053573 ], [ -58.430493037691079, -34.649827276326576 ], [ -58.430473373564077, -34.649841729140007 ], [ -58.430431275431893, -34.649872670554551 ], [ -58.430438355380659, -34.649878647942749 ], [ -58.430441472356023, -34.649881279511042 ], [ -58.430441758853256, -34.649881521391997 ], [ -58.430548382298824, -34.649971540202344 ], [ -58.430562599962165, -34.649983543704991 ], [ -58.430661671580836, -34.650067186451309 ], [ -58.43071029265645, -34.6501082354551 ], [ -58.430984399895458, -34.650339653091848 ], [ -58.43100369567648, -34.650355643178266 ], [ -58.432028563439623, -34.651204920442353 ], [ -58.432032061685788, -34.651207819289723 ], [ -58.43204928100748, -34.651221548645772 ], [ -58.432743380010812, -34.6517749471369 ], [ -58.432991964395065, -34.651973138326106 ], [ -58.432997324301098, -34.651977348176139 ], [ -58.43333565306127, -34.652243081593504 ], [ -58.433640202803296, -34.652482281708366 ], [ -58.433679345073593, -34.652513024759202 ], [ -58.433701379609893, -34.652530480477239 ], [ -58.434434695354661, -34.653111405353044 ], [ -58.435062185656768, -34.653608478656331 ], [ -58.436022335230156, -34.654369080842827 ], [ -58.437098949020168, -34.655099884380341 ], [ -58.437311963119292, -34.655264616146901 ], [ -58.437587705817798, -34.65547785675777 ], [ -58.437733597508334, -34.655590678657276 ], [ -58.438006518175087, -34.65580173412598 ], [ -58.438085766064333, -34.655741845259449 ], [ -58.438419075774718, -34.655489952242796 ], [ -58.438846660703945, -34.655100599857612 ], [ -58.439487069739869, -34.654601850589813 ], [ -58.440404408936878, -34.653887373252111 ], [ -58.440554773589199, -34.653770248233592 ], [ -58.441534055852209, -34.653007433606 ], [ -58.441632419176123, -34.6529308308859 ], [ -58.442653017600982, -34.652135925104808 ], [ -58.442748914302776, -34.652061229349876 ], [ -58.442784799658234, -34.652032328825698 ], [ -58.442789294599486, -34.652028708598948 ], [ -58.442823750711035, -34.65200095983073 ], [ -58.442902341990553, -34.651938694259563 ], [ -58.442903951214703, -34.651937418125478 ], [ -58.442909240378619, -34.65193322743157 ], [ -58.442952455552827, -34.651896051292837 ], [ -58.443006239117864, -34.651846270612701 ], [ -58.443060964163756, -34.651786702503365 ], [ -58.443112535589613, -34.651722977423326 ], [ -58.443157973185798, -34.65165587190382 ], [ -58.44320554479723, -34.651573062269989 ], [ -58.443243826963531, -34.651491307547026 ], [ -58.443253514832321, -34.651466005525336 ], [ -58.44326693551038, -34.651430958920663 ], [ -58.443296186698596, -34.651341315315669 ], [ -58.443324770199574, -34.651188290411675 ], [ -58.443522308870776, -34.651165646619326 ], [ -58.444406969822005, -34.651064096483729 ], [ -58.444620975930334, -34.650946452446661 ], [ -58.444951431976591, -34.651008756133024 ], [ -58.447667355817103, -34.651124169519349 ], [ -58.448828769348751, -34.651173504893293 ], [ -58.449132673544668, -34.651164181190246 ], [ -58.45103435214849, -34.651105819677568 ], [ -58.451034824456876, -34.651105805302443 ], [ -58.451537467408642, -34.651090374826957 ], [ -58.451973155869716, -34.651076997614297 ], [ -58.451975163997211, -34.651076935603207 ], [ -58.452857305978029, -34.65099310974113 ], [ -58.453338991211353, -34.650947334727412 ], [ -58.453821407836287, -34.650901457810377 ], [ -58.454636599513989, -34.650821517879137 ], [ -58.454700221734122, -34.651152651732275 ], [ -58.454733458492662, -34.651325366058046 ], [ -58.454752888002297, -34.651426329487798 ], [ -58.454765123318886, -34.651489911638784 ], [ -58.454798581615201, -34.651771043614993 ], [ -58.454817015864087, -34.651835518589778 ], [ -58.454860856472685, -34.651988865801627 ], [ -58.45492384139235, -34.652123596490888 ], [ -58.454942307774061, -34.65216309775073 ], [ -58.45500562652596, -34.652234266962346 ], [ -58.45506211015045, -34.652297754724096 ], [ -58.455250386550532, -34.652464878762785 ], [ -58.455250541430019, -34.652465016689426 ], [ -58.455297240899796, -34.652506474922205 ], [ -58.455324730959504, -34.652530872609582 ], [ -58.455324764771483, -34.652530900555661 ], [ -58.455333143589613, -34.652537916813657 ], [ -58.455475869481752, -34.652657415777917 ], [ -58.45554668940725, -34.652716702736299 ], [ -58.456995415837568, -34.653929571002287 ], [ -58.457113181033279, -34.654048803516808 ], [ -58.457614377771563, -34.65448173308372 ], [ -58.458017817570344, -34.654830218181615 ], [ -58.458335672088985, -34.655104772584629 ], [ -58.458337558035254, -34.655106401516996 ], [ -58.458583835281338, -34.65530454124432 ], [ -58.458926155412072, -34.655579948669818 ], [ -58.459200534967628, -34.655765566596664 ], [ -58.459251484700637, -34.65581088329094 ], [ -58.459671680037204, -34.656184623723782 ], [ -58.460295539503214, -34.656706280004009 ], [ -58.460346465415256, -34.6567488631458 ], [ -58.460369707343347, -34.656772291457209 ], [ -58.460398347714644, -34.656801161730911 ], [ -58.460401851408456, -34.65680469355263 ], [ -58.460401946309197, -34.656804789104761 ], [ -58.460411964948193, -34.656797269746697 ], [ -58.460413451854734, -34.656796178205376 ], [ -58.460903860864363, -34.65643618655637 ], [ -58.461112808905241, -34.656282435380845 ], [ -58.461304472898121, -34.656127389130994 ], [ -58.461476743064246, -34.655979316528686 ], [ -58.461491969314594, -34.655965542245831 ], [ -58.461628222583727, -34.655818417173862 ], [ -58.462031372195867, -34.655476639124224 ], [ -58.462196483737898, -34.655338182602961 ], [ -58.462506664314404, -34.65507807652213 ], [ -58.462530567828018, -34.65505803192594 ], [ -58.462572872644714, -34.655022556124905 ], [ -58.462866991585742, -34.654794220266361 ], [ -58.463533225650117, -34.654276990153193 ], [ -58.463677161930242, -34.654177834208177 ], [ -58.46376638699261, -34.654091283692516 ], [ -58.463938871189526, -34.653955647981839 ], [ -58.464593097735886, -34.653532189826365 ], [ -58.465022424560246, -34.653211265619454 ], [ -58.465426611797128, -34.652894920412649 ], [ -58.465684221977867, -34.65267660384346 ], [ -58.465840896671594, -34.652540807069819 ], [ -58.46637617431432, -34.652077358518191 ], [ -58.466453732023311, -34.652001637699492 ], [ -58.466517841911816, -34.651942426597202 ], [ -58.466629089498078, -34.651787280215345 ], [ -58.466975629759609, -34.651512584837299 ], [ -58.46700863565632, -34.651486422075841 ], [ -58.467033462054268, -34.651466743432806 ], [ -58.466820058294516, -34.651182322750472 ], [ -58.466298074566588, -34.650523245557274 ], [ -58.465959336170869, -34.650110692000524 ], [ -58.465796102708502, -34.649905672207268 ], [ -58.46571274578892, -34.649796849650841 ], [ -58.465622477853742, -34.649681197145206 ], [ -58.465282665297877, -34.649268800320804 ], [ -58.46441004400441, -34.648152425754333 ], [ -58.464406914629677, -34.648148846262572 ], [ -58.463885397019453, -34.647552612300217 ], [ -58.463357411168275, -34.646826373007492 ], [ -58.462999049663715, -34.646168785494069 ], [ -58.463053887486282, -34.646135945243628 ], [ -58.463168935847449, -34.646067046620395 ], [ -58.463416547677227, -34.645918760158068 ], [ -58.46411885631462, -34.645386429137638 ], [ -58.464695898907678, -34.64494895601517 ], [ -58.464866146960105, -34.644844868367194 ], [ -58.465085561302679, -34.644710639129016 ], [ -58.465431349743071, -34.644436716738099 ], [ -58.46559638706001, -34.644305978693779 ], [ -58.466708085604793, -34.64342545229961 ], [ -58.466850123912351, -34.643312912767129 ], [ -58.467989658192408, -34.642415894944492 ], [ -58.469242142957555, -34.641395620155485 ], [ -58.469292747262443, -34.641279207874078 ], [ -58.469905273208077, -34.63987007936106 ], [ -58.469970869031499, -34.639719158828868 ], [ -58.470010040354232, -34.639628650850767 ], [ -58.47037483345315, -34.638785747085571 ], [ -58.470441790513256, -34.638631024018487 ], [ -58.470808604309696, -34.637786134680859 ], [ -58.471223367631232, -34.63683074712614 ], [ -58.471302674702599, -34.636654050694048 ], [ -58.471755676351776, -34.635643869599868 ], [ -58.472279963851605, -34.634474736313194 ], [ -58.472873996125323, -34.633150170881173 ], [ -58.47348351034119, -34.631790811660487 ], [ -58.474103315078764, -34.630437292973795 ], [ -58.474160556889899, -34.630312221558555 ], [ -58.474163740616433, -34.630305265145402 ], [ -58.474253386681418, -34.630109388805202 ], [ -58.474553356266171, -34.629453862021101 ], [ -58.474989761120575, -34.628500360346493 ], [ -58.475468312040611, -34.627454738623612 ], [ -58.476036102037433, -34.626214173797706 ], [ -58.476489760243581, -34.625222776016884 ], [ -58.476950135365655, -34.624216728481535 ], [ -58.477014089761504, -34.624076930171015 ], [ -58.477414164038578, -34.623222297911461 ], [ -58.477806822511084, -34.622383509346577 ], [ -58.476741376826155, -34.621829399228403 ], [ -58.476026090645085, -34.621457359265953 ], [ -58.475745208563865, -34.621310132391073 ], [ -58.475497620314059, -34.621178652942326 ], [ -58.474509150730078, -34.620662005525425 ], [ -58.474189426999196, -34.620496750222941 ], [ -58.472934056608899, -34.61984748225612 ], [ -58.472788637738319, -34.619772351322617 ], [ -58.472643479539478, -34.619695545357352 ], [ -58.471621031232992, -34.619154541380816 ], [ -58.471399455736972, -34.619037301431007 ], [ -58.470386740233799, -34.618489963845015 ], [ -58.469627816947586, -34.618079722569853 ], [ -58.469370538972882, -34.617940647471457 ], [ -58.469341946889976, -34.617925191344121 ], [ -58.469339793379454, -34.617924026816397 ], [ -58.469093605975424, -34.617797135973909 ], [ -58.468796818239383, -34.617644189578961 ], [ -58.46863522144799, -34.617560956939883 ], [ -58.467960813873333, -34.61726900836112 ], [ -58.466763044316181, -34.616750520844278 ], [ -58.466651709089021, -34.61670235387291 ], [ -58.465677559135095, -34.616280681646145 ], [ -58.465542800447608, -34.61622230282682 ], [ -58.464612868806128, -34.615819157145694 ], [ -58.464538762900652, -34.615787030406175 ], [ -58.464538327862869, -34.615786875366332 ], [ -58.464466102895464, -34.615761115293765 ], [ -58.464373340728656, -34.615728016899411 ], [ -58.464135003856732, -34.615642947238001 ], [ -58.463204320020211, -34.615297663766192 ], [ -58.463030382303025, -34.615232521473544 ], [ -58.461865209077523, -34.614796029429577 ], [ -58.460667765868159, -34.614347341035298 ], [ -58.460393832677617, -34.614244727942449 ], [ -58.460129439059038, -34.614144083183128 ], [ -58.459448785509572, -34.61388497915074 ], [ -58.459033495498034, -34.614733778784831 ], [ -58.458499606280036, -34.615899760386206 ], [ -58.458199047581488, -34.616559897758741 ], [ -58.45776617724988, -34.617505313360162 ], [ -58.457295213777627, -34.618536078137545 ], [ -58.457225096340309, -34.618689527848815 ], [ -58.456623508921183, -34.620006273019911 ], [ -58.456076516151107, -34.621203509813427 ], [ -58.455558307730762, -34.62233778792983 ], [ -58.455049116897669, -34.623452204178989 ], [ -58.454775179997505, -34.624045998672081 ], [ -58.454575445627405, -34.624478943239438 ], [ -58.454031807939884, -34.625630042821449 ], [ -58.454018674731202, -34.625648834598977 ], [ -58.453938593876224, -34.625763417718865 ], [ -58.453437635521816, -34.626780080124291 ], [ -58.452871135720521, -34.627923637287509 ], [ -58.452672231287146, -34.628325196555863 ], [ -58.452671721901886, -34.628326230438205 ], [ -58.452669772714117, -34.628330173071781 ], [ -58.452569387773181, -34.628540800484146 ], [ -58.452103500995236, -34.629518516056805 ], [ -58.451995869139076, -34.629744353719602 ], [ -58.451577010052837, -34.63063798537047 ] ] ] } },
{ "type": "Feature", "properties": { "id": 14.0, "comuna": 10.0, "perimetro_": 7519.65, "area_metro": 2320640.74, "nam": "Floresta", "cca": null, "cde": null, "fna": null, "gna": null, "ara3": null, "arl": null }, "geometry": { "type": "Polygon", "coordinates": [ [ [ -58.477806822511084, -34.622383509346577 ], [ -58.477414164038578, -34.623222297911461 ], [ -58.477014089761504, -34.624076930171015 ], [ -58.476950135365655, -34.624216728481535 ], [ -58.476489760243581, -34.625222776016884 ], [ -58.476036102037433, -34.626214173797706 ], [ -58.475468312040611, -34.627454738623612 ], [ -58.474989761120575, -34.628500360346493 ], [ -58.474553356266171, -34.629453862021101 ], [ -58.474253386681418, -34.630109388805202 ], [ -58.474163740616433, -34.630305265145402 ], [ -58.474160556889899, -34.630312221558555 ], [ -58.474103315078764, -34.630437292973795 ], [ -58.47348351034119, -34.631790811660487 ], [ -58.472873996125323, -34.633150170881173 ], [ -58.472279963851605, -34.634474736313194 ], [ -58.471755676351776, -34.635643869599868 ], [ -58.471302674702599, -34.636654050694048 ], [ -58.472416643571741, -34.636986370028303 ], [ -58.473491937568149, -34.637307202862551 ], [ -58.474415021728269, -34.637915790451551 ], [ -58.475322688572241, -34.638473314465408 ], [ -58.476071872690405, -34.638933524216625 ], [ -58.476290054277122, -34.638760823989635 ], [ -58.476777871899571, -34.638374852019595 ], [ -58.477590692401627, -34.637731725696781 ], [ -58.478356218998037, -34.637125994118264 ], [ -58.478545003702557, -34.636993152287701 ], [ -58.478786690883638, -34.636823190316086 ], [ -58.478904252970636, -34.636728949312051 ], [ -58.479200199900134, -34.636491585115564 ], [ -58.479694463465073, -34.63609510710198 ], [ -58.479926515948144, -34.635909017789707 ], [ -58.481006003810336, -34.635043152905688 ], [ -58.48237960987619, -34.63394138584647 ], [ -58.483108442937699, -34.633380822372359 ], [ -58.483382384368902, -34.633145160560083 ], [ -58.483570843023649, -34.632992755567223 ], [ -58.483715133643472, -34.632882504359955 ], [ -58.484730716608993, -34.632071821392273 ], [ -58.485572713587644, -34.631401452941226 ], [ -58.486026884696663, -34.63103988619914 ], [ -58.486724742474358, -34.63048425540898 ], [ -58.48686136531245, -34.630375565868228 ], [ -58.48694517897394, -34.630308859144947 ], [ -58.487716787138446, -34.629694756745089 ], [ -58.488082442161307, -34.629403764747906 ], [ -58.488233030568793, -34.629283873398414 ], [ -58.489285008220193, -34.628446672653979 ], [ -58.490220706997299, -34.627701955034851 ], [ -58.490399316037887, -34.627560580302223 ], [ -58.491094640855856, -34.627010201670998 ], [ -58.491355259990819, -34.626802886077698 ], [ -58.491704146341235, -34.626523386342107 ], [ -58.49174022289985, -34.626494483867688 ], [ -58.49275533842971, -34.625687755505147 ], [ -58.492815891186673, -34.625639641170892 ], [ -58.493354143303193, -34.625211899270731 ], [ -58.493891368419213, -34.624784859232392 ], [ -58.494055651662151, -34.624654394347147 ], [ -58.494200346301952, -34.624539637818231 ], [ -58.494925859792254, -34.62396465675787 ], [ -58.494966653255126, -34.623932322195827 ], [ -58.495506416434466, -34.623504570292049 ], [ -58.496043790067759, -34.623078647394735 ], [ -58.497120138497799, -34.622225526574262 ], [ -58.497661753322376, -34.621796214966743 ], [ -58.497855234497976, -34.621642848740713 ], [ -58.498199616146344, -34.621369860457179 ], [ -58.497219726835311, -34.620561394285417 ], [ -58.496317911860196, -34.619817196371862 ], [ -58.495445255551495, -34.619097139355908 ], [ -58.494712174255092, -34.61849212079256 ], [ -58.494656716029183, -34.618446350151991 ], [ -58.494515267087984, -34.618326595864183 ], [ -58.493791921268581, -34.617713954905611 ], [ -58.493633346535212, -34.617578781467884 ], [ -58.492777258442217, -34.616849052168035 ], [ -58.492635388047582, -34.616727747129872 ], [ -58.491560771308684, -34.617588151879865 ], [ -58.490615236198757, -34.618345137993344 ], [ -58.49048783489706, -34.61844664648018 ], [ -58.489411553599055, -34.619303653014214 ], [ -58.488336527793834, -34.620159663526152 ], [ -58.488202989028174, -34.620265959197205 ], [ -58.48726335421992, -34.621015452251193 ], [ -58.486183600311833, -34.621876726803677 ], [ -58.485111830352444, -34.622731581164153 ], [ -58.48496976693017, -34.622844917563491 ], [ -58.484037569880257, -34.623591496896729 ], [ -58.48339004418191, -34.624110063553822 ], [ -58.482742004565438, -34.624629045972391 ], [ -58.48191976122348, -34.624286352959608 ], [ -58.481885691971996, -34.624271700183478 ], [ -58.481885655984541, -34.624271684864837 ], [ -58.481821785849121, -34.624244216628888 ], [ -58.481786682810835, -34.624229119582473 ], [ -58.481732581683893, -34.624205817078092 ], [ -58.480739524493728, -34.623778564343709 ], [ -58.47975516770677, -34.623354963883756 ], [ -58.479375621108119, -34.62319163229953 ], [ -58.478798673536744, -34.622909661065869 ], [ -58.478285478373387, -34.622635004206195 ], [ -58.478115655792209, -34.622544107819671 ], [ -58.478005838889921, -34.622487008094517 ], [ -58.477806822511084, -34.622383509346577 ] ] ] } },
{ "type": "Feature", "properties": { "id": 15.0, "comuna": 9.0, "perimetro_": 9256.93, "area_metro": 4374418.74, "nam": "Liniers", "cca": null, "cde": null, "fna": null, "gna": null, "ara3": null, "arl": null }, "geometry": { "type": "Polygon", "coordinates": [ [ [ -58.510668850528447, -34.634816575573112 ], [ -58.509996055611779, -34.635094337193308 ], [ -58.509975992730695, -34.635102619882424 ], [ -58.509656228246932, -34.635239060446352 ], [ -58.509656126848128, -34.635239103752923 ], [ -58.509540379476761, -34.635288492165756 ], [ -58.509379084632272, -34.635348323475398 ], [ -58.508828671999545, -34.635552494731527 ], [ -58.508274107830161, -34.635727843119895 ], [ -58.507649839960628, -34.635890186168545 ], [ -58.507090663827647, -34.63589003576682 ], [ -58.506959964671161, -34.635890012313375 ], [ -58.506817637123127, -34.635811470430582 ], [ -58.506332405262533, -34.636194489735168 ], [ -58.506136853968655, -34.636348846909392 ], [ -58.505736562521449, -34.636664812698818 ], [ -58.505670574660371, -34.636716898778765 ], [ -58.505670803700347, -34.636716931150211 ], [ -58.509354386008518, -34.637206118029283 ], [ -58.510507726882075, -34.637369931427756 ], [ -58.510480365189331, -34.637484068593359 ], [ -58.510313638548681, -34.638117378238192 ], [ -58.510050749681263, -34.639115727892097 ], [ -58.509820342652098, -34.640007302475183 ], [ -58.509786640508835, -34.640076682023235 ], [ -58.509208762989495, -34.640516834482995 ], [ -58.508029906693309, -34.641414604513905 ], [ -58.506963796852432, -34.64222640603964 ], [ -58.50684565964692, -34.642315815572665 ], [ -58.505658063352371, -34.643214198344801 ], [ -58.504468992477058, -34.644113697597525 ], [ -58.504347612850026, -34.644205499939794 ], [ -58.503841908064658, -34.644587644048279 ], [ -58.503325636890558, -34.644977747203612 ], [ -58.502834075830833, -34.64537861566447 ], [ -58.502297877323464, -34.645816960135065 ], [ -58.50333718792487, -34.646317684186634 ], [ -58.504356388117884, -34.646795869819897 ], [ -58.505381652744184, -34.6472767914128 ], [ -58.506502731946171, -34.64780267088868 ], [ -58.50669791841036, -34.647894292640679 ], [ -58.507673944277826, -34.648352113612617 ], [ -58.508939187046437, -34.648945665693731 ], [ -58.509124577018262, -34.649032638610691 ], [ -58.510610604609496, -34.649724752678821 ], [ -58.510650679822319, -34.649766357255636 ], [ -58.511676001571864, -34.650220112883176 ], [ -58.512643980691621, -34.650670220619794 ], [ -58.513515393061425, -34.651075360913715 ], [ -58.514413750802326, -34.651493018730108 ], [ -58.515414055335107, -34.651941049110846 ], [ -58.516075550902286, -34.652265626309777 ], [ -58.516553852467148, -34.652487884763879 ], [ -58.517143570395639, -34.652762064138919 ], [ -58.518178185477034, -34.653243084404622 ], [ -58.519192693760154, -34.653714598750319 ], [ -58.519715765829581, -34.653957739725911 ], [ -58.519906548338795, -34.654046384726243 ], [ -58.520242932862693, -34.65420284882844 ], [ -58.520760470031568, -34.654443311585581 ], [ -58.521284063140385, -34.654686868317292 ], [ -58.521853095919738, -34.65495117496738 ], [ -58.52234080604309, -34.655177842849284 ], [ -58.522887254758295, -34.655432015574874 ], [ -58.523400630049139, -34.65567049680913 ], [ -58.523879821908842, -34.655893219016022 ], [ -58.524586978849918, -34.656221881717777 ], [ -58.524919800683229, -34.656376714801894 ], [ -58.525291286162165, -34.656595342015507 ], [ -58.525314872871256, -34.656609042329123 ], [ -58.525368958742433, -34.656640457926933 ], [ -58.525428751913978, -34.656677635134194 ], [ -58.525766038436402, -34.656887345299147 ], [ -58.525770946336735, -34.656890461676504 ], [ -58.525879771282867, -34.656808325832714 ], [ -58.528789729177802, -34.654611877096627 ], [ -58.529149454162422, -34.654340342374752 ], [ -58.52916678456122, -34.654327262508794 ], [ -58.5292058289008, -34.654297790407291 ], [ -58.529205855064717, -34.654297770562039 ], [ -58.529206856092408, -34.654280799096114 ], [ -58.529207920598189, -34.654262716152132 ], [ -58.529210480220414, -34.654219330604924 ], [ -58.529849054781316, -34.643395161161024 ], [ -58.530079419089965, -34.639489684277919 ], [ -58.530082768680671, -34.639432894112943 ], [ -58.530097165511165, -34.639188791679757 ], [ -58.530267950009048, -34.636293110703605 ], [ -58.530288686133254, -34.635941515183056 ], [ -58.530295397664375, -34.635827722935126 ], [ -58.530304126499416, -34.635679725310581 ], [ -58.530316247616554, -34.635474207302366 ], [ -58.530327865134439, -34.635277199840729 ], [ -58.530353279798454, -34.634846286893371 ], [ -58.530356330980993, -34.634794524044736 ], [ -58.530026307306017, -34.63480437815133 ], [ -58.530019330051324, -34.634804586590015 ], [ -58.529835282314984, -34.634810082112963 ], [ -58.529792508181536, -34.634811359311023 ], [ -58.529623982030145, -34.634816390836519 ], [ -58.529388714973152, -34.634823414387057 ], [ -58.529318000390035, -34.634827183649605 ], [ -58.529091395249942, -34.634839262493237 ], [ -58.528901199160217, -34.634849399516817 ], [ -58.528712318189186, -34.6348594670308 ], [ -58.528539543240733, -34.634855007414728 ], [ -58.528204018672852, -34.63484153356309 ], [ -58.527953500408955, -34.634821112507112 ], [ -58.527742251550109, -34.634803891858837 ], [ -58.527386134249859, -34.634774860965202 ], [ -58.527074448381676, -34.634749452039046 ], [ -58.526918139052782, -34.634682139221177 ], [ -58.525602321546025, -34.634584929971844 ], [ -58.524297910010247, -34.634469883408144 ], [ -58.524229141229533, -34.634453016209761 ], [ -58.523272093669434, -34.634218558701619 ], [ -58.523035537971069, -34.63416064605611 ], [ -58.522334919376028, -34.634012099200682 ], [ -58.521080991986473, -34.633823117214277 ], [ -58.52102549989575, -34.633822342130699 ], [ -58.520685415828922, -34.633820224732879 ], [ -58.520782006568012, -34.633498748260848 ], [ -58.520812017069808, -34.633398865185569 ], [ -58.520745388114776, -34.633218590578629 ], [ -58.520524336634153, -34.633003107001585 ], [ -58.520387313975213, -34.63296859284042 ], [ -58.520338542369608, -34.632912066138225 ], [ -58.520238696544602, -34.632796407750867 ], [ -58.520171789930892, -34.632911452618906 ], [ -58.520065742927706, -34.632945373681579 ], [ -58.519894014882581, -34.63296649887765 ], [ -58.519890114314286, -34.632966925255083 ], [ -58.519885545295999, -34.63296742585873 ], [ -58.519744417138845, -34.632982906390751 ], [ -58.519743508754196, -34.632982957290494 ], [ -58.51971713834218, -34.632984443308601 ], [ -58.519682370006599, -34.632986401940471 ], [ -58.519423061618546, -34.633001012721834 ], [ -58.519330176842629, -34.6330054867949 ], [ -58.51926062775707, -34.633008836842258 ], [ -58.519251817573156, -34.633009260944689 ], [ -58.519080315013127, -34.63301095844502 ], [ -58.519079148114486, -34.633010926527675 ], [ -58.518886052899958, -34.632996328789659 ], [ -58.518800588951706, -34.63299712399845 ], [ -58.518716921109316, -34.632997903007187 ], [ -58.518520339514552, -34.632999732803711 ], [ -58.517346266367916, -34.63301055469681 ], [ -58.51708734029814, -34.633013380620284 ], [ -58.516605667503121, -34.633079866997157 ], [ -58.515935416792118, -34.63309856502952 ], [ -58.51593067084282, -34.633098697783083 ], [ -58.515367288946841, -34.633156545569015 ], [ -58.514862001736276, -34.633202224114328 ], [ -58.514071567945429, -34.63340061513891 ], [ -58.513911087072003, -34.633456950112205 ], [ -58.513341780933963, -34.633656718259573 ], [ -58.513320953672576, -34.633664026480645 ], [ -58.513316462844884, -34.633665925805822 ], [ -58.51331523301851, -34.633666445526536 ], [ -58.512621048225839, -34.633960018765208 ], [ -58.512531015112117, -34.633998084132713 ], [ -58.512263208114689, -34.634116831072255 ], [ -58.511862712932931, -34.634294410843893 ], [ -58.51148306529317, -34.634458698678955 ], [ -58.511444742833291, -34.634475282762487 ], [ -58.511325577771281, -34.63452687909043 ], [ -58.510668850528447, -34.634816575573112 ] ] ] } },
{ "type": "Feature", "properties": { "id": 16.0, "comuna": 9.0, "perimetro_": 11124.64, "area_metro": 7398178.84, "nam": "Mataderos", "cca": null, "cde": null, "fna": null, "gna": null, "ara3": null, "arl": null }, "geometry": { "type": "Polygon", "coordinates": [ [ [ -58.495300873662828, -34.644846736342387 ], [ -58.495238351600221, -34.64489747810125 ], [ -58.495232215076477, -34.644902458227413 ], [ -58.494959563190072, -34.645123760172595 ], [ -58.494896503164306, -34.645174942685955 ], [ -58.493858423339972, -34.645990847770008 ], [ -58.492764439313774, -34.646850700536014 ], [ -58.492628648262446, -34.646957212970548 ], [ -58.491414263168465, -34.647910323890407 ], [ -58.490335903801217, -34.648756700991328 ], [ -58.489546160292065, -34.649376525224866 ], [ -58.489511820565085, -34.64940230677287 ], [ -58.489490241814515, -34.649418508035723 ], [ -58.489402606134085, -34.649484303986391 ], [ -58.489239372437162, -34.649606944789326 ], [ -58.4884055701785, -34.650275082252286 ], [ -58.487458017569331, -34.651034363264394 ], [ -58.487297846879727, -34.651162705885959 ], [ -58.486469041128082, -34.651827729895423 ], [ -58.486393261049116, -34.65188709161378 ], [ -58.486297109356634, -34.65196241126732 ], [ -58.485915073468632, -34.652261639722006 ], [ -58.485685032679463, -34.652438514486413 ], [ -58.485560128629963, -34.652534594800571 ], [ -58.485347792029451, -34.652698616923956 ], [ -58.485172122017048, -34.652834314162547 ], [ -58.485083938900594, -34.65290242911604 ], [ -58.484983996989442, -34.652979630552714 ], [ -58.483893234060851, -34.653822220348921 ], [ -58.483788714852899, -34.653902966830536 ], [ -58.483751455379235, -34.653931751642716 ], [ -58.482655218653186, -34.654797006231412 ], [ -58.482095418653174, -34.655238786800055 ], [ -58.481553761113311, -34.655666336835651 ], [ -58.481465646650015, -34.65573644576375 ], [ -58.481399195610372, -34.65578931817776 ], [ -58.480397322019982, -34.65658608748857 ], [ -58.480236767471894, -34.656713763644326 ], [ -58.480159590257685, -34.656775136296709 ], [ -58.478817104542586, -34.657842856355863 ], [ -58.478849864258336, -34.657865379307118 ], [ -58.479355790494317, -34.658213210905267 ], [ -58.479461824073809, -34.658286014905663 ], [ -58.479468590504894, -34.658290397583812 ], [ -58.479545460791407, -34.658340192280491 ], [ -58.479632037891633, -34.658396273890936 ], [ -58.479717180413886, -34.658451369488432 ], [ -58.479821687455235, -34.658518995655285 ], [ -58.480168425709486, -34.658743527297887 ], [ -58.480299348118173, -34.658827804818209 ], [ -58.480532724534143, -34.658978125157418 ], [ -58.48084076967239, -34.659176462547968 ], [ -58.481432911663724, -34.659557786563134 ], [ -58.482332430529169, -34.660137089818242 ], [ -58.48323144908705, -34.660715963698401 ], [ -58.484130651454777, -34.661294971481098 ], [ -58.485036342078139, -34.661870027734842 ], [ -58.485225837796889, -34.661990344189803 ], [ -58.485359836141285, -34.662075463004463 ], [ -58.485808263914507, -34.662360147387297 ], [ -58.48594426126526, -34.662446484797151 ], [ -58.485950514957999, -34.662448357673469 ], [ -58.487131170698213, -34.662801894000538 ], [ -58.487866935873924, -34.663022153379451 ], [ -58.488859827187355, -34.663319377714444 ], [ -58.488893882729862, -34.663329572060427 ], [ -58.488951231015569, -34.663346738938351 ], [ -58.488951878330049, -34.663347344404144 ], [ -58.488954454749667, -34.663349754258931 ], [ -58.48896537703363, -34.663359970417929 ], [ -58.490075831203491, -34.664398615505554 ], [ -58.490998738752147, -34.665261723001393 ], [ -58.491133787569524, -34.665388100955489 ], [ -58.491577204453932, -34.665825219218767 ], [ -58.491577236102763, -34.665825250760882 ], [ -58.491760364687998, -34.66600577642194 ], [ -58.491934044606822, -34.666184750888029 ], [ -58.492138998342405, -34.666395869290511 ], [ -58.492348186549883, -34.66661134736578 ], [ -58.492596711297224, -34.666867343133163 ], [ -58.49345730518521, -34.667798334678942 ], [ -58.493607205917712, -34.667960551725763 ], [ -58.494346128869736, -34.668689336085727 ], [ -58.495736492760265, -34.670060575359756 ], [ -58.495871644362573, -34.6701938500455 ], [ -58.49703833366884, -34.671178536181017 ], [ -58.497406327386287, -34.671442660118402 ], [ -58.497914751391583, -34.671807518267471 ], [ -58.498251202101358, -34.672048902355087 ], [ -58.49856858175243, -34.672276724777326 ], [ -58.498718432525038, -34.672384290953524 ], [ -58.498722118145302, -34.672386936427209 ], [ -58.498926573630634, -34.67251279233399 ], [ -58.499125828930197, -34.672634213576885 ], [ -58.499740205338497, -34.672963469462445 ], [ -58.500116370851366, -34.673165047268874 ], [ -58.500199799479809, -34.673209745434825 ], [ -58.500522650141306, -34.673382716629348 ], [ -58.500679683964037, -34.673466848692982 ], [ -58.501640402853056, -34.673981692531761 ], [ -58.501772505178906, -34.674060199041079 ], [ -58.501974410301003, -34.67418018778168 ], [ -58.502114326501214, -34.674263337270617 ], [ -58.502496378024695, -34.674490378793863 ], [ -58.50251666257595, -34.674502434956139 ], [ -58.502517886022893, -34.674503162001471 ], [ -58.502519902056186, -34.674504322067435 ], [ -58.502524082874167, -34.67450672779367 ], [ -58.502614193733457, -34.674438465534372 ], [ -58.508273114250045, -34.670151274023596 ], [ -58.508742294828131, -34.669795791384288 ], [ -58.508921403244315, -34.669660085420105 ], [ -58.511206108322156, -34.66792896214023 ], [ -58.511985641013133, -34.667338283082813 ], [ -58.511985670457207, -34.667338261437152 ], [ -58.512216995694075, -34.667162975742443 ], [ -58.513244614438804, -34.666384287717356 ], [ -58.518029791181533, -34.662757966612617 ], [ -58.518340200236018, -34.662522713124062 ], [ -58.518364293256063, -34.662504449532747 ], [ -58.518386504277089, -34.662487620033637 ], [ -58.518755594042759, -34.662207890272519 ], [ -58.519914206068613, -34.66132977170183 ], [ -58.523041824871463, -34.658959184723152 ], [ -58.523042062553692, -34.658959004323989 ], [ -58.524770972019184, -34.657648479284504 ], [ -58.524771018900275, -34.657648444105753 ], [ -58.525770512425957, -34.656890792717675 ], [ -58.525770946336735, -34.656890461676504 ], [ -58.525766038436402, -34.656887345299147 ], [ -58.525428751913978, -34.656677635134194 ], [ -58.525368958742433, -34.656640457926933 ], [ -58.525314872871256, -34.656609042329123 ], [ -58.525291286162165, -34.656595342015507 ], [ -58.524919800683229, -34.656376714801894 ], [ -58.524586978849918, -34.656221881717777 ], [ -58.523879821908842, -34.655893219016022 ], [ -58.523400630049139, -34.65567049680913 ], [ -58.522887254758295, -34.655432015574874 ], [ -58.52234080604309, -34.655177842849284 ], [ -58.521853095919738, -34.65495117496738 ], [ -58.521284063140385, -34.654686868317292 ], [ -58.520760470031568, -34.654443311585581 ], [ -58.520242932862693, -34.65420284882844 ], [ -58.519906548338795, -34.654046384726243 ], [ -58.519715765829581, -34.653957739725911 ], [ -58.519192693760154, -34.653714598750319 ], [ -58.518178185477034, -34.653243084404622 ], [ -58.517143570395639, -34.652762064138919 ], [ -58.516553852467148, -34.652487884763879 ], [ -58.516075550902286, -34.652265626309777 ], [ -58.515414055335107, -34.651941049110846 ], [ -58.514413750802326, -34.651493018730108 ], [ -58.513515393061425, -34.651075360913715 ], [ -58.512643980691621, -34.650670220619794 ], [ -58.511676001571864, -34.650220112883176 ], [ -58.510650679822319, -34.649766357255636 ], [ -58.510610604609496, -34.649724752678821 ], [ -58.509124577018262, -34.649032638610691 ], [ -58.508939187046437, -34.648945665693731 ], [ -58.507673944277826, -34.648352113612617 ], [ -58.50669791841036, -34.647894292640679 ], [ -58.506502731946171, -34.64780267088868 ], [ -58.505381652744184, -34.6472767914128 ], [ -58.504356388117884, -34.646795869819897 ], [ -58.50333718792487, -34.646317684186634 ], [ -58.502297877323464, -34.645816960135065 ], [ -58.501273592621949, -34.645349533416365 ], [ -58.500247438289975, -34.644868084310438 ], [ -58.499220273627252, -34.6443861337508 ], [ -58.498184682738255, -34.643900162903066 ], [ -58.49713623482311, -34.643408270793437 ], [ -58.496675568695053, -34.643768612559704 ], [ -58.496418486900168, -34.643969669545889 ], [ -58.495397131194771, -34.644768681793124 ], [ -58.495312755292744, -34.6448371016251 ], [ -58.495300873662828, -34.644846736342387 ] ] ] } },
{ "type": "Feature", "properties": { "id": 17.0, "comuna": 1.0, "perimetro_": 6739.22, "area_metro": 2198621.94, "nam": "Monserrat", "cca": null, "cde": null, "fna": null, "gna": null, "ara3": null, "arl": null }, "geometry": { "type": "Polygon", "coordinates": [ [ [ -58.367730325281116, -34.60690013756053 ], [ -58.367728943065067, -34.606912372366416 ], [ -58.367643452779568, -34.607662654469159 ], [ -58.367622289207958, -34.60784839187 ], [ -58.367263460959521, -34.610997413975831 ], [ -58.367131631320724, -34.612160143214169 ], [ -58.367082816131017, -34.61259638668173 ], [ -58.366993926907995, -34.613390754290386 ], [ -58.366859336754004, -34.614576015184689 ], [ -58.366738786885513, -34.615623960929824 ], [ -58.36757238106938, -34.615684126003821 ], [ -58.368583903229201, -34.615757099416946 ], [ -58.368815236742364, -34.615778692928401 ], [ -58.369145545629678, -34.61579176018104 ], [ -58.369497975808976, -34.615819540296989 ], [ -58.370251286685765, -34.615859932897003 ], [ -58.370348701310078, -34.61586051285483 ], [ -58.370568889010237, -34.615893133333905 ], [ -58.37069408786811, -34.615908721135817 ], [ -58.371721122298439, -34.615978441512027 ], [ -58.371718176069024, -34.616024284603803 ], [ -58.372994868879488, -34.61602403925076 ], [ -58.373131579686834, -34.616028788092102 ], [ -58.37327152641604, -34.616033680691217 ], [ -58.374341439374966, -34.616077634548901 ], [ -58.374537345176805, -34.616087143897559 ], [ -58.37470974272793, -34.616095579398845 ], [ -58.375255375334753, -34.616131326282684 ], [ -58.375861950350021, -34.616212115996092 ], [ -58.375863137634276, -34.616212186256362 ], [ -58.375980003922201, -34.616219101821144 ], [ -58.376030938343092, -34.616222093121429 ], [ -58.376158447760922, -34.61622958221993 ], [ -58.377266854548758, -34.616284805659419 ], [ -58.37742920207797, -34.616292314387678 ], [ -58.377361822005625, -34.617451154513105 ], [ -58.378776775581187, -34.617547074267115 ], [ -58.378952325264095, -34.617558956591395 ], [ -58.379867209524235, -34.617621276172549 ], [ -58.380046846774825, -34.61763358248313 ], [ -58.380278199291979, -34.617637754169827 ], [ -58.380687494028095, -34.617645145128904 ], [ -58.381136655253734, -34.617653264679014 ], [ -58.381514859649364, -34.617660138842204 ], [ -58.381786075472561, -34.617665039297705 ], [ -58.382695367430273, -34.617711553683492 ], [ -58.382850295892986, -34.617719478470121 ], [ -58.383017667092517, -34.617733320955494 ], [ -58.383306669150819, -34.617757243376104 ], [ -58.384321417961544, -34.617792834556298 ], [ -58.38557603486138, -34.617836739922012 ], [ -58.385877742514374, -34.617847917372998 ], [ -58.387206720863091, -34.617897064245845 ], [ -58.387291177507301, -34.617900795589911 ], [ -58.387463793470637, -34.617908421758528 ], [ -58.387550890844793, -34.617912264537573 ], [ -58.387740626730505, -34.617920635600548 ], [ -58.388967705480049, -34.617996179331826 ], [ -58.390127068832037, -34.618067585790946 ], [ -58.390329198320892, -34.618079537995442 ], [ -58.391109685525791, -34.618125696212168 ], [ -58.391123181121834, -34.61812649384111 ], [ -58.391414205452087, -34.61814370340948 ], [ -58.391700238539833, -34.618158097826793 ], [ -58.391678423720641, -34.616877646403807 ], [ -58.391660665791065, -34.615834172263469 ], [ -58.391661888441433, -34.615699170932579 ], [ -58.391663583499252, -34.615510507447546 ], [ -58.391671875047926, -34.615179522633746 ], [ -58.391680023541745, -34.614916002694791 ], [ -58.391686943816403, -34.614693679622789 ], [ -58.391687742137179, -34.614664220783212 ], [ -58.391687890068035, -34.614658764582025 ], [ -58.391703745337416, -34.614073963179294 ], [ -58.391713499934987, -34.613824036647138 ], [ -58.391752518030962, -34.612823976148952 ], [ -58.391760066365272, -34.612662146781823 ], [ -58.391769699278285, -34.612454544506058 ], [ -58.391788790756316, -34.611670323533573 ], [ -58.391788804157088, -34.611669953057621 ], [ -58.391788857439813, -34.611667573338757 ], [ -58.391797946714888, -34.611498702944509 ], [ -58.391809804084843, -34.611278988640045 ], [ -58.391862660382415, -34.610555163537924 ], [ -58.391878408253341, -34.610339579977058 ], [ -58.391954940622071, -34.609291230043844 ], [ -58.391410814046608, -34.609252969840654 ], [ -58.390556126089685, -34.609192867606971 ], [ -58.389795692401499, -34.60913937314254 ], [ -58.389761501727413, -34.609136967379577 ], [ -58.38917564218292, -34.609077879873581 ], [ -58.389059045306126, -34.609066122058749 ], [ -58.38851100543657, -34.609010853857519 ], [ -58.388176727978852, -34.60897712645157 ], [ -58.387971501376434, -34.608957112767619 ], [ -58.387804636487807, -34.608940839941596 ], [ -58.38774605871501, -34.608932422269582 ], [ -58.387744528239146, -34.608932202276549 ], [ -58.387659944386236, -34.608920046488812 ], [ -58.387484050871784, -34.608896055069621 ], [ -58.387321250508755, -34.608873849153156 ], [ -58.387232942784713, -34.608855484467611 ], [ -58.387230777747696, -34.608855323566274 ], [ -58.386279317833768, -34.608784603304855 ], [ -58.386146966303485, -34.60877592823973 ], [ -58.385988244095685, -34.608765341536966 ], [ -58.385067117336739, -34.608703901252326 ], [ -58.384869530313701, -34.608687295521378 ], [ -58.384711205694444, -34.608673953572165 ], [ -58.384096543992307, -34.608626284687908 ], [ -58.383801088841693, -34.608603370413348 ], [ -58.3836114405701, -34.608588661702861 ], [ -58.38346793529756, -34.608576877361173 ], [ -58.383307736893684, -34.608563673887787 ], [ -58.382691292733455, -34.608515375676653 ], [ -58.382252798623739, -34.608481017781777 ], [ -58.382171950909949, -34.608474682948668 ], [ -58.381974280802304, -34.608457227842507 ], [ -58.381796198082306, -34.608441545076047 ], [ -58.381346851751232, -34.608413708371089 ], [ -58.38131192766167, -34.608411549441293 ], [ -58.380890861201131, -34.60838551396953 ], [ -58.380717826351585, -34.608375531821501 ], [ -58.380716692590795, -34.608375466151777 ], [ -58.380495248819926, -34.608368837550209 ], [ -58.379961657571279, -34.608339165444193 ], [ -58.379809883879417, -34.608330725339137 ], [ -58.379757417951282, -34.608327807582718 ], [ -58.379359271370632, -34.60830566583855 ], [ -58.379220959019769, -34.608296907947164 ], [ -58.377812966072995, -34.608210365762567 ], [ -58.376960623614913, -34.608159180540085 ], [ -58.376403270100674, -34.608125706312762 ], [ -58.376293696166698, -34.608119257881192 ], [ -58.376207043673617, -34.608114158015475 ], [ -58.37619213494699, -34.608113166626339 ], [ -58.374996050929425, -34.608033622689106 ], [ -58.374985579084495, -34.608032926424052 ], [ -58.374977350735129, -34.608032383220909 ], [ -58.374920852238844, -34.608028654595259 ], [ -58.374859557179654, -34.608024579926671 ], [ -58.374114322375235, -34.607975038914581 ], [ -58.373574961880081, -34.607939571877573 ], [ -58.373542478045337, -34.607937450378174 ], [ -58.373519347567658, -34.607935939705222 ], [ -58.373519341826494, -34.607936209225848 ], [ -58.373517634562667, -34.608024320058419 ], [ -58.373171612715758, -34.607999473276976 ], [ -58.372182059028724, -34.607928398599107 ], [ -58.371554560117083, -34.607883360307021 ], [ -58.371480482155988, -34.607875738955357 ], [ -58.371472406791405, -34.60787490807774 ], [ -58.371256832335781, -34.607852725729344 ], [ -58.371092233213304, -34.607784929975693 ], [ -58.37083543191514, -34.607568853433399 ], [ -58.370762963764967, -34.607507876859785 ], [ -58.3706333639973, -34.607392510195389 ], [ -58.370307889244224, -34.607189862005875 ], [ -58.370194738276574, -34.606769910935306 ], [ -58.370194703028659, -34.606572935985817 ], [ -58.369848675452317, -34.606551685460182 ], [ -58.369443061771413, -34.606501020734058 ], [ -58.369370129378382, -34.606522937648791 ], [ -58.369255074869237, -34.606588623911733 ], [ -58.369223997762482, -34.60673656280963 ], [ -58.368803879599135, -34.606825449989863 ], [ -58.36815252064558, -34.606963258716902 ], [ -58.367730325281116, -34.60690013756053 ] ] ] } },
{ "type": "Feature", "properties": { "id": 18.0, "comuna": 10.0, "perimetro_": 7361.04, "area_metro": 2627481.33, "nam": "Monte Castro", "cca": null, "cde": null, "fna": null, "gna": null, "ara3": null, "arl": null }, "geometry": { "type": "Polygon", "coordinates": [ [ [ -58.494784559327272, -34.615015498532586 ], [ -58.493828264587265, -34.615772582941787 ], [ -58.493708961265611, -34.615868106476185 ], [ -58.492635388047582, -34.616727747129872 ], [ -58.492777258442217, -34.616849052168035 ], [ -58.493633346535212, -34.617578781467884 ], [ -58.493791921268581, -34.617713954905611 ], [ -58.494515267087984, -34.618326595864183 ], [ -58.494656716029183, -34.618446350151991 ], [ -58.494712174255092, -34.61849212079256 ], [ -58.495445255551495, -34.619097139355908 ], [ -58.496317911860196, -34.619817196371862 ], [ -58.497219726835311, -34.620561394285417 ], [ -58.498199616146344, -34.621369860457179 ], [ -58.49917181238397, -34.621877471369693 ], [ -58.499342563830609, -34.621963478622767 ], [ -58.500268668728381, -34.622427362003208 ], [ -58.501579496053239, -34.623083796499117 ], [ -58.501752808732583, -34.623170573874731 ], [ -58.502695811592424, -34.623641827737949 ], [ -58.50349055484331, -34.624031714273407 ], [ -58.504668336151958, -34.625141332968305 ], [ -58.504760554990703, -34.625228063202755 ], [ -58.505867880649468, -34.626268467777074 ], [ -58.505960955005705, -34.62635576017491 ], [ -58.507176386750629, -34.627495623274982 ], [ -58.507292045464304, -34.627593610854497 ], [ -58.508179311234962, -34.626928140064251 ], [ -58.508311050215752, -34.626830132584843 ], [ -58.509254336789773, -34.626128928026887 ], [ -58.509360525635017, -34.626047618788611 ], [ -58.510080933602936, -34.625495648543499 ], [ -58.510182691785282, -34.625414904568821 ], [ -58.510561279348671, -34.625114543710716 ], [ -58.510733881804228, -34.624977573758706 ], [ -58.510872459228231, -34.624871712172265 ], [ -58.511210822530742, -34.624613228641408 ], [ -58.511649696145881, -34.62427798100962 ], [ -58.511774562491922, -34.624387862172078 ], [ -58.51180917849365, -34.624418538113055 ], [ -58.512487801935002, -34.625019907432232 ], [ -58.512615397636679, -34.62512971630828 ], [ -58.512646067607221, -34.625156103751827 ], [ -58.512711199902817, -34.625212143820299 ], [ -58.51293708241495, -34.625412681748124 ], [ -58.513559895748038, -34.625965608338859 ], [ -58.513670959614565, -34.626064225482672 ], [ -58.514105668153341, -34.626447218344254 ], [ -58.514437669413546, -34.626739759343316 ], [ -58.514559900732756, -34.626847525786644 ], [ -58.514676763262699, -34.626950506032671 ], [ -58.515420558994897, -34.627605126749529 ], [ -58.515545094937892, -34.627714793196681 ], [ -58.516380199004061, -34.628449581519426 ], [ -58.516959569230792, -34.628003126042806 ], [ -58.517410953384569, -34.62765524693571 ], [ -58.517953612958252, -34.627236972285431 ], [ -58.518467062082713, -34.626841243867581 ], [ -58.518973438363268, -34.626450938525004 ], [ -58.519534986333539, -34.626018211925377 ], [ -58.520092867321964, -34.625589497535231 ], [ -58.520617024371951, -34.625186572481212 ], [ -58.521634417568329, -34.624404461082804 ], [ -58.521174363492499, -34.623993407937562 ], [ -58.520692493297908, -34.623562855688945 ], [ -58.520286405495682, -34.623199943751558 ], [ -58.519893875614628, -34.622849206826025 ], [ -58.519892638343094, -34.622848101359033 ], [ -58.519577686108256, -34.622566617651621 ], [ -58.519379285785213, -34.622389298049683 ], [ -58.518886864100899, -34.6219493073405 ], [ -58.518392572072607, -34.621507554080772 ], [ -58.518289691022936, -34.621415627806009 ], [ -58.517905445249092, -34.62107157096893 ], [ -58.517554800186716, -34.620757206034916 ], [ -58.517429743763422, -34.620645088077673 ], [ -58.517397424762947, -34.62061620741995 ], [ -58.516948082453375, -34.620214661309198 ], [ -58.516632714002604, -34.619933231345684 ], [ -58.516525066019227, -34.619837166323087 ], [ -58.516410342169479, -34.619734820490017 ], [ -58.516031546789073, -34.619396765939356 ], [ -58.51569379127514, -34.61909533437403 ], [ -58.515148837818188, -34.618608998972569 ], [ -58.515011770232029, -34.618486674119865 ], [ -58.514976624069149, -34.618455273638922 ], [ -58.514941965588164, -34.61842430832688 ], [ -58.514331378076022, -34.61787941822454 ], [ -58.513648865304198, -34.617270327659256 ], [ -58.5130448564516, -34.61673120278661 ], [ -58.512572017077289, -34.616451391125572 ], [ -58.512135651130095, -34.616192337146465 ], [ -58.511676025628056, -34.615919489178339 ], [ -58.511248867411162, -34.615665992816389 ], [ -58.511001845130096, -34.615519326754075 ], [ -58.510839520386554, -34.615421149753097 ], [ -58.510701821485057, -34.615337892287883 ], [ -58.51057409262912, -34.615260405300049 ], [ -58.510426850219304, -34.615170320258223 ], [ -58.510356179424527, -34.615127074865264 ], [ -58.510342662600237, -34.615118803238694 ], [ -58.51033946906864, -34.615116823148675 ], [ -58.510146881303591, -34.614997440158312 ], [ -58.510136369293789, -34.614990923321244 ], [ -58.510116579034829, -34.614978997917646 ], [ -58.51001665167508, -34.614918784400423 ], [ -58.509742364887899, -34.614753675937273 ], [ -58.509579022834984, -34.614657891804754 ], [ -58.509204196544431, -34.614438312242321 ], [ -58.509054488156529, -34.614351325541293 ], [ -58.508846074200676, -34.614230275182173 ], [ -58.508752917552471, -34.614176717786613 ], [ -58.508723291549629, -34.614159685667872 ], [ -58.508466056044902, -34.61401182204834 ], [ -58.50830680615384, -34.61391927348761 ], [ -58.508095236989156, -34.613796381398537 ], [ -58.508013955760291, -34.613749167776874 ], [ -58.507866465200138, -34.613664009578926 ], [ -58.507759050893398, -34.613601967950984 ], [ -58.507623376607839, -34.613523602761191 ], [ -58.507520192490631, -34.613462724019563 ], [ -58.507053100008292, -34.613187114577336 ], [ -58.505603527740242, -34.612331886629612 ], [ -58.505562888890708, -34.612307909406262 ], [ -58.505410721653867, -34.612226834173796 ], [ -58.505331815260945, -34.61218485067846 ], [ -58.505248159565134, -34.612140340280092 ], [ -58.504900505025013, -34.611930254346831 ], [ -58.504663585089524, -34.611787083841151 ], [ -58.504525557238551, -34.611704101606236 ], [ -58.504277364486967, -34.61155481711269 ], [ -58.504138060884834, -34.611472186418474 ], [ -58.503989362298697, -34.611384026678849 ], [ -58.503937643021487, -34.611353363161967 ], [ -58.503859197173902, -34.611306854323608 ], [ -58.503720235377052, -34.611223660548468 ], [ -58.50353196054845, -34.611110982088867 ], [ -58.503406696926483, -34.611036014308645 ], [ -58.503251802023726, -34.610943740714163 ], [ -58.503100657907055, -34.610853718348459 ], [ -58.502430867263236, -34.610456305672933 ], [ -58.502368027721523, -34.610419019608472 ], [ -58.502205723950389, -34.610322732119393 ], [ -58.502110144175148, -34.610265723353024 ], [ -58.501458617568204, -34.609877116284991 ], [ -58.501326050132619, -34.609798072410598 ], [ -58.500191225724151, -34.609125382955312 ], [ -58.499350119183475, -34.610080013843287 ], [ -58.498442673404654, -34.611109800350363 ], [ -58.498298539530964, -34.611275548155412 ], [ -58.498201634142781, -34.611387045602733 ], [ -58.498157300544378, -34.611438055252741 ], [ -58.497531886049096, -34.612149227881225 ], [ -58.497402903134116, -34.612295885472207 ], [ -58.496559267279558, -34.613263384956035 ], [ -58.496438539851461, -34.613401870578819 ], [ -58.49557189222152, -34.61439056711307 ], [ -58.494784559327272, -34.615015498532586 ] ] ] } },
{ "type": "Feature", "properties": { "id": 19.0, "comuna": 4.0, "perimetro_": 11068.05, "area_metro": 4953275.59, "nam": "Nueva Pompeya", "cca": null, "cde": null, "fna": null, "gna": null, "ara3": null, "arl": null }, "geometry": { "type": "Polygon", "coordinates": [ [ [ -58.402748544531399, -34.647058602562822 ], [ -58.40312951266781, -34.647556463401038 ], [ -58.403483497470432, -34.648019105910315 ], [ -58.403612561240855, -34.648187691416105 ], [ -58.404396878935849, -34.649203192346178 ], [ -58.404435315656983, -34.649252958196591 ], [ -58.404436799849712, -34.649254955547221 ], [ -58.404504103685511, -34.649346021013592 ], [ -58.404556745759699, -34.649413870648587 ], [ -58.405047460431575, -34.649796496181864 ], [ -58.404936033684955, -34.649989824337993 ], [ -58.404749524850288, -34.650313328434542 ], [ -58.404666252224168, -34.650457796934724 ], [ -58.404428974534561, -34.650869304650698 ], [ -58.404423800757577, -34.650880442737467 ], [ -58.404398067312478, -34.650935843879019 ], [ -58.404320071472227, -34.651103761373939 ], [ -58.404298782450446, -34.651156584793178 ], [ -58.404280386867313, -34.651202231643587 ], [ -58.404169398845106, -34.651477633970117 ], [ -58.404001542306325, -34.651925724984842 ], [ -58.403930495914551, -34.652129424527843 ], [ -58.403836136886603, -34.652400154458832 ], [ -58.403583012809314, -34.65326869861353 ], [ -58.403412009236952, -34.653845441495029 ], [ -58.403241646254905, -34.654420017396312 ], [ -58.402747933161706, -34.655871049905862 ], [ -58.402011356677598, -34.657613157229299 ], [ -58.401238576879237, -34.659436938967985 ], [ -58.401212087190217, -34.659499453827664 ], [ -58.401038822824674, -34.659970164650467 ], [ -58.401047364408349, -34.659981382755063 ], [ -58.40105300767334, -34.659988703871178 ], [ -58.401100472195267, -34.659947517484291 ], [ -58.401373291266104, -34.659865374442077 ], [ -58.401410508862611, -34.659845631234539 ], [ -58.401415372448987, -34.659843051195494 ], [ -58.401433928356077, -34.659833207640339 ], [ -58.401550177953247, -34.659774491713705 ], [ -58.401783103798692, -34.659656240356426 ], [ -58.401823836265102, -34.659632897166603 ], [ -58.401824077453114, -34.659632759371981 ], [ -58.401876414213284, -34.659602765978214 ], [ -58.402167073339953, -34.659534798556628 ], [ -58.402322976755343, -34.659477636872587 ], [ -58.40241014805644, -34.659452712186038 ], [ -58.402533717651885, -34.659420502331123 ], [ -58.402652057496958, -34.659418176112652 ], [ -58.402729996809384, -34.659406290057376 ], [ -58.402833905314978, -34.659403956492376 ], [ -58.403003780139272, -34.659361767933341 ], [ -58.403090426024853, -34.659358479127448 ], [ -58.403081722053557, -34.659344634526555 ], [ -58.403340354502326, -34.659348993223382 ], [ -58.403812477814768, -34.659398615633599 ], [ -58.403839137016, -34.659401457273127 ], [ -58.40400303882987, -34.65942039646702 ], [ -58.404166492785144, -34.659441815011782 ], [ -58.404332917562648, -34.659467493051395 ], [ -58.404514586433613, -34.659500972736652 ], [ -58.404677116715725, -34.659536308876483 ], [ -58.40485145114657, -34.659563007706659 ], [ -58.405286071358674, -34.659646212922034 ], [ -58.405320138509694, -34.659654331932281 ], [ -58.405383037360032, -34.659666292934851 ], [ -58.405427711815669, -34.659672013784999 ], [ -58.405483513853717, -34.659689564637354 ], [ -58.40555965164458, -34.65970644452905 ], [ -58.405604569627435, -34.65973072913782 ], [ -58.405649282674723, -34.659765859439347 ], [ -58.405649609714366, -34.659766187708492 ], [ -58.405688444540154, -34.659805254392516 ], [ -58.405688926591914, -34.659805430395906 ], [ -58.405801122601254, -34.659846331808318 ], [ -58.40591659519815, -34.65988171620652 ], [ -58.406034440223891, -34.65991127938036 ], [ -58.406154230100931, -34.659934912953013 ], [ -58.406256943217663, -34.659961728521701 ], [ -58.406404118306085, -34.660002342863571 ], [ -58.406528223747117, -34.660011940371639 ], [ -58.406650903006422, -34.659996494925345 ], [ -58.406809659685138, -34.659983451216107 ], [ -58.406943874359079, -34.659983513326551 ], [ -58.407049216247891, -34.659996679339805 ], [ -58.40711271814272, -34.659991938340497 ], [ -58.407169004062936, -34.659988387457624 ], [ -58.407231053343779, -34.659999148235499 ], [ -58.407293115990441, -34.659988444532175 ], [ -58.407404258969322, -34.659959874758712 ], [ -58.407441799697231, -34.659932464657587 ], [ -58.407524088242646, -34.659889572515446 ], [ -58.407603488904009, -34.659850256708104 ], [ -58.407648182621053, -34.659824277649065 ], [ -58.407700971829918, -34.659817865640981 ], [ -58.407793331690371, -34.659821723405898 ], [ -58.407867218422332, -34.659825572703554 ], [ -58.407924945067059, -34.659825598935015 ], [ -58.407998836701275, -34.659823725081296 ], [ -58.408116584400346, -34.659844766039477 ], [ -58.408305927010687, -34.659844851588893 ], [ -58.408368283999209, -34.659825799480927 ], [ -58.408493015476196, -34.659760983592605 ], [ -58.408587701025283, -34.659740038509014 ], [ -58.40866392593523, -34.659700004862401 ], [ -58.408788645749794, -34.65965236059121 ], [ -58.408892577780186, -34.659614247477634 ], [ -58.408968784939503, -34.659602682973031 ], [ -58.408980330948324, -34.659600930361215 ], [ -58.409107369777161, -34.659538023161858 ], [ -58.409248266380011, -34.659469397997924 ], [ -58.409400717467435, -34.659385513242505 ], [ -58.409535974486914, -34.659302156154197 ], [ -58.409631250475265, -34.659259268310784 ], [ -58.409723654148237, -34.65919252953141 ], [ -58.409862279933165, -34.659063800006194 ], [ -58.409967355762333, -34.659022904711236 ], [ -58.409988096904677, -34.659007202143691 ], [ -58.410002251386906, -34.658996486918994 ], [ -58.410026776635114, -34.658981006845217 ], [ -58.410039860474278, -34.658972748401659 ], [ -58.410081721290929, -34.658932721382499 ], [ -58.410130819477736, -34.658885043602261 ], [ -58.410217410965998, -34.658880311051171 ], [ -58.410285317368761, -34.658896941028679 ], [ -58.4103319507146, -34.658894486916004 ], [ -58.410397688504538, -34.658885335460539 ], [ -58.410461598830032, -34.658869669563174 ], [ -58.410522742285238, -34.6588477195819 ], [ -58.410578956146111, -34.658820422055854 ], [ -58.410580215406029, -34.658819810540528 ], [ -58.410633173586291, -34.658786351321091 ], [ -58.410680834349144, -34.658747837369184 ], [ -58.410757184636601, -34.658710071318595 ], [ -58.410836814180591, -34.6586772544903 ], [ -58.410895448722862, -34.658651297359675 ], [ -58.410997065455959, -34.658620812817389 ], [ -58.411089445682144, -34.658590325136828 ], [ -58.411191059984674, -34.658561748724104 ], [ -58.411238624631324, -34.658594329905881 ], [ -58.411298935943655, -34.658592375237369 ], [ -58.411447988267, -34.658580774423548 ], [ -58.411596518264318, -34.658565267380752 ], [ -58.411744378637572, -34.658545869372546 ], [ -58.411859779572595, -34.658513031840158 ], [ -58.411972658450622, -34.658474671076625 ], [ -58.412021442085873, -34.658453751764078 ], [ -58.412071654321316, -34.658435284877285 ], [ -58.412141887811011, -34.658414232103361 ], [ -58.412213961896263, -34.658397974679353 ], [ -58.412287398720963, -34.65838661967031 ], [ -58.41236171063057, -34.658380244391701 ], [ -58.412408328822814, -34.658378808075611 ], [ -58.412454976359399, -34.658379334131467 ], [ -58.412720608647696, -34.658383648806641 ], [ -58.412985945529165, -34.658394866708477 ], [ -58.413250724176088, -34.658412976914015 ], [ -58.413514682855812, -34.658437960390302 ], [ -58.413777558746517, -34.65846979359916 ], [ -58.414039093394173, -34.65850844399214 ], [ -58.414299027255403, -34.658553873614125 ], [ -58.414557102970555, -34.658606038203068 ], [ -58.414925985938936, -34.658731134563936 ], [ -58.415216686854897, -34.658835339387508 ], [ -58.415580300450365, -34.65893803696747 ], [ -58.415610628621685, -34.658944534504343 ], [ -58.415778877249885, -34.65898058282329 ], [ -58.415956017204209, -34.659063695363002 ], [ -58.416186314480498, -34.659126687011728 ], [ -58.416397585552758, -34.659124683496429 ], [ -58.416626776217662, -34.659239978408841 ], [ -58.416629772028365, -34.659241485817638 ], [ -58.416890434168138, -34.659372611181055 ], [ -58.417089573441729, -34.659401306697887 ], [ -58.417317566275592, -34.6594467078544 ], [ -58.417707135214677, -34.6595971089681 ], [ -58.417767772982408, -34.659551816669335 ], [ -58.417828406987752, -34.659511294618952 ], [ -58.417900569961944, -34.659501781851084 ], [ -58.417902301509237, -34.659503213039073 ], [ -58.417958270411951, -34.659549502520065 ], [ -58.417996310363648, -34.659646409598352 ], [ -58.417997647558593, -34.659646840069435 ], [ -58.418100199333793, -34.659679837413293 ], [ -58.418683142541816, -34.659851772296591 ], [ -58.419463041219103, -34.660007318255872 ], [ -58.420025792510835, -34.660164928611394 ], [ -58.4208937518572, -34.660467889445925 ], [ -58.42108651845124, -34.660561863782824 ], [ -58.421848367274485, -34.660855479335964 ], [ -58.422494758064161, -34.661168131744873 ], [ -58.422589982870399, -34.661220633042227 ], [ -58.423288262518696, -34.661598066886064 ], [ -58.423498504065925, -34.661724287045679 ], [ -58.423595991058185, -34.661782813871319 ], [ -58.423647411971395, -34.661813684176849 ], [ -58.423892376450603, -34.661960748936608 ], [ -58.423892404805095, -34.661960768776865 ], [ -58.42404270851403, -34.662045942218505 ], [ -58.424123586602292, -34.661942756424658 ], [ -58.424126927840099, -34.661938493776574 ], [ -58.42415429583729, -34.661903577350081 ], [ -58.424193740892207, -34.661853252391388 ], [ -58.424196590985538, -34.661849616103247 ], [ -58.424215748059709, -34.661825175018478 ], [ -58.424686821886255, -34.661224157299671 ], [ -58.424943498074107, -34.660917545959123 ], [ -58.425030222887962, -34.660810671898226 ], [ -58.425094435965008, -34.66073156867597 ], [ -58.425308421418151, -34.660467958731509 ], [ -58.425719579570988, -34.659961444796949 ], [ -58.426354551224833, -34.659179347112378 ], [ -58.426442605083082, -34.659070885929715 ], [ -58.426747118428032, -34.658672242681327 ], [ -58.426879357215952, -34.658575983328106 ], [ -58.427138765175073, -34.658387146760965 ], [ -58.427281987250538, -34.658282822570179 ], [ -58.427765725268664, -34.657939895443093 ], [ -58.427830315321145, -34.657894107104909 ], [ -58.427970892234754, -34.657793021007599 ], [ -58.428666866746056, -34.657292372608204 ], [ -58.428796104072291, -34.657199873703306 ], [ -58.428907267926895, -34.657120326486961 ], [ -58.429155036484353, -34.656941531414411 ], [ -58.429485164108328, -34.656703302930858 ], [ -58.429634862133561, -34.656588273450041 ], [ -58.429838891483996, -34.656435420950274 ], [ -58.430701973582572, -34.655788817135544 ], [ -58.430812671945603, -34.655690628596453 ], [ -58.430935655184491, -34.655622925437491 ], [ -58.431289563166672, -34.655425823696049 ], [ -58.431390074333208, -34.655332891703502 ], [ -58.431993861809353, -34.654894806764396 ], [ -58.432118999401993, -34.654803992496362 ], [ -58.433083953700717, -34.654098738104679 ], [ -58.434434695354646, -34.653111405353037 ], [ -58.433701379609886, -34.652530480477239 ], [ -58.433679345073593, -34.652513024759202 ], [ -58.433640202803296, -34.652482281708366 ], [ -58.43333565306127, -34.652243081593497 ], [ -58.432997324301084, -34.651977348176139 ], [ -58.432991964395057, -34.651973138326106 ], [ -58.432743380010812, -34.6517749471369 ], [ -58.432049281007465, -34.651221548645772 ], [ -58.432032061685774, -34.651207819289716 ], [ -58.432028563439623, -34.651204920442353 ], [ -58.43100369567648, -34.650355643178266 ], [ -58.430984399895458, -34.650339653091848 ], [ -58.43071029265645, -34.6501082354551 ], [ -58.430661671580836, -34.650067186451309 ], [ -58.430562599962165, -34.649983543704984 ], [ -58.430548382298824, -34.649971540202344 ], [ -58.430441758853242, -34.649881521391997 ], [ -58.430441472356016, -34.649881279511042 ], [ -58.430438355380645, -34.649878647942742 ], [ -58.430431275431893, -34.649872670554551 ], [ -58.430473373564077, -34.649841729140007 ], [ -58.430493037691072, -34.649827276326569 ], [ -58.430502760066581, -34.64982013053573 ], [ -58.430505466430958, -34.649818141400758 ], [ -58.430590845205231, -34.64975538888929 ], [ -58.430765853236174, -34.649626611781102 ], [ -58.430817583062471, -34.649588547096037 ], [ -58.430837702879614, -34.649572477519307 ], [ -58.430898620978795, -34.649523820959509 ], [ -58.430900839096978, -34.649522049300472 ], [ -58.431133119067617, -34.649336521613193 ], [ -58.431150437936893, -34.649322688558115 ], [ -58.43179211284793, -34.64881016023984 ], [ -58.431963221900219, -34.648673487778417 ], [ -58.432033022135251, -34.648617729729352 ], [ -58.432101866573667, -34.648562735858725 ], [ -58.432613535328962, -34.648154004410308 ], [ -58.432841442879941, -34.647971944113102 ], [ -58.432955548814249, -34.647882830684964 ], [ -58.43296827695869, -34.647872890354456 ], [ -58.433766384443807, -34.647249040915391 ], [ -58.434503644754642, -34.646673746408922 ], [ -58.434601078726722, -34.646572201485391 ], [ -58.434924317375732, -34.646235320791156 ], [ -58.433537713585352, -34.645616393807003 ], [ -58.433482846829513, -34.645591872715457 ], [ -58.432619454478569, -34.645214472883659 ], [ -58.432108890405729, -34.645162159507812 ], [ -58.432176311245613, -34.644200760917222 ], [ -58.432217520251541, -34.643602597247813 ], [ -58.432254134472899, -34.642984713860017 ], [ -58.432307476231607, -34.64229486288226 ], [ -58.432345770552871, -34.64173979675251 ], [ -58.432115131267494, -34.641692625475216 ], [ -58.431423047721495, -34.641549276401911 ], [ -58.431159694508317, -34.641493150007818 ], [ -58.430996535739183, -34.641458387950934 ], [ -58.43092505280724, -34.641443158497637 ], [ -58.430899118857532, -34.641438767121585 ], [ -58.430787453495789, -34.641419859042571 ], [ -58.430125268724787, -34.641307731119284 ], [ -58.4299238512817, -34.64127999907717 ], [ -58.429834500549688, -34.641267654935 ], [ -58.429733338788338, -34.641253679519302 ], [ -58.429524123397243, -34.6412180798132 ], [ -58.429252465374532, -34.641171855365748 ], [ -58.428567876909533, -34.641055534661575 ], [ -58.428355982989039, -34.641019487789549 ], [ -58.427997970749878, -34.640959032155898 ], [ -58.427678663166155, -34.640905079683833 ], [ -58.427424316466777, -34.640862103119161 ], [ -58.426769894427522, -34.64075155566124 ], [ -58.426168383600952, -34.640649964664526 ], [ -58.425851533155708, -34.640596418617676 ], [ -58.425071267771919, -34.640464554096425 ], [ -58.424973550034885, -34.640447777814281 ], [ -58.424920038892274, -34.640438590877032 ], [ -58.423493634228592, -34.640198905843164 ], [ -58.422307845242969, -34.639987666329269 ], [ -58.420919631680306, -34.639740358757635 ], [ -58.420919174748668, -34.639740277471361 ], [ -58.41995143379242, -34.639567862422389 ], [ -58.419758391457329, -34.63953346853269 ], [ -58.419536026609997, -34.639495149050028 ], [ -58.419297219030319, -34.639454006303701 ], [ -58.419179683948428, -34.639436834222131 ], [ -58.418624578158237, -34.639355732712119 ], [ -58.418518498343424, -34.639340250739188 ], [ -58.418481870482985, -34.639334905405654 ], [ -58.418466949916088, -34.639332474125638 ], [ -58.418466575925102, -34.639332413342082 ], [ -58.418460369657979, -34.639331401809216 ], [ -58.418458517933004, -34.639331119886428 ], [ -58.41845184828265, -34.639330013198695 ], [ -58.418451757768779, -34.639329998742767 ], [ -58.418450070763498, -34.639329723925734 ], [ -58.418441426199927, -34.639328315266063 ], [ -58.417259973054882, -34.639135787062422 ], [ -58.417088811972292, -34.639106849054535 ], [ -58.416137849046144, -34.638946131125365 ], [ -58.416092121829962, -34.638938106150412 ], [ -58.415920028711447, -34.63890790325619 ], [ -58.415845882908009, -34.638894890424261 ], [ -58.414555423371716, -34.638668393637055 ], [ -58.413194174805383, -34.638429459648897 ], [ -58.41207353101715, -34.638232683578963 ], [ -58.411882006124685, -34.638199052254869 ], [ -58.41162803916562, -34.638157606851863 ], [ -58.411262723155332, -34.638097873294491 ], [ -58.411368932871532, -34.638433907198348 ], [ -58.411756921558009, -34.639448165407877 ], [ -58.4118279630462, -34.639616929756258 ], [ -58.412235488461164, -34.640608166012257 ], [ -58.412350771360245, -34.640887864207741 ], [ -58.412437263295033, -34.641097509335175 ], [ -58.412491069272079, -34.641227926127456 ], [ -58.412700539348535, -34.641737243046521 ], [ -58.412940641929417, -34.642320797519901 ], [ -58.413053214578781, -34.642581127833658 ], [ -58.413150302308175, -34.642805747480338 ], [ -58.413250368264869, -34.643037339814882 ], [ -58.413438600098658, -34.643453617777112 ], [ -58.413341366343587, -34.643471746921691 ], [ -58.413105007657698, -34.644442502638313 ], [ -58.413032057022022, -34.644742333936243 ], [ -58.412830714759835, -34.645569088686692 ], [ -58.412807138221787, -34.645666051410458 ], [ -58.412558118486963, -34.64669687169097 ], [ -58.41228636957797, -34.647821696683756 ], [ -58.412243141976994, -34.648000834867219 ], [ -58.412211118600318, -34.648133173544025 ], [ -58.412102710763271, -34.64858116385934 ], [ -58.410371975944066, -34.648301268389631 ], [ -58.409010349496008, -34.648081046298508 ], [ -58.406368527971878, -34.64765372545132 ], [ -58.405002834079845, -34.647432797766001 ], [ -58.405002694482462, -34.647432775163885 ], [ -58.403648463228464, -34.647207987841057 ], [ -58.402748630688031, -34.647058617028236 ], [ -58.402748544531399, -34.647058602562822 ] ] ] } },
{ "type": "Feature", "properties": { "id": 22.0, "comuna": 9.0, "perimetro_": 10165.61, "area_metro": 4732708.21, "nam": "Parque Avellaneda", "cca": null, "cde": null, "fna": null, "gna": null, "ara3": null, "arl": null }, "geometry": { "type": "Polygon", "coordinates": [ [ [ -58.460401946309197, -34.656804789104761 ], [ -58.460709813066025, -34.657115120422844 ], [ -58.461283055216896, -34.657616732955262 ], [ -58.461580331534229, -34.657876860317536 ], [ -58.461643733833021, -34.657925910729077 ], [ -58.461643868007478, -34.657926014393482 ], [ -58.461687509628511, -34.657959776532941 ], [ -58.461934261570853, -34.658150669250659 ], [ -58.462040798974357, -34.658231219834747 ], [ -58.464061129216091, -34.659758711838499 ], [ -58.464430140858063, -34.660047649882699 ], [ -58.464430164857973, -34.660047667910746 ], [ -58.464455683844292, -34.660026654820427 ], [ -58.464800296350525, -34.659742930245876 ], [ -58.464862216476021, -34.659691763430018 ], [ -58.464982458810923, -34.65959240261445 ], [ -58.465193500306597, -34.65942351697344 ], [ -58.465713326236077, -34.659023329703643 ], [ -58.465779448466009, -34.658973552312595 ], [ -58.466137625260636, -34.658703912729251 ], [ -58.466272873635823, -34.658594526553827 ], [ -58.466346441141262, -34.658535025119747 ], [ -58.466710061745538, -34.658258689800313 ], [ -58.466844041377406, -34.658156861373705 ], [ -58.467190581912732, -34.657896184460981 ], [ -58.467655066656768, -34.657513819631617 ], [ -58.469552448741673, -34.659101056486236 ], [ -58.469555636497361, -34.659103722704387 ], [ -58.469669571848904, -34.65902373346777 ], [ -58.469679070724013, -34.659017064312685 ], [ -58.469869282433542, -34.658883532308003 ], [ -58.470109859115631, -34.658720912185544 ], [ -58.470447848778996, -34.658506783636909 ], [ -58.47045509614847, -34.658502192311495 ], [ -58.470570200581356, -34.658425210174642 ], [ -58.470571563345821, -34.658428240646494 ], [ -58.470730537210073, -34.658781755620311 ], [ -58.471288996775677, -34.660023597871053 ], [ -58.472009551357466, -34.661638040360103 ], [ -58.472514837882187, -34.6627710579967 ], [ -58.472585897693769, -34.6627216191089 ], [ -58.47297503653283, -34.662450880055523 ], [ -58.473628251613107, -34.66195511951171 ], [ -58.474215497581675, -34.661497812940375 ], [ -58.474318781027556, -34.661400338333927 ], [ -58.474441364364971, -34.661284692988829 ], [ -58.474441663236519, -34.661284410819142 ], [ -58.474813491194816, -34.66099272848394 ], [ -58.475088552260353, -34.660776952505124 ], [ -58.475131416703306, -34.660743285970035 ], [ -58.475707312276121, -34.660291536748652 ], [ -58.475869222659554, -34.66016511044171 ], [ -58.477042380681524, -34.659249485687148 ], [ -58.477699464070028, -34.658736590200846 ], [ -58.477900481064552, -34.658575297969094 ], [ -58.478276693361558, -34.658273419345299 ], [ -58.478397353362368, -34.658176643101591 ], [ -58.478817104542586, -34.657842856355863 ], [ -58.480159590257685, -34.656775136296709 ], [ -58.480236767471894, -34.656713763644326 ], [ -58.480397322019982, -34.65658608748857 ], [ -58.481399195610372, -34.65578931817776 ], [ -58.481465646650015, -34.65573644576375 ], [ -58.481553761113311, -34.655666336835651 ], [ -58.482095418653174, -34.655238786800055 ], [ -58.482655218653186, -34.654797006231412 ], [ -58.483751455379235, -34.653931751642716 ], [ -58.483788714852899, -34.653902966830536 ], [ -58.483893234060851, -34.653822220348921 ], [ -58.484983996989442, -34.652979630552714 ], [ -58.485083938900594, -34.65290242911604 ], [ -58.485172122017048, -34.652834314162547 ], [ -58.485347792029451, -34.652698616923956 ], [ -58.485560128629963, -34.652534594800571 ], [ -58.485685032679463, -34.652438514486413 ], [ -58.485915073468632, -34.652261639722006 ], [ -58.486297109356634, -34.65196241126732 ], [ -58.486393261049116, -34.65188709161378 ], [ -58.486469041128082, -34.651827729895423 ], [ -58.487297846879727, -34.651162705885959 ], [ -58.487458017569331, -34.651034363264394 ], [ -58.4884055701785, -34.650275082252286 ], [ -58.489239372437162, -34.649606944789326 ], [ -58.489402606134085, -34.649484303986391 ], [ -58.489490241814515, -34.649418508035723 ], [ -58.489511820565085, -34.64940230677287 ], [ -58.489546160292065, -34.649376525224866 ], [ -58.490335903801217, -34.648756700991328 ], [ -58.491414263168465, -34.647910323890407 ], [ -58.492628648262446, -34.646957212970548 ], [ -58.492764439313774, -34.646850700536014 ], [ -58.493858423339972, -34.645990847770008 ], [ -58.494896503164306, -34.645174942685955 ], [ -58.494959563190072, -34.645123760172595 ], [ -58.495232215076477, -34.644902458227413 ], [ -58.495238351600221, -34.64489747810125 ], [ -58.495300873662828, -34.644846736342387 ], [ -58.495080733865841, -34.644739538956578 ], [ -58.494962697471664, -34.644686611483763 ], [ -58.494839471843797, -34.644657066160953 ], [ -58.49366387558139, -34.644093697500509 ], [ -58.492330546040037, -34.64345479210521 ], [ -58.491634956333023, -34.643121502098936 ], [ -58.490877756017063, -34.642758573577211 ], [ -58.490587037738749, -34.642619256608469 ], [ -58.490476767310639, -34.642566413177356 ], [ -58.490316080875061, -34.642489408450515 ], [ -58.490234082976457, -34.642450114027994 ], [ -58.489622447430733, -34.642159128021824 ], [ -58.489542936311096, -34.642121468665891 ], [ -58.488710506994423, -34.641727345674241 ], [ -58.488043495848103, -34.641411494063689 ], [ -58.487804627876955, -34.641298794946891 ], [ -58.486966846575044, -34.640903674922036 ], [ -58.486064734745966, -34.640478209547219 ], [ -58.485515597358891, -34.64021922389658 ], [ -58.485318662058845, -34.640126160416429 ], [ -58.484879117051172, -34.63991849042327 ], [ -58.484605489620847, -34.63978924114884 ], [ -58.483899991997461, -34.639455838229459 ], [ -58.482881169352446, -34.638978607708907 ], [ -58.481744681667145, -34.638458287051385 ], [ -58.48146330975311, -34.638329454629712 ], [ -58.48081805733603, -34.638033975359271 ], [ -58.480402677565941, -34.637843758747607 ], [ -58.480048113904786, -34.637681412300537 ], [ -58.478545003702557, -34.636993152287701 ], [ -58.478356218998037, -34.637125994118264 ], [ -58.477590692401627, -34.637731725696781 ], [ -58.476777871899571, -34.638374852019595 ], [ -58.476290054277122, -34.638760823989635 ], [ -58.476071872690405, -34.638933524216625 ], [ -58.475322688572241, -34.638473314465408 ], [ -58.474415021728269, -34.637915790451551 ], [ -58.473491937568149, -34.637307202862551 ], [ -58.472416643571741, -34.636986370028303 ], [ -58.471302674702599, -34.636654050694048 ], [ -58.471223367631232, -34.63683074712614 ], [ -58.470808604309696, -34.637786134680859 ], [ -58.470441790513256, -34.638631024018487 ], [ -58.47037483345315, -34.638785747085571 ], [ -58.470010040354232, -34.639628650850767 ], [ -58.469970869031499, -34.639719158828868 ], [ -58.469905273208077, -34.63987007936106 ], [ -58.469292747262443, -34.641279207874078 ], [ -58.469242142957555, -34.641395620155485 ], [ -58.467989658192408, -34.642415894944492 ], [ -58.466850123912351, -34.643312912767129 ], [ -58.466708085604793, -34.64342545229961 ], [ -58.46559638706001, -34.644305978693779 ], [ -58.465431349743071, -34.644436716738099 ], [ -58.465085561302679, -34.644710639129016 ], [ -58.464866146960105, -34.644844868367194 ], [ -58.464695898907678, -34.64494895601517 ], [ -58.46411885631462, -34.645386429137638 ], [ -58.463416547677227, -34.645918760158068 ], [ -58.463168935847449, -34.646067046620395 ], [ -58.463053887486282, -34.646135945243628 ], [ -58.462999049663715, -34.646168785494069 ], [ -58.463357411168275, -34.646826373007492 ], [ -58.463885397019453, -34.647552612300217 ], [ -58.464406914629677, -34.648148846262572 ], [ -58.46441004400441, -34.648152425754333 ], [ -58.465282665297877, -34.649268800320804 ], [ -58.465622477853742, -34.649681197145206 ], [ -58.46571274578892, -34.649796849650841 ], [ -58.465796102708502, -34.649905672207268 ], [ -58.465959336170869, -34.650110692000524 ], [ -58.466298074566588, -34.650523245557274 ], [ -58.466820058294516, -34.651182322750472 ], [ -58.467033462054268, -34.651466743432806 ], [ -58.46700863565632, -34.651486422075841 ], [ -58.466975629759609, -34.651512584837299 ], [ -58.466629089498078, -34.651787280215345 ], [ -58.466517841911816, -34.651942426597202 ], [ -58.466453732023311, -34.652001637699492 ], [ -58.46637617431432, -34.652077358518191 ], [ -58.465840896671594, -34.652540807069819 ], [ -58.465684221977867, -34.65267660384346 ], [ -58.465426611797128, -34.652894920412649 ], [ -58.465022424560246, -34.653211265619454 ], [ -58.464593097735886, -34.653532189826365 ], [ -58.463938871189526, -34.653955647981839 ], [ -58.46376638699261, -34.654091283692516 ], [ -58.463677161930242, -34.654177834208177 ], [ -58.463533225650117, -34.654276990153193 ], [ -58.462866991585742, -34.654794220266361 ], [ -58.462572872644714, -34.655022556124905 ], [ -58.462530567828018, -34.65505803192594 ], [ -58.462506664314404, -34.65507807652213 ], [ -58.462196483737898, -34.655338182602961 ], [ -58.462031372195867, -34.655476639124224 ], [ -58.461628222583727, -34.655818417173862 ], [ -58.461491969314594, -34.655965542245831 ], [ -58.461476743064246, -34.655979316528686 ], [ -58.461304472898121, -34.656127389130994 ], [ -58.461112808905241, -34.656282435380845 ], [ -58.460903860864363, -34.65643618655637 ], [ -58.460413451854734, -34.656796178205376 ], [ -58.460411964948193, -34.656797269746697 ], [ -58.460401946309197, -34.656804789104761 ] ] ] } },
{ "type": "Feature", "properties": { "id": 23.0, "comuna": 7.0, "perimetro_": 8406.91, "area_metro": 3832116.7, "nam": "Parque Chacabuco", "cca": null, "cde": null, "fna": null, "gna": null, "ara3": null, "arl": null }, "geometry": { "type": "Polygon", "coordinates": [ [ [ -58.423493634228592, -34.640198905843164 ], [ -58.424920038892274, -34.640438590877032 ], [ -58.424973550034899, -34.640447777814281 ], [ -58.425071267771933, -34.640464554096425 ], [ -58.425851533155708, -34.640596418617676 ], [ -58.426168383600967, -34.640649964664526 ], [ -58.426769894427522, -34.64075155566124 ], [ -58.427424316466777, -34.640862103119169 ], [ -58.427678663166155, -34.64090507968384 ], [ -58.427997970749892, -34.640959032155905 ], [ -58.428355982989039, -34.641019487789556 ], [ -58.428567876909547, -34.641055534661575 ], [ -58.429252465374546, -34.641171855365748 ], [ -58.429524123397258, -34.641218079813207 ], [ -58.429733338788338, -34.641253679519302 ], [ -58.429834500549703, -34.641267654935007 ], [ -58.429923851281714, -34.64127999907717 ], [ -58.430125268724787, -34.641307731119284 ], [ -58.430787453495789, -34.641419859042571 ], [ -58.430899118857532, -34.641438767121592 ], [ -58.43092505280724, -34.641443158497637 ], [ -58.430996535739183, -34.641458387950941 ], [ -58.431159694508331, -34.641493150007818 ], [ -58.431423047721509, -34.641549276401911 ], [ -58.432115131267494, -34.641692625475208 ], [ -58.432345770552871, -34.64173979675251 ], [ -58.432307476231621, -34.642294862882267 ], [ -58.432254134472906, -34.642984713860017 ], [ -58.432217520251541, -34.643602597247821 ], [ -58.432176311245613, -34.644200760917222 ], [ -58.432108890405743, -34.645162159507812 ], [ -58.432619454478584, -34.645214472883666 ], [ -58.433482846829513, -34.645591872715457 ], [ -58.433537713585366, -34.645616393807003 ], [ -58.434924317375739, -34.646235320791163 ], [ -58.435013776069077, -34.646275271579142 ], [ -58.437423406804726, -34.647350814964732 ], [ -58.437871323657248, -34.64695125764527 ], [ -58.438851794548263, -34.646033423229341 ], [ -58.439119091161729, -34.645783263380707 ], [ -58.439653594537241, -34.645282800354011 ], [ -58.439871450566692, -34.645078897094812 ], [ -58.440185363836306, -34.644785645323893 ], [ -58.440522968546119, -34.644470283624322 ], [ -58.440626268957281, -34.644373752223736 ], [ -58.440746446310534, -34.644261520290705 ], [ -58.441476192686324, -34.643577070044856 ], [ -58.442389765555006, -34.642720110563481 ], [ -58.442440395488639, -34.64265441411299 ], [ -58.442952915613574, -34.641989706284811 ], [ -58.443078903412065, -34.641776344892989 ], [ -58.443313262569696, -34.641970047394025 ], [ -58.443598247513364, -34.642225585763477 ], [ -58.444244901531356, -34.642805415371775 ], [ -58.445252402058365, -34.642038308447638 ], [ -58.445309855811701, -34.64192683699072 ], [ -58.446054867860269, -34.641358176193222 ], [ -58.446204998299848, -34.641244472845003 ], [ -58.447151719449252, -34.640519265468853 ], [ -58.447339711892731, -34.640375556659905 ], [ -58.448127549147152, -34.639777201395439 ], [ -58.449408177618295, -34.638804598360394 ], [ -58.44955559495596, -34.63869265910887 ], [ -58.449559604555397, -34.638689614575043 ], [ -58.450323028481961, -34.63818131267174 ], [ -58.450547181910736, -34.638025843721842 ], [ -58.450885133731028, -34.637795668452725 ], [ -58.451303325854802, -34.637510839139118 ], [ -58.451441599468708, -34.637465645703578 ], [ -58.451601365311966, -34.637140997802057 ], [ -58.45192293649535, -34.636487551384825 ], [ -58.451924237924473, -34.636484907650043 ], [ -58.452002268981907, -34.636326344826948 ], [ -58.452048405672876, -34.636232593603957 ], [ -58.45241675040365, -34.635484098354581 ], [ -58.45289979133991, -34.634502370003005 ], [ -58.453323167638146, -34.633642115139487 ], [ -58.453384697008659, -34.633517471247487 ], [ -58.453870783094153, -34.632533204190914 ], [ -58.453942194373305, -34.632388630414056 ], [ -58.454378588345911, -34.631499428058206 ], [ -58.453233499828713, -34.631138772704688 ], [ -58.451577010052837, -34.63063798537047 ], [ -58.450498623832047, -34.630479565435358 ], [ -58.449359668945569, -34.630312255496598 ], [ -58.449054760673938, -34.630267431513289 ], [ -58.44844132186013, -34.630175061239918 ], [ -58.448223019001638, -34.630142189484225 ], [ -58.447514297878904, -34.630035407988032 ], [ -58.446424511915843, -34.629871246369994 ], [ -58.44606176216157, -34.629817321493427 ], [ -58.444478462516159, -34.629581944445071 ], [ -58.442926183232487, -34.629350988802052 ], [ -58.441760422838513, -34.629180574631896 ], [ -58.439528761425208, -34.628854171273204 ], [ -58.43859396599396, -34.628717434182228 ], [ -58.437170780179031, -34.628509248045098 ], [ -58.4356487817087, -34.62828658672391 ], [ -58.434764516067709, -34.628157226954613 ], [ -58.433819684825259, -34.628018972588436 ], [ -58.432546539711332, -34.627832669508237 ], [ -58.432335187071246, -34.627802122859791 ], [ -58.430935286728101, -34.627599715551852 ], [ -58.429635404914848, -34.627411756032757 ], [ -58.428368751219907, -34.627228580511627 ], [ -58.428161746729899, -34.627199014026438 ], [ -58.427511749247437, -34.627106173663002 ], [ -58.427081743373108, -34.627044752995715 ], [ -58.426757521956766, -34.626997331830012 ], [ -58.426503754926948, -34.628109802242079 ], [ -58.42645748906461, -34.628315143062835 ], [ -58.426353996434358, -34.62877450600282 ], [ -58.426318410368665, -34.628932458827407 ], [ -58.426252449754102, -34.629225231121616 ], [ -58.426214462855839, -34.629393601764406 ], [ -58.426017101439371, -34.630268199169734 ], [ -58.425981408217226, -34.63045072537664 ], [ -58.425934272004795, -34.63069191053296 ], [ -58.425855770390918, -34.631049173324222 ], [ -58.425853003550344, -34.631061767985493 ], [ -58.425804423089119, -34.631282862726287 ], [ -58.425754578405787, -34.631482286067047 ], [ -58.425688003965362, -34.631748958095116 ], [ -58.425530451068546, -34.632363986322872 ], [ -58.425458160342714, -34.63264607967016 ], [ -58.425224476561276, -34.633547424422297 ], [ -58.425184789483104, -34.633699807454853 ], [ -58.424861513658897, -34.634875069427316 ], [ -58.424675500742168, -34.635653328486377 ], [ -58.424527326726874, -34.636222582228442 ], [ -58.424521550170446, -34.636245468271177 ], [ -58.424387593722692, -34.636776134845476 ], [ -58.424317146460893, -34.637031647816869 ], [ -58.424279202467041, -34.637169273026167 ], [ -58.424045150713596, -34.638073008882429 ], [ -58.423761329145684, -34.639167152281317 ], [ -58.423493634228592, -34.640198905843164 ] ] ] } },
{ "type": "Feature", "properties": { "id": 25.0, "comuna": 4.0, "perimetro_": 7878.43, "area_metro": 3743440.0, "nam": "Parque Patricios", "cca": null, "cde": null, "fna": null, "gna": null, "ara3": null, "arl": null }, "geometry": { "type": "Polygon", "coordinates": [ [ [ -58.390355791630974, -34.634122898154061 ], [ -58.390334119090198, -34.634354507023353 ], [ -58.390285538246744, -34.634956666910497 ], [ -58.390251922939406, -34.635397989548856 ], [ -58.390234512206185, -34.635626572142947 ], [ -58.390167280362874, -34.63651020249948 ], [ -58.390109864840923, -34.637264471768901 ], [ -58.390067205510512, -34.637824873102552 ], [ -58.389970058734008, -34.639100247849363 ], [ -58.389884648307692, -34.640203868059906 ], [ -58.390247154399944, -34.640351622337739 ], [ -58.391474307871519, -34.640824890727899 ], [ -58.391403265870998, -34.642084577801533 ], [ -58.393510297584484, -34.642980175828349 ], [ -58.397279337624425, -34.644582075614757 ], [ -58.400382465414054, -34.645900768943775 ], [ -58.400495102805493, -34.645916742396992 ], [ -58.400355060206692, -34.646307870963469 ], [ -58.400335297498557, -34.646357018547704 ], [ -58.400464398970961, -34.646408831789515 ], [ -58.400468263659938, -34.646473516643638 ], [ -58.400605172898153, -34.646551207083206 ], [ -58.400762185925025, -34.646609328036945 ], [ -58.401086381871693, -34.646729332526 ], [ -58.401543809488338, -34.646781266612713 ], [ -58.401544206476778, -34.646781311884538 ], [ -58.401526664188651, -34.646856640587906 ], [ -58.402748544531399, -34.647058602562822 ], [ -58.402748630688031, -34.647058617028243 ], [ -58.403648463228464, -34.647207987841057 ], [ -58.405002694482462, -34.647432775163892 ], [ -58.405002834079859, -34.647432797765994 ], [ -58.406368527971892, -34.647653725451335 ], [ -58.409010349496008, -34.648081046298508 ], [ -58.410371975944066, -34.648301268389623 ], [ -58.412102710763271, -34.648581163859347 ], [ -58.412211118600332, -34.648133173544032 ], [ -58.412243141976994, -34.648000834867219 ], [ -58.41228636957797, -34.647821696683756 ], [ -58.412558118486977, -34.64669687169097 ], [ -58.412807138221801, -34.645666051410458 ], [ -58.412830714759835, -34.645569088686692 ], [ -58.413032057022022, -34.64474233393625 ], [ -58.413105007657698, -34.644442502638327 ], [ -58.413341366343587, -34.643471746921691 ], [ -58.413438600098672, -34.643453617777112 ], [ -58.413250368264869, -34.643037339814882 ], [ -58.413150302308189, -34.642805747480345 ], [ -58.413053214578781, -34.642581127833658 ], [ -58.412940641929417, -34.642320797519901 ], [ -58.412700539348549, -34.641737243046521 ], [ -58.412491069272079, -34.641227926127456 ], [ -58.41243726329504, -34.641097509335175 ], [ -58.412350771360252, -34.640887864207741 ], [ -58.412235488461178, -34.640608166012257 ], [ -58.4118279630462, -34.639616929756258 ], [ -58.411756921558009, -34.639448165407885 ], [ -58.41136893287154, -34.638433907198348 ], [ -58.411262723155346, -34.638097873294498 ], [ -58.411004473834574, -34.637280008389901 ], [ -58.410929645165147, -34.637041734522548 ], [ -58.41070830981392, -34.636332759637483 ], [ -58.410514275356689, -34.63570802179153 ], [ -58.410490888249228, -34.635236106315496 ], [ -58.410567659854422, -34.635093180187994 ], [ -58.410882588341821, -34.634507113545794 ], [ -58.410989261816987, -34.634231944946841 ], [ -58.411479946098289, -34.632966226430796 ], [ -58.411522869868989, -34.632855398258179 ], [ -58.411522975227626, -34.632854324714707 ], [ -58.411636816619627, -34.631696561651161 ], [ -58.411641098757414, -34.631652922222962 ], [ -58.411653192825419, -34.631529665702139 ], [ -58.411781587055664, -34.630355346660359 ], [ -58.411781630067345, -34.630354566952114 ], [ -58.411583579846486, -34.6303059616205 ], [ -58.411056114275773, -34.630176703218702 ], [ -58.410977975381137, -34.630157554416833 ], [ -58.410829629989145, -34.630121201411718 ], [ -58.410520759500862, -34.630045508601114 ], [ -58.410208270885072, -34.629968928821711 ], [ -58.410052625250344, -34.629930785293929 ], [ -58.410036243025964, -34.629926770546284 ], [ -58.409871330441675, -34.629887120766469 ], [ -58.409698968241713, -34.629843285812377 ], [ -58.409584236114227, -34.629814106921678 ], [ -58.409428899530923, -34.629774601381143 ], [ -58.408366944026014, -34.629514687937679 ], [ -58.406753820324148, -34.629329653170089 ], [ -58.406727850124156, -34.62932672117676 ], [ -58.406515803998118, -34.629302781299266 ], [ -58.406506674018743, -34.629301751235715 ], [ -58.405648335944953, -34.629204908554279 ], [ -58.405456577442017, -34.629183268470186 ], [ -58.403545564267894, -34.628967626782114 ], [ -58.402388465906057, -34.628836982528448 ], [ -58.401917973941039, -34.628783879006058 ], [ -58.401673387853535, -34.628756272301459 ], [ -58.401243816878001, -34.62870778491466 ], [ -58.4011036765122, -34.628691966664903 ], [ -58.400845645371504, -34.628662819976228 ], [ -58.399909357127427, -34.628559449126783 ], [ -58.399733018182133, -34.628538653586617 ], [ -58.398596981710178, -34.62840467342906 ], [ -58.398520268415822, -34.628390982538285 ], [ -58.398435474730327, -34.628375849540696 ], [ -58.396868646850031, -34.628096205773424 ], [ -58.396809957093517, -34.628085751599528 ], [ -58.396740887411106, -34.628073569123828 ], [ -58.395485344473641, -34.627852109055176 ], [ -58.395411597604941, -34.62783910070894 ], [ -58.395348505462614, -34.627827971730923 ], [ -58.395054478543145, -34.62777577499638 ], [ -58.394466845490548, -34.627671453906522 ], [ -58.394295928673841, -34.627641110872339 ], [ -58.393209199646442, -34.627448095270303 ], [ -58.392297628893985, -34.62728625116339 ], [ -58.392162595326269, -34.627262275890693 ], [ -58.392162421944093, -34.62726227398673 ], [ -58.39162378993101, -34.627256515514745 ], [ -58.391173727925043, -34.62725170211305 ], [ -58.391173008226353, -34.627251694414575 ], [ -58.391064502495773, -34.628198119202104 ], [ -58.390928319547768, -34.629326994132427 ], [ -58.390893051018033, -34.629619300299566 ], [ -58.390786031753919, -34.630516992004551 ], [ -58.390665449624294, -34.631528480270049 ], [ -58.390560313934557, -34.632410257187331 ], [ -58.39052984690268, -34.632664748800394 ], [ -58.390355791630974, -34.634122898154061 ] ] ] } },
{ "type": "Feature", "properties": { "id": 27.0, "comuna": 1.0, "perimetro_": 17697.33, "area_metro": 5029894.6, "nam": "Puerto Madero", "cca": null, "cde": null, "fna": null, "gna": null, "ara3": null, "arl": null }, "geometry": { "type": "Polygon", "coordinates": [ [ [ -58.351257033668787, -34.61931106938593 ], [ -58.351271164589939, -34.619310886045021 ], [ -58.351324408875065, -34.619310194865022 ], [ -58.351331401474198, -34.619310103930147 ], [ -58.351343499225713, -34.619309947369523 ], [ -58.351343705366382, -34.619309900684925 ], [ -58.351471851659582, -34.619280944757243 ], [ -58.351506514867935, -34.619230016608057 ], [ -58.351525014567777, -34.619166074276158 ], [ -58.351546053482444, -34.619180373831391 ], [ -58.351556714015665, -34.619187619287281 ], [ -58.351591034496209, -34.619210945189963 ], [ -58.351618234893053, -34.619229432057452 ], [ -58.351568294932648, -34.619308685057469 ], [ -58.35155623607212, -34.619327823756976 ], [ -58.351468127311193, -34.619358367723649 ], [ -58.35146797400661, -34.619358420868465 ], [ -58.351518760988753, -34.619387748586831 ], [ -58.351521728490432, -34.619389462214698 ], [ -58.3516544700514, -34.619466115651996 ], [ -58.351676590614176, -34.619478726216904 ], [ -58.351688582063737, -34.619485562639802 ], [ -58.351785591839658, -34.619540867666096 ], [ -58.351921748594989, -34.619618493352185 ], [ -58.351922096156898, -34.619618691080277 ], [ -58.351981857631486, -34.619621346222239 ], [ -58.352172078872599, -34.6196297964838 ], [ -58.352209337674417, -34.619631451170797 ], [ -58.352218484195689, -34.619631857926954 ], [ -58.352218994669165, -34.619631720474679 ], [ -58.352551948576703, -34.619541968743015 ], [ -58.352568646886084, -34.619537467710472 ], [ -58.352568942530283, -34.619537387878509 ], [ -58.352569474865, -34.619537244253344 ], [ -58.352569822750596, -34.619537150658843 ], [ -58.352569845594331, -34.619537191243445 ], [ -58.352570065553721, -34.619537393379879 ], [ -58.35257012968426, -34.619537452121889 ], [ -58.352570194084997, -34.619537511563493 ], [ -58.35257944431536, -34.619554398049068 ], [ -58.352587903488832, -34.619569839849788 ], [ -58.352697328898842, -34.619769591739363 ], [ -58.352754884767272, -34.619764792472651 ], [ -58.352918676840545, -34.619751979286107 ], [ -58.352934968742687, -34.619749764817627 ], [ -58.352936889750787, -34.619745809326439 ], [ -58.352936944276152, -34.619745803967248 ], [ -58.353029982123786, -34.61961784244258 ], [ -58.353089649542213, -34.619535778898452 ], [ -58.353521841541934, -34.619403691595075 ], [ -58.353521870990853, -34.619403682601487 ], [ -58.35352191242432, -34.619403669981267 ], [ -58.35352197562127, -34.619403703390645 ], [ -58.353522047626804, -34.61940371948522 ], [ -58.353522271023273, -34.619403768558627 ], [ -58.353597093676569, -34.619443637093902 ], [ -58.353753046828722, -34.619526734852343 ], [ -58.353895639669673, -34.619602713544793 ], [ -58.35391809848354, -34.619614680268661 ], [ -58.353961778504456, -34.619637954349564 ], [ -58.354077883344111, -34.619699818229023 ], [ -58.354078143759168, -34.619699957280694 ], [ -58.354078363307053, -34.619699660908566 ], [ -58.354253786860276, -34.619462846582792 ], [ -58.354253805471316, -34.619462821380864 ], [ -58.35425395057382, -34.619462625816119 ], [ -58.354254126111272, -34.619462634085785 ], [ -58.354276311064602, -34.619464789376352 ], [ -58.354292487798752, -34.619466360583225 ], [ -58.354820523636178, -34.619517653285158 ], [ -58.355050754080217, -34.6195400182851 ], [ -58.355069178888506, -34.619541807724381 ], [ -58.35514438481885, -34.619549113720787 ], [ -58.35514454660283, -34.619548797466159 ], [ -58.355205237293326, -34.619429373579344 ], [ -58.355211083282711, -34.61941723938115 ], [ -58.355216767412692, -34.619405441252539 ], [ -58.355399184009002, -34.619026814690599 ], [ -58.355431837360392, -34.618959037923922 ], [ -58.355499235361364, -34.618819144074187 ], [ -58.35562965747544, -34.61852659192018 ], [ -58.355813723864337, -34.618113705926014 ], [ -58.355855296510882, -34.618008782195986 ], [ -58.355893131201469, -34.617913293919742 ], [ -58.355959134538821, -34.617746712006529 ], [ -58.356002414523473, -34.617637479173368 ], [ -58.356015033113302, -34.617605193319726 ], [ -58.356020853120519, -34.617611292032286 ], [ -58.356028023293987, -34.617618806279729 ], [ -58.356037961301496, -34.617629221072171 ], [ -58.356043509232308, -34.617635035506488 ], [ -58.356520461181219, -34.618134862674474 ], [ -58.356533607181284, -34.618148638909283 ], [ -58.357396579563797, -34.619052979974988 ], [ -58.358272668288642, -34.619971039417969 ], [ -58.359459496660932, -34.62121468301261 ], [ -58.359506477659622, -34.621263911734722 ], [ -58.35951758732611, -34.621275553064578 ], [ -58.359868037966059, -34.621642771065545 ], [ -58.35986961237279, -34.621644420358301 ], [ -58.360031541032711, -34.621814094597866 ], [ -58.360034231793982, -34.621816913878881 ], [ -58.360121636554574, -34.621908499012562 ], [ -58.360122057106231, -34.621908940027744 ], [ -58.360167907476431, -34.62195698304177 ], [ -58.360379539881684, -34.622178736800308 ], [ -58.360391060295214, -34.622190807501219 ], [ -58.360662207497079, -34.622474918812777 ], [ -58.360662334909641, -34.622475052329946 ], [ -58.360877587983055, -34.622700595770951 ], [ -58.36095650441731, -34.622783284474302 ], [ -58.360973676932417, -34.622801277673965 ], [ -58.361236956723857, -34.62307713941366 ], [ -58.361238100185595, -34.623078338355583 ], [ -58.361272227662511, -34.623114097332191 ], [ -58.361277158714266, -34.623119263880341 ], [ -58.361290366267646, -34.623133103587456 ], [ -58.361438974871355, -34.623288813029511 ], [ -58.361555829462098, -34.623411250646051 ], [ -58.361573906173511, -34.623430190970382 ], [ -58.361591317400531, -34.623448434006178 ], [ -58.361602062780442, -34.623459692667694 ], [ -58.361628087151253, -34.623486959734862 ], [ -58.361654522099691, -34.623514658016525 ], [ -58.361665409825527, -34.62350755760103 ], [ -58.361782652102328, -34.623630400479463 ], [ -58.361792638480047, -34.623640863441132 ], [ -58.361874120659444, -34.623726237854626 ], [ -58.361927669356263, -34.623782344283988 ], [ -58.361928350206355, -34.623783058637898 ], [ -58.361928457813185, -34.62378317153992 ], [ -58.361947687924278, -34.623803319798412 ], [ -58.361968126869975, -34.623824734649475 ], [ -58.361970083482106, -34.623826784733758 ], [ -58.362005911938063, -34.623864324779341 ], [ -58.361995024193369, -34.623871426126193 ], [ -58.362020721021246, -34.623898350296962 ], [ -58.36233547148197, -34.624228131925257 ], [ -58.36242252307531, -34.624319340047386 ], [ -58.362444666624469, -34.624342541034984 ], [ -58.362466914733709, -34.624365852077986 ], [ -58.362496979438077, -34.624397352139617 ], [ -58.362604289384343, -34.624509785050897 ], [ -58.362655547713025, -34.624563489688121 ], [ -58.362835244138701, -34.624751764436198 ], [ -58.362934084356382, -34.624855322597014 ], [ -58.363077003947105, -34.625005062920437 ], [ -58.363199947312573, -34.625133871975834 ], [ -58.363259178164022, -34.625130691687453 ], [ -58.363359643226772, -34.625125300629534 ], [ -58.363459203156452, -34.625119958326039 ], [ -58.363459376540995, -34.625119953960862 ], [ -58.363525386197253, -34.624988667725894 ], [ -58.364157261132888, -34.624686151341834 ], [ -58.364807884898674, -34.624316040427189 ], [ -58.365504644298632, -34.623919677649106 ], [ -58.365790146702999, -34.623985981079855 ], [ -58.365844126314663, -34.623793416334323 ], [ -58.365885758774596, -34.623304220921511 ], [ -58.365934619022731, -34.622730080631804 ], [ -58.36594052058993, -34.622660734699785 ], [ -58.365970800863813, -34.622393825362657 ], [ -58.366071351015371, -34.621507515258543 ], [ -58.366194603874931, -34.620420911496531 ], [ -58.366328181021252, -34.619243679728086 ], [ -58.3664557303332, -34.618118908105117 ], [ -58.366596529925722, -34.616877807638687 ], [ -58.366738786885513, -34.615623960929824 ], [ -58.366859336754004, -34.614576015184689 ], [ -58.366993926907995, -34.613390754290386 ], [ -58.367082816131017, -34.61259638668173 ], [ -58.367131631320724, -34.612160143214169 ], [ -58.367263460959521, -34.610997413975831 ], [ -58.367622289207958, -34.60784839187 ], [ -58.367643452779568, -34.607662654469159 ], [ -58.367728943065067, -34.606912372366416 ], [ -58.367730325281116, -34.60690013756053 ], [ -58.367925464122692, -34.605173346762335 ], [ -58.368051855930624, -34.604055119647164 ], [ -58.36811619613789, -34.603485639155295 ], [ -58.368190030510767, -34.602832111116506 ], [ -58.368317705930913, -34.601702334371602 ], [ -58.368393843763428, -34.601028722325495 ], [ -58.368635792681381, -34.600435098582572 ], [ -58.369076721318692, -34.599353310635969 ], [ -58.369516674310432, -34.598320501627938 ], [ -58.368889486265402, -34.598339472475999 ], [ -58.368868176538157, -34.598340116729176 ], [ -58.368821467175039, -34.598346135426169 ], [ -58.368120694007814, -34.598436428053304 ], [ -58.367985069741628, -34.598401109932276 ], [ -58.367982884367379, -34.598399937277698 ], [ -58.367782080731779, -34.598292217143928 ], [ -58.367363798720319, -34.598259001513377 ], [ -58.36678680588296, -34.598309007229318 ], [ -58.366610883311445, -34.598324253433752 ], [ -58.36635701817432, -34.598311588947915 ], [ -58.366084748095957, -34.598298005145743 ], [ -58.365965385255102, -34.598292049845917 ], [ -58.365073210875103, -34.598226896754198 ], [ -58.364093156370259, -34.598155399036457 ], [ -58.363866221540931, -34.598135425401999 ], [ -58.363735279455604, -34.598103627328413 ], [ -58.363238235881205, -34.598060615033361 ], [ -58.363498699429186, -34.597316565392866 ], [ -58.363503914714158, -34.59730166554057 ], [ -58.363536676584559, -34.597186081302652 ], [ -58.363436620761902, -34.597163654100029 ], [ -58.363450548227746, -34.597124786247505 ], [ -58.363279922987665, -34.597084660314707 ], [ -58.362934088740268, -34.59692780829667 ], [ -58.362122689121229, -34.59655321827735 ], [ -58.361225700274538, -34.596144558638358 ], [ -58.361013705735637, -34.59604781893843 ], [ -58.360547830213171, -34.595835222756072 ], [ -58.360126731698521, -34.595642242456726 ], [ -58.359256277375337, -34.595243520801446 ], [ -58.358533919100545, -34.595183160081184 ], [ -58.357817324927964, -34.595148678109169 ], [ -58.357691132765588, -34.59514260515018 ], [ -58.357326837546438, -34.595091378781831 ], [ -58.357325742143431, -34.595091307519596 ], [ -58.357237553969895, -34.595085620447385 ], [ -58.357107041815929, -34.595077204839228 ], [ -58.356487759600192, -34.595028803474101 ], [ -58.35644771494875, -34.595038150264877 ], [ -58.356315583522388, -34.595061751826151 ], [ -58.356257287777709, -34.595078944017196 ], [ -58.356219133139135, -34.595083082326262 ], [ -58.356147320906047, -34.595090870680728 ], [ -58.35603865054361, -34.595109209302464 ], [ -58.355935938349766, -34.595119893681577 ], [ -58.355831494236838, -34.595150747582977 ], [ -58.355729953767181, -34.595187643485907 ], [ -58.35544090701088, -34.595310506446708 ], [ -58.355386714922354, -34.595353841300138 ], [ -58.35533548569525, -34.595399572928947 ], [ -58.355287373203879, -34.595447564456755 ], [ -58.355203309524406, -34.595540342853425 ], [ -58.355112825290142, -34.595628895038082 ], [ -58.355016231551808, -34.595712918394661 ], [ -58.354963377466028, -34.595753810487594 ], [ -58.354913857879204, -34.595792122943543 ], [ -58.35485902275795, -34.59582982253005 ], [ -58.354858171548138, -34.595830407743172 ], [ -58.354806054531963, -34.595866238555033 ], [ -58.354693192463102, -34.59593501224532 ], [ -58.354544467893291, -34.596010093577803 ], [ -58.354399162208146, -34.596089622693192 ], [ -58.354281180523692, -34.596159458977816 ], [ -58.354257470653174, -34.596173493410113 ], [ -58.354119581945653, -34.596261592330599 ], [ -58.353985682630011, -34.596353802449528 ], [ -58.35395144471557, -34.596370613950185 ], [ -58.353545121378545, -34.596629361231436 ], [ -58.353441211333269, -34.596691277473191 ], [ -58.353299684687933, -34.596846176592948 ], [ -58.353051392823225, -34.597039139040717 ], [ -58.3530389439941, -34.597062423249476 ], [ -58.352893724349798, -34.597334012190338 ], [ -58.352814306618249, -34.597482537945304 ], [ -58.352638139112216, -34.597658869570886 ], [ -58.352386845914587, -34.597937688377122 ], [ -58.352109833346965, -34.59803522164853 ], [ -58.35196256723556, -34.598166264121581 ], [ -58.351792113126081, -34.598380759617321 ], [ -58.351636169367175, -34.598528488094594 ], [ -58.351529320051775, -34.598628560796875 ], [ -58.35133012787476, -34.598764324341523 ], [ -58.351156874168367, -34.598914421472898 ], [ -58.350949030752297, -34.599047791274032 ], [ -58.350853794651456, -34.599090633771269 ], [ -58.350782297932135, -34.599116420977801 ], [ -58.350677070232244, -34.599160330991175 ], [ -58.350588246381633, -34.599238259836696 ], [ -58.350495881376908, -34.599290644453305 ], [ -58.350458719606195, -34.599338444048733 ], [ -58.350325413648548, -34.599509908166439 ], [ -58.350305235779757, -34.599525276755024 ], [ -58.3502128131747, -34.599595665200717 ], [ -58.350013449249062, -34.599855446735653 ], [ -58.349877746705495, -34.599960261499206 ], [ -58.349736217633982, -34.60010800090145 ], [ -58.349557231679327, -34.600227085083247 ], [ -58.349349438902493, -34.600319907121801 ], [ -58.348777649281317, -34.600834535233247 ], [ -58.348613149334149, -34.600903545914939 ], [ -58.348573363285553, -34.600947920658285 ], [ -58.348415814990396, -34.60102380553991 ], [ -58.348330723300876, -34.601069000198819 ], [ -58.348262406608121, -34.601105284737052 ], [ -58.348147214649806, -34.601190503753365 ], [ -58.348002950113063, -34.60128269743511 ], [ -58.347899717851597, -34.601410154610257 ], [ -58.347791408220999, -34.601517378086854 ], [ -58.34761390004644, -34.601606648067651 ], [ -58.347492600795661, -34.60172101354155 ], [ -58.347361520821728, -34.601816359520534 ], [ -58.347301895662682, -34.601880971733841 ], [ -58.347247540404204, -34.601929700473917 ], [ -58.347220973064275, -34.60195849004279 ], [ -58.347116774843379, -34.602082211030989 ], [ -58.347032136055141, -34.602227461187383 ], [ -58.34686188023084, -34.602309838393218 ], [ -58.346823201127684, -34.602333017318678 ], [ -58.346765085170908, -34.602425820222919 ], [ -58.346750252829068, -34.602719162839968 ], [ -58.346719879445594, -34.602750242777418 ], [ -58.346659202481902, -34.602812329680688 ], [ -58.346655182422673, -34.602860757676126 ], [ -58.346672811397376, -34.602875810867104 ], [ -58.346673385067476, -34.602876409057785 ], [ -58.346674071704406, -34.602877124308286 ], [ -58.346709619588935, -34.602900385438026 ], [ -58.346726718997871, -34.603048272738491 ], [ -58.34666016253091, -34.603203234672733 ], [ -58.346645664262333, -34.60325807680686 ], [ -58.346587729969706, -34.603434512484128 ], [ -58.346630782402094, -34.603587194928579 ], [ -58.346567145493125, -34.603715924625355 ], [ -58.346538001759185, -34.603930547670473 ], [ -58.346546544185635, -34.6040092616349 ], [ -58.346471279478635, -34.604202375871424 ], [ -58.346479829639449, -34.604276319523606 ], [ -58.346393000588527, -34.604488503011368 ], [ -58.346363962023496, -34.604626805466957 ], [ -58.346336398465219, -34.604716019727874 ], [ -58.346333754502872, -34.604727927678859 ], [ -58.346332315036584, -34.604729236439454 ], [ -58.34632049927253, -34.60476748014576 ], [ -58.346242883087413, -34.604810547720113 ], [ -58.346179009310518, -34.604877054567716 ], [ -58.346155388387743, -34.604909017916768 ], [ -58.346115049131761, -34.604952419393008 ], [ -58.34609674796193, -34.604973983786401 ], [ -58.346082439020591, -34.604992423052032 ], [ -58.346106449642448, -34.605019887176226 ], [ -58.346118428916313, -34.605038965539748 ], [ -58.34611118920462, -34.605059827385098 ], [ -58.346090325808483, -34.605077530596013 ], [ -58.346095035563039, -34.605108320940829 ], [ -58.346100734857444, -34.605116721506796 ], [ -58.346111109630208, -34.60511647170528 ], [ -58.346116133676936, -34.605133171749557 ], [ -58.34613052207483, -34.605157035365266 ], [ -58.346131073162645, -34.605161439103156 ], [ -58.346146847848054, -34.605184690413431 ], [ -58.346135052604851, -34.605368325589886 ], [ -58.346172486669609, -34.605413676865808 ], [ -58.346157749899206, -34.605637854227112 ], [ -58.346122935688619, -34.60578092137262 ], [ -58.346113963531401, -34.606007489410636 ], [ -58.346087876714904, -34.606098095012314 ], [ -58.346067410537621, -34.606293645819207 ], [ -58.345984077261988, -34.606469133017413 ], [ -58.345973301888648, -34.606503853236553 ], [ -58.34594904696521, -34.606545272774646 ], [ -58.345879342549289, -34.606703688068151 ], [ -58.345743520552375, -34.606882433416509 ], [ -58.3456250777988, -34.607008724570782 ], [ -58.345206513926328, -34.607230126447845 ], [ -58.345158597133235, -34.607278035652172 ], [ -58.345111190099544, -34.60732543510467 ], [ -58.344929283831704, -34.60745404923874 ], [ -58.344779192136357, -34.607523068636688 ], [ -58.344704333109867, -34.607580621013085 ], [ -58.3446817277515, -34.607592745333037 ], [ -58.344605945765935, -34.607646921278871 ], [ -58.344002659785964, -34.607942074570865 ], [ -58.343609886217628, -34.608275591391681 ], [ -58.343453977989277, -34.608375608701323 ], [ -58.343225887262811, -34.608523255260749 ], [ -58.343058397980798, -34.608651881663185 ], [ -58.342682924586093, -34.608985412501752 ], [ -58.342629191204473, -34.609028726826139 ], [ -58.34248092559109, -34.609148242952458 ], [ -58.342428786349814, -34.609190271993903 ], [ -58.342210088464263, -34.609362562655001 ], [ -58.342024549401607, -34.609464147823708 ], [ -58.341721255819898, -34.609747661760622 ], [ -58.341618905738358, -34.609797132223449 ], [ -58.341613725738839, -34.609794549662503 ], [ -58.341524189293899, -34.609833591425115 ], [ -58.34147011959552, -34.609869047094001 ], [ -58.341411988280363, -34.609925691972911 ], [ -58.341285195285828, -34.610081128736915 ], [ -58.34124552509217, -34.610138267945352 ], [ -58.341221771446037, -34.610206455549552 ], [ -58.341044621008052, -34.610433659606478 ], [ -58.341013714447698, -34.610456196588068 ], [ -58.341013066716229, -34.610474128791878 ], [ -58.340866074734343, -34.610662651314854 ], [ -58.340817847347473, -34.610878911288388 ], [ -58.340797507735068, -34.610979062078194 ], [ -58.340742335330098, -34.61122704772712 ], [ -58.340707546283582, -34.611345070857922 ], [ -58.340551012778818, -34.611863653637393 ], [ -58.340424971604541, -34.612242744210896 ], [ -58.340338115293029, -34.612457307313221 ], [ -58.340277093410826, -34.612757757540088 ], [ -58.340172663963259, -34.61315117872266 ], [ -58.34005683066566, -34.613664566330449 ], [ -58.339981525619535, -34.613869601070185 ], [ -58.3399404935763, -34.614306017055682 ], [ -58.339943008044386, -34.614556445675177 ], [ -58.3398646570202, -34.614868802943668 ], [ -58.339849979227012, -34.615040508506375 ], [ -58.339849955211989, -34.615662115608984 ], [ -58.339875902093013, -34.616094020892625 ], [ -58.33997060155194, -34.616251088021919 ], [ -58.339985255485992, -34.616275391578462 ], [ -58.340140827961861, -34.616416264794005 ], [ -58.340449109803771, -34.616682742203729 ], [ -58.340449814436994, -34.616683290074789 ], [ -58.340670412107869, -34.616854686125777 ], [ -58.340672140351153, -34.616856118415335 ], [ -58.340717088854923, -34.616893369667586 ], [ -58.340872819901108, -34.61692787012349 ], [ -58.34099221534774, -34.616952317386506 ], [ -58.341087383621513, -34.616973878258399 ], [ -58.341194682336038, -34.616985433726477 ], [ -58.341291070078498, -34.616978412558218 ], [ -58.341404603204872, -34.616980357736523 ], [ -58.341560374396217, -34.6169876687485 ], [ -58.34173780706849, -34.616977112483944 ], [ -58.341921934820625, -34.616981939031881 ], [ -58.342109965624637, -34.616966750461145 ], [ -58.342294037271593, -34.616960650289244 ], [ -58.342659170339097, -34.617012332420465 ], [ -58.34280656424442, -34.617028258335807 ], [ -58.342886168788816, -34.617060268810029 ], [ -58.343002372500898, -34.617102874552828 ], [ -58.34316127993047, -34.617110890621881 ], [ -58.343363170705736, -34.617144479646704 ], [ -58.344069695992239, -34.617326433195515 ], [ -58.344576671605978, -34.617451335202951 ], [ -58.344649346285479, -34.617470098637781 ], [ -58.344723796380123, -34.617483273153219 ], [ -58.344799394003367, -34.617490745458753 ], [ -58.344875502470501, -34.617492454539132 ], [ -58.344956532027759, -34.617506172545205 ], [ -58.345026022279221, -34.617540858940423 ], [ -58.345099820748068, -34.617525382788912 ], [ -58.345198963567341, -34.617540271097873 ], [ -58.34525013368966, -34.617499009485208 ], [ -58.345318705186877, -34.617490343773426 ], [ -58.345378491996279, -34.617473854227526 ], [ -58.34548713968524, -34.617446772397962 ], [ -58.345581326865023, -34.617404539887218 ], [ -58.345652731248023, -34.617401837806227 ], [ -58.345717080654431, -34.617424237014156 ], [ -58.345783960248532, -34.617440812753188 ], [ -58.345880109134235, -34.61740994519176 ], [ -58.345949724053725, -34.617414371440439 ], [ -58.346019512322663, -34.617412611376061 ], [ -58.34608867140976, -34.61740468586126 ], [ -58.346140747003929, -34.617408483084198 ], [ -58.346843794196403, -34.6173059284232 ], [ -58.347296555454044, -34.617303373392566 ], [ -58.347422171978096, -34.617274914181145 ], [ -58.347498125418888, -34.617245262003834 ], [ -58.347536789755772, -34.617212241852997 ], [ -58.34760903505515, -34.617182463494387 ], [ -58.347609779086739, -34.617164868496033 ], [ -58.347642503157488, -34.617147613007702 ], [ -58.347723325444861, -34.617114300134503 ], [ -58.347812851161272, -34.617045219017271 ], [ -58.347922531086446, -34.617004777860139 ], [ -58.347931056059195, -34.617005792807809 ], [ -58.348003292672367, -34.617014394836701 ], [ -58.348007384753068, -34.617013553172782 ], [ -58.348118719418657, -34.616990653219361 ], [ -58.348222606070564, -34.616966901508782 ], [ -58.348297667809227, -34.6169264273531 ], [ -58.348395767889535, -34.616914594014197 ], [ -58.348402226184028, -34.616915182413869 ], [ -58.348536352457536, -34.616927408416018 ], [ -58.348538846032142, -34.616926621118473 ], [ -58.34856885510311, -34.616917142075259 ], [ -58.348652521362396, -34.616912450420912 ], [ -58.348654953190234, -34.616912955698247 ], [ -58.348744809860129, -34.616931617459521 ], [ -58.348857307631654, -34.616938878512293 ], [ -58.348857930057235, -34.616938194918944 ], [ -58.348917981094687, -34.616872154666673 ], [ -58.34907093855778, -34.616826982733521 ], [ -58.349074333915034, -34.616829313377409 ], [ -58.349149650562104, -34.616881001849585 ], [ -58.349150729726944, -34.616881988110677 ], [ -58.349235332576121, -34.616959344119032 ], [ -58.349235546216221, -34.616959391192594 ], [ -58.349590212523331, -34.617037937542804 ], [ -58.349749871065832, -34.617101674175636 ], [ -58.349814941755433, -34.61710907137693 ], [ -58.349816492464726, -34.617110483540685 ], [ -58.349859764225691, -34.617149903189393 ], [ -58.349859944100707, -34.617149924990713 ], [ -58.349947992451497, -34.617160555242407 ], [ -58.349983468157475, -34.61717770795515 ], [ -58.350051448258185, -34.617221793694689 ], [ -58.350060989067728, -34.617220695608353 ], [ -58.350220094488748, -34.617202383928394 ], [ -58.350222098152358, -34.617203458474606 ], [ -58.350270347347305, -34.617229333357685 ], [ -58.350270356468677, -34.617229843569461 ], [ -58.350273100962212, -34.617380969052867 ], [ -58.350301475862928, -34.617417147659687 ], [ -58.350349882722838, -34.617478867592993 ], [ -58.35035109086337, -34.617479636720752 ], [ -58.350515401522088, -34.617584185707244 ], [ -58.350515726803359, -34.617584725056666 ], [ -58.350586241136789, -34.617701643906081 ], [ -58.350562386877904, -34.617841026343761 ], [ -58.350606562079086, -34.61798780918852 ], [ -58.350674477098892, -34.618080808223944 ], [ -58.350675760412898, -34.618081630601559 ], [ -58.350814609014606, -34.618170624214883 ], [ -58.350357869128864, -34.618134320321765 ], [ -58.350150637430424, -34.618246629902572 ], [ -58.350050076358222, -34.618231862387027 ], [ -58.349925924800083, -34.618160822510021 ], [ -58.349798646655124, -34.618214508963334 ], [ -58.349846193996008, -34.61831740060699 ], [ -58.349866486665441, -34.618361314081405 ], [ -58.349868216188582, -34.618362746241722 ], [ -58.349916721243353, -34.618402936934984 ], [ -58.349987660417327, -34.618447025452419 ], [ -58.3501059482589, -34.618478929220295 ], [ -58.350106116980058, -34.618479940769085 ], [ -58.350111335390167, -34.618511264515952 ], [ -58.350120620398052, -34.618566988041415 ], [ -58.349976765629577, -34.618640381443932 ], [ -58.34997250310856, -34.618716037191803 ], [ -58.350253458071414, -34.618777440223717 ], [ -58.350254968900678, -34.618775322387577 ], [ -58.350342375114032, -34.618652792332092 ], [ -58.350413387573518, -34.618643075865634 ], [ -58.350534836837745, -34.618525794580449 ], [ -58.350544779102194, -34.618527068461361 ], [ -58.350727092157982, -34.618550429446948 ], [ -58.350691490198393, -34.618626212243349 ], [ -58.350549415744418, -34.618682332267774 ], [ -58.350522180567353, -34.618716319338589 ], [ -58.350516620399809, -34.618723257927385 ], [ -58.350401618223174, -34.618840435183934 ], [ -58.350374535674057, -34.618934076568948 ], [ -58.350438877201, -34.618996275484633 ], [ -58.350445442437724, -34.619002622087905 ], [ -58.350445734502834, -34.619002666040856 ], [ -58.350572634900665, -34.619021763235551 ], [ -58.350573923494643, -34.61902312952369 ], [ -58.350590433294535, -34.619040634755834 ], [ -58.350670108315249, -34.619125113520624 ], [ -58.350681881395595, -34.619169146989513 ], [ -58.350829790382654, -34.619174175446382 ], [ -58.351037126370983, -34.61919194499778 ], [ -58.351151617232659, -34.619209792935706 ], [ -58.351223144148548, -34.619223214996367 ], [ -58.351250746912328, -34.619291928480024 ], [ -58.351257033668787, -34.61931106938593 ] ], [ [ -58.364464904703816, -34.612405148964861 ], [ -58.364474182087825, -34.61240123259838 ], [ -58.364482874015749, -34.612398219881378 ], [ -58.36448827532621, -34.612394441897216 ], [ -58.36449480748167, -34.612389544363417 ], [ -58.364499180415095, -34.612383218132564 ], [ -58.36450328651091, -34.612376656414789 ], [ -58.364505699737869, -34.612370745052829 ], [ -58.364508455293652, -34.612363005887921 ], [ -58.364510104530218, -34.612355009823787 ], [ -58.36453858343571, -34.612092630370043 ], [ -58.364747572438723, -34.612110774589638 ], [ -58.364720107442899, -34.612351602856783 ], [ -58.364718769212672, -34.612358457075736 ], [ -58.364717375660248, -34.612366917580665 ], [ -58.364717465090102, -34.612372428034348 ], [ -58.364717310300747, -34.612377015236419 ], [ -58.364717610975603, -34.612384596422842 ], [ -58.364718851965236, -34.612388985538935 ], [ -58.364720878479361, -34.612394770688084 ], [ -58.364723935827904, -34.612402875122747 ], [ -58.364728443457452, -34.612408947125225 ], [ -58.364732983788912, -34.612414102409673 ], [ -58.364740037938319, -34.61241862692787 ], [ -58.364747677272554, -34.612422474951806 ], [ -58.364753413584367, -34.612424902602818 ], [ -58.364761098426392, -34.612427146134813 ], [ -58.364771838122422, -34.612429459739992 ], [ -58.364783164631966, -34.61243064073296 ], [ -58.365176629607241, -34.612462459754468 ], [ -58.365423228265215, -34.612485501629735 ], [ -58.365428509369558, -34.612485643783749 ], [ -58.365434599157823, -34.612486038983874 ], [ -58.365439239228564, -34.612488000590439 ], [ -58.365443634804372, -34.612489267005799 ], [ -58.36544886087178, -34.612490784681924 ], [ -58.365454862931081, -34.61249347122066 ], [ -58.36546000071661, -34.612496822314036 ], [ -58.365464266057238, -34.612501297679948 ], [ -58.36546853003945, -34.612506002005297 ], [ -58.365471409959774, -34.612510210341036 ], [ -58.365473194193903, -34.612514388051231 ], [ -58.365473838592663, -34.61251899392343 ], [ -58.365474515415045, -34.612522912939475 ], [ -58.365474573280402, -34.61252842066294 ], [ -58.365473502211657, -34.612534357458529 ], [ -58.365472419702897, -34.612540752166382 ], [ -58.365470684990292, -34.61254919437777 ], [ -58.365170625301346, -34.615175562189698 ], [ -58.365105249790943, -34.61571508950361 ], [ -58.364898941297895, -34.617530172160123 ], [ -58.364895371511381, -34.617551441876749 ], [ -58.364895347082303, -34.61756382645796 ], [ -58.364893264354642, -34.617569525354099 ], [ -58.364891481454364, -34.617574313157064 ], [ -58.364886342571161, -34.617579960911073 ], [ -58.364880684137567, -34.617584226369793 ], [ -58.364875324172857, -34.617587807891766 ], [ -58.364868868703077, -34.617590224797134 ], [ -58.364864118751456, -34.61759152261407 ], [ -58.364856334442983, -34.6175918525621 ], [ -58.364845229841478, -34.617591441567555 ], [ -58.364834977590121, -34.617590356096848 ], [ -58.364226285971661, -34.617544351517239 ], [ -58.364216841657921, -34.617544196915524 ], [ -58.364204375535877, -34.617542615615854 ], [ -58.364195783304936, -34.617542015502075 ], [ -58.364186594125385, -34.617542782355905 ], [ -58.364179063862288, -34.617544033717735 ], [ -58.364170947824398, -34.61754642399719 ], [ -58.364162854683819, -34.617547896649789 ], [ -58.3641552246538, -34.617553274626978 ], [ -58.364148491680332, -34.617556145584075 ], [ -58.364141659211896, -34.617562914197315 ], [ -58.364136531725563, -34.617568104909324 ], [ -58.364132788667412, -34.617573547341131 ], [ -58.364129808554644, -34.617581984006733 ], [ -58.364098426475884, -34.61785599358052 ], [ -58.363887099427302, -34.61784082463744 ], [ -58.363915798317919, -34.617585577779153 ], [ -58.363917062015815, -34.617579176928274 ], [ -58.36391780481884, -34.617571620934804 ], [ -58.363916577418735, -34.617564949431518 ], [ -58.363914796410754, -34.617558040403928 ], [ -58.363912728103209, -34.617551585457583 ], [ -58.363907658438585, -34.617543016040337 ], [ -58.363902002453102, -34.617536041657409 ], [ -58.363896556616631, -34.617531137104351 ], [ -58.363890821572717, -34.61752737261093 ], [ -58.363884788326082, -34.617524062189545 ], [ -58.363877358927134, -34.617521189621286 ], [ -58.363868503121992, -34.617519438157082 ], [ -58.363859091799014, -34.617518136949144 ], [ -58.363851884274368, -34.617517558672503 ], [ -58.363215956587567, -34.617472019922822 ], [ -58.363205415703852, -34.617471617354269 ], [ -58.363197367280023, -34.617471254689654 ], [ -58.363190480336705, -34.617468848558516 ], [ -58.363183871424809, -34.617466446260799 ], [ -58.363178657575219, -34.617463608820728 ], [ -58.363173454089953, -34.617460312566458 ], [ -58.363168075110039, -34.617453343785343 ], [ -58.363164865017744, -34.617448016466163 ], [ -58.363162242891967, -34.617441552038265 ], [ -58.363162743460677, -34.617432385915421 ], [ -58.363163796266875, -34.617423688082525 ], [ -58.363164895439077, -34.617412697978146 ], [ -58.363357297578688, -34.615713895404696 ], [ -58.363732817733478, -34.612409105864344 ], [ -58.363734232922695, -34.6123999576049 ], [ -58.363735504498152, -34.612386903374727 ], [ -58.363736621228824, -34.612378437246697 ], [ -58.363739299981361, -34.612372990347978 ], [ -58.363741424892439, -34.612367530377369 ], [ -58.36374433667455, -34.612363237486491 ], [ -58.363749772092838, -34.612358312956452 ], [ -58.363757090614655, -34.6123550395615 ], [ -58.36376410986243, -34.612352218434843 ], [ -58.363777474021518, -34.612350690613184 ], [ -58.36379021782237, -34.612350985857056 ], [ -58.36380678181068, -34.612353205141375 ], [ -58.364429174550295, -34.612404092395082 ], [ -58.364441320640658, -34.612405521073086 ], [ -58.364451274802796, -34.612406440474395 ], [ -58.364464904703816, -34.612405148964861 ] ], [ [ -58.365241661672961, -34.605485498078991 ], [ -58.365250362285337, -34.60548373467995 ], [ -58.365256857822978, -34.605481666630901 ], [ -58.365263973907808, -34.605478470500799 ], [ -58.365270025186746, -34.605474091751603 ], [ -58.365275534667781, -34.605469694538385 ], [ -58.365279990518992, -34.605463881247218 ], [ -58.365286558463453, -34.605454929101178 ], [ -58.365289099485224, -34.605448591447171 ], [ -58.365290267209048, -34.605441975052216 ], [ -58.365292027613684, -34.605429183496788 ], [ -58.365297883261576, -34.605428928590968 ], [ -58.365325084342579, -34.605181990771825 ], [ -58.365547674181002, -34.605198699568611 ], [ -58.365518258868342, -34.605445331883857 ], [ -58.365524570222178, -34.605446927950055 ], [ -58.365523803459716, -34.605456541894021 ], [ -58.365522978313273, -34.60546202097219 ], [ -58.365523704186295, -34.605469620534478 ], [ -58.365524582903632, -34.605474242825068 ], [ -58.365525759769007, -34.605478413742553 ], [ -58.365526969051579, -34.605481900507328 ], [ -58.365528955349035, -34.605486558840866 ], [ -58.365532313585277, -34.605491726675226 ], [ -58.365534608105904, -34.605495709189732 ], [ -58.36553808703794, -34.605498354944181 ], [ -58.365544478855071, -34.605503855128951 ], [ -58.365549606622466, -34.605507018718434 ], [ -58.365555043974439, -34.605509274824577 ], [ -58.365560448639485, -34.605512445846792 ], [ -58.365565897163187, -34.605514472098996 ], [ -58.365572263283092, -34.605514923401685 ], [ -58.365583377478075, -34.605515081939195 ], [ -58.365594969720426, -34.605516633554252 ], [ -58.365604379229715, -34.605517419916744 ], [ -58.366200601324543, -34.60556459308043 ], [ -58.366208572974308, -34.605566249926333 ], [ -58.366215758619624, -34.605566956949801 ], [ -58.366221359714871, -34.605566235762375 ], [ -58.366228500685288, -34.605567860396313 ], [ -58.366235409432747, -34.605568560888344 ], [ -58.366240878955317, -34.605570359067563 ], [ -58.3662460070218, -34.605573291864182 ], [ -58.366250880265618, -34.605575984679859 ], [ -58.366254059989238, -34.605579081787887 ], [ -58.366257239982588, -34.605581947230824 ], [ -58.366261298472345, -34.60558966121544 ], [ -58.366263793926947, -34.605595257419928 ], [ -58.366264629105288, -34.605600794612982 ], [ -58.366262424291449, -34.605611506250135 ], [ -58.366261934507669, -34.605621129433025 ], [ -58.366139356561241, -34.606699523625132 ], [ -58.365984125609693, -34.608054697964306 ], [ -58.365623078110403, -34.611206493293466 ], [ -58.365566571187934, -34.611713668227218 ], [ -58.365565456274616, -34.611720749793065 ], [ -58.365565247308716, -34.611726021131339 ], [ -58.365564187697139, -34.611731499114804 ], [ -58.365562650268402, -34.611735357764715 ], [ -58.365561291128792, -34.611741515179069 ], [ -58.365557219206572, -34.611745993778385 ], [ -58.36555399901998, -34.61175026573332 ], [ -58.365549350918741, -34.611755188270941 ], [ -58.365543673347474, -34.611758474807154 ], [ -58.365537142948227, -34.611761968887812 ], [ -58.365530666493505, -34.611764087444023 ], [ -58.365522009570107, -34.611765229817117 ], [ -58.365515621662439, -34.611765286895384 ], [ -58.365505679051971, -34.611763869104735 ], [ -58.365494840840675, -34.611763804528515 ], [ -58.365484344393352, -34.611762373672249 ], [ -58.365177349943949, -34.61173717043102 ], [ -58.364864881940846, -34.611712502853393 ], [ -58.364851318921204, -34.611711730209478 ], [ -58.364843579644585, -34.611711321029247 ], [ -58.36483636068408, -34.611711613573391 ], [ -58.364828234121781, -34.61171418056928 ], [ -58.364821790599066, -34.611716097196307 ], [ -58.364815314104519, -34.61171916040297 ], [ -58.36480964601796, -34.611722702014589 ], [ -58.364804553025799, -34.61172579698583 ], [ -58.364800235467868, -34.611730518745027 ], [ -58.364795508827882, -34.611739130703569 ], [ -58.364792808637418, -34.61174526539245 ], [ -58.36476356643557, -34.612014055205428 ], [ -58.364547581645297, -34.611997583795144 ], [ -58.364576162263987, -34.611740255958331 ], [ -58.36457703468578, -34.611730865668157 ], [ -58.36457672367046, -34.611723743295109 ], [ -58.364575249929189, -34.611717971210119 ], [ -58.364573787361756, -34.611711970173417 ], [ -58.364570089280342, -34.611706374769589 ], [ -58.364566080213699, -34.61170192121341 ], [ -58.364559879507901, -34.611696729423002 ], [ -58.36455307972809, -34.611692899193443 ], [ -58.36454515210751, -34.61168950163367 ], [ -58.364539383420315, -34.611687761730067 ], [ -58.364531688567808, -34.611685748037978 ], [ -58.364522309584736, -34.611684383807265 ], [ -58.363886282289464, -34.611635016529675 ], [ -58.363879948060038, -34.611633952199263 ], [ -58.363868035395782, -34.61163344761129 ], [ -58.363860052197921, -34.61163188525336 ], [ -58.363851748192737, -34.611631464732866 ], [ -58.363847362752445, -34.611629985533121 ], [ -58.363842446101479, -34.611627805496596 ], [ -58.363836190111151, -34.611624217250998 ], [ -58.363832679586466, -34.611621382126494 ], [ -58.363828383558754, -34.611617151864323 ], [ -58.363825194114526, -34.611612946842612 ], [ -58.363821793993829, -34.611607129008192 ], [ -58.363820652562509, -34.611599758065445 ], [ -58.363820574642453, -34.611593788796945 ], [ -58.363821624841499, -34.611587156101578 ], [ -58.363865733502408, -34.611205784007261 ], [ -58.364248291323108, -34.607916751155855 ], [ -58.364389620473268, -34.606701611615918 ], [ -58.364528592593096, -34.605473802986772 ], [ -58.364529279376285, -34.605469224323137 ], [ -58.364530343342004, -34.605460978983501 ], [ -58.36453188234897, -34.605455729450959 ], [ -58.364533675365436, -34.605451402277865 ], [ -58.364536864320335, -34.605446644453991 ], [ -58.364541126806841, -34.605443055740771 ], [ -58.364545355498116, -34.605440387351088 ], [ -58.364549563481731, -34.60543863478842 ], [ -58.364555972757294, -34.605437615961129 ], [ -58.364562649117659, -34.605436604561007 ], [ -58.364568184639921, -34.605436946171977 ], [ -58.364577606555407, -34.605437366646683 ], [ -58.364590316371725, -34.605438774132608 ], [ -58.365185514956487, -34.605485760326886 ], [ -58.365198697010989, -34.605483312750792 ], [ -58.365205649069438, -34.605483324650194 ], [ -58.365212823525837, -34.605484262487522 ], [ -58.365222466326586, -34.605485975727987 ], [ -58.365231057676198, -34.605486275595602 ], [ -58.365241661672961, -34.605485498078991 ] ], [ [ -58.365932514137761, -34.599164211790509 ], [ -58.365939797428368, -34.599162038864705 ], [ -58.365945975098299, -34.599159156538569 ], [ -58.365953258655225, -34.599156754650949 ], [ -58.365959203297784, -34.599152720120756 ], [ -58.365963775783456, -34.599147515351206 ], [ -58.365967530427184, -34.599141606819849 ], [ -58.365971072734787, -34.599133629355237 ], [ -58.365974052010365, -34.599125181800467 ], [ -58.365975614223458, -34.599118549481013 ], [ -58.365987292996522, -34.59911805670324 ], [ -58.366033729680183, -34.598732119179672 ], [ -58.366176809460342, -34.598723782313627 ], [ -58.366305820256102, -34.598732535879286 ], [ -58.36625910674902, -34.599138248686153 ], [ -58.366267696292709, -34.599139542747672 ], [ -58.366267495360951, -34.599147346199295 ], [ -58.366266509264008, -34.599153529171005 ], [ -58.366267182814227, -34.599160202033232 ], [ -58.366268952716695, -34.599167120052648 ], [ -58.366272405404402, -34.599173379569152 ], [ -58.366275869529233, -34.599179178467935 ], [ -58.366280450981819, -34.599184996283469 ], [ -58.366287313360978, -34.599188557849814 ], [ -58.366298891143686, -34.599192426042201 ], [ -58.366308001506169, -34.59919487613805 ], [ -58.366316280676045, -34.599196852326017 ], [ -58.366887316893433, -34.5992413708721 ], [ -58.366893980000995, -34.59924194132828 ], [ -58.366902846975769, -34.59924278034611 ], [ -58.366908691406593, -34.599242418985668 ], [ -58.366916460938519, -34.599243011047342 ], [ -58.366924210057491, -34.599244288173217 ], [ -58.366931692902611, -34.599244872796092 ], [ -58.366942462945687, -34.599247810021858 ], [ -58.366950708665108, -34.59925139517884 ], [ -58.366957294730895, -34.599254491355495 ], [ -58.366963061061021, -34.599257572461887 ], [ -58.366969590797986, -34.59926319347678 ], [ -58.366974681955476, -34.599270400760076 ], [ -58.366978145868828, -34.599276428599929 ], [ -58.366980767711588, -34.599282902880354 ], [ -58.366983379479585, -34.599289606113992 ], [ -58.366984341931108, -34.599295363355324 ], [ -58.366984494983569, -34.59930064941544 ], [ -58.366650800607218, -34.602192512093879 ], [ -58.366348850736991, -34.604852496250523 ], [ -58.366347275736778, -34.604861620988103 ], [ -58.36634660713954, -34.604869402426793 ], [ -58.366344940473063, -34.604874853799764 ], [ -58.366344125463002, -34.604880104832532 ], [ -58.366341927350391, -34.604885076227028 ], [ -58.366338974553578, -34.604888417252077 ], [ -58.366335158667894, -34.604892414727253 ], [ -58.366332227940084, -34.604895526808662 ], [ -58.366326773035595, -34.604899008269449 ], [ -58.366321394124441, -34.604900887964767 ], [ -58.366314665348959, -34.604902029224291 ], [ -58.366308787139019, -34.604902971044027 ], [ -58.366298801569648, -34.604902625072867 ], [ -58.366287774354021, -34.604900862139857 ], [ -58.365675238833049, -34.604852202525805 ], [ -58.365665530166169, -34.60485186483718 ], [ -58.365657194791616, -34.60485180318026 ], [ -58.365646090495332, -34.604851645558874 ], [ -58.365636837533408, -34.60485315885056 ], [ -58.365629012350809, -34.604854035078226 ], [ -58.365622548199219, -34.604855417190883 ], [ -58.365617978436433, -34.604858010527167 ], [ -58.365611107981593, -34.604861902772207 ], [ -58.365604128007, -34.604868085440621 ], [ -58.365598010036479, -34.604873610761338 ], [ -58.365595236843653, -34.604879022476851 ], [ -58.365590991186245, -34.604885990669104 ], [ -58.365589139208751, -34.604895107062191 ], [ -58.365587673376147, -34.604902170326838 ], [ -58.365587335269609, -34.604908816235103 ], [ -58.365577951530717, -34.604913077851023 ], [ -58.365554368833948, -34.605104827318911 ], [ -58.365335997211822, -34.605087118639339 ], [ -58.365359527675956, -34.604885496805835 ], [ -58.365353438495802, -34.604885056531408 ], [ -58.365354129526878, -34.604876817194288 ], [ -58.365354798215698, -34.604869036662627 ], [ -58.365354647400309, -34.604860996765204 ], [ -58.365353313000263, -34.604854523489259 ], [ -58.365351170533707, -34.604847334737535 ], [ -58.365348675162636, -34.604841738513819 ], [ -58.365345848134723, -34.604837279617499 ], [ -58.365341903728741, -34.604832781062861 ], [ -58.365337693601283, -34.604828044319554 ], [ -58.36533335160663, -34.604826055903708 ], [ -58.365326032185116, -34.604822356903611 ], [ -58.365320604963514, -34.60481987273559 ], [ -58.365311060325226, -34.604816326992129 ], [ -58.365297254408347, -34.604814469793034 ], [ -58.36528532053277, -34.60481428262699 ], [ -58.365275047187538, -34.604813924622405 ], [ -58.365265946806261, -34.604812689575084 ], [ -58.36518654253944, -34.604808579270134 ], [ -58.364652615977384, -34.604771103951357 ], [ -58.364642929234257, -34.604770676056937 ], [ -58.364634936021758, -34.604768906413526 ], [ -58.364628083093606, -34.604766243481833 ], [ -58.364623465507556, -34.604763163196679 ], [ -58.364619978667299, -34.604758958852088 ], [ -58.364616259077977, -34.604753370637489 ], [ -58.36461500757234, -34.604748755249709 ], [ -58.364614874830224, -34.604743928932798 ], [ -58.364614211455169, -34.604737944761744 ], [ -58.36461465403373, -34.604732441041328 ], [ -58.364614255836628, -34.60472715298198 ], [ -58.364907794302653, -34.602191249727397 ], [ -58.365190194740045, -34.59966170969102 ], [ -58.365246135729677, -34.59918755886612 ], [ -58.365247731504361, -34.599179318445991 ], [ -58.365248785229902, -34.599170380791001 ], [ -58.365249483085456, -34.599164650109934 ], [ -58.365250757037792, -34.599158471884941 ], [ -58.365253115895563, -34.599153000345225 ], [ -58.365255773693171, -34.599146385140976 ], [ -58.365258685767863, -34.599141382785128 ], [ -58.365261575773417, -34.599136607569875 ], [ -58.365266136861614, -34.599131861641183 ], [ -58.365271218205976, -34.599128732380159 ], [ -58.365276333869865, -34.599124226674931 ], [ -58.365282532811705, -34.599120884674164 ], [ -58.365288698520224, -34.59911892182226 ], [ -58.365295982092483, -34.599116519973876 ], [ -58.365300732076911, -34.599115220332394 ], [ -58.365306564794729, -34.599115548627211 ], [ -58.365315176651471, -34.599115464499249 ], [ -58.36532435316574, -34.599115390739719 ], [ -58.365332389746541, -34.599115984018098 ], [ -58.365917514435324, -34.599164189003552 ], [ -58.365924997266035, -34.599164773688152 ], [ -58.365932514137761, -34.599164211790509 ] ], [ [ -58.363790740496732, -34.618239217576424 ], [ -58.363800529716045, -34.618236397808907 ], [ -58.363808390699965, -34.61823308609592 ], [ -58.363815400680913, -34.618230220792391 ], [ -58.363823306374563, -34.618225075628089 ], [ -58.363827824964218, -34.618222168629799 ], [ -58.36383297459448, -34.618215831344102 ], [ -58.363838733449057, -34.618207899042773 ], [ -58.363843086601406, -34.618200172921547 ], [ -58.363844174244939, -34.618189640723976 ], [ -58.363875077197903, -34.617935117723931 ], [ -58.364086946371494, -34.617951212886354 ], [ -58.364059469066426, -34.61818996749507 ], [ -58.364059313139492, -34.618196386374919 ], [ -58.364057384337457, -34.618207363191232 ], [ -58.364058278934316, -34.61821609236187 ], [ -58.364060348085168, -34.618222778069089 ], [ -58.364064078074868, -34.618229260505117 ], [ -58.364065892637988, -34.618234565932212 ], [ -58.364068825330477, -34.618239430573333 ], [ -58.36407178037733, -34.618243835508757 ], [ -58.364078278428671, -34.618250594227284 ], [ -58.364087046268367, -34.618255783617684 ], [ -58.3640936220133, -34.618259560503631 ], [ -58.364098582170477, -34.618261248388443 ], [ -58.364106298942112, -34.618263668664156 ], [ -58.364113496176238, -34.618264703936951 ], [ -58.364121522603575, -34.618266210424309 ], [ -58.364127889282429, -34.618267003440678 ], [ -58.364136214730621, -34.618267369874772 ], [ -58.364759371468672, -34.618312695199727 ], [ -58.364770465809421, -34.61831356591766 ], [ -58.364780673458895, -34.61831648484452 ], [ -58.364788920979002, -34.618320061125182 ], [ -58.364794667291932, -34.618323596624592 ], [ -58.364799282946265, -34.618328029024411 ], [ -58.364801995426603, -34.61833105457476 ], [ -58.36480491671999, -34.618336378011357 ], [ -58.364806753954092, -34.618340993859952 ], [ -58.364807173768064, -34.618346506377712 ], [ -58.364807537448371, -34.618354310257942 ], [ -58.364806252277852, -34.618361398882818 ], [ -58.364612199419433, -34.620220715563818 ], [ -58.364264027599837, -34.623372512674514 ], [ -58.364262260644999, -34.623381181984634 ], [ -58.364261302475825, -34.623390104348537 ], [ -58.364260763283298, -34.623396055977196 ], [ -58.364260002200062, -34.623400623748267 ], [ -58.364259452921637, -34.623406804329015 ], [ -58.364257915765315, -34.623410200527324 ], [ -58.364255281965512, -34.623413333522407 ], [ -58.36424951551966, -34.623418207317158 ], [ -58.364243115295913, -34.623418700604446 ], [ -58.364238386887756, -34.62341901586678 ], [ -58.364232817529356, -34.623419534166565 ], [ -58.364226981574745, -34.623419585314785 ], [ -58.362710882542196, -34.623310160800479 ], [ -58.362704004493821, -34.623309031961107 ], [ -58.362695699406878, -34.623308549162928 ], [ -58.362687693359213, -34.623307845763279 ], [ -58.362679365635174, -34.623308049826207 ], [ -58.362672677275697, -34.623308763640949 ], [ -58.362666212146827, -34.623310632356613 ], [ -58.362659702294486, -34.623313417777652 ], [ -58.362655130846747, -34.623316491448762 ], [ -58.362651411533299, -34.623319132240496 ], [ -58.362057492963544, -34.623708246436053 ], [ -58.36204765831117, -34.623714677105077 ], [ -58.361914598003281, -34.623580137150554 ], [ -58.361934512588036, -34.623567317501895 ], [ -58.362509054961812, -34.623190142499823 ], [ -58.362515043631326, -34.623186423687976 ], [ -58.362520499387578, -34.623182458348325 ], [ -58.36252481624048, -34.623178918438484 ], [ -58.362528112824698, -34.623173280084714 ], [ -58.362531431493402, -34.623167412788796 ], [ -58.362534528299193, -34.623160162533495 ], [ -58.362535322204685, -34.623154678057553 ], [ -58.36285661324905, -34.620220996273204 ], [ -58.363072199633514, -34.618243464555974 ], [ -58.363072632854994, -34.618236820550514 ], [ -58.363074572690763, -34.618225843759006 ], [ -58.363075005911966, -34.618219199753511 ], [ -58.363077111688995, -34.618212584164681 ], [ -58.363080577628587, -34.618207365090257 ], [ -58.363084322149419, -34.618201693732104 ], [ -58.363089692043509, -34.618198112297485 ], [ -58.363095317612256, -34.618194993500708 ], [ -58.363102038943509, -34.618192810375461 ], [ -58.363110132979429, -34.618191567656126 ], [ -58.363120153066234, -34.618190815087161 ], [ -58.363132354051992, -34.618191703989822 ], [ -58.36375826709228, -34.618237996702852 ], [ -58.363769083926478, -34.618238404857358 ], [ -58.363781827904504, -34.618240218994224 ], [ -58.363790740496732, -34.618239217576424 ] ] ] } },
{ "type": "Feature", "properties": { "id": 29.0, "comuna": 1.0, "perimetro_": 18817.35, "area_metro": 4512826.99, "nam": "Retiro", "cca": null, "cde": null, "fna": null, "gna": null, "ara3": null, "arl": null }, "geometry": { "type": "Polygon", "coordinates": [ [ [ -58.356487759600192, -34.595028803474101 ], [ -58.357107041815929, -34.595077204839228 ], [ -58.357237553969895, -34.595085620447385 ], [ -58.357325742143431, -34.595091307519596 ], [ -58.357326837546438, -34.595091378781831 ], [ -58.357691132765588, -34.59514260515018 ], [ -58.357817324927964, -34.595148678109169 ], [ -58.358533919100545, -34.595183160081184 ], [ -58.359256277375337, -34.595243520801446 ], [ -58.360126731698521, -34.595642242456726 ], [ -58.360547830213171, -34.595835222756072 ], [ -58.361013705735637, -34.59604781893843 ], [ -58.361225700274538, -34.596144558638358 ], [ -58.362122689121229, -34.59655321827735 ], [ -58.362934088740268, -34.59692780829667 ], [ -58.363279922987665, -34.597084660314707 ], [ -58.363450548227746, -34.597124786247505 ], [ -58.363436620761902, -34.597163654100029 ], [ -58.363536676584559, -34.597186081302652 ], [ -58.363503914714158, -34.59730166554057 ], [ -58.363498699429186, -34.597316565392866 ], [ -58.363238235881205, -34.598060615033361 ], [ -58.363735279455604, -34.598103627328413 ], [ -58.363866221540931, -34.598135425401999 ], [ -58.364093156370259, -34.598155399036457 ], [ -58.365073210875103, -34.598226896754198 ], [ -58.365965385255102, -34.598292049845917 ], [ -58.366084748095957, -34.598298005145743 ], [ -58.36635701817432, -34.598311588947915 ], [ -58.366610883311445, -34.598324253433752 ], [ -58.36678680588296, -34.598309007229318 ], [ -58.367363798720319, -34.598259001513377 ], [ -58.367782080731779, -34.598292217143928 ], [ -58.367982884367379, -34.598399937277698 ], [ -58.367985069741628, -34.598401109932276 ], [ -58.368120694007814, -34.598436428053304 ], [ -58.368821467175039, -34.598346135426169 ], [ -58.368868176538157, -34.598340116729176 ], [ -58.368889486265402, -34.598339472475999 ], [ -58.369516674310432, -34.598320501627938 ], [ -58.370949331152161, -34.598384672236271 ], [ -58.371169919951825, -34.598394550908054 ], [ -58.371484145686694, -34.598416750903908 ], [ -58.372798443748344, -34.59851632582474 ], [ -58.373800134870208, -34.598592221626312 ], [ -58.37419134495449, -34.598621860050805 ], [ -58.375372216197341, -34.59870454869646 ], [ -58.375433972912496, -34.598708872233225 ], [ -58.376842965623567, -34.598807502715481 ], [ -58.378282976987805, -34.598908304662459 ], [ -58.379745938484859, -34.598970865197856 ], [ -58.379776028291481, -34.598972017984288 ], [ -58.380288717131499, -34.598991657375862 ], [ -58.3810243668675, -34.599019833787757 ], [ -58.381253701387472, -34.599030551070932 ], [ -58.381666816642749, -34.599049727364225 ], [ -58.381822342205083, -34.599056946237944 ], [ -58.381953158629152, -34.599063018059915 ], [ -58.382092696533384, -34.599069493974866 ], [ -58.382524627449932, -34.599089569588529 ], [ -58.382775593326052, -34.599101214174013 ], [ -58.383879617801895, -34.599152359698586 ], [ -58.384032299826536, -34.59915943238159 ], [ -58.384206707650499, -34.599167503311037 ], [ -58.385475337385316, -34.599226981785229 ], [ -58.385534806155391, -34.59922976633306 ], [ -58.38680945713643, -34.599289446608957 ], [ -58.386867026021491, -34.599292158104205 ], [ -58.386947467599583, -34.598403533124475 ], [ -58.386948655775718, -34.59839402295998 ], [ -58.38696282385682, -34.598280583304302 ], [ -58.386975692672166, -34.598177702094816 ], [ -58.387067737136483, -34.597169504110497 ], [ -58.387066396066608, -34.597052881722121 ], [ -58.387065059567483, -34.596931260044371 ], [ -58.387134269834945, -34.595933188539931 ], [ -58.38713464099731, -34.595930204160744 ], [ -58.387159836034492, -34.595727637728643 ], [ -58.387181969820134, -34.595549268071345 ], [ -58.387273993015199, -34.59474628472929 ], [ -58.387293758135414, -34.594643971111303 ], [ -58.387312838342751, -34.594545601688935 ], [ -58.38731309387321, -34.594543897257168 ], [ -58.387570127612683, -34.592829888287632 ], [ -58.387913327776538, -34.591680504781188 ], [ -58.387953551096523, -34.591647711499725 ], [ -58.387881816207162, -34.591590906357233 ], [ -58.387875224599931, -34.591585307148101 ], [ -58.386921066228915, -34.590774661186089 ], [ -58.385939631660939, -34.589785927654205 ], [ -58.38495268971446, -34.58879154865032 ], [ -58.383847438924235, -34.587677998332261 ], [ -58.38368970166988, -34.58749988142484 ], [ -58.383690560995184, -34.58749941054063 ], [ -58.38369900154882, -34.587494813375223 ], [ -58.383782689317492, -34.587449401906945 ], [ -58.384094059066157, -34.587237977063928 ], [ -58.384502810242381, -34.58696042726752 ], [ -58.384800703243712, -34.586388979315068 ], [ -58.384801826842434, -34.586386787774124 ], [ -58.384890552764809, -34.586213699249619 ], [ -58.384997129081036, -34.58600578927382 ], [ -58.385062031793716, -34.585879174479871 ], [ -58.385328930174026, -34.585383068840002 ], [ -58.38560303024169, -34.585014011210546 ], [ -58.385849417131915, -34.584735264397423 ], [ -58.385849465138037, -34.584735210342423 ], [ -58.385979359191893, -34.584588256854573 ], [ -58.386169832932943, -34.584378798890341 ], [ -58.386425139830116, -34.584098037329021 ], [ -58.386646490918793, -34.583857045482993 ], [ -58.386967269050764, -34.583551043410125 ], [ -58.387417094317932, -34.583188570804012 ], [ -58.387843210589224, -34.582863618087352 ], [ -58.388094295285221, -34.582690037864857 ], [ -58.388345293927721, -34.582516456165841 ], [ -58.388395559612306, -34.582484373767166 ], [ -58.388446333569483, -34.582455461068882 ], [ -58.388631617741602, -34.582353811816148 ], [ -58.388793987132097, -34.582265247799434 ], [ -58.38893624982336, -34.582188079748853 ], [ -58.389060879140587, -34.58212075969039 ], [ -58.389170003726946, -34.582062022469387 ], [ -58.389361418449234, -34.581959601500351 ], [ -58.389505212983714, -34.581883067411681 ], [ -58.389613144290749, -34.58182594802939 ], [ -58.389775337777259, -34.581740480789286 ], [ -58.389937870599148, -34.581655436304459 ], [ -58.390029785069522, -34.581607744841861 ], [ -58.390190954220834, -34.581524881548944 ], [ -58.390432961584729, -34.581400869406892 ], [ -58.390553667318606, -34.581338405053302 ], [ -58.390613807233649, -34.581306961320479 ], [ -58.39067386221646, -34.581275376885003 ], [ -58.390720799266489, -34.581250404684923 ], [ -58.390802662291748, -34.58120629703464 ], [ -58.390925159531328, -34.581139678707522 ], [ -58.391002565106213, -34.581097745220376 ], [ -58.391047741402119, -34.581073271240157 ], [ -58.391098000613347, -34.581046469164981 ], [ -58.391164361777122, -34.581011641283936 ], [ -58.391173729009431, -34.581006725039188 ], [ -58.39129426238793, -34.580945667872449 ], [ -58.391300880373201, -34.580942720511011 ], [ -58.391342898572972, -34.580924006466702 ], [ -58.391396473665665, -34.580902699506993 ], [ -58.391461032013446, -34.580880483140987 ], [ -58.391535808222564, -34.580858977663482 ], [ -58.391629999102193, -34.580834947833353 ], [ -58.391638235711447, -34.580833029930027 ], [ -58.391648160847453, -34.580830718193255 ], [ -58.391647655798231, -34.580829967009677 ], [ -58.39121904973333, -34.580192444944615 ], [ -58.391198030648177, -34.580161188232097 ], [ -58.390390799473494, -34.578971555724905 ], [ -58.38989495084229, -34.578240904747865 ], [ -58.389868163904652, -34.578201432342169 ], [ -58.389665735108224, -34.578196040655179 ], [ -58.389490298438417, -34.578191367168543 ], [ -58.388398141021923, -34.578162269072131 ], [ -58.388251852192148, -34.578158370689302 ], [ -58.387585639077194, -34.578140615814064 ], [ -58.386900735170663, -34.578122358835081 ], [ -58.386584108767103, -34.578114497219175 ], [ -58.38654602808375, -34.578126490180821 ], [ -58.386540659155237, -34.578128181484324 ], [ -58.386523606129039, -34.57813355316997 ], [ -58.386412469225597, -34.578162075524553 ], [ -58.386299464232351, -34.578184750855407 ], [ -58.38612717045104, -34.578211145750309 ], [ -58.385953160525133, -34.578217067943228 ], [ -58.385733669422912, -34.578209604573004 ], [ -58.385622778736256, -34.578220244788589 ], [ -58.385512532829466, -34.578233619337553 ], [ -58.385290128537129, -34.578246082927372 ], [ -58.385067139955808, -34.578246996675134 ], [ -58.384631240549353, -34.578215096303026 ], [ -58.384455695025686, -34.578195545596493 ], [ -58.384454497377355, -34.578195474511652 ], [ -58.38427911982378, -34.578185079437517 ], [ -58.384102024790636, -34.578183837873375 ], [ -58.383925176079444, -34.578191751088859 ], [ -58.383749340799341, -34.578208890797519 ], [ -58.383575114138985, -34.578235044655983 ], [ -58.383403178203771, -34.578270285231532 ], [ -58.38323429826815, -34.578314329988082 ], [ -58.383069156580341, -34.578367109976782 ], [ -58.382860734226362, -34.578448383225229 ], [ -58.379840288175615, -34.58016159795671 ], [ -58.376937395252526, -34.579994633877867 ], [ -58.376164228362278, -34.579950152497759 ], [ -58.375125704623628, -34.580519726554755 ], [ -58.373975998438631, -34.579101985549777 ], [ -58.376590373475921, -34.577615884471882 ], [ -58.376694396648325, -34.577556750900769 ], [ -58.376694426090118, -34.577556734695996 ], [ -58.376715084803521, -34.577544991159243 ], [ -58.37638003033404, -34.577514386699569 ], [ -58.376045168990174, -34.577483799486814 ], [ -58.376046647194059, -34.57748519166735 ], [ -58.376046897912808, -34.577485427795665 ], [ -58.376047498898934, -34.577485993419025 ], [ -58.376049410728264, -34.577487792939102 ], [ -58.376049776815528, -34.577488137520781 ], [ -58.376065472958601, -34.57750291159914 ], [ -58.376071574276608, -34.577508654433949 ], [ -58.376070090909209, -34.577521779787347 ], [ -58.376069940230828, -34.577523113042162 ], [ -58.376065168414591, -34.577565335710972 ], [ -58.376064350697121, -34.577572571151642 ], [ -58.376057644089435, -34.577631922518002 ], [ -58.376056438502829, -34.577642593631808 ], [ -58.376051524801554, -34.577681964381583 ], [ -58.376050375222462, -34.577691182437526 ], [ -58.376050317204161, -34.577691429386611 ], [ -58.37604861038885, -34.577698886560356 ], [ -58.37604761082666, -34.577703250547643 ], [ -58.376044219144433, -34.577710717333979 ], [ -58.376041886144662, -34.577713561466147 ], [ -58.376039812852497, -34.577716088482212 ], [ -58.376031469068216, -34.577722487144328 ], [ -58.376020053100575, -34.577729917544026 ], [ -58.376020020383486, -34.577729939154835 ], [ -58.375406634929625, -34.578077359047235 ], [ -58.375389423755664, -34.57808710724855 ], [ -58.37529345045067, -34.578141465284254 ], [ -58.375287075544229, -34.578145076304594 ], [ -58.374325591430058, -34.578689633332807 ], [ -58.374325459458028, -34.57868972968911 ], [ -58.374325335126343, -34.578689815233851 ], [ -58.374317864140579, -34.57869512188649 ], [ -58.374317835783913, -34.578695141697153 ], [ -58.374313056857851, -34.578697209688308 ], [ -58.374308455657221, -34.578699199384822 ], [ -58.374307919213692, -34.578699431561404 ], [ -58.374307634671396, -34.578699522397905 ], [ -58.37429608182314, -34.578703205310354 ], [ -58.374287715581573, -34.578703871672552 ], [ -58.374277163712513, -34.578704002796343 ], [ -58.374276868366053, -34.578704005285196 ], [ -58.374268304646286, -34.578702832594537 ], [ -58.374253477988994, -34.578702389094381 ], [ -58.374252484095067, -34.578702360425112 ], [ -58.374232541827091, -34.578700849508337 ], [ -58.368013687296383, -34.578210012563268 ], [ -58.368013650245537, -34.578210009830052 ], [ -58.367981224974372, -34.578207896811179 ], [ -58.367973232378304, -34.578206797140311 ], [ -58.367966305463646, -34.578205842529336 ], [ -58.367960835707926, -34.578205785072889 ], [ -58.367954363329389, -34.578205715114478 ], [ -58.367942912207397, -34.57820697807977 ], [ -58.367933032379014, -34.578210351606849 ], [ -58.367929988856282, -34.578211951061483 ], [ -58.367924778556663, -34.578214687323012 ], [ -58.3679175619883, -34.578218293694746 ], [ -58.367913976596874, -34.578220091039064 ], [ -58.367899701079487, -34.578228610069225 ], [ -58.367899666181486, -34.578228630774724 ], [ -58.367882305347372, -34.578239078244174 ], [ -58.367882276994486, -34.57823909354623 ], [ -58.365433619972755, -34.579639893026467 ], [ -58.365338092148448, -34.579694646470159 ], [ -58.365319860611699, -34.579704491622714 ], [ -58.365307750606831, -34.579713501559311 ], [ -58.365297542925646, -34.579724827881599 ], [ -58.365294240394071, -34.57973716123103 ], [ -58.365247210845283, -34.580137714014242 ], [ -58.365247207539745, -34.580137744660028 ], [ -58.36524791275864, -34.580144166977917 ], [ -58.365247926884322, -34.580144203046245 ], [ -58.365250279143041, -34.580150387809631 ], [ -58.365253533322701, -34.580154191732788 ], [ -58.365255434673649, -34.580156417976916 ], [ -58.36525663033887, -34.580157226653377 ], [ -58.365259277696651, -34.580159017167794 ], [ -58.365262005598822, -34.580160863674422 ], [ -58.365265357309788, -34.580162356422044 ], [ -58.365269431212965, -34.5801641706569 ], [ -58.365273517137602, -34.580165028489425 ], [ -58.365273619557875, -34.580165050205871 ], [ -58.365279893359798, -34.580166366817807 ], [ -58.36527993258585, -34.580166374060695 ], [ -58.365288966429901, -34.580167225950575 ], [ -58.36529405436913, -34.580167705988551 ], [ -58.365305515641339, -34.58016827227182 ], [ -58.365306800498537, -34.58016833550171 ], [ -58.37056736135812, -34.580582164987938 ], [ -58.370576685438202, -34.580582804872137 ], [ -58.370576726849599, -34.580582807607875 ], [ -58.370583984725542, -34.580583304398075 ], [ -58.37059450474996, -34.580584588806772 ], [ -58.370603317978741, -34.580587912744342 ], [ -58.3706085181378, -34.580591420532386 ], [ -58.370613165493523, -34.580595151453785 ], [ -58.370613249090255, -34.580595263395203 ], [ -58.370617489057572, -34.580600940983643 ], [ -58.37061983445777, -34.580608765330183 ], [ -58.370620429320802, -34.580613852522767 ], [ -58.370620437959595, -34.58061392464333 ], [ -58.370620990725641, -34.580618644923973 ], [ -58.370621024262974, -34.58061886850281 ], [ -58.370620933808368, -34.580619847381605 ], [ -58.37061995036278, -34.580631005373988 ], [ -58.370619945959341, -34.58063104503335 ], [ -58.370601346235482, -34.580786386083517 ], [ -58.37060134183502, -34.580786423038575 ], [ -58.370563864354189, -34.580828158485566 ], [ -58.370562478522665, -34.580829700672012 ], [ -58.369749887503154, -34.581293708265243 ], [ -58.369708078654341, -34.58131758199842 ], [ -58.369634624931031, -34.581359524834852 ], [ -58.369443705323491, -34.581468540711391 ], [ -58.369127865952834, -34.58164888706046 ], [ -58.369107676221219, -34.581660416929047 ], [ -58.36903177901614, -34.581703752919509 ], [ -58.369031749570375, -34.581703770023843 ], [ -58.369021527142493, -34.581709083238195 ], [ -58.369013252363423, -34.581713382952046 ], [ -58.369001187301606, -34.581720328122863 ], [ -58.368992825727034, -34.581724277114013 ], [ -58.368992568380733, -34.581724398607513 ], [ -58.368992218345781, -34.581724564199199 ], [ -58.368992085336082, -34.581724604660529 ], [ -58.368984403433359, -34.581726982992969 ], [ -58.368984012116776, -34.581727030466084 ], [ -58.368974113670411, -34.581728222612867 ], [ -58.368964434958301, -34.581727856365276 ], [ -58.368955714198464, -34.581727527815872 ], [ -58.368955540916573, -34.581727521371953 ], [ -58.368948198018835, -34.581726955910931 ], [ -58.368947929934755, -34.581726934970931 ], [ -58.368933928515496, -34.581725858662139 ], [ -58.368902629193563, -34.581723379878767 ], [ -58.368889416967299, -34.58172219149715 ], [ -58.36887575903333, -34.581720960402372 ], [ -58.365210592432177, -34.58142774614732 ], [ -58.363390385208902, -34.58128367063091 ], [ -58.362673915472442, -34.581226952117177 ], [ -58.362673880601221, -34.581226948482723 ], [ -58.362664208320666, -34.581225838966887 ], [ -58.362653118430885, -34.581225383617095 ], [ -58.362650147269306, -34.581225547029121 ], [ -58.362643977151002, -34.581225885383581 ], [ -58.362643942273266, -34.581225887157665 ], [ -58.362639708511161, -34.581226498437672 ], [ -58.362639673629076, -34.581226503817454 ], [ -58.362636971390351, -34.581226893708553 ], [ -58.361623853512704, -34.581146683473726 ], [ -58.361544119877209, -34.581845496109153 ], [ -58.361416582712131, -34.582963234606865 ], [ -58.361418458249396, -34.582963382875548 ], [ -58.362541670435611, -34.583052171990126 ], [ -58.362567436154826, -34.583054209745178 ], [ -58.364547740947131, -34.583210727107797 ], [ -58.365208108304415, -34.583262913068104 ], [ -58.36520814535956, -34.583262913999313 ], [ -58.365460982625109, -34.583282969018242 ], [ -58.365606193612471, -34.583294485654932 ], [ -58.366096839373704, -34.583333397981129 ], [ -58.366096882965074, -34.583333401621537 ], [ -58.36609748125003, -34.583333457084905 ], [ -58.366097555354052, -34.583333464355327 ], [ -58.366108471607802, -34.583334471827207 ], [ -58.366114396764395, -34.583335901697595 ], [ -58.366119516717845, -34.583337138021733 ], [ -58.366129696775381, -34.583341402653559 ], [ -58.36613100620572, -34.583342659554894 ], [ -58.366136236438706, -34.583347679971595 ], [ -58.36614383659969, -34.583355801546517 ], [ -58.366143906025322, -34.583356082846215 ], [ -58.366145017880015, -34.583360622403568 ], [ -58.366146146003452, -34.583365230482094 ], [ -58.366146291289176, -34.583372439289278 ], [ -58.366146421149686, -34.583378854830634 ], [ -58.366146428350909, -34.583379222617566 ], [ -58.366147758846431, -34.583468423233505 ], [ -58.366148815338541, -34.583539272431068 ], [ -58.366148069555031, -34.583548893641996 ], [ -58.366148066236022, -34.583548936006288 ], [ -58.366147336299306, -34.583558051530716 ], [ -58.366144688901684, -34.583565585331655 ], [ -58.366136174219392, -34.583575327458675 ], [ -58.366117840145549, -34.583590217013018 ], [ -58.36611780196364, -34.583590247631051 ], [ -58.366099084994147, -34.583605426234897 ], [ -58.366090009601066, -34.583612786348674 ], [ -58.366076676326763, -34.583623602737013 ], [ -58.365553774619976, -34.584037065071449 ], [ -58.365488490224827, -34.584088685117202 ], [ -58.365207254983275, -34.584311056229467 ], [ -58.365199093986341, -34.584317383978664 ], [ -58.36519107589563, -34.584323600966975 ], [ -58.364999444253954, -34.584472193500218 ], [ -58.364991441962168, -34.584477926423112 ], [ -58.364979141542548, -34.584486972222969 ], [ -58.364974030329101, -34.584490299769442 ], [ -58.364971726682214, -34.584491800587806 ], [ -58.364963973483619, -34.584495174682175 ], [ -58.364963815367915, -34.584495242161609 ], [ -58.364963539534081, -34.584495316757575 ], [ -58.364963500284787, -34.584495327543038 ], [ -58.364961861637802, -34.584495768822045 ], [ -58.3649545536923, -34.584497731644142 ], [ -58.364945348130888, -34.584498846499145 ], [ -58.36494280318378, -34.584498862476657 ], [ -58.364942341060221, -34.584498865709939 ], [ -58.364938683309418, -34.584498890706236 ], [ -58.36493808506259, -34.584498796475927 ], [ -58.364934809417605, -34.584498279122634 ], [ -58.364929861080149, -34.58449749720517 ], [ -58.364922715348712, -34.584496838814246 ], [ -58.364922677206316, -34.584496835177802 ], [ -58.364913822558684, -34.584496130337619 ], [ -58.360529228148771, -34.584160004997308 ], [ -58.36052918673591, -34.584160002258173 ], [ -58.36042717839112, -34.584151312223085 ], [ -58.360244530285136, -34.58413575008688 ], [ -58.359954407639307, -34.584111031995398 ], [ -58.359953791843161, -34.584111034178221 ], [ -58.359943032352348, -34.584111033179667 ], [ -58.359934296026786, -34.584111661285007 ], [ -58.359933830599829, -34.584111693342095 ], [ -58.359933027276348, -34.584111747648592 ], [ -58.359932991295175, -34.58411175933665 ], [ -58.359932798296029, -34.584111829484279 ], [ -58.359932756862015, -34.584111843871973 ], [ -58.359925732627708, -34.584114346586439 ], [ -58.359923920070649, -34.584115269912523 ], [ -58.359919247990462, -34.58411765112379 ], [ -58.359911739708778, -34.5841237798574 ], [ -58.359911576058721, -34.584123913129559 ], [ -58.359907525258244, -34.58412978428013 ], [ -58.359904271104526, -34.584136591783903 ], [ -58.359901536489701, -34.584144556255112 ], [ -58.359900274433656, -34.584149796968191 ], [ -58.3598997205643, -34.584159638249425 ], [ -58.359713946086984, -34.585867091786874 ], [ -58.359713942775841, -34.58586712513673 ], [ -58.359713600130803, -34.585875360255955 ], [ -58.359712680942053, -34.585884453041494 ], [ -58.359712676530904, -34.585884494503262 ], [ -58.359713384074986, -34.585893129844663 ], [ -58.359713409833788, -34.585893451674906 ], [ -58.359716611687986, -34.585903388085384 ], [ -58.359722128026249, -34.585911103548412 ], [ -58.359722165025424, -34.585911150453853 ], [ -58.359727929396676, -34.585918366738206 ], [ -58.359729387315639, -34.585919460621469 ], [ -58.359736809457296, -34.585925029487548 ], [ -58.359746563652045, -34.585930802371031 ], [ -58.359746603961277, -34.585930816828025 ], [ -58.359755585300015, -34.585934035320719 ], [ -58.359766917887811, -34.585935268167404 ], [ -58.35978377699842, -34.585936888805939 ], [ -58.359783817321095, -34.585936892445837 ], [ -58.359797928112393, -34.585938135758887 ], [ -58.359798148253311, -34.5859381548755 ], [ -58.359806722838115, -34.585938909427597 ], [ -58.359814179413895, -34.585939460210682 ], [ -58.3598222484693, -34.585940057485246 ], [ -58.359834371677373, -34.585940948454883 ], [ -58.359841865310898, -34.585941499267697 ], [ -58.360265983759682, -34.585974447245363 ], [ -58.363619089664638, -34.586234883339671 ], [ -58.363630703812767, -34.586235897912964 ], [ -58.363640334083506, -34.586238000686812 ], [ -58.363647463867004, -34.58624026547735 ], [ -58.363651778737022, -34.586243133726072 ], [ -58.363651797241019, -34.586243154473948 ], [ -58.363652260674264, -34.586243737270536 ], [ -58.363654946764328, -34.58624711519839 ], [ -58.363658008890432, -34.586252159363056 ], [ -58.363658060016924, -34.586252243237219 ], [ -58.36365807415585, -34.586252268488643 ], [ -58.363658086107378, -34.586252300048251 ], [ -58.36366058859565, -34.586257767425231 ], [ -58.363660607073847, -34.586257809807236 ], [ -58.363661376225672, -34.586266310863735 ], [ -58.36366011818415, -34.586276577056232 ], [ -58.363660114873483, -34.586276611307653 ], [ -58.36359646904144, -34.586838304216045 ], [ -58.36352636058767, -34.587457014926365 ], [ -58.363526355102401, -34.587457044668867 ], [ -58.363526334274979, -34.587457143808457 ], [ -58.363526328792936, -34.587457170846704 ], [ -58.363526312339282, -34.587457258271357 ], [ -58.36352461723223, -34.587465669874256 ], [ -58.363523159432816, -34.587474332266964 ], [ -58.363523089566563, -34.587474424155062 ], [ -58.363517600632036, -34.587481699566304 ], [ -58.363517572251475, -34.587481734698642 ], [ -58.363510116429595, -34.587487711352438 ], [ -58.363504836869481, -34.587489426952061 ], [ -58.363501776213973, -34.587490416015477 ], [ -58.363501726055048, -34.587490434002952 ], [ -58.363501680260185, -34.58749044838828 ], [ -58.363501088399573, -34.587490465932753 ], [ -58.36350075377522, -34.587490475574775 ], [ -58.363495379061391, -34.587490642450028 ], [ -58.363493943551475, -34.587490687248682 ], [ -58.363493902132547, -34.587490688116226 ], [ -58.363480320795531, -34.58749030652335 ], [ -58.363479408639328, -34.58749020031069 ], [ -58.363464846841069, -34.587488499131062 ], [ -58.363462767390466, -34.587488363117821 ], [ -58.363446305075023, -34.587487285067951 ], [ -58.36333982991772, -34.587478770492325 ], [ -58.359656378215185, -34.587184153098057 ], [ -58.359656021845446, -34.587184120344176 ], [ -58.359645919320798, -34.587183138226415 ], [ -58.359636477220938, -34.587182219768472 ], [ -58.359625697904676, -34.587182066384102 ], [ -58.359620834678061, -34.587181997350179 ], [ -58.359620552388378, -34.587181993504664 ], [ -58.359619840670618, -34.587181982984355 ], [ -58.359619793796519, -34.58718198835308 ], [ -58.359619333769551, -34.587182046554815 ], [ -58.359619206226547, -34.587182062672085 ], [ -58.35960644866767, -34.587183665381879 ], [ -58.35959753353557, -34.587186710027886 ], [ -58.359597150803502, -34.587186841310555 ], [ -58.359596908719489, -34.587186935754346 ], [ -58.359596793128851, -34.587186981628733 ], [ -58.359588975541065, -34.58719004613662 ], [ -58.359580710241346, -34.587195537797932 ], [ -58.359580663326916, -34.587195575617869 ], [ -58.359573517920097, -34.587201521646612 ], [ -58.359571400651348, -34.58720376258961 ], [ -58.359568881755024, -34.587206429564652 ], [ -58.359566858714814, -34.587210027230505 ], [ -58.359565586122798, -34.587212289624091 ], [ -58.359561028755707, -34.58722219960967 ], [ -58.359561010172982, -34.587222242862211 ], [ -58.359559130267371, -34.587234326653608 ], [ -58.359556924126721, -34.587244054747167 ], [ -58.359556762985839, -34.587244794679144 ], [ -58.359556760768982, -34.587244824424246 ], [ -58.359460781297074, -34.588079252982105 ], [ -58.359460775811456, -34.588079281822985 ], [ -58.359461849161576, -34.588079484655175 ], [ -58.359462631579582, -34.588079631296246 ], [ -58.359462762328228, -34.588079655801216 ], [ -58.359463964258886, -34.588079885785504 ], [ -58.359467160338298, -34.588080487951551 ], [ -58.359469023728856, -34.588080831176519 ], [ -58.359470373869279, -34.588081080216703 ], [ -58.359471641194801, -34.588081312059408 ], [ -58.359473587405944, -34.588081667974677 ], [ -58.359476809668941, -34.588082250331439 ], [ -58.359480047193564, -34.588082830898266 ], [ -58.359483279274102, -34.588083406953245 ], [ -58.359486524444144, -34.588083974906453 ], [ -58.359489772879606, -34.58808454646806 ], [ -58.359491731100547, -34.588084886167643 ], [ -58.35949177032979, -34.5880848934124 ], [ -58.359493030041463, -34.588085112628441 ], [ -58.35949628720784, -34.588085675183081 ], [ -58.359499550927424, -34.588086226926102 ], [ -58.359500858590231, -34.588086451591387 ], [ -58.359502820085567, -34.588086787687892 ], [ -58.35950608815606, -34.588087346645807 ], [ -58.35950936386299, -34.588087900201614 ], [ -58.359511142290401, -34.588088200986753 ], [ -58.359512630851455, -34.588088452848481 ], [ -58.359515907649559, -34.588089005503626 ], [ -58.359519186634301, -34.58808955275196 ], [ -58.359522463429094, -34.588090108111196 ], [ -58.359525742415052, -34.58809065445795 ], [ -58.35952578600412, -34.588090661706417 ], [ -58.359529020303249, -34.588091207113656 ], [ -58.359532258961124, -34.58809175342595 ], [ -58.359532297101531, -34.588091759768353 ], [ -58.359535574995448, -34.588092307916767 ], [ -58.359538841977539, -34.588092865971461 ], [ -58.359542108966416, -34.588093418617554 ], [ -58.359545375949722, -34.588093975770683 ], [ -58.359547012709569, -34.58809425570211 ], [ -58.359547326548174, -34.588094310054345 ], [ -58.35954743660966, -34.588094329077805 ], [ -58.359547532505154, -34.588094345384953 ], [ -58.359548642930847, -34.58809453472653 ], [ -58.35955189900578, -34.588095099081571 ], [ -58.359553542298642, -34.588095384427042 ], [ -58.359555160532729, -34.588095661638349 ], [ -58.359558412241213, -34.588096231398055 ], [ -58.359560446735749, -34.588096590091261 ], [ -58.359561656314511, -34.58809680565831 ], [ -58.359564891670452, -34.588097378108216 ], [ -58.359568116119121, -34.588097956858732 ], [ -58.359571342740992, -34.588098541019541 ], [ -58.359574566090828, -34.588099126980325 ], [ -58.359574598781521, -34.588099133318089 ], [ -58.359577107267022, -34.588099603289002 ], [ -58.359577764353922, -34.588099727342517 ], [ -58.359580972435566, -34.588100320501567 ], [ -58.359583373033914, -34.588100775957884 ], [ -58.359584122745368, -34.588100917217126 ], [ -58.359584164153432, -34.588100925365119 ], [ -58.359587347143922, -34.588101536531155 ], [ -58.359590515954991, -34.588102155797856 ], [ -58.359593678221927, -34.588102778664634 ], [ -58.359596825226234, -34.588103404222608 ], [ -58.359599963483014, -34.588104052308658 ], [ -58.359603095209067, -34.588104693177698 ], [ -58.359606202948413, -34.588105340336249 ], [ -58.359606239996673, -34.588105348480532 ], [ -58.359609309577714, -34.588106003719403 ], [ -58.359610605180009, -34.588106286064374 ], [ -58.359612395486771, -34.588106676099109 ], [ -58.359614131303879, -34.588107059777506 ], [ -58.359615460682377, -34.588107352066814 ], [ -58.359618523681291, -34.588108041553944 ], [ -58.359618558549649, -34.58810804969638 ], [ -58.359621567051093, -34.588108739137134 ], [ -58.359623166636709, -34.588109112784039 ], [ -58.359624589700687, -34.588109445716896 ], [ -58.359627601435115, -34.588110164907235 ], [ -58.35963059136386, -34.588110889487524 ], [ -58.359633571467441, -34.588111626679307 ], [ -58.359635416174605, -34.588112095183746 ], [ -58.359636528663088, -34.588112379175762 ], [ -58.359638033405204, -34.588112767164695 ], [ -58.359639476036911, -34.588113141579491 ], [ -58.359640650620143, -34.588113451765501 ], [ -58.359642391795461, -34.588113909364814 ], [ -58.359643689811534, -34.588114881300648 ], [ -58.359644273481265, -34.588115319888317 ], [ -58.359644280646322, -34.588115462329483 ], [ -58.359644398997062, -34.588117815135739 ], [ -58.359643501350675, -34.588120944116412 ], [ -58.359642347326115, -34.588124265784018 ], [ -58.359641991075939, -34.588125888945505 ], [ -58.359641985594855, -34.588125914180708 ], [ -58.359641673195711, -34.588127333657702 ], [ -58.359641669835248, -34.588130039728831 ], [ -58.359641739508227, -34.588132740453403 ], [ -58.359641741636644, -34.588132781920713 ], [ -58.359641776659139, -34.588133543653491 ], [ -58.359641789412819, -34.588133805978622 ], [ -58.359641792612152, -34.588133862771045 ], [ -58.359641864764271, -34.588135444830932 ], [ -58.359641951006296, -34.588137090903849 ], [ -58.359642011821578, -34.58813814742409 ], [ -58.359642155661682, -34.588140807647626 ], [ -58.359642157788976, -34.58814085001633 ], [ -58.359642176925625, -34.588141238546207 ], [ -58.359642292851234, -34.588143557106442 ], [ -58.359642354090433, -34.588145149974146 ], [ -58.35964239630492, -34.588146264169694 ], [ -58.3596424997586, -34.588148971232933 ], [ -58.359642501887016, -34.588149012700221 ], [ -58.359642634826507, -34.588151673815908 ], [ -58.359642658396844, -34.588152002855587 ], [ -58.359642737716726, -34.588153079222849 ], [ -58.359642833117192, -34.588154371945464 ], [ -58.359643117525245, -34.588157061133941 ], [ -58.359643268860296, -34.588158074462719 ], [ -58.359643515303972, -34.588159737798776 ], [ -58.359644025358946, -34.588162405544715 ], [ -58.359644034028193, -34.588162446116144 ], [ -58.35964460844631, -34.588165068845569 ], [ -58.35964523404742, -34.588167727675419 ], [ -58.359645877092291, -34.588170382914385 ], [ -58.359645887936942, -34.588170427093367 ], [ -58.359646161058961, -34.588171672191464 ], [ -58.359646472170361, -34.588173045323998 ], [ -58.359646744114009, -34.58817436163357 ], [ -58.359647022553723, -34.588175713104192 ], [ -58.359647176255663, -34.588176575897194 ], [ -58.359647499892411, -34.588178395245102 ], [ -58.359647952165631, -34.588181074660454 ], [ -58.359647959744905, -34.588181115230974 ], [ -58.359648450220206, -34.588183751410433 ], [ -58.359649032221256, -34.588186412006067 ], [ -58.359649742925114, -34.588189001498534 ], [ -58.359649753777624, -34.588189039367563 ], [ -58.359650590891334, -34.588191648798713 ], [ -58.359651481427321, -34.588194246556682 ], [ -58.359652157081825, -34.588196095950522 ], [ -58.359652426472124, -34.588196835346743 ], [ -58.359653422750355, -34.588199419673195 ], [ -58.35965444193333, -34.588201991399117 ], [ -58.359655481832142, -34.588204557734123 ], [ -58.359656533723879, -34.588207121375021 ], [ -58.35965759433752, -34.588209683220455 ], [ -58.359658676760354, -34.5882122369716 ], [ -58.359659770088363, -34.588214786224874 ], [ -58.359660905941361, -34.5882173219929 ], [ -58.359662074503092, -34.588219849675859 ], [ -58.359663271455126, -34.588222335917457 ], [ -58.359663284500982, -34.588222362971244 ], [ -58.359664535936176, -34.588224860977562 ], [ -58.359664552245157, -34.588224893442671 ], [ -58.359664784957808, -34.588225326323659 ], [ -58.359665844079181, -34.58822733469362 ], [ -58.359667192566192, -34.588229795823977 ], [ -58.359668003901454, -34.588231221663797 ], [ -58.359668582491601, -34.588232240763865 ], [ -58.359670007307926, -34.588234675817723 ], [ -58.359671450657949, -34.588237107281593 ], [ -58.359672907100958, -34.5882395279395 ], [ -58.359673424847479, -34.588240391041587 ], [ -58.359674362447365, -34.588241954004978 ], [ -58.359675253262147, -34.588243450223274 ], [ -58.359675269576734, -34.588243478181262 ], [ -58.359675806893236, -34.588244380962614 ], [ -58.359676538856924, -34.588245649887241 ], [ -58.359677219704807, -34.588246828626104 ], [ -58.359678612883862, -34.588249287090022 ], [ -58.359680034426425, -34.588251725746652 ], [ -58.359680439075376, -34.588252381425256 ], [ -58.359681522488614, -34.588254138318462 ], [ -58.359683095625414, -34.588256504088491 ], [ -58.359684784381223, -34.588258802349849 ], [ -58.359686601828805, -34.588261038522212 ], [ -58.359688491305114, -34.588263200838959 ], [ -58.359688515250532, -34.58826322790199 ], [ -58.359690489755593, -34.588265380375255 ], [ -58.359692523145064, -34.588267511264284 ], [ -58.359694585992465, -34.588269618741272 ], [ -58.359696657565166, -34.58827172171852 ], [ -58.359698709517744, -34.588273825580515 ], [ -58.35969873128883, -34.588273848134584 ], [ -58.359700750556307, -34.588275941151693 ], [ -58.359702791596121, -34.588278055821412 ], [ -58.359704853352966, -34.588280164198736 ], [ -58.359706915160267, -34.588282232011984 ], [ -58.359706936932469, -34.588282253664637 ], [ -58.359709053250974, -34.588284310707067 ], [ -58.359711223020888, -34.588286332639278 ], [ -58.359713131635047, -34.588288005498811 ], [ -58.359713458257495, -34.588288298738753 ], [ -58.359713597617137, -34.588288423253502 ], [ -58.359715183323942, -34.588289734069761 ], [ -58.359715328321343, -34.588289853931123 ], [ -58.359715763314959, -34.588290213516295 ], [ -58.35971814365314, -34.588292068863723 ], [ -58.359720568729834, -34.588293883685033 ], [ -58.359723026536571, -34.588295673294191 ], [ -58.359725503980478, -34.588297448497201 ], [ -58.359727933497851, -34.588299198419591 ], [ -58.359727970523828, -34.588299224592305 ], [ -58.359730429432012, -34.588301005188008 ], [ -58.359732894881148, -34.588302784887794 ], [ -58.359735382152962, -34.588304545676159 ], [ -58.359737882521088, -34.588306292954222 ], [ -58.359740424365711, -34.5883079933934 ], [ -58.359741831468504, -34.588308895109684 ], [ -58.359743008772298, -34.588309650600316 ], [ -58.359743993345532, -34.588310251783923 ], [ -58.359745636843108, -34.588311254660219 ], [ -58.359748307459135, -34.588312829009183 ], [ -58.359751007549825, -34.588314366424726 ], [ -58.359753741492952, -34.588315852487774 ], [ -58.359756499515754, -34.588317257443066 ], [ -58.359756527836659, -34.588317271889871 ], [ -58.359759368766518, -34.588318620125747 ], [ -58.359762241407978, -34.588319885457501 ], [ -58.359765156611388, -34.588321107556922 ], [ -58.359768091481001, -34.588322291813199 ], [ -58.359769555672266, -34.588322862755092 ], [ -58.359771050367705, -34.588323445441347 ], [ -58.359774027813891, -34.588324574746736 ], [ -58.359777005284748, -34.588325684220777 ], [ -58.359780007835781, -34.588326784701771 ], [ -58.359782997320906, -34.588327874354512 ], [ -58.359784423426568, -34.58832839478417 ], [ -58.35978599770003, -34.588328968523527 ], [ -58.359788977360061, -34.588330070787727 ], [ -58.359790562501814, -34.588330669776084 ], [ -58.359791955902274, -34.588331195586477 ], [ -58.359793940867121, -34.58833194815594 ], [ -58.359794934438945, -34.588332324892306 ], [ -58.359797924977507, -34.588333444292552 ], [ -58.359800893767371, -34.588334523110213 ], [ -58.359800924272669, -34.588334533953173 ], [ -58.359803946521779, -34.588335571350605 ], [ -58.359805637469762, -34.588336105526011 ], [ -58.359806989573961, -34.588336533046039 ], [ -58.359808825509319, -34.588337048414445 ], [ -58.359810083966934, -34.588337403741129 ], [ -58.359813203540646, -34.588338184315127 ], [ -58.359814908840278, -34.588338571570496 ], [ -58.359816352623639, -34.588338900011557 ], [ -58.359818084114629, -34.588339261147823 ], [ -58.359819513766595, -34.588339558928446 ], [ -58.359822706568551, -34.588340177308019 ], [ -58.359825896138673, -34.588340765036392 ], [ -58.359829102073789, -34.588341340158593 ], [ -58.35983073991153, -34.588341634509923 ], [ -58.359832304739115, -34.588341915277944 ], [ -58.359835506306702, -34.588342496706268 ], [ -58.359839530550524, -34.588343271736598 ], [ -58.360202321203687, -34.588419034228487 ], [ -58.360397592171587, -34.588459810875463 ], [ -58.360756194397453, -34.588534691540467 ], [ -58.360759028661576, -34.588535283365808 ], [ -58.360823020681018, -34.588548645579472 ], [ -58.360837206175461, -34.588551607656328 ], [ -58.360837193045086, -34.588551649110777 ], [ -58.360837154732835, -34.588551782489326 ], [ -58.360836905633001, -34.588552616185353 ], [ -58.360835916904989, -34.588555925294585 ], [ -58.36083647913572, -34.588556078107239 ], [ -58.360837752872584, -34.588556423520494 ], [ -58.360837912029446, -34.588556466730253 ], [ -58.360849090107514, -34.588559501484625 ], [ -58.360848842108098, -34.588560397389671 ], [ -58.360837098621708, -34.5886028210493 ], [ -58.360818453916828, -34.588670188614032 ], [ -58.360818277902325, -34.588670621149561 ], [ -58.360805110824927, -34.588702875649432 ], [ -58.360805073770749, -34.588702872012611 ], [ -58.360788796120531, -34.588701251102357 ], [ -58.360788692680238, -34.588702052381073 ], [ -58.360787463543446, -34.588711539733744 ], [ -58.360789260803294, -34.588712445455442 ], [ -58.36080200333204, -34.588718866999031 ], [ -58.360801872856285, -34.58871936264341 ], [ -58.360744998312271, -34.588935414075458 ], [ -58.360747010015409, -34.588935773350173 ], [ -58.360760638028914, -34.588938207207612 ], [ -58.360777316256609, -34.588941183297798 ], [ -58.360777327203841, -34.588941144545771 ], [ -58.360852027622499, -34.588670445764308 ], [ -58.360852038576304, -34.588670401603729 ], [ -58.360881022355855, -34.588565924789528 ], [ -58.360881025661129, -34.588565895946743 ], [ -58.360883812193379, -34.58856629581306 ], [ -58.360883913541663, -34.5885663103209 ], [ -58.360887444379621, -34.588566820785459 ], [ -58.360890952340696, -34.588567321315068 ], [ -58.360893343235361, -34.588563265112079 ], [ -58.361129368968982, -34.588611645719155 ], [ -58.361405786323168, -34.588668305157718 ], [ -58.361410150519163, -34.588669199408017 ], [ -58.363223661135827, -34.589039130792564 ], [ -58.363468954440094, -34.589089165097135 ], [ -58.365204178004682, -34.589443096455142 ], [ -58.365222348931439, -34.589446769938078 ], [ -58.365724957890002, -34.589548426135501 ], [ -58.367146469736191, -34.589835923485644 ], [ -58.367995745602514, -34.590007678637093 ], [ -58.367995600522484, -34.59000873228787 ], [ -58.367995238915917, -34.590011363260672 ], [ -58.367964089096446, -34.590237925245845 ], [ -58.367962018381164, -34.59024534324476 ], [ -58.3679108206371, -34.590428713163838 ], [ -58.367719983830263, -34.590499576183412 ], [ -58.367533350617833, -34.590618069809878 ], [ -58.36749027471987, -34.590651035307069 ], [ -58.367490160292213, -34.590651017188755 ], [ -58.367490124328931, -34.590651011751973 ], [ -58.367482627704447, -34.590649805170216 ], [ -58.367472481637613, -34.59064832698197 ], [ -58.367466946528062, -34.59064752036862 ], [ -58.367466079044341, -34.590647394389542 ], [ -58.367462286463869, -34.590646899233995 ], [ -58.367449474517521, -34.590645226045631 ], [ -58.36743283920179, -34.590643292946787 ], [ -58.367416197066284, -34.59064160412607 ], [ -58.367416153472099, -34.5906415995847 ], [ -58.367399445660645, -34.590640152291563 ], [ -58.367397762862673, -34.590640031079829 ], [ -58.367382701607845, -34.590638942042027 ], [ -58.367365937659194, -34.590637972454566 ], [ -58.367349163618172, -34.590637248945498 ], [ -58.367332399106438, -34.590636769727347 ], [ -58.367332367497937, -34.590636768801055 ], [ -58.367329724326602, -34.590636731566953 ], [ -58.367315572192119, -34.590636528433585 ], [ -58.36730182311446, -34.590636532041586 ], [ -58.367301782785063, -34.59063653200986 ], [ -58.367301737005711, -34.590636531973843 ], [ -58.367298764612521, -34.590636535044148 ], [ -58.367295735495524, -34.590636576830967 ], [ -58.367281967663111, -34.590636776030856 ], [ -58.367270108227075, -34.590637120958682 ], [ -58.367265170428404, -34.590637264906469 ], [ -58.367248383814307, -34.590637996271013 ], [ -58.367231629621386, -34.590638969240253 ], [ -58.367231596918714, -34.590638971918779 ], [ -58.36721488386879, -34.590640184696738 ], [ -58.367198171631223, -34.59064163815308 ], [ -58.367181501621161, -34.590643335926146 ], [ -58.367169138437532, -34.590644777479667 ], [ -58.367164862940655, -34.590645276204505 ], [ -58.367160778149483, -34.590645811136362 ], [ -58.367160737813826, -34.590645816513131 ], [ -58.367160706199087, -34.590645820995334 ], [ -58.367158456128749, -34.590646116692447 ], [ -58.367148265404673, -34.590647454488781 ], [ -58.36713170901406, -34.590649869877595 ], [ -58.367125162435201, -34.590650925693858 ], [ -58.367115221012078, -34.590652527800934 ], [ -58.367098781789281, -34.590655419229186 ], [ -58.367082407689018, -34.590658549583772 ], [ -58.367076920486532, -34.590659681952232 ], [ -58.367066109617269, -34.590661913464736 ], [ -58.367049883210832, -34.590665513573015 ], [ -58.367033731741635, -34.590669348108314 ], [ -58.36701766502047, -34.590673416176983 ], [ -58.367001721208055, -34.590677707893533 ], [ -58.36700168304715, -34.590677717779066 ], [ -58.366985797821847, -34.590682243909853 ], [ -58.366970006066154, -34.590687001778136 ], [ -58.366969972263107, -34.590687013469974 ], [ -58.36696910322469, -34.590687290422395 ], [ -58.366958393456002, -34.590690692954134 ], [ -58.366954321953912, -34.590691987789498 ], [ -58.366941330839566, -34.590696337717482 ], [ -58.366938745486067, -34.590697201042524 ], [ -58.366936509015126, -34.590697988923466 ], [ -58.366934803584385, -34.590698588826193 ], [ -58.366923283214888, -34.590702630725367 ], [ -58.36690792640583, -34.590708289451072 ], [ -58.366892700139935, -34.590714167323846 ], [ -58.366877597878187, -34.590720263437163 ], [ -58.366862639243408, -34.590726575102302 ], [ -58.366850618205326, -34.590731869577432 ], [ -58.366847803518475, -34.590733108612859 ], [ -58.366845313755526, -34.590734254157006 ], [ -58.366833107071812, -34.590739847756254 ], [ -58.366818559699709, -34.590746804258771 ], [ -58.366804161418727, -34.590753963697694 ], [ -58.366791241708484, -34.590760646549796 ], [ -58.366791196993027, -34.590760669050013 ], [ -58.366789911129452, -34.590761334185018 ], [ -58.366788005738016, -34.590762358497955 ], [ -58.366775820832082, -34.59076890671605 ], [ -58.366765782107294, -34.590774513741763 ], [ -58.366761898154394, -34.590776683099698 ], [ -58.366758316233771, -34.590778760751277 ], [ -58.366758237702648, -34.590778805760316 ], [ -58.366748138739496, -34.590784660628366 ], [ -58.366734542599836, -34.590792828484979 ], [ -58.366721126069521, -34.590801200203892 ], [ -58.366707896799326, -34.590809757762763 ], [ -58.36669483842789, -34.590818511064327 ], [ -58.366689879358916, -34.590821954181528 ], [ -58.366681970589553, -34.590827447504275 ], [ -58.366669292188071, -34.590836572490346 ], [ -58.36665681740574, -34.590845875216729 ], [ -58.366656784674817, -34.590845902233511 ], [ -58.36665617482624, -34.590846373194978 ], [ -58.366644524437611, -34.59085536017335 ], [ -58.366639933518002, -34.590859029837361 ], [ -58.366632476545725, -34.590864990451998 ], [ -58.366632443815831, -34.590865016567342 ], [ -58.366620576624108, -34.590874849808216 ], [ -58.366611815320098, -34.590882358033582 ], [ -58.366608906524142, -34.590884849967374 ], [ -58.366606060905497, -34.590887378008084 ], [ -58.36660552298504, -34.59088785804051 ], [ -58.366597456400413, -34.590895021570155 ], [ -58.366592778641632, -34.590899317652791 ], [ -58.366586214279806, -34.590905350184364 ], [ -58.366580593544107, -34.590910703790229 ], [ -58.366580498609665, -34.590910794758742 ], [ -58.366580477876902, -34.590910814573611 ], [ -58.366575196501707, -34.590915844837212 ], [ -58.366564403083892, -34.590926490204602 ], [ -58.366560858599676, -34.590930113821059 ], [ -58.366553828563873, -34.590937297099323 ], [ -58.366546084484362, -34.590945506532272 ], [ -58.366543492575104, -34.59094825381851 ], [ -58.366543460924689, -34.59094828894893 ], [ -58.3665406757247, -34.590951348875777 ], [ -58.366533388581864, -34.590959356751341 ], [ -58.36652355040934, -34.590970575276309 ], [ -58.366523522033056, -34.590970606803609 ], [ -58.366513898391219, -34.590981993162643 ], [ -58.366511900868595, -34.590984443449898 ], [ -58.366504505663414, -34.590993518523241 ], [ -58.366504474005644, -34.590993559963607 ], [ -58.36650387798835, -34.590994321193584 ], [ -58.366503844148518, -34.590994364435069 ], [ -58.366503811400769, -34.590994405874561 ], [ -58.366495361297851, -34.591005175687926 ], [ -58.366486093009172, -34.591017480876957 ], [ -58.366486071172808, -34.591017512409451 ], [ -58.366368315731471, -34.591196293773812 ], [ -58.366322851497749, -34.591265331017397 ], [ -58.365900845305667, -34.591906058305767 ], [ -58.36585419227719, -34.591976891855026 ], [ -58.365715562707535, -34.592187369758506 ], [ -58.365196064395654, -34.592976101381971 ], [ -58.365150096112195, -34.593041099386262 ], [ -58.365052433735535, -34.593179198129477 ], [ -58.364399775641488, -34.594171471101667 ], [ -58.364392260503138, -34.594182897756831 ], [ -58.364379757566148, -34.594208879248811 ], [ -58.364372522253561, -34.594236196411423 ], [ -58.36437074727813, -34.594264121953572 ], [ -58.364374479304921, -34.594291914943717 ], [ -58.364383618929374, -34.594318838838397 ], [ -58.364388316920511, -34.594327160074911 ], [ -58.364397923927449, -34.594344177710326 ], [ -58.364417014678345, -34.594367258788672 ], [ -58.364440383953031, -34.594387470495647 ], [ -58.36464099452914, -34.594489234920509 ], [ -58.36466926060703, -34.594495380233596 ], [ -58.364698333291479, -34.594497855598199 ], [ -58.364727521564937, -34.594496602764522 ], [ -58.364756128855262, -34.594491651818316 ], [ -58.364783473747885, -34.594483120296275 ], [ -58.364808906338801, -34.594471211396232 ], [ -58.364831821321822, -34.594456208579103 ], [ -58.36492055137461, -34.594327590317711 ], [ -58.365043741367167, -34.594149019448238 ], [ -58.365195815551552, -34.593917553641809 ], [ -58.365501837694943, -34.593452436081265 ], [ -58.365898296961539, -34.592835303636498 ], [ -58.365902206025453, -34.592828530759299 ], [ -58.365907467028727, -34.592822415196942 ], [ -58.365913922794782, -34.592817140714089 ], [ -58.365921381298364, -34.592812864004998 ], [ -58.365929618935553, -34.592809714695953 ], [ -58.365938389255454, -34.592807785436769 ], [ -58.36594743058707, -34.592807134611057 ], [ -58.365956472585601, -34.592807780933029 ], [ -58.365965243859378, -34.59280970615773 ], [ -58.365973483964119, -34.592812851485 ], [ -58.365980944485457, -34.592817123870262 ], [ -58.366101870208141, -34.592867067139615 ], [ -58.366108517811703, -34.592869277315032 ], [ -58.366115513127362, -34.592870553892688 ], [ -58.366122667620324, -34.592870864271198 ], [ -58.36612978618848, -34.592870199280888 ], [ -58.366136676967209, -34.592868577698965 ], [ -58.366143151334619, -34.59286604174212 ], [ -58.36614903589556, -34.592862662484819 ], [ -58.36615416922303, -34.592858529940941 ], [ -58.366158412754203, -34.592853756678167 ], [ -58.36623410448383, -34.592741243588151 ], [ -58.366202715737941, -34.592726889595838 ], [ -58.366200667603906, -34.592725953190445 ], [ -58.366321525294978, -34.592538018745934 ], [ -58.366987536108397, -34.591502345811016 ], [ -58.36708822715147, -34.591397957489747 ], [ -58.367130852032645, -34.591374715436721 ], [ -58.367172670037171, -34.591369677878035 ], [ -58.367207943600135, -34.591375148451945 ], [ -58.367243174566838, -34.591393957342632 ], [ -58.367253939786288, -34.591406846253179 ], [ -58.367266339931078, -34.591421691636462 ], [ -58.36727161401614, -34.591473199507654 ], [ -58.367263418513531, -34.591504304781502 ], [ -58.367279081606533, -34.591546128723948 ], [ -58.366833491889501, -34.592286419068586 ], [ -58.366504602084547, -34.592790070388709 ], [ -58.366503558177016, -34.592791669586674 ], [ -58.366489694939816, -34.592785477531478 ], [ -58.366384971543582, -34.592939737868477 ], [ -58.366390077691825, -34.592942109060481 ], [ -58.366382217836637, -34.592953161476494 ], [ -58.366380265700073, -34.592955907463569 ], [ -58.366378837214469, -34.59295921004454 ], [ -58.366378248072195, -34.592961546966592 ], [ -58.36637798634959, -34.592962587902349 ], [ -58.366377972114513, -34.592962643779281 ], [ -58.366377697085284, -34.592966695457456 ], [ -58.36637820797548, -34.59297073153423 ], [ -58.36637948964534, -34.592974648333914 ], [ -58.366381510600817, -34.592978345773496 ], [ -58.366384219720068, -34.592981730064338 ], [ -58.366387546254806, -34.592984712810768 ], [ -58.366388023322294, -34.592985022377739 ], [ -58.366391405269752, -34.592987220028597 ], [ -58.366886798195296, -34.593201130698198 ], [ -58.366892649432828, -34.593203003069441 ], [ -58.366898774037182, -34.593204129278071 ], [ -58.366905033604105, -34.593204484876317 ], [ -58.36691128644047, -34.593204061639426 ], [ -58.366917393012372, -34.593202869372874 ], [ -58.36692321376615, -34.593200935009136 ], [ -58.366928620029633, -34.593198301714935 ], [ -58.366939182377564, -34.593190691228394 ], [ -58.366948250626606, -34.59318186083734 ], [ -58.366971939022349, -34.593146819591205 ], [ -58.367010077474298, -34.593087463039424 ], [ -58.367011338619797, -34.593085577356121 ], [ -58.367012185734836, -34.59308353900559 ], [ -58.367012593677337, -34.593081410166249 ], [ -58.367012549292241, -34.593079255730167 ], [ -58.367012053595758, -34.593077139699162 ], [ -58.367011122863296, -34.593075126988531 ], [ -58.367009785365617, -34.593073278015957 ], [ -58.367009030816519, -34.593072556282138 ], [ -58.367008080279867, -34.5930716477991 ], [ -58.367006058777527, -34.593070287759438 ], [ -58.366979902741917, -34.593059888132323 ], [ -58.366977808690656, -34.593059055367412 ], [ -58.367298268552794, -34.592533777330473 ], [ -58.367656232416998, -34.591978110177664 ], [ -58.367696029209675, -34.591979321324793 ], [ -58.367705951620657, -34.591965896990509 ], [ -58.367718465344517, -34.591954044062874 ], [ -58.367733212470313, -34.59194410299876 ], [ -58.367749771934783, -34.591936355613136 ], [ -58.367767671514386, -34.591931023285724 ], [ -58.367786402003517, -34.591928259760799 ], [ -58.367805427035613, -34.591928141239208 ], [ -58.367824204874687, -34.591930673606946 ], [ -58.367842199326454, -34.591935782527997 ], [ -58.367858898256721, -34.591943323374437 ], [ -58.36787382340129, -34.591953081234109 ], [ -58.367886549978522, -34.591964777235752 ], [ -58.36789671539902, -34.591978077570012 ], [ -58.367904027974383, -34.591992603411704 ], [ -58.367908279987951, -34.592007939042887 ], [ -58.367909350945546, -34.592023648982277 ], [ -58.367907209750456, -34.592039282494063 ], [ -58.367901916857981, -34.5920543961251 ], [ -58.367893624272511, -34.592068556409231 ], [ -58.3679312394543, -34.592086473653097 ], [ -58.367930922829103, -34.592086932230053 ], [ -58.367911739696019, -34.592114720734017 ], [ -58.367902443466221, -34.592110539877851 ], [ -58.367278483432578, -34.593117677495584 ], [ -58.367274849875194, -34.593116242275229 ], [ -58.367263615808021, -34.593111806546247 ], [ -58.367233583201511, -34.593162379782591 ], [ -58.367226448114856, -34.593162229937775 ], [ -58.367219372994057, -34.593163014014031 ], [ -58.367212536622503, -34.593164714123688 ], [ -58.367184759606616, -34.593210215013322 ], [ -58.367160226036589, -34.593250404562909 ], [ -58.367152446058348, -34.593263147259123 ], [ -58.367154530285539, -34.593263998041728 ], [ -58.36715620376895, -34.593264680836 ], [ -58.367155881528085, -34.593265275521318 ], [ -58.367152346716594, -34.593271792728999 ], [ -58.367150020632081, -34.59327934662398 ], [ -58.367149294444502, -34.593287119022442 ], [ -58.367150189131564, -34.593294878275245 ], [ -58.36715267879601, -34.593302396301908 ], [ -58.36715597246377, -34.593308396965604 ], [ -58.36716028364949, -34.593313938705109 ], [ -58.367165520925639, -34.593318905164722 ], [ -58.367166382428962, -34.593319515205351 ], [ -58.367171574321809, -34.593323190791196 ], [ -58.368386601378894, -34.593838876015454 ], [ -58.368590612995206, -34.59392630488172 ], [ -58.368599069655716, -34.593929928952299 ], [ -58.368912460747914, -34.594064231129749 ], [ -58.368968322018311, -34.594088170068424 ], [ -58.36906402187158, -34.594129181448793 ], [ -58.369068759609505, -34.5941316667246 ], [ -58.369072949473832, -34.59413475282625 ], [ -58.369073509024041, -34.594135323913328 ], [ -58.369076481464141, -34.594138357639395 ], [ -58.369079263033719, -34.594142387344633 ], [ -58.369081220180512, -34.594146735516986 ], [ -58.369082302891286, -34.59415128853859 ], [ -58.369082480780385, -34.594155926496768 ], [ -58.369081750715964, -34.594160526795591 ], [ -58.369080132454805, -34.594164968659598 ], [ -58.369075219851645, -34.594177383773804 ], [ -58.369049778922168, -34.594241677942243 ], [ -58.3689665055429, -34.594478253326542 ], [ -58.368793061383478, -34.594970987372584 ], [ -58.368750696806032, -34.595091338664744 ], [ -58.368699087092587, -34.595237953837227 ], [ -58.368572741279372, -34.595596877165008 ], [ -58.368044865653317, -34.597096454130018 ], [ -58.367912355981495, -34.597472876569007 ], [ -58.367892841077236, -34.597485611932335 ], [ -58.367871127336251, -34.597495618770218 ], [ -58.367847764446935, -34.597502644211772 ], [ -58.367823348889125, -34.59750650753687 ], [ -58.3677984999389, -34.597507111875942 ], [ -58.367773852041829, -34.597504440598364 ], [ -58.367482131028446, -34.597482191030956 ], [ -58.366599090573708, -34.597414836086614 ], [ -58.366525841920925, -34.597409248668008 ], [ -58.366518380887918, -34.597408799250864 ], [ -58.366510925295493, -34.597409298133925 ], [ -58.366503649568557, -34.597410733737078 ], [ -58.366496724887043, -34.597413072843551 ], [ -58.366490313737479, -34.597416258792634 ], [ -58.366484566634476, -34.597420218688676 ], [ -58.366479618856815, -34.597424857989729 ], [ -58.36647602869197, -34.597428151642738 ], [ -58.36647316071911, -34.597431899284175 ], [ -58.366471096820284, -34.597435991906949 ], [ -58.366469897083491, -34.59744031417673 ], [ -58.366469593266373, -34.59744474082099 ], [ -58.366468559483636, -34.59745447265815 ], [ -58.366467929080805, -34.597460401714358 ], [ -58.366465394253773, -34.597484233310688 ], [ -58.366461372762885, -34.597484410403787 ], [ -58.366456857443502, -34.597484608738966 ], [ -58.366450095501044, -34.597544896810867 ], [ -58.366451896646524, -34.597545684022798 ], [ -58.366452589418621, -34.597545986807035 ], [ -58.366464624281228, -34.597551252552002 ], [ -58.366464876916424, -34.597552038889781 ], [ -58.366468044575115, -34.597561898360134 ], [ -58.366471555021803, -34.597572823680643 ], [ -58.366474371091442, -34.597595021638142 ], [ -58.366473003341341, -34.597617312727898 ], [ -58.366467487271926, -34.597639161533081 ], [ -58.366457954299037, -34.597660042628149 ], [ -58.366444632827665, -34.597679455002606 ], [ -58.366435173146492, -34.597679447493761 ], [ -58.366376132146272, -34.598221141900275 ], [ -58.366094630326174, -34.598202958251498 ], [ -58.366092733742377, -34.59820283573918 ], [ -58.366113821806863, -34.598038716158548 ], [ -58.366159071203384, -34.597686561078845 ], [ -58.366162862403669, -34.597658985127765 ], [ -58.366163057577708, -34.597657565495183 ], [ -58.366159133328885, -34.597657540028443 ], [ -58.366157832878564, -34.597657531589036 ], [ -58.366149926631891, -34.597631246128806 ], [ -58.366147721364065, -34.597608679077673 ], [ -58.366147288466948, -34.597604249132999 ], [ -58.36614998513101, -34.597577255483039 ], [ -58.366157948200055, -34.597550981754878 ], [ -58.366170964290625, -34.597526127281377 ], [ -58.366177879119022, -34.597525713623817 ], [ -58.36618284821126, -34.597448457568007 ], [ -58.366184716614107, -34.597419408915741 ], [ -58.366183641551331, -34.597412130877196 ], [ -58.36618112294201, -34.597405101383714 ], [ -58.366177232506722, -34.597398513396726 ], [ -58.366172100072923, -34.597392575941058 ], [ -58.366172076860913, -34.597392549088248 ], [ -58.366167529924901, -34.597388802062206 ], [ -58.366165796432043, -34.597387373530232 ], [ -58.366158567646053, -34.597383129287678 ], [ -58.366150588759567, -34.597379933703174 ], [ -58.366142078774025, -34.597377875290334 ], [ -58.366058611948958, -34.597373144584466 ], [ -58.366056713145561, -34.597373036964022 ], [ -58.366058872514323, -34.597356231661735 ], [ -58.366059041951132, -34.597354913018314 ], [ -58.365785643611403, -34.597338476451284 ], [ -58.365782745345541, -34.597350399052033 ], [ -58.36550704442557, -34.597329667447255 ], [ -58.364838556648671, -34.597278567294751 ], [ -58.364328686450612, -34.597238086593187 ], [ -58.363834391148345, -34.597197139605356 ], [ -58.363830945136826, -34.597194830732455 ], [ -58.363830288128405, -34.597194390528202 ], [ -58.363826769992187, -34.59719113352547 ], [ -58.363823927114446, -34.597187453404537 ], [ -58.363821832416988, -34.597183444874361 ], [ -58.3638205413707, -34.597179210742247 ], [ -58.36382008436744, -34.597174860105163 ], [ -58.363820250601883, -34.597173015060903 ], [ -58.363820476531551, -34.597170507456084 ], [ -58.363823252026691, -34.597163045039814 ], [ -58.363824216414002, -34.597159660083442 ], [ -58.363824543312049, -34.597158506450477 ], [ -58.363824747331691, -34.597157786459057 ], [ -58.363894124465638, -34.596962297429911 ], [ -58.364404495919914, -34.59552414991218 ], [ -58.364404773825115, -34.595523278461684 ], [ -58.364405062630794, -34.595522407020042 ], [ -58.36440532963551, -34.595521535560735 ], [ -58.36440559664446, -34.595520660495716 ], [ -58.364405852754018, -34.595519784520448 ], [ -58.36440610995362, -34.595518908546069 ], [ -58.36440634426647, -34.595518028947446 ], [ -58.364406590567732, -34.595517151161388 ], [ -58.36440681507333, -34.595516268850552 ], [ -58.364407039578957, -34.595515386539716 ], [ -58.364407264084576, -34.595514504228888 ], [ -58.364407466792443, -34.595513619196119 ], [ -58.364407670591397, -34.595512733262801 ], [ -58.36440786349096, -34.595511846419235 ], [ -58.364408055300466, -34.595510959574781 ], [ -58.364408237301667, -34.595510070919545 ], [ -58.364408409493507, -34.595509181354913 ], [ -58.364408580597427, -34.595508289986583 ], [ -58.364408740799803, -34.595507399510815 ], [ -58.364408902095427, -34.595506506331688 ], [ -58.364409041591173, -34.595505612233453 ], [ -58.364409181085819, -34.595504719036654 ], [ -58.364409319493653, -34.595503823134685 ], [ -58.36440943827953, -34.595502928118258 ], [ -58.36440955597643, -34.595502032199498 ], [ -58.364409674762335, -34.595501137183078 ], [ -58.364409781560866, -34.595500239452662 ], [ -58.364409878550077, -34.595499340812871 ], [ -58.364409964637716, -34.595498443065665 ], [ -58.364410050727521, -34.59549754351562 ], [ -58.364410127004717, -34.595496645760477 ], [ -58.364410191294617, -34.595495745291338 ], [ -58.364410256673487, -34.595494845724495 ], [ -58.364410310062929, -34.595493945246531 ], [ -58.364410353640842, -34.595493045662032 ], [ -58.364410397221974, -34.595492143373271 ], [ -58.364410430990532, -34.595491242879412 ], [ -58.364410463671177, -34.59549034058179 ], [ -58.364410475637719, -34.595489440971676 ], [ -58.364410486517407, -34.595488538656411 ], [ -58.364410498485022, -34.595487638144881 ], [ -58.364410499554282, -34.595486735821666 ], [ -58.364410489719866, -34.595485836193888 ], [ -58.364410470078241, -34.595484933853875 ], [ -58.364410449346543, -34.595484031512989 ], [ -58.364410418802329, -34.595483130967004 ], [ -58.364410377356535, -34.595482231313611 ], [ -58.364410335913945, -34.595481328955955 ], [ -58.364410283568766, -34.5954804283923 ], [ -58.364410220322029, -34.595479528721221 ], [ -58.364410157073159, -34.595478630852988 ], [ -58.364410084017067, -34.595477730272556 ], [ -58.364410010959944, -34.59547683059354 ], [ -58.364409916099696, -34.595475932699685 ], [ -58.36440982123947, -34.595475034805837 ], [ -58.364409726379236, -34.595474136912003 ], [ -58.364409620616392, -34.595473240812176 ], [ -58.364409505045266, -34.59547234290153 ], [ -58.364409377478282, -34.595471449488308 ], [ -58.364409251004552, -34.595470553371669 ], [ -58.364409113627161, -34.595469659950496 ], [ -58.364408965349291, -34.595468766520462 ], [ -58.364408818161458, -34.59546787309133 ], [ -58.364408658980977, -34.59546698145531 ], [ -58.364408500890576, -34.595466089820199 ], [ -58.364408330809631, -34.595465198175347 ], [ -58.364408150915061, -34.595464309226799 ], [ -58.364407961207938, -34.59546342207318 ], [ -58.364407770410764, -34.595462534918646 ], [ -58.364407568713155, -34.595461647755272 ], [ -58.364407368102356, -34.595460763297091 ], [ -58.364407155501048, -34.595459878829161 ], [ -58.364406933087189, -34.595458996156125 ], [ -58.364406699770718, -34.595458115277104 ], [ -58.364406466453218, -34.595457235299492 ], [ -58.364406223323115, -34.595456357116781 ], [ -58.364405979104063, -34.595455478031759 ], [ -58.364405725070348, -34.595454602544493 ], [ -58.364405459047141, -34.595453726146062 ], [ -58.364405194110816, -34.595452852452802 ], [ -58.364404918271852, -34.595451980553527 ], [ -58.364404632619305, -34.595451111350592 ], [ -58.3644043458767, -34.595450242146747 ], [ -58.364404048231478, -34.59544937473693 ], [ -58.364403740775856, -34.595448507319134 ], [ -58.364403433314905, -34.595447644408488 ], [ -58.364403114953475, -34.595446781488967 ], [ -58.364402796589957, -34.595445920372306 ], [ -58.364402467322712, -34.595445061951096 ], [ -58.364402128245089, -34.5954442035219 ], [ -58.36440178807208, -34.595443349598924 ], [ -58.364401438089708, -34.595442494766615 ], [ -58.364401077202601, -34.59544164353111 ], [ -58.364400716314449, -34.595440793197064 ], [ -58.364400344522636, -34.595439945558425 ], [ -58.364399961827139, -34.595439100615238 ], [ -58.364399580219583, -34.595438257475749 ], [ -58.364399186619352, -34.595437416129421 ], [ -58.364398794108126, -34.595436575685348 ], [ -58.364398390692166, -34.595435738838169 ], [ -58.36439797637253, -34.595434904686407 ], [ -58.364397562052908, -34.595434070534637 ], [ -58.364397136828558, -34.59543323997972 ], [ -58.364396712691047, -34.595432412129945 ], [ -58.364396276559823, -34.595431586974726 ], [ -58.36439583061609, -34.595430763614402 ], [ -58.364395384670182, -34.59542994205691 ], [ -58.364394927820641, -34.59542912319484 ], [ -58.364394460068496, -34.595428306126792 ], [ -58.364393993403176, -34.595427491763878 ], [ -58.364393514742041, -34.595426681898367 ], [ -58.364393037168817, -34.595425873836575 ], [ -58.364392547602954, -34.595425067567895 ], [ -58.364392048223465, -34.59542426399554 ], [ -58.364391548841866, -34.595423462226023 ], [ -58.36439104945385, -34.595422665865023 ], [ -58.364390529356037, -34.595421868585838 ], [ -58.364390008159624, -34.59542107851712 ], [ -58.364389488054343, -34.595420287547874 ], [ -58.364388955952151, -34.59541950197741 ], [ -58.36438841403848, -34.595418717300447 ], [ -58.36438787212056, -34.595417936229147 ], [ -58.364387319297883, -34.595417158754692 ], [ -58.364386767562074, -34.595416383985402 ], [ -58.364386203833632, -34.595415611009237 ], [ -58.364385630289419, -34.595414842532215 ], [ -58.364385055653059, -34.595414075857171 ], [ -58.364384482103532, -34.595413311887242 ], [ -58.364383886747753, -34.595412552406763 ], [ -58.364383302288175, -34.595411796540802 ], [ -58.364382696023405, -34.59541104426286 ], [ -58.364382100658027, -34.59541029289516 ], [ -58.364381484575368, -34.5954095469192 ], [ -58.364380867398417, -34.595408804548029 ], [ -58.36438025131153, -34.595408062177775 ], [ -58.364379624315617, -34.595407327010022 ], [ -58.364378986417115, -34.595406593636298 ], [ -58.364378348516482, -34.595405862065398 ], [ -58.364377699706864, -34.595405137697043 ], [ -58.364377050897261, -34.59540441332868 ], [ -58.364376392269762, -34.595403695262313 ], [ -58.364375733639065, -34.595402979900193 ], [ -58.36437506301575, -34.595402266331213 ], [ -58.364374393477135, -34.595401557270208 ], [ -58.364373713033793, -34.595400851806069 ], [ -58.364373021683583, -34.595400151741593 ], [ -58.364372330331257, -34.59539945347997 ], [ -58.364371640063645, -34.595398759726343 ], [ -58.364370937802335, -34.595398068667258 ], [ -58.364370235534601, -34.595397383016682 ], [ -58.364369523452211, -34.595396700963867 ], [ -58.364368800465087, -34.595396022507877 ], [ -58.364368077475831, -34.595395345854712 ], [ -58.364367354478048, -34.595394676412944 ], [ -58.364366620577677, -34.595394008765162 ], [ -58.364365876861562, -34.595393345616522 ], [ -58.364365132048974, -34.595392687875545 ], [ -58.364364387235341, -34.595392031035985 ], [ -58.364363632602782, -34.595391381399828 ], [ -58.364363058738199, -34.59539088875276 ], [ -58.364362877968055, -34.595390733566518 ], [ -58.364362299613042, -34.59539024822638 ], [ -58.36436211133752, -34.59539009023058 ], [ -58.364361335981279, -34.595389451394695 ], [ -58.364360569340072, -34.595388817072951 ], [ -58.364359783072693, -34.595388187242435 ], [ -58.364359006610378, -34.595387561926977 ], [ -58.364358208342921, -34.595386940199511 ], [ -58.364357422062746, -34.595386321186012 ], [ -58.364356623783557, -34.595385709374177 ], [ -58.364355815689663, -34.59538510116009 ], [ -58.364355007592557, -34.595384495650237 ], [ -58.364354199488012, -34.595383896450336 ], [ -58.3643533804809, -34.595383299044443 ], [ -58.364352550564732, -34.595382708841072 ], [ -58.364351731546925, -34.595382120449386 ], [ -58.364350891810773, -34.595381538350843 ], [ -58.364350061881858, -34.595380958964512 ], [ -58.364349221043895, -34.595380386780725 ], [ -58.364348370391305, -34.595379818194665 ], [ -58.364347519733371, -34.59537925411567 ], [ -58.364346669070073, -34.595378694543832 ], [ -58.364345806410974, -34.595378139469361 ], [ -58.364344944837633, -34.59537758800144 ], [ -58.364344083257897, -34.595377041942037 ], [ -58.364343211863485, -34.595376499480373 ], [ -58.364342328470016, -34.595375964220338 ], [ -58.364341455971683, -34.595375433476278 ], [ -58.36434056276034, -34.595374904518231 ], [ -58.364339679351964, -34.595374381878088 ], [ -58.364338786124598, -34.595373866441371 ], [ -58.364337892895136, -34.595373352807478 ], [ -58.364336988759867, -34.595372843671868 ], [ -58.364336084616063, -34.595372341747606 ], [ -58.36433518046799, -34.595371843429021 ], [ -58.364334265410911, -34.595371352312974 ], [ -58.364333350351693, -34.595370862999758 ], [ -58.364332424384564, -34.595370379987671 ], [ -58.36433149950215, -34.595369901483537 ], [ -58.364330573523262, -34.595369428387073 ], [ -58.364329647540131, -34.595368958896259 ], [ -58.36432871173912, -34.595368495707454 ], [ -58.364327775932729, -34.595368037025736 ], [ -58.36432682921739, -34.595367585546562 ], [ -58.36432588140984, -34.595367135869317 ], [ -58.364324934682728, -34.59536669430576 ], [ -58.364323977050908, -34.595366256339041 ], [ -58.364323019412687, -34.59536582378086 ], [ -58.364322062858079, -34.595365396632062 ], [ -58.364321105209179, -34.595364973088067 ], [ -58.364320136651273, -34.595364556746588 ], [ -58.364319168089111, -34.595364144010823 ], [ -58.364318189707973, -34.595363738478433 ], [ -58.364317221135117, -34.595363334756847 ], [ -58.364316242741168, -34.595362940041504 ], [ -58.364315253443579, -34.595362548021583 ], [ -58.364314273946775, -34.595362164122427 ], [ -58.364313284636367, -34.595361782919568 ], [ -58.36431229531847, -34.595361408026633 ], [ -58.364311295094808, -34.595361037631967 ], [ -58.364310304674049, -34.595360673555184 ], [ -58.364309305527591, -34.595360313978446 ], [ -58.364308294383179, -34.595359960701927 ], [ -58.364307294132779, -34.595359612842763 ], [ -58.364306282975541, -34.595359270383312 ], [ -58.36430527181188, -34.595358933332349 ], [ -58.364304261730815, -34.595358602592214 ], [ -58.364303239654937, -34.595358275448049 ], [ -58.364302111879923, -34.595357918471166 ], [ -58.364141442323628, -34.595318405763742 ], [ -58.364140421301443, -34.595318110168847 ], [ -58.364139388284492, -34.59531781816991 ], [ -58.364138356349038, -34.595317533383188 ], [ -58.364137313509929, -34.595317251291874 ], [ -58.364136281566964, -34.595316972815127 ], [ -58.364135238717154, -34.595316699738028 ], [ -58.364134206763516, -34.59531643027546 ], [ -58.364133163906196, -34.595316163508279 ], [ -58.364132121041401, -34.595315903051066 ], [ -58.364131067271884, -34.595315646190649 ], [ -58.36413002439641, -34.595315394747637 ], [ -58.364128981515556, -34.595315147811704 ], [ -58.364127927732135, -34.59531490266977 ], [ -58.364126873941188, -34.595314663837755 ], [ -58.364125820144928, -34.595314429512854 ], [ -58.364124767435499, -34.595314197893089 ], [ -58.364123713628508, -34.595313972582389 ], [ -58.364122659818328, -34.595313749975936 ], [ -58.364121595101267, -34.595313532769147 ], [ -58.364120542368276, -34.595313320980644 ], [ -58.364119477642674, -34.595313110985217 ], [ -58.364118423808932, -34.595312908210005 ], [ -58.364117360163725, -34.595312706328258 ], [ -58.36411629541886, -34.595312512558372 ], [ -58.364115231762959, -34.595312319690791 ], [ -58.364114156107973, -34.595312134024873 ], [ -58.364113092440292, -34.595311951072929 ], [ -58.364112027676143, -34.595311773528593 ], [ -58.364110953095143, -34.595311601384843 ], [ -58.364109888322432, -34.59531143105189 ], [ -58.364108813730738, -34.595311267922334 ], [ -58.364107739137999, -34.595311105694179 ], [ -58.364106663445561, -34.595310951577936 ], [ -58.364105588839948, -34.595310800166821 ], [ -58.364104514230057, -34.595310652361377 ], [ -58.36410343852264, -34.595310510865019 ], [ -58.364102363900969, -34.595310372975206 ], [ -58.364101289275013, -34.59531023869107 ], [ -58.364100203742183, -34.595310109806604 ], [ -58.364099129104446, -34.595309985438092 ], [ -58.364098042469813, -34.595309866468355 ], [ -58.36409696782458, -34.595309748409782 ], [ -58.364095882270341, -34.595309637553697 ], [ -58.364094796710745, -34.595309531204734 ], [ -58.364093722046228, -34.595309429371738 ], [ -58.364092636476997, -34.595309331135532 ], [ -58.36409154981127, -34.595309238306974 ], [ -58.364090464231332, -34.595309149084962 ], [ -58.364089378644955, -34.595309065271486 ], [ -58.364088293054301, -34.59530898506371 ], [ -58.364087207458283, -34.595308909362984 ], [ -58.364086121854754, -34.59530883997224 ], [ -58.364085036248021, -34.59530877328573 ], [ -58.364083950635944, -34.595308711106327 ], [ -58.364082865019547, -34.595308652532609 ], [ -58.364081768494145, -34.595308601161385 ], [ -58.364080682867069, -34.595308551601867 ], [ -58.364079597231409, -34.595308509253719 ], [ -58.364078500693161, -34.595308468699514 ], [ -58.364077415046758, -34.595308435365538 ], [ -58.364076329399317, -34.595308402933014 ], [ -58.36407523284177, -34.595308378604379 ], [ -58.364074147180396, -34.595308357890289 ], [ -58.364073061516855, -34.595308338979045 ], [ -58.364071964944337, -34.595308327270281 ], [ -58.364070879266855, -34.595308320077507 ], [ -58.364069782684666, -34.595308316481514 ], [ -58.364068696996497, -34.595308318302948 ], [ -58.364067611304044, -34.595308323730038 ], [ -58.364066514705762, -34.595308333655368 ], [ -58.364065429001485, -34.595308348998053 ], [ -58.364064343292952, -34.595308367946473 ], [ -58.364063246678597, -34.595308391393083 ], [ -58.364062160960415, -34.595308418454231 ], [ -58.364061064335338, -34.595308450915049 ], [ -58.364059978603223, -34.595308489694695 ], [ -58.364058892868947, -34.595308530277144 ], [ -58.364057807128226, -34.595308576268117 ], [ -58.364056710480639, -34.595308627658767 ], [ -58.364055624730284, -34.595308681762532 ], [ -58.364054538971359, -34.595308743077673 ], [ -58.364053453210254, -34.595308806195625 ], [ -58.364052367441687, -34.595308875623509 ], [ -58.364051281667741, -34.595308949558529 ], [ -58.364050195891629, -34.595309025296359 ], [ -58.364049110106961, -34.595309108245537 ], [ -58.364048024316929, -34.595309195701859 ], [ -58.364046938522591, -34.595309286763843 ], [ -58.364045852725056, -34.595309380530075 ], [ -58.364044766918937, -34.595309481507655 ], [ -58.364043690918919, -34.595309586098928 ], [ -58.364042605103137, -34.595309695189293 ], [ -58.364041519282004, -34.595309808786766 ], [ -58.364040444355936, -34.5953099269002 ], [ -58.364039369424503, -34.595310049520755 ], [ -58.36403828358835, -34.595310175738106 ], [ -58.364037207556144, -34.595310307371953 ], [ -58.364036132609726, -34.595310442612359 ], [ -58.364035057656835, -34.595310583261316 ], [ -58.364033971799223, -34.595310727507048 ], [ -58.364032906644944, -34.595310878079609 ], [ -58.364031831677039, -34.595311031348402 ], [ -58.36403075561374, -34.595311189123422 ], [ -58.364029680635099, -34.595311351406451 ], [ -58.364028616552631, -34.595311517304019 ], [ -58.364027540471085, -34.595311690403186 ], [ -58.364026476376814, -34.595311866216349 ], [ -58.364025400287737, -34.595312045625462 ], [ -58.364024336183796, -34.595312229551425 ], [ -58.36402327098444, -34.595312417983592 ], [ -58.364022206867638, -34.595312612726595 ], [ -58.364021141657545, -34.59531281017297 ], [ -58.364020077532139, -34.595313012127328 ], [ -58.364019023212855, -34.595313217695342 ], [ -58.364017957984522, -34.595313430465843 ], [ -58.364016904744553, -34.595313645048947 ], [ -58.364015839508674, -34.595313864129416 ], [ -58.364014785166844, -34.595314088627234 ], [ -58.364013731911839, -34.595314315830215 ], [ -58.364012677557106, -34.595314551145108 ], [ -58.364011634101786, -34.595314787370278 ], [ -58.364010579739521, -34.595315028995067 ], [ -58.364009525373, -34.595315274225584 ], [ -58.364008481900498, -34.595315524873456 ], [ -58.364007438423677, -34.59531577912702 ], [ -58.36400639494147, -34.595316037887677 ], [ -58.364005351453933, -34.595316301155457 ], [ -58.364004307960997, -34.595316568930322 ], [ -58.364003275366379, -34.595316838516879 ], [ -58.364002231862699, -34.595317115305932 ], [ -58.364001199254119, -34.595317396610973 ], [ -58.364000166641226, -34.595317681521706 ], [ -58.363999132935078, -34.59531796913577 ], [ -58.363998100311463, -34.595318263060697 ], [ -58.363997067684622, -34.595318559689851 ], [ -58.363996045950714, -34.595318862637846 ], [ -58.363995012224159, -34.595319167378904 ], [ -58.363993990482697, -34.595319476636824 ], [ -58.363992967645864, -34.595319790400964 ], [ -58.363991956793058, -34.595320109583383 ], [ -58.363990933946546, -34.59532043146028 ], [ -58.363989923084098, -34.595320758755477 ], [ -58.363988900225749, -34.595321090548019 ], [ -58.36398788826358, -34.595321425955099 ], [ -58.3639868871986, -34.595321764075301 ], [ -58.363985876314672, -34.595322109398907 ], [ -58.36398487523897, -34.595322456533331 ], [ -58.363983863255292, -34.595322809968806 ], [ -58.363982862169919, -34.595323165215994 ], [ -58.363981861078109, -34.59532352587172 ], [ -58.363980870882443, -34.595323890141991 ], [ -58.363979869780962, -34.595324258910487 ], [ -58.363978879576685, -34.595324630392099 ], [ -58.363977889364904, -34.595325008183686 ], [ -58.363976899150984, -34.595325387778075 ], [ -58.363975918742071, -34.595325771887573 ], [ -58.363974939417822, -34.59532616050506 ], [ -58.363973949186708, -34.595326554522195 ], [ -58.36397297966321, -34.595326951260432 ], [ -58.363972000322853, -34.59532735339922 ], [ -58.363971019890293, -34.595327757339952 ], [ -58.363970051441804, -34.595328166698955 ], [ -58.363969081898958, -34.595328579662777 ], [ -58.36396812325119, -34.595328997142552 ], [ -58.363967153698674, -34.595329418219151 ], [ -58.363966195043361, -34.595329842008852 ], [ -58.363965237469522, -34.595330273010816 ], [ -58.363964277713436, -34.595330705813872 ], [ -58.363963331032508, -34.595331143134651 ], [ -58.363962371268897, -34.595331582247638 ], [ -58.363961424577212, -34.595332028582618 ], [ -58.363960476793331, -34.595332476719548 ], [ -58.363959538814484, -34.59533292937158 ], [ -58.363958601920324, -34.595333386531586 ], [ -58.363957665023989, -34.595333845494459 ], [ -58.363956727029027, -34.595334311667763 ], [ -58.363955801022414, -34.595334779653697 ], [ -58.363954863023139, -34.595335249432701 ], [ -58.363953937005753, -34.595335726432836 ], [ -58.363953020796622, -34.59533620524379 ], [ -58.363952094771712, -34.595336688553843 ], [ -58.363951178551829, -34.595337176379019 ], [ -58.363950262328743, -34.595337666908421 ], [ -58.363949356998575, -34.595338163756665 ], [ -58.363948451669437, -34.595338659703472 ], [ -58.36394754633173, -34.595339162861642 ], [ -58.363946640990797, -34.595339668724101 ], [ -58.363945746546015, -34.595340178201077 ], [ -58.363944851004725, -34.595340693085696 ], [ -58.363943956551338, -34.595341209774062 ], [ -58.363943062093639, -34.595341730068093 ], [ -58.363942177439903, -34.59534225577864 ], [ -58.363941293874049, -34.595342783292892 ], [ -58.363940409213832, -34.595343314411984 ], [ -58.363939535447642, -34.595343850948431 ], [ -58.363938662769336, -34.595344389288613 ], [ -58.363937788995614, -34.595344932135021 ], [ -58.363936926119116, -34.595345477694558 ], [ -58.363936062148241, -34.595346026858884 ], [ -58.363935200352103, -34.595346580532095 ], [ -58.363934347269876, -34.595347139620941 ], [ -58.363933485466205, -34.595347699604083 ], [ -58.363932643280094, -34.595348262307461 ], [ -58.363931791278205, -34.595348829509966 ], [ -58.363930950171437, -34.595349401228447 ], [ -58.363930107972401, -34.595349974748878 ], [ -58.363929277758537, -34.595350552786186 ], [ -58.363928434458735, -34.595351135319923 ], [ -58.363927614046645, -34.595351720576573 ], [ -58.363926784912024, -34.595352307628964 ], [ -58.363925964490285, -34.595352900998385 ], [ -58.36392514406851, -34.595353494367821 ], [ -58.363924323641349, -34.595354092244364 ], [ -58.363923514109274, -34.59535469463686 ], [ -58.363922704575046, -34.595355298832217 ], [ -58.363921904844759, -34.595355908444077 ], [ -58.363921106203456, -34.595356518958255 ], [ -58.363920307555667, -34.595357134880949 ], [ -58.363919518716173, -34.595357752614468 ], [ -58.363918728781236, -34.5953583748542 ], [ -58.363917942114263, -34.595358998899449 ], [ -58.363917153260765, -34.595359628351432 ], [ -58.36391637530663, -34.595360258713718 ], [ -58.363915608246522, -34.595360894493417 ], [ -58.363914829193739, -34.595361532066178 ], [ -58.363914074116543, -34.595362174165558 ], [ -58.363913307048875, -34.595362816255182 ], [ -58.363912550874126, -34.595363464663642 ], [ -58.3639117936061, -34.595364115775475 ], [ -58.363911037425986, -34.59536476869102 ], [ -58.363910291054083, -34.595365423417391 ], [ -58.363909556666258, -34.595366083562062 ], [ -58.363908810283597, -34.595366747302656 ], [ -58.363908074798204, -34.595367413756378 ], [ -58.363907350211079, -34.595368082021835 ], [ -58.363906625620722, -34.595368752991533 ], [ -58.363905901026072, -34.595369427566922 ], [ -58.363905176428197, -34.595370104846573 ], [ -58.36390446272538, -34.595370786642221 ], [ -58.36390375883083, -34.595371470248672 ], [ -58.36390304512264, -34.59537215655142 ], [ -58.363902341219465, -34.595372847369234 ], [ -58.363901649304644, -34.59537353999967 ], [ -58.36390095520759, -34.595374234431191 ], [ -58.363900263287356, -34.595374931568728 ], [ -58.363899582262228, -34.595375633222226 ], [ -58.363898899054846, -34.595376336676814 ], [ -58.363898218024339, -34.595377042837455 ], [ -58.363897546799919, -34.595377752611732 ], [ -58.36389688538268, -34.5953784650983 ], [ -58.363896214151801, -34.595379180281121 ], [ -58.363895553819226, -34.595379897275656 ], [ -58.36389490220165, -34.595380618784397 ], [ -58.363894251675141, -34.595381339392603 ], [ -58.363893603319092, -34.595382068115384 ], [ -58.363892963684449, -34.595382795943848 ], [ -58.363892324047661, -34.595383525575137 ], [ -58.363891695304886, -34.595384260623867 ], [ -58.36389106656101, -34.595384996573969 ], [ -58.363890436722784, -34.595385736128904 ], [ -58.363889817782876, -34.595386477495538 ], [ -58.363889201020868, -34.595387220666794 ], [ -58.363888592977105, -34.595387965648001 ], [ -58.363887984926869, -34.595388716037718 ], [ -58.363887388864995, -34.595389468240064 ], [ -58.363886791710925, -34.595390222244355 ], [ -58.363886194555768, -34.595390977150061 ], [ -58.363885608294581, -34.595391737473172 ], [ -58.363885022032349, -34.59539249869772 ], [ -58.363884446668393, -34.595393261733967 ], [ -58.36388387021119, -34.595394027473603 ], [ -58.363883294839702, -34.595394796819804 ], [ -58.363882729277556, -34.595395567075421 ], [ -58.363882175701626, -34.595396340946486 ], [ -58.363881621034558, -34.595397115718079 ], [ -58.363881066363163, -34.595397894095363 ], [ -58.363880522588993, -34.595398675185791 ], [ -58.363879978815937, -34.59539945537481 ], [ -58.363879445936846, -34.595400240981206 ], [ -58.363878913055622, -34.595401028390469 ], [ -58.36387838017437, -34.595401815799711 ], [ -58.363877857098146, -34.595402607724083 ], [ -58.363877344922408, -34.595403399657293 ], [ -58.36387683383132, -34.595404196098521 ], [ -58.363876320557999, -34.595404994340832 ], [ -58.363875820365216, -34.595405792593759 ], [ -58.363875319076975, -34.595406595352927 ], [ -58.363874828689219, -34.595407398120976 ], [ -58.363874337208195, -34.595408203592385 ], [ -58.363873856625453, -34.595409010875514 ], [ -58.363873378220653, -34.59540981996328 ], [ -58.36387289763254, -34.595410631753538 ], [ -58.363872427942731, -34.595411445355495 ], [ -58.363871969150132, -34.595412261670624 ], [ -58.363871510355416, -34.595413079788578 ], [ -58.36387105264965, -34.595413898808829 ], [ -58.363870444175895, -34.595415004358642 ], [ -58.363865781981488, -34.59542786295976 ], [ -58.363441761523923, -34.596597080949081 ], [ -58.363420573381958, -34.596658589298244 ], [ -58.363420289989385, -34.596658569234997 ], [ -58.363212936453309, -34.596641723022223 ], [ -58.363013958254847, -34.596620094984395 ], [ -58.362786168721968, -34.59657220789363 ], [ -58.362486307274231, -34.596500409216645 ], [ -58.361944395657034, -34.596249534318332 ], [ -58.361108474354133, -34.595862464000533 ], [ -58.361108863986424, -34.59586143664071 ], [ -58.361102917478824, -34.595858726555953 ], [ -58.361100861695078, -34.595857790059014 ], [ -58.361122610479349, -34.595824818008495 ], [ -58.361122942470963, -34.595824315292688 ], [ -58.361104927306691, -34.595816190107861 ], [ -58.360932591994704, -34.595738467620386 ], [ -58.360915357836383, -34.595766900966161 ], [ -58.360911529946016, -34.59576503458787 ], [ -58.360911489280525, -34.595765092170858 ], [ -58.360473366830533, -34.595553649363232 ], [ -58.3604316649336, -34.595534751833561 ], [ -58.360384990605041, -34.595516027003761 ], [ -58.360336894244767, -34.59546724061817 ], [ -58.360333308594093, -34.59546528559482 ], [ -58.360332362310253, -34.595462643661307 ], [ -58.360319101144903, -34.595449192226226 ], [ -58.360329608794437, -34.59533821793876 ], [ -58.360369859316329, -34.595216695052038 ], [ -58.360355515268751, -34.595154075542411 ], [ -58.360324107476671, -34.595086340481245 ], [ -58.360324029201628, -34.595086171849132 ], [ -58.36031956101759, -34.595076533672923 ], [ -58.360229506719506, -34.59501683213788 ], [ -58.360229217869751, -34.595016822879664 ], [ -58.360225337462765, -34.595016700771794 ], [ -58.360181060581652, -34.595015307466987 ], [ -58.360132172994554, -34.595013769783755 ], [ -58.360060096951656, -34.594992838187189 ], [ -58.359861817425546, -34.59499267027617 ], [ -58.359517030938498, -34.594964345988714 ], [ -58.359306520727664, -34.594942701194483 ], [ -58.359202870282438, -34.594941428349884 ], [ -58.358859698516284, -34.594914900118191 ], [ -58.358758170123856, -34.594928658132545 ], [ -58.358724172302189, -34.594945606396855 ], [ -58.35869297746931, -34.594956064106903 ], [ -58.358660287519726, -34.594962703001841 ], [ -58.358626783906971, -34.594965384845949 ], [ -58.358593161061592, -34.594964054346185 ], [ -58.358570821234046, -34.594958384156733 ], [ -58.358549226971377, -34.594950998294387 ], [ -58.358484369484025, -34.594924110855402 ], [ -58.358264324248815, -34.594910903305077 ], [ -58.357794737574359, -34.594882716981381 ], [ -58.357640302530548, -34.59487344682163 ], [ -58.357066949107107, -34.594839027596414 ], [ -58.356546036116463, -34.59480775516316 ], [ -58.355826317935616, -34.594764542912195 ], [ -58.354943058448278, -34.594711506339074 ], [ -58.354148001193785, -34.594663760635655 ], [ -58.353809106753125, -34.594714931873575 ], [ -58.353735782780809, -34.594726003138625 ], [ -58.350963684371919, -34.595144536317221 ], [ -58.350939979575038, -34.595185537332547 ], [ -58.350952655728264, -34.595196043365164 ], [ -58.35095565557301, -34.595188979974914 ], [ -58.350956706092155, -34.595186506437699 ], [ -58.354116275376839, -34.594701459496832 ], [ -58.354124581920018, -34.59470196603084 ], [ -58.354158146942886, -34.594704012824174 ], [ -58.35464908298016, -34.594733937361688 ], [ -58.356587660362628, -34.594852085677431 ], [ -58.356674757599706, -34.594857392767089 ], [ -58.356683843948289, -34.594857570173581 ], [ -58.356692863938768, -34.594858495702226 ], [ -58.356706211161502, -34.594861306279299 ], [ -58.356718891374094, -34.594865750551662 ], [ -58.35673061584567, -34.594871727308004 ], [ -58.356741114421915, -34.594879099296442 ], [ -58.356741989338083, -34.594879932370574 ], [ -58.356743000079469, -34.594880894774157 ], [ -58.356795931047749, -34.594910176823944 ], [ -58.356851564569538, -34.594935802333595 ], [ -58.3568240443226, -34.59493065734187 ], [ -58.356795941362208, -34.594928572165308 ], [ -58.356767752697436, -34.594929583294309 ], [ -58.356755228112767, -34.594950936978165 ], [ -58.356729537264847, -34.594957500338474 ], [ -58.356705055181436, -34.594966692396348 ], [ -58.356577812212009, -34.595007784308685 ], [ -58.356487759600192, -34.595028803474101 ] ] ] } },
{ "type": "Feature", "properties": { "id": 31.0, "comuna": 3.0, "perimetro_": 5987.23, "area_metro": 2043711.12, "nam": "San Cristobal", "cca": null, "cde": null, "fna": null, "gna": null, "ara3": null, "arl": null }, "geometry": { "type": "Polygon", "coordinates": [ [ [ -58.391173008226353, -34.627251694414575 ], [ -58.391173727925043, -34.62725170211305 ], [ -58.39162378993101, -34.627256515514745 ], [ -58.392162421944093, -34.62726227398673 ], [ -58.392162595326269, -34.627262275890693 ], [ -58.392297628893985, -34.62728625116339 ], [ -58.393209199646442, -34.627448095270303 ], [ -58.394295928673841, -34.627641110872339 ], [ -58.394466845490548, -34.627671453906522 ], [ -58.395054478543145, -34.62777577499638 ], [ -58.395348505462614, -34.627827971730923 ], [ -58.395411597604941, -34.62783910070894 ], [ -58.395485344473641, -34.627852109055176 ], [ -58.396740887411106, -34.628073569123828 ], [ -58.396809957093517, -34.628085751599528 ], [ -58.396868646850031, -34.628096205773424 ], [ -58.398435474730327, -34.628375849540696 ], [ -58.398520268415822, -34.628390982538285 ], [ -58.398596981710178, -34.62840467342906 ], [ -58.399733018182133, -34.628538653586617 ], [ -58.399909357127427, -34.628559449126783 ], [ -58.400845645371504, -34.628662819976228 ], [ -58.4011036765122, -34.628691966664903 ], [ -58.401243816878001, -34.62870778491466 ], [ -58.401673387853535, -34.628756272301459 ], [ -58.401917973941039, -34.628783879006058 ], [ -58.402388465906057, -34.628836982528448 ], [ -58.403545564267894, -34.628967626782114 ], [ -58.405456577442017, -34.629183268470186 ], [ -58.405648335944953, -34.629204908554279 ], [ -58.406506674018743, -34.629301751235715 ], [ -58.406515803998118, -34.629302781299266 ], [ -58.406727850124156, -34.62932672117676 ], [ -58.406753820324148, -34.629329653170089 ], [ -58.408366944026014, -34.629514687937679 ], [ -58.409428899530923, -34.629774601381143 ], [ -58.409584236114227, -34.629814106921678 ], [ -58.409698968241713, -34.629843285812377 ], [ -58.409871330441675, -34.629887120766469 ], [ -58.410036243025964, -34.629926770546284 ], [ -58.410052625250344, -34.629930785293929 ], [ -58.410208270885072, -34.629968928821711 ], [ -58.410520759500862, -34.630045508601114 ], [ -58.410829629989145, -34.630121201411718 ], [ -58.410977975381137, -34.630157554416833 ], [ -58.411056114275773, -34.630176703218702 ], [ -58.411583579846486, -34.6303059616205 ], [ -58.411781630067345, -34.630354566952114 ], [ -58.411788176104437, -34.630235018274938 ], [ -58.411844617879368, -34.629204299550437 ], [ -58.411876498427176, -34.628622687426471 ], [ -58.411933366464112, -34.627585024039398 ], [ -58.411964760582428, -34.627012136359582 ], [ -58.411974009113308, -34.626843366794809 ], [ -58.411992644985581, -34.626503347003954 ], [ -58.41206751576626, -34.625136955123665 ], [ -58.412096414650719, -34.624968091888533 ], [ -58.412128988748357, -34.624776976861263 ], [ -58.412222071731826, -34.623991442983481 ], [ -58.412335789679922, -34.623031761619615 ], [ -58.412044226034155, -34.622973680925369 ], [ -58.412358735669578, -34.621867461458955 ], [ -58.412439143167191, -34.621882284593582 ], [ -58.412546212099379, -34.620641257961523 ], [ -58.410814237269562, -34.620335169284367 ], [ -58.410521572286022, -34.62028342233522 ], [ -58.410081478195259, -34.620192736747207 ], [ -58.409254524134504, -34.620022371802058 ], [ -58.407782897188717, -34.619719101757234 ], [ -58.40638981082396, -34.619432047319435 ], [ -58.405037785588867, -34.619153448290746 ], [ -58.403515598253875, -34.618839186391725 ], [ -58.402249401321036, -34.618754756124524 ], [ -58.400983039878888, -34.618666297708607 ], [ -58.4002968358825, -34.618618408886249 ], [ -58.400042148452471, -34.61860250224403 ], [ -58.399245805292637, -34.618552650155685 ], [ -58.398965818014489, -34.618537854753924 ], [ -58.39751750090732, -34.618461306334133 ], [ -58.395992781437933, -34.61838068456894 ], [ -58.394499069795422, -34.618301681991703 ], [ -58.393202039786601, -34.618233054989382 ], [ -58.393005786251045, -34.61822266047087 ], [ -58.392296479325175, -34.618187859635547 ], [ -58.39203116032602, -34.618174840764205 ], [ -58.391700238539833, -34.618158097826793 ], [ -58.391669181550022, -34.619108231580967 ], [ -58.391625886454676, -34.620223431284813 ], [ -58.391613689180282, -34.620538357446456 ], [ -58.391613672544061, -34.620538683750418 ], [ -58.391556930400284, -34.621558758430737 ], [ -58.391491687726834, -34.62273260725982 ], [ -58.39146059522357, -34.623424286348026 ], [ -58.391454641864591, -34.623552988308717 ], [ -58.391447281826103, -34.623712078064798 ], [ -58.391434552788368, -34.623987235826888 ], [ -58.391406354268064, -34.624284616145808 ], [ -58.391332191833612, -34.625227330003014 ], [ -58.391245451537607, -34.626331516314707 ], [ -58.391221843430138, -34.626631434876167 ], [ -58.391189460890899, -34.627042758112523 ], [ -58.391173008226353, -34.627251694414575 ] ] ] } },
{ "type": "Feature", "properties": { "id": 32.0, "comuna": 1.0, "perimetro_": 6548.08, "area_metro": 2289007.58, "nam": "San Nicolas", "cca": null, "cde": null, "fna": null, "gna": null, "ara3": null, "arl": null }, "geometry": { "type": "Polygon", "coordinates": [ [ [ -58.367730325281116, -34.60690013756053 ], [ -58.36815252064558, -34.606963258716902 ], [ -58.368803879599135, -34.606825449989863 ], [ -58.369223997762482, -34.60673656280963 ], [ -58.369255074869237, -34.606588623911733 ], [ -58.369370129378382, -34.606522937648791 ], [ -58.369443061771413, -34.606501020734058 ], [ -58.369848675452317, -34.606551685460182 ], [ -58.370194703028659, -34.606572935985817 ], [ -58.370194738276574, -34.606769910935306 ], [ -58.370307889244224, -34.607189862005875 ], [ -58.3706333639973, -34.607392510195389 ], [ -58.370762963764967, -34.607507876859785 ], [ -58.37083543191514, -34.607568853433399 ], [ -58.371092233213304, -34.607784929975693 ], [ -58.371256832335781, -34.607852725729344 ], [ -58.371472406791405, -34.60787490807774 ], [ -58.371480482155988, -34.607875738955357 ], [ -58.371554560117083, -34.607883360307021 ], [ -58.372182059028724, -34.607928398599107 ], [ -58.373171612715758, -34.607999473276976 ], [ -58.373517634562667, -34.608024320058419 ], [ -58.373519341826494, -34.607936209225848 ], [ -58.373519347567658, -34.607935939705222 ], [ -58.373542478045337, -34.607937450378174 ], [ -58.373574961880081, -34.607939571877573 ], [ -58.374114322375235, -34.607975038914581 ], [ -58.374859557179654, -34.608024579926671 ], [ -58.374920852238844, -34.608028654595259 ], [ -58.374977350735129, -34.608032383220909 ], [ -58.374985579084495, -34.608032926424052 ], [ -58.374996050929425, -34.608033622689106 ], [ -58.37619213494699, -34.608113166626339 ], [ -58.376207043673617, -34.608114158015475 ], [ -58.376293696166698, -34.608119257881192 ], [ -58.376403270100674, -34.608125706312762 ], [ -58.376960623614913, -34.608159180540085 ], [ -58.377812966072995, -34.608210365762567 ], [ -58.379220959019769, -34.608296907947164 ], [ -58.379359271370632, -34.60830566583855 ], [ -58.379757417951282, -34.608327807582718 ], [ -58.379809883879417, -34.608330725339137 ], [ -58.379961657571279, -34.608339165444193 ], [ -58.380495248819926, -34.608368837550209 ], [ -58.380716692590795, -34.608375466151777 ], [ -58.380717826351585, -34.608375531821501 ], [ -58.380890861201131, -34.60838551396953 ], [ -58.38131192766167, -34.608411549441293 ], [ -58.381346851751232, -34.608413708371089 ], [ -58.381796198082306, -34.608441545076047 ], [ -58.381974280802304, -34.608457227842507 ], [ -58.382171950909949, -34.608474682948668 ], [ -58.382252798623739, -34.608481017781777 ], [ -58.382691292733455, -34.608515375676653 ], [ -58.383307736893684, -34.608563673887787 ], [ -58.38346793529756, -34.608576877361173 ], [ -58.3836114405701, -34.608588661702861 ], [ -58.383801088841693, -34.608603370413348 ], [ -58.384096543992307, -34.608626284687908 ], [ -58.384711205694444, -34.608673953572165 ], [ -58.384869530313701, -34.608687295521378 ], [ -58.385067117336739, -34.608703901252326 ], [ -58.385988244095685, -34.608765341536966 ], [ -58.386146966303485, -34.60877592823973 ], [ -58.386279317833768, -34.608784603304855 ], [ -58.387230777747696, -34.608855323566274 ], [ -58.387232942784713, -34.608855484467611 ], [ -58.387321250508755, -34.608873849153156 ], [ -58.387484050871784, -34.608896055069621 ], [ -58.387659944386236, -34.608920046488812 ], [ -58.387744528239146, -34.608932202276549 ], [ -58.38774605871501, -34.608932422269582 ], [ -58.387804636487807, -34.608940839941596 ], [ -58.387971501376434, -34.608957112767619 ], [ -58.388176727978852, -34.60897712645157 ], [ -58.38851100543657, -34.609010853857519 ], [ -58.389059045306126, -34.609066122058749 ], [ -58.38917564218292, -34.609077879873581 ], [ -58.389761501727413, -34.609136967379577 ], [ -58.389795692401499, -34.60913937314254 ], [ -58.390556126089685, -34.609192867606971 ], [ -58.391410814046608, -34.609252969840654 ], [ -58.391954940622071, -34.609291230043844 ], [ -58.391955228550536, -34.609287280186088 ], [ -58.391963903773807, -34.609168416694345 ], [ -58.392036801702744, -34.607985696760352 ], [ -58.392045603594866, -34.607850980920482 ], [ -58.392115416542765, -34.606787837812881 ], [ -58.392125252917324, -34.606638898116991 ], [ -58.392197216787096, -34.605646249860214 ], [ -58.392208937038582, -34.605485408858982 ], [ -58.392289635341101, -34.604435299822072 ], [ -58.392390372681575, -34.603154635642909 ], [ -58.392576236326832, -34.60211712225378 ], [ -58.392595594876546, -34.601986005429119 ], [ -58.392750721458881, -34.600934670280111 ], [ -58.392768884486621, -34.600806369654897 ], [ -58.392934155259674, -34.599636447011676 ], [ -58.391556260031201, -34.599563671485036 ], [ -58.39148453619157, -34.599559272719418 ], [ -58.391378871649493, -34.599552792358544 ], [ -58.390143636170222, -34.599471493427146 ], [ -58.389667596078745, -34.599440150394024 ], [ -58.389606211746482, -34.599436092993699 ], [ -58.389483738500331, -34.599427997208963 ], [ -58.389393230838145, -34.599422969276716 ], [ -58.388150731391598, -34.599353942974822 ], [ -58.388116938908027, -34.599352073341386 ], [ -58.387971158495432, -34.599344005845467 ], [ -58.38795511957813, -34.599343117957673 ], [ -58.386867026021491, -34.599292158104205 ], [ -58.38680945713643, -34.599289446608957 ], [ -58.385534806155391, -34.59922976633306 ], [ -58.385475337385316, -34.599226981785229 ], [ -58.384206707650499, -34.599167503311037 ], [ -58.384032299826536, -34.59915943238159 ], [ -58.383879617801895, -34.599152359698586 ], [ -58.382775593326052, -34.599101214174013 ], [ -58.382524627449932, -34.599089569588529 ], [ -58.382092696533384, -34.599069493974866 ], [ -58.381953158629152, -34.599063018059915 ], [ -58.381822342205083, -34.599056946237944 ], [ -58.381666816642749, -34.599049727364225 ], [ -58.381253701387472, -34.599030551070932 ], [ -58.3810243668675, -34.599019833787757 ], [ -58.380288717131499, -34.598991657375862 ], [ -58.379776028291481, -34.598972017984288 ], [ -58.379745938484859, -34.598970865197856 ], [ -58.378282976987805, -34.598908304662459 ], [ -58.376842965623567, -34.598807502715481 ], [ -58.375433972912496, -34.598708872233225 ], [ -58.375372216197341, -34.59870454869646 ], [ -58.37419134495449, -34.598621860050805 ], [ -58.373800134870208, -34.598592221626312 ], [ -58.372798443748344, -34.59851632582474 ], [ -58.371484145686694, -34.598416750903908 ], [ -58.371169919951825, -34.598394550908054 ], [ -58.370949331152161, -34.598384672236271 ], [ -58.369516674310432, -34.598320501627938 ], [ -58.369076721318692, -34.599353310635969 ], [ -58.368635792681381, -34.600435098582572 ], [ -58.368393843763428, -34.601028722325495 ], [ -58.368317705930913, -34.601702334371602 ], [ -58.368190030510767, -34.602832111116506 ], [ -58.36811619613789, -34.603485639155295 ], [ -58.368051855930624, -34.604055119647164 ], [ -58.367925464122692, -34.605173346762335 ], [ -58.367730325281116, -34.60690013756053 ] ] ] } },
{ "type": "Feature", "properties": { "id": 33.0, "comuna": 1.0, "perimetro_": 5178.03, "area_metro": 1232270.16, "nam": "San Telmo", "cca": null, "cde": null, "fna": null, "gna": null, "ara3": null, "arl": null }, "geometry": { "type": "Polygon", "coordinates": [ [ [ -58.363459376540995, -34.625119953960862 ], [ -58.366491978220878, -34.625193944001012 ], [ -58.366492151595992, -34.625193947744258 ], [ -58.36797540080503, -34.625194059419591 ], [ -58.367969970390497, -34.625472509585528 ], [ -58.367981777461807, -34.626995562987609 ], [ -58.367982473649967, -34.627084783181445 ], [ -58.367982592474696, -34.627100071323518 ], [ -58.367949320415974, -34.627140961583137 ], [ -58.368095456280578, -34.627187977410316 ], [ -58.369448569633363, -34.628321714418071 ], [ -58.369578469153872, -34.628445424650678 ], [ -58.36963417750443, -34.628498478191318 ], [ -58.370463250027505, -34.629293345797059 ], [ -58.370661881298361, -34.629491970060485 ], [ -58.370662057761713, -34.62949214687238 ], [ -58.370662094088701, -34.62949182960002 ], [ -58.370662125025511, -34.629491559206159 ], [ -58.370696882589435, -34.629187959269728 ], [ -58.37071572328199, -34.629022759929164 ], [ -58.370715344479187, -34.628994655239431 ], [ -58.370713047252089, -34.628824445993033 ], [ -58.370797496841881, -34.628113798906618 ], [ -58.370920074381111, -34.627083232155698 ], [ -58.370951254332994, -34.626821084637541 ], [ -58.370967083243492, -34.626650770056813 ], [ -58.370967103355532, -34.626650551042566 ], [ -58.370967167402505, -34.626649861508525 ], [ -58.370967211463814, -34.626649388292279 ], [ -58.370967550271573, -34.626645743213999 ], [ -58.370967722560451, -34.626645746048666 ], [ -58.370969017940148, -34.626645820044075 ], [ -58.370969220751803, -34.626645831916029 ], [ -58.371130901079837, -34.626655143247874 ], [ -58.371131073360793, -34.626655153293648 ], [ -58.371276015196614, -34.626663500788055 ], [ -58.371559370808356, -34.626679818966316 ], [ -58.37172492977799, -34.626689353275367 ], [ -58.371725102059095, -34.626689363320317 ], [ -58.372551083078051, -34.626736925580083 ], [ -58.372551255359362, -34.62673693562386 ], [ -58.372789094278147, -34.626750623694051 ], [ -58.372789267651925, -34.626750631935472 ], [ -58.373639098813555, -34.626773302848406 ], [ -58.373639272191355, -34.626773307482949 ], [ -58.373660379574474, -34.62677387015701 ], [ -58.373660552952259, -34.626773874791525 ], [ -58.373869637857673, -34.626779452097608 ], [ -58.373869811235458, -34.626779456731811 ], [ -58.374564274581637, -34.626797987766672 ], [ -58.374564447960466, -34.626797991498485 ], [ -58.375576767291435, -34.627300208745076 ], [ -58.375695952146657, -34.627136982691447 ], [ -58.375696836910812, -34.62713556539628 ], [ -58.375945856297761, -34.626736763718597 ], [ -58.376180058701209, -34.626361687066222 ], [ -58.376180305643508, -34.626361208589522 ], [ -58.37622837506774, -34.626268199428495 ], [ -58.376754354200557, -34.625112857258053 ], [ -58.376996732808095, -34.623947145169289 ], [ -58.377069080134824, -34.623599189271943 ], [ -58.377086660103821, -34.623486102508551 ], [ -58.377106985277727, -34.623355481482179 ], [ -58.377135652931429, -34.622967634806152 ], [ -58.377148134889651, -34.622798757419531 ], [ -58.377202366147721, -34.622065040828609 ], [ -58.377215238764101, -34.621891386165622 ], [ -58.377238382861471, -34.621008926897098 ], [ -58.377238215148957, -34.621005558176037 ], [ -58.377232124161949, -34.620883146588007 ], [ -58.377228368835162, -34.620807157020337 ], [ -58.377269090677316, -34.619813371202255 ], [ -58.377271824917614, -34.619722879660252 ], [ -58.377307362225693, -34.618552467692837 ], [ -58.377310274027856, -34.618454652223924 ], [ -58.377352281295209, -34.617616432071408 ], [ -58.377361822005625, -34.617451154513105 ], [ -58.37742920207797, -34.616292314387678 ], [ -58.377266854548758, -34.616284805659419 ], [ -58.376158447760922, -34.61622958221993 ], [ -58.376030938343092, -34.616222093121429 ], [ -58.375980003922201, -34.616219101821144 ], [ -58.375863137634276, -34.616212186256362 ], [ -58.375861950350021, -34.616212115996092 ], [ -58.375255375334753, -34.616131326282684 ], [ -58.37470974272793, -34.616095579398845 ], [ -58.374537345176805, -34.616087143897559 ], [ -58.374341439374966, -34.616077634548901 ], [ -58.37327152641604, -34.616033680691217 ], [ -58.373131579686834, -34.616028788092102 ], [ -58.372994868879488, -34.61602403925076 ], [ -58.371718176069024, -34.616024284603803 ], [ -58.371721122298439, -34.615978441512027 ], [ -58.37069408786811, -34.615908721135817 ], [ -58.370568889010237, -34.615893133333905 ], [ -58.370348701310078, -34.61586051285483 ], [ -58.370251286685765, -34.615859932897003 ], [ -58.369497975808976, -34.615819540296989 ], [ -58.369145545629678, -34.61579176018104 ], [ -58.368815236742364, -34.615778692928401 ], [ -58.368583903229201, -34.615757099416946 ], [ -58.36757238106938, -34.615684126003821 ], [ -58.366738786885513, -34.615623960929824 ], [ -58.366596529925722, -34.616877807638687 ], [ -58.3664557303332, -34.618118908105117 ], [ -58.366328181021252, -34.619243679728086 ], [ -58.366194603874931, -34.620420911496531 ], [ -58.366071351015371, -34.621507515258543 ], [ -58.365970800863813, -34.622393825362657 ], [ -58.36594052058993, -34.622660734699785 ], [ -58.365934619022731, -34.622730080631804 ], [ -58.365885758774596, -34.623304220921511 ], [ -58.365844126314663, -34.623793416334323 ], [ -58.365790146702999, -34.623985981079855 ], [ -58.365504644298632, -34.623919677649106 ], [ -58.364807884898674, -34.624316040427189 ], [ -58.364157261132888, -34.624686151341834 ], [ -58.363525386197253, -34.624988667725894 ], [ -58.363459376540995, -34.625119953960862 ] ] ] } },
{ "type": "Feature", "properties": { "id": 34.0, "comuna": 10.0, "perimetro_": 7045.58, "area_metro": 2400518.33, "nam": "Velez Sarsfield", "cca": null, "cde": null, "fna": null, "gna": null, "ara3": null, "arl": null }, "geometry": { "type": "Polygon", "coordinates": [ [ [ -58.478545003702557, -34.636993152287701 ], [ -58.480048113904786, -34.637681412300537 ], [ -58.480402677565941, -34.637843758747607 ], [ -58.48081805733603, -34.638033975359271 ], [ -58.48146330975311, -34.638329454629712 ], [ -58.481744681667145, -34.638458287051385 ], [ -58.482881169352446, -34.638978607708907 ], [ -58.483899991997461, -34.639455838229459 ], [ -58.484605489620847, -34.63978924114884 ], [ -58.484879117051172, -34.63991849042327 ], [ -58.485318662058845, -34.640126160416429 ], [ -58.485515597358891, -34.64021922389658 ], [ -58.486064734745966, -34.640478209547219 ], [ -58.486966846575044, -34.640903674922036 ], [ -58.487804627876955, -34.641298794946891 ], [ -58.488230049956272, -34.640961804372857 ], [ -58.488737076681247, -34.640560216930879 ], [ -58.489565669702145, -34.639903134050527 ], [ -58.490058202489543, -34.639512530634633 ], [ -58.49035845597291, -34.639274483200111 ], [ -58.490386157168366, -34.63925252665544 ], [ -58.490910371518275, -34.638843109166189 ], [ -58.491822496678601, -34.63813085036977 ], [ -58.492269694136517, -34.637781657793411 ], [ -58.493318592048858, -34.636962522796821 ], [ -58.493115053120839, -34.636512357317045 ], [ -58.493156288892436, -34.636520493334956 ], [ -58.493660128763977, -34.636619899813034 ], [ -58.493797996029414, -34.636645710843382 ], [ -58.494564835702647, -34.636020299239483 ], [ -58.494758867515152, -34.635868135214032 ], [ -58.495395639767565, -34.635368739262077 ], [ -58.495437190124711, -34.635336651391036 ], [ -58.496309564700461, -34.634662925434419 ], [ -58.497160100588978, -34.633990783923842 ], [ -58.49763927683486, -34.633613744809963 ], [ -58.498313233851171, -34.633083618892897 ], [ -58.498934888046001, -34.632594560464725 ], [ -58.498982216545592, -34.632557305462619 ], [ -58.498984201738288, -34.632555742725174 ], [ -58.499704484257975, -34.631949782641449 ], [ -58.499975902734256, -34.63177565200013 ], [ -58.500547411646778, -34.632001146919578 ], [ -58.500551255339509, -34.632002662831624 ], [ -58.501040636503916, -34.632206880889129 ], [ -58.501536144533326, -34.631833624390367 ], [ -58.501640389804017, -34.631755139483452 ], [ -58.50205081456162, -34.631452190221957 ], [ -58.502168601344508, -34.631365250666214 ], [ -58.502505522412541, -34.631117323263176 ], [ -58.502694188935905, -34.630978525263515 ], [ -58.503177997028558, -34.630622592856213 ], [ -58.504314440539773, -34.629786503363789 ], [ -58.505355393996155, -34.629020506969873 ], [ -58.506302821629404, -34.62832340836831 ], [ -58.507159282070077, -34.627693237438955 ], [ -58.507292045464304, -34.627593610854497 ], [ -58.507176386750629, -34.627495623274982 ], [ -58.505960955005705, -34.62635576017491 ], [ -58.505867880649468, -34.626268467777074 ], [ -58.504760554990703, -34.625228063202755 ], [ -58.504668336151958, -34.625141332968305 ], [ -58.50349055484331, -34.624031714273407 ], [ -58.502695811592424, -34.623641827737949 ], [ -58.501752808732583, -34.623170573874731 ], [ -58.501579496053239, -34.623083796499117 ], [ -58.500268668728381, -34.622427362003208 ], [ -58.499342563830609, -34.621963478622767 ], [ -58.49917181238397, -34.621877471369693 ], [ -58.498199616146344, -34.621369860457179 ], [ -58.497855234497976, -34.621642848740713 ], [ -58.497661753322376, -34.621796214966743 ], [ -58.497120138497799, -34.622225526574262 ], [ -58.496043790067759, -34.623078647394735 ], [ -58.495506416434466, -34.623504570292049 ], [ -58.494966653255126, -34.623932322195827 ], [ -58.494925859792254, -34.62396465675787 ], [ -58.494200346301952, -34.624539637818231 ], [ -58.494055651662151, -34.624654394347147 ], [ -58.493891368419213, -34.624784859232392 ], [ -58.493354143303193, -34.625211899270731 ], [ -58.492815891186673, -34.625639641170892 ], [ -58.49275533842971, -34.625687755505147 ], [ -58.49174022289985, -34.626494483867688 ], [ -58.491704146341235, -34.626523386342107 ], [ -58.491355259990819, -34.626802886077698 ], [ -58.491094640855856, -34.627010201670998 ], [ -58.490399316037887, -34.627560580302223 ], [ -58.490220706997299, -34.627701955034851 ], [ -58.489285008220193, -34.628446672653979 ], [ -58.488233030568793, -34.629283873398414 ], [ -58.488082442161307, -34.629403764747906 ], [ -58.487716787138446, -34.629694756745089 ], [ -58.48694517897394, -34.630308859144947 ], [ -58.48686136531245, -34.630375565868228 ], [ -58.486724742474358, -34.63048425540898 ], [ -58.486026884696663, -34.63103988619914 ], [ -58.485572713587644, -34.631401452941226 ], [ -58.484730716608993, -34.632071821392273 ], [ -58.483715133643472, -34.632882504359955 ], [ -58.483570843023649, -34.632992755567223 ], [ -58.483382384368902, -34.633145160560083 ], [ -58.483108442937699, -34.633380822372359 ], [ -58.48237960987619, -34.63394138584647 ], [ -58.481006003810336, -34.635043152905688 ], [ -58.479926515948144, -34.635909017789707 ], [ -58.479694463465073, -34.63609510710198 ], [ -58.479200199900134, -34.636491585115564 ], [ -58.478904252970636, -34.636728949312051 ], [ -58.478786690883638, -34.636823190316086 ], [ -58.478545003702557, -34.636993152287701 ] ] ] } },
{ "type": "Feature", "properties": { "id": 35.0, "comuna": 10.0, "perimetro_": 5650.47, "area_metro": 1406833.6, "nam": "Versalles", "cca": null, "cde": null, "fna": null, "gna": null, "ara3": null, "arl": null }, "geometry": { "type": "Polygon", "coordinates": [ [ [ -58.521634417568329, -34.624404461082804 ], [ -58.520617024371951, -34.625186572481212 ], [ -58.520092867321964, -34.625589497535231 ], [ -58.519534986333539, -34.626018211925377 ], [ -58.518973438363268, -34.626450938525004 ], [ -58.518467062082713, -34.626841243867581 ], [ -58.517953612958252, -34.627236972285431 ], [ -58.517410953384569, -34.62765524693571 ], [ -58.516959569230792, -34.628003126042806 ], [ -58.516380199004061, -34.628449581519426 ], [ -58.515912541954307, -34.628809998910377 ], [ -58.515646014201565, -34.629016242648348 ], [ -58.515557481220085, -34.629084725280649 ], [ -58.515246389516989, -34.629325360993157 ], [ -58.515124960687949, -34.629419356625043 ], [ -58.514905688479907, -34.629587902073517 ], [ -58.51403582955286, -34.630256725157871 ], [ -58.513449552787208, -34.630707544016019 ], [ -58.513021360043574, -34.631036798998537 ], [ -58.512905968879316, -34.631125505825004 ], [ -58.512042978868379, -34.631789032145214 ], [ -58.511041075190747, -34.632559295819526 ], [ -58.510102939705853, -34.633280511247513 ], [ -58.509202601077988, -34.63397269124259 ], [ -58.509084990368066, -34.634063793020054 ], [ -58.508679696947944, -34.634377891001812 ], [ -58.508386558858767, -34.634598494487292 ], [ -58.508761805768366, -34.634645116212376 ], [ -58.509221140105261, -34.634684452348871 ], [ -58.50940339248703, -34.634700087182196 ], [ -58.50959603916403, -34.634717831621415 ], [ -58.510176131456618, -34.634771225442094 ], [ -58.510668850528447, -34.634816575573112 ], [ -58.511325577771281, -34.63452687909043 ], [ -58.511444742833291, -34.634475282762487 ], [ -58.51148306529317, -34.634458698678955 ], [ -58.511862712932931, -34.634294410843893 ], [ -58.512263208114689, -34.634116831072255 ], [ -58.512531015112117, -34.633998084132713 ], [ -58.512621048225839, -34.633960018765208 ], [ -58.51331523301851, -34.633666445526536 ], [ -58.513316462844884, -34.633665925805822 ], [ -58.513320953672576, -34.633664026480645 ], [ -58.513341780933963, -34.633656718259573 ], [ -58.513911087072003, -34.633456950112205 ], [ -58.514071567945429, -34.63340061513891 ], [ -58.514862001736276, -34.633202224114328 ], [ -58.515367288946841, -34.633156545569015 ], [ -58.51593067084282, -34.633098697783083 ], [ -58.515935416792118, -34.63309856502952 ], [ -58.516605667503121, -34.633079866997157 ], [ -58.51708734029814, -34.633013380620284 ], [ -58.517346266367916, -34.63301055469681 ], [ -58.518520339514552, -34.632999732803711 ], [ -58.518716921109316, -34.632997903007187 ], [ -58.518800588951706, -34.63299712399845 ], [ -58.518886052899958, -34.632996328789659 ], [ -58.519079148114486, -34.633010926527675 ], [ -58.519080315013127, -34.63301095844502 ], [ -58.519251817573156, -34.633009260944689 ], [ -58.51926062775707, -34.633008836842258 ], [ -58.519330176842629, -34.6330054867949 ], [ -58.519423061618546, -34.633001012721834 ], [ -58.519682370006599, -34.632986401940471 ], [ -58.51971713834218, -34.632984443308601 ], [ -58.519743508754196, -34.632982957290494 ], [ -58.519744417138845, -34.632982906390751 ], [ -58.519885545295999, -34.63296742585873 ], [ -58.519890114314286, -34.632966925255083 ], [ -58.519894014882581, -34.63296649887765 ], [ -58.520065742927706, -34.632945373681579 ], [ -58.520171789930892, -34.632911452618906 ], [ -58.520238696544602, -34.632796407750867 ], [ -58.520338542369608, -34.632912066138225 ], [ -58.520387313975213, -34.63296859284042 ], [ -58.520524336634153, -34.633003107001585 ], [ -58.520745388114776, -34.633218590578629 ], [ -58.520812017069808, -34.633398865185569 ], [ -58.520782006568012, -34.633498748260848 ], [ -58.520685415828922, -34.633820224732879 ], [ -58.52102549989575, -34.633822342130699 ], [ -58.521080991986473, -34.633823117214277 ], [ -58.522334919376028, -34.634012099200682 ], [ -58.523035537971069, -34.63416064605611 ], [ -58.523272093669434, -34.634218558701619 ], [ -58.524229141229533, -34.634453016209761 ], [ -58.524297910010247, -34.634469883408144 ], [ -58.525602321546025, -34.634584929971844 ], [ -58.526918139052782, -34.634682139221177 ], [ -58.527074448381676, -34.634749452039046 ], [ -58.527386134249859, -34.634774860965202 ], [ -58.527742251550109, -34.634803891858837 ], [ -58.527953500408955, -34.634821112507112 ], [ -58.528204018672852, -34.63484153356309 ], [ -58.528539543240733, -34.634855007414728 ], [ -58.528712318189186, -34.6348594670308 ], [ -58.528901199160217, -34.634849399516817 ], [ -58.529091395249942, -34.634839262493237 ], [ -58.529318000390035, -34.634827183649605 ], [ -58.529388714973152, -34.634823414387057 ], [ -58.529623982030145, -34.634816390836519 ], [ -58.529792508181536, -34.634811359311023 ], [ -58.529835282314984, -34.634810082112963 ], [ -58.530019330051324, -34.634804586590015 ], [ -58.530026307306017, -34.63480437815133 ], [ -58.530356330980993, -34.634794524044736 ], [ -58.530371317975955, -34.634540403620555 ], [ -58.530381901329569, -34.63436093286137 ], [ -58.530392491102482, -34.634181363837989 ], [ -58.530392904439964, -34.634174612897439 ], [ -58.530407709200929, -34.633932814014976 ], [ -58.530426065954565, -34.63363300155811 ], [ -58.530445171739039, -34.633320955537314 ], [ -58.530787650499555, -34.627727147824906 ], [ -58.530799348166255, -34.627536073161487 ], [ -58.530799876548492, -34.627527383198093 ], [ -58.53080019617812, -34.627522148485987 ], [ -58.530742579162272, -34.6274938749252 ], [ -58.530363277202241, -34.627307738383777 ], [ -58.530208783622882, -34.627231922913182 ], [ -58.530072398035109, -34.627164992529444 ], [ -58.529807561548608, -34.627035026511074 ], [ -58.529373669127253, -34.626809344366627 ], [ -58.52916461743056, -34.626703170296857 ], [ -58.528862142331946, -34.626549546780147 ], [ -58.52835828870785, -34.626293616337875 ], [ -58.528226424930544, -34.626226637296654 ], [ -58.527854011647264, -34.626037473093916 ], [ -58.526944640625366, -34.625575599925888 ], [ -58.526841632467764, -34.625523281214889 ], [ -58.526344865447307, -34.625270929964969 ], [ -58.525841879269741, -34.625015481692984 ], [ -58.525281456648486, -34.624730764428108 ], [ -58.524167610809421, -34.624164981099227 ], [ -58.524103867199699, -34.624132616803223 ], [ -58.523960183548574, -34.624059660804612 ], [ -58.5236141024426, -34.623883915141718 ], [ -58.523325291741507, -34.623737224599445 ], [ -58.522829738372565, -34.623485633570994 ], [ -58.521634417568329, -34.624404461082804 ] ] ] } },
{ "type": "Feature", "properties": { "id": 36.0, "comuna": 15.0, "perimetro_": 8131.86, "area_metro": 3615977.56, "nam": "Villa Crespo", "cca": null, "cde": null, "fna": null, "gna": null, "ara3": null, "arl": null }, "geometry": { "type": "Polygon", "coordinates": [ [ [ -58.423369282461657, -34.597747393890565 ], [ -58.423755024700597, -34.597826836595814 ], [ -58.424956074043919, -34.597851316745839 ], [ -58.426304692262569, -34.597881520585155 ], [ -58.426441286790961, -34.597899169411271 ], [ -58.426566723963532, -34.597915334590141 ], [ -58.426787110584357, -34.597943779324389 ], [ -58.427775087919215, -34.598328442994706 ], [ -58.427854362607142, -34.598363539502309 ], [ -58.427989405531363, -34.598423438527377 ], [ -58.42854046714784, -34.598667893095396 ], [ -58.428549845644483, -34.59867205402908 ], [ -58.429163585695918, -34.598958639873146 ], [ -58.42922190569643, -34.598998797422709 ], [ -58.42943067386279, -34.599125687504198 ], [ -58.429648360741666, -34.599320189079286 ], [ -58.430151927725682, -34.599770052000842 ], [ -58.430189726779545, -34.599803865605175 ], [ -58.430276817198475, -34.599881705399419 ], [ -58.431039899861958, -34.600748756043721 ], [ -58.431156014164543, -34.600880690009213 ], [ -58.431874334237683, -34.60169687517449 ], [ -58.432200125926379, -34.602071894369708 ], [ -58.43224225861244, -34.602133242368652 ], [ -58.433143421090556, -34.602578054292501 ], [ -58.433335694565471, -34.602672891597088 ], [ -58.433867302865117, -34.602935278004267 ], [ -58.433915498569135, -34.60295909347095 ], [ -58.434973272729486, -34.603481039775339 ], [ -58.435149882072565, -34.603574393140065 ], [ -58.435339516885044, -34.603674577504151 ], [ -58.436617617509526, -34.604282832163584 ], [ -58.436853598056658, -34.604395116863046 ], [ -58.43702599279051, -34.604477145629552 ], [ -58.437053708305854, -34.604490333085103 ], [ -58.437054725279019, -34.604490817367349 ], [ -58.437058788770614, -34.604492883398613 ], [ -58.437175987020353, -34.604552464582369 ], [ -58.437190525362787, -34.604559851239891 ], [ -58.43797636922266, -34.604959117735909 ], [ -58.438512412409494, -34.605231442738585 ], [ -58.439202972701153, -34.605582261135339 ], [ -58.439286690896324, -34.605605236849108 ], [ -58.440142843206701, -34.605839983793587 ], [ -58.440336336320883, -34.605893049192311 ], [ -58.441466470769548, -34.606202909383839 ], [ -58.44160094723923, -34.6062384971572 ], [ -58.442825198680325, -34.606570896085067 ], [ -58.44298122272788, -34.606611768279016 ], [ -58.444168356901038, -34.606922316900338 ], [ -58.445132531314286, -34.607174509814854 ], [ -58.445678786378721, -34.60735684651533 ], [ -58.446248450324816, -34.607615029629478 ], [ -58.44704101846888, -34.607417599448105 ], [ -58.449062498185278, -34.606914042258893 ], [ -58.449290853076377, -34.606857096153156 ], [ -58.450237828074634, -34.606621211775604 ], [ -58.450656802746927, -34.606514563663701 ], [ -58.450739593006645, -34.606493515909946 ], [ -58.450989191148594, -34.606429985725136 ], [ -58.451014597937387, -34.60642351878387 ], [ -58.451050734792119, -34.606414320706428 ], [ -58.451508376736143, -34.606297885907338 ], [ -58.452015844293996, -34.606166734695201 ], [ -58.452429022265484, -34.606059939331182 ], [ -58.452959569105424, -34.605922588969236 ], [ -58.45306995391406, -34.605893795150408 ], [ -58.454002514362102, -34.605651261165491 ], [ -58.454983022143402, -34.605396257560223 ], [ -58.455525229062637, -34.605255234344163 ], [ -58.455803997022393, -34.60518292712112 ], [ -58.456563900354716, -34.604985785440888 ], [ -58.458080628460536, -34.604592333264421 ], [ -58.458474457518832, -34.604491361389265 ], [ -58.458476333723652, -34.604490880104208 ], [ -58.458935314254532, -34.60437320865605 ], [ -58.45827809155508, -34.603906485732715 ], [ -58.458163459575012, -34.603828663011591 ], [ -58.457918566211596, -34.60303821807701 ], [ -58.457533097474645, -34.601794027024184 ], [ -58.457251943119722, -34.600886604798184 ], [ -58.45721388297698, -34.600763009789432 ], [ -58.456985695613682, -34.600021718884634 ], [ -58.456899871859086, -34.599731286905339 ], [ -58.456582716473235, -34.598706747203686 ], [ -58.456565602773054, -34.598657168013887 ], [ -58.456237048274978, -34.597589737806764 ], [ -58.45605828782243, -34.597651207971026 ], [ -58.456010057092882, -34.597666613119358 ], [ -58.455921171836415, -34.597695002595437 ], [ -58.455484787493198, -34.597834414716935 ], [ -58.454795531215858, -34.597352388659203 ], [ -58.453817097977527, -34.596668150979674 ], [ -58.453768219033364, -34.596633921042923 ], [ -58.453655985299918, -34.596555390170856 ], [ -58.452820880710775, -34.595988339756033 ], [ -58.452608083302479, -34.595843812361132 ], [ -58.452084566904418, -34.595475449294668 ], [ -58.451887354602263, -34.59533669657911 ], [ -58.451705385674188, -34.595209212780766 ], [ -58.450957778508879, -34.594660259255136 ], [ -58.450632019810193, -34.594421057545581 ], [ -58.450601518583667, -34.594398660316571 ], [ -58.43864313041621, -34.588721451988192 ], [ -58.438584598548474, -34.58869162193993 ], [ -58.438537713363679, -34.588667727400782 ], [ -58.438537236034477, -34.58866748031371 ], [ -58.438535725080143, -34.588668389544075 ], [ -58.438499208157658, -34.588690372370017 ], [ -58.438251362318468, -34.588856663344558 ], [ -58.438223951864408, -34.588875062091162 ], [ -58.438052915068916, -34.588989863748481 ], [ -58.437125909300349, -34.589611791651194 ], [ -58.436175467453758, -34.590249483057868 ], [ -58.436038253500982, -34.590341566284401 ], [ -58.43531240331248, -34.59082162110132 ], [ -58.434364832651895, -34.591448382689762 ], [ -58.434134262610783, -34.591600795506373 ], [ -58.433541102806316, -34.591995617382267 ], [ -58.433447228978558, -34.59205810187175 ], [ -58.433427353467579, -34.592071325399459 ], [ -58.4323603628456, -34.592781364175366 ], [ -58.431221178279351, -34.593539392499466 ], [ -58.430743894363175, -34.59385700160761 ], [ -58.430284021386441, -34.594163026648296 ], [ -58.430213049305678, -34.594207301562939 ], [ -58.430061276914664, -34.594301981874565 ], [ -58.429350616068128, -34.59474503316244 ], [ -58.429331840919581, -34.594756508463433 ], [ -58.429170884683224, -34.5948549142894 ], [ -58.428090784690788, -34.595514618622062 ], [ -58.427025744925203, -34.596165162041906 ], [ -58.426990670631312, -34.596186562209034 ], [ -58.426952144276854, -34.596210068864671 ], [ -58.42695032899401, -34.59621083904058 ], [ -58.426242112050183, -34.596511411025261 ], [ -58.426026012763401, -34.596613600819758 ], [ -58.424844961051733, -34.597061410073465 ], [ -58.424537022065458, -34.597195766952204 ], [ -58.423541263301608, -34.597630218217873 ], [ -58.423532909509142, -34.597635909783186 ], [ -58.423369282461657, -34.597747393890565 ] ] ] } },
{ "type": "Feature", "properties": { "id": 37.0, "comuna": 11.0, "perimetro_": 7705.39, "area_metro": 3399595.64, "nam": "Villa Del Parque", "cca": null, "cde": null, "fna": null, "gna": null, "ara3": null, "arl": null }, "geometry": { "type": "Polygon", "coordinates": [ [ [ -58.478830975396626, -34.599670676803555 ], [ -58.478542535833505, -34.59973472859582 ], [ -58.477793608672869, -34.599896547665104 ], [ -58.47772822433523, -34.599910674394103 ], [ -58.476392120151935, -34.600199279348338 ], [ -58.476552883397822, -34.600290170445 ], [ -58.476669305900153, -34.600355996736234 ], [ -58.477498519956974, -34.600824801348786 ], [ -58.476971214278102, -34.601583604927946 ], [ -58.476381389698354, -34.602365372074424 ], [ -58.475736113654882, -34.603170522116805 ], [ -58.475705033812581, -34.603209328792879 ], [ -58.474932268275907, -34.604173644214114 ], [ -58.474016507698096, -34.605310716586452 ], [ -58.474162160555672, -34.605400494319007 ], [ -58.474341117294664, -34.605512451050984 ], [ -58.474635393908564, -34.605696534025938 ], [ -58.474953800811981, -34.605895710090351 ], [ -58.475023165333873, -34.60593737526375 ], [ -58.475111465889363, -34.605990414506024 ], [ -58.475263593767231, -34.606081668617783 ], [ -58.476201584212291, -34.606650242915102 ], [ -58.47624954095037, -34.606679311381356 ], [ -58.476364447545876, -34.606748960080935 ], [ -58.476895110852467, -34.60702608919712 ], [ -58.477328674533432, -34.60725245103054 ], [ -58.477464447094093, -34.607302576907998 ], [ -58.477618106831002, -34.607359250263777 ], [ -58.4787231098679, -34.607703275547777 ], [ -58.478944739584414, -34.607761910026213 ], [ -58.479203337236989, -34.607830328723658 ], [ -58.479209614962208, -34.607831869335634 ], [ -58.479668828247327, -34.607944563773898 ], [ -58.479807751966703, -34.607978630499176 ], [ -58.480206380675234, -34.608076464853994 ], [ -58.480409868362521, -34.608126295899737 ], [ -58.481318457351534, -34.608348703466156 ], [ -58.481968789866201, -34.608506988098988 ], [ -58.48221316617726, -34.608566458682198 ], [ -58.483428067124521, -34.608865141304427 ], [ -58.483672870900797, -34.608925383210227 ], [ -58.48405651721432, -34.6090198271406 ], [ -58.484353877382091, -34.609093086964855 ], [ -58.484653964894008, -34.609166980186508 ], [ -58.48499255247723, -34.609250372216515 ], [ -58.485162826703338, -34.609292313790938 ], [ -58.485381143073482, -34.609346219116475 ], [ -58.485735831582069, -34.60943376081552 ], [ -58.48605522764273, -34.609512625582113 ], [ -58.486086092022255, -34.60952024674507 ], [ -58.486281921994141, -34.609568591083509 ], [ -58.486472469384715, -34.609614682558082 ], [ -58.487820451763447, -34.609941043575994 ], [ -58.487982890441423, -34.609973405186167 ], [ -58.488132420023533, -34.61000309829771 ], [ -58.488156487378163, -34.610007877237756 ], [ -58.488200021773601, -34.610019064008789 ], [ -58.488650314732816, -34.610134769614305 ], [ -58.488653521380584, -34.61013559374814 ], [ -58.488655270506584, -34.610136844556905 ], [ -58.488896493347958, -34.61030927837546 ], [ -58.488928297266632, -34.610332021759604 ], [ -58.489141341984528, -34.610484369234172 ], [ -58.48927365085239, -34.61058589250954 ], [ -58.490102442446783, -34.611221778313364 ], [ -58.490253582678783, -34.611337732627966 ], [ -58.490678973397586, -34.611659895815308 ], [ -58.490730602447549, -34.61169896891812 ], [ -58.491228416430197, -34.612075903112562 ], [ -58.491698544703382, -34.612431855726271 ], [ -58.492264441415912, -34.612860320215383 ], [ -58.493043794896096, -34.613511831750856 ], [ -58.493314833613418, -34.61374951500013 ], [ -58.493437444816735, -34.613857091830113 ], [ -58.494055272195702, -34.61438863411167 ], [ -58.494608691145579, -34.614864697432594 ], [ -58.494784559327272, -34.615015498532586 ], [ -58.49557189222152, -34.61439056711307 ], [ -58.496438539851461, -34.613401870578819 ], [ -58.496559267279558, -34.613263384956035 ], [ -58.497402903134116, -34.612295885472207 ], [ -58.497531886049096, -34.612149227881225 ], [ -58.498157300544378, -34.611438055252741 ], [ -58.498201634142781, -34.611387045602733 ], [ -58.498298539530964, -34.611275548155412 ], [ -58.498442673404654, -34.611109800350363 ], [ -58.499350119183475, -34.610080013843287 ], [ -58.500191225724151, -34.609125382955312 ], [ -58.500958676266414, -34.608254432485573 ], [ -58.501595779345827, -34.607531407030955 ], [ -58.501734026998541, -34.607374529776912 ], [ -58.502133017779556, -34.606920171820448 ], [ -58.502264282836649, -34.606770198356251 ], [ -58.502819812387784, -34.606135784969453 ], [ -58.502953884271051, -34.605983275038376 ], [ -58.503076888675693, -34.6058433731421 ], [ -58.503413998147849, -34.605458996684355 ], [ -58.503468458679201, -34.605396900567023 ], [ -58.503605848187348, -34.605240726333562 ], [ -58.503732681341688, -34.605096456910019 ], [ -58.504618384038814, -34.604106356795377 ], [ -58.505372384597592, -34.603263480651634 ], [ -58.505976732432437, -34.602587838911347 ], [ -58.506166206981256, -34.602378332497914 ], [ -58.505542332350046, -34.601992839692571 ], [ -58.504860960040858, -34.601571870672934 ], [ -58.503646806759704, -34.600821702672512 ], [ -58.503558634563873, -34.600767224593554 ], [ -58.503403075419989, -34.600671147245059 ], [ -58.50309213027716, -34.600478640337002 ], [ -58.502213228193611, -34.599934760349406 ], [ -58.500879689253239, -34.599109461830352 ], [ -58.500641761057615, -34.598962208176111 ], [ -58.499542257818248, -34.598281613168979 ], [ -58.498221464535206, -34.597464098708777 ], [ -58.498003649637646, -34.597329228673495 ], [ -58.497174048784409, -34.596817270622779 ], [ -58.497127198020841, -34.596788410142842 ], [ -58.496783836296792, -34.596811040416171 ], [ -58.494714805513873, -34.596947578369708 ], [ -58.493416804011154, -34.597033259557293 ], [ -58.492907975039081, -34.597067328058245 ], [ -58.492819353384604, -34.597073271877171 ], [ -58.492489075438669, -34.59709542266674 ], [ -58.491216702249766, -34.597180757016808 ], [ -58.490185414720813, -34.597249933019263 ], [ -58.489526020734111, -34.597296415061997 ], [ -58.48854378314217, -34.597363807060539 ], [ -58.487823871957318, -34.597414299233698 ], [ -58.487797609339438, -34.597416142510099 ], [ -58.487352987919266, -34.597447287682144 ], [ -58.487142726741524, -34.597462752291058 ], [ -58.486680475849276, -34.597496785713183 ], [ -58.486486310143164, -34.597511048115038 ], [ -58.486129913847577, -34.597537243054589 ], [ -58.485180544769591, -34.597607135725028 ], [ -58.484852932554183, -34.59763458917039 ], [ -58.483461746899891, -34.597757338431734 ], [ -58.48345568510112, -34.59775787307543 ], [ -58.483287645295967, -34.597795094321398 ], [ -58.482998825070069, -34.597880875608205 ], [ -58.482983529044624, -34.597885421247284 ], [ -58.482843223095628, -34.597943331365947 ], [ -58.482126942293938, -34.598250542482248 ], [ -58.480779871195864, -34.59883096341887 ], [ -58.479746925962864, -34.599276043802305 ], [ -58.478830975396626, -34.599670676803555 ] ] ] } },
{ "type": "Feature", "properties": { "id": 38.0, "comuna": 11.0, "perimetro_": 11562.01, "area_metro": 6404445.2, "nam": "Villa Devoto", "cca": null, "cde": null, "fna": null, "gna": null, "ara3": null, "arl": null }, "geometry": { "type": "Polygon", "coordinates": [ [ [ -58.503470528931274, -34.593953552960159 ], [ -58.503082240397291, -34.594382208664953 ], [ -58.503542471562149, -34.594450087269095 ], [ -58.503179160444098, -34.594582149656851 ], [ -58.502875368596385, -34.594697984985011 ], [ -58.502756166573647, -34.594742320421517 ], [ -58.501791647143982, -34.595100803551382 ], [ -58.500708511352279, -34.595503330145384 ], [ -58.50012517560527, -34.595720130353435 ], [ -58.499785531356302, -34.595846430700341 ], [ -58.499632773069131, -34.595903238885931 ], [ -58.499549669825562, -34.595934109394989 ], [ -58.4983837484098, -34.596367555072021 ], [ -58.497174048784409, -34.596817270622779 ], [ -58.498003649637646, -34.597329228673495 ], [ -58.498221464535206, -34.597464098708777 ], [ -58.499542257818248, -34.598281613168979 ], [ -58.500641761057615, -34.598962208176111 ], [ -58.500879689253239, -34.599109461830352 ], [ -58.502213228193611, -34.599934760349406 ], [ -58.50309213027716, -34.600478640337002 ], [ -58.503403075419989, -34.600671147245059 ], [ -58.503558634563873, -34.600767224593554 ], [ -58.503646806759704, -34.600821702672512 ], [ -58.504860960040858, -34.601571870672934 ], [ -58.505542332350046, -34.601992839692571 ], [ -58.506166206981256, -34.602378332497914 ], [ -58.505976732432437, -34.602587838911347 ], [ -58.505372384597592, -34.603263480651634 ], [ -58.504618384038814, -34.604106356795377 ], [ -58.503732681341688, -34.605096456910019 ], [ -58.503605848187348, -34.605240726333562 ], [ -58.503468458679201, -34.605396900567023 ], [ -58.503413998147849, -34.605458996684355 ], [ -58.503076888675693, -34.6058433731421 ], [ -58.502953884271051, -34.605983275038376 ], [ -58.502819812387784, -34.606135784969453 ], [ -58.502264282836649, -34.606770198356251 ], [ -58.502133017779556, -34.606920171820448 ], [ -58.501734026998541, -34.607374529776912 ], [ -58.501595779345827, -34.607531407030955 ], [ -58.500958676266414, -34.608254432485573 ], [ -58.500191225724151, -34.609125382955312 ], [ -58.501326050132619, -34.609798072410598 ], [ -58.501458617568204, -34.609877116284991 ], [ -58.502110144175148, -34.610265723353024 ], [ -58.502205723950389, -34.610322732119393 ], [ -58.502368027721523, -34.610419019608472 ], [ -58.502430867263236, -34.610456305672933 ], [ -58.503100657907055, -34.610853718348459 ], [ -58.503251802023726, -34.610943740714163 ], [ -58.503406696926483, -34.611036014308645 ], [ -58.50353196054845, -34.611110982088867 ], [ -58.503720235377052, -34.611223660548468 ], [ -58.503859197173902, -34.611306854323608 ], [ -58.503937643021487, -34.611353363161967 ], [ -58.503989362298697, -34.611384026678849 ], [ -58.504138060884834, -34.611472186418474 ], [ -58.504277364486967, -34.61155481711269 ], [ -58.504525557238551, -34.611704101606236 ], [ -58.504663585089524, -34.611787083841151 ], [ -58.504900505025013, -34.611930254346831 ], [ -58.505248159565134, -34.612140340280092 ], [ -58.505331815260945, -34.61218485067846 ], [ -58.505410721653867, -34.612226834173796 ], [ -58.505562888890708, -34.612307909406262 ], [ -58.505603527740242, -34.612331886629612 ], [ -58.507053100008292, -34.613187114577336 ], [ -58.507520192490631, -34.613462724019563 ], [ -58.507623376607839, -34.613523602761191 ], [ -58.507759050893398, -34.613601967950984 ], [ -58.507866465200138, -34.613664009578926 ], [ -58.508013955760291, -34.613749167776874 ], [ -58.508095236989156, -34.613796381398537 ], [ -58.50830680615384, -34.61391927348761 ], [ -58.508466056044902, -34.61401182204834 ], [ -58.508723291549629, -34.614159685667872 ], [ -58.508752917552471, -34.614176717786613 ], [ -58.508846074200676, -34.614230275182173 ], [ -58.509054488156529, -34.614351325541293 ], [ -58.509204196544431, -34.614438312242321 ], [ -58.509579022834984, -34.614657891804754 ], [ -58.509742364887899, -34.614753675937273 ], [ -58.51001665167508, -34.614918784400423 ], [ -58.510116579034829, -34.614978997917646 ], [ -58.510136369293789, -34.614990923321244 ], [ -58.510146881303591, -34.614997440158312 ], [ -58.51033946906864, -34.615116823148675 ], [ -58.510342662600237, -34.615118803238694 ], [ -58.510356179424527, -34.615127074865264 ], [ -58.510426850219304, -34.615170320258223 ], [ -58.51057409262912, -34.615260405300049 ], [ -58.510701821485057, -34.615337892287883 ], [ -58.510839520386554, -34.615421149753097 ], [ -58.511001845130096, -34.615519326754075 ], [ -58.511248867411162, -34.615665992816389 ], [ -58.511676025628056, -34.615919489178339 ], [ -58.512135651130095, -34.616192337146465 ], [ -58.512572017077289, -34.616451391125572 ], [ -58.5130448564516, -34.61673120278661 ], [ -58.513648865304198, -34.617270327659256 ], [ -58.514331378076022, -34.61787941822454 ], [ -58.514941965588164, -34.61842430832688 ], [ -58.514976624069149, -34.618455273638922 ], [ -58.515011770232029, -34.618486674119865 ], [ -58.515148837818188, -34.618608998972569 ], [ -58.51569379127514, -34.61909533437403 ], [ -58.516031546789073, -34.619396765939356 ], [ -58.516410342169479, -34.619734820490017 ], [ -58.516525066019227, -34.619837166323087 ], [ -58.516632714002604, -34.619933231345684 ], [ -58.516948082453375, -34.620214661309198 ], [ -58.517739401423967, -34.619613388532166 ], [ -58.518206151308071, -34.619258808831859 ], [ -58.518537266385835, -34.619007176839595 ], [ -58.518671618843399, -34.618905142849826 ], [ -58.518897411481568, -34.618733066436022 ], [ -58.519339119525299, -34.618396662777592 ], [ -58.519478152628125, -34.61829075324146 ], [ -58.520120268241179, -34.617795449375748 ], [ -58.520329456342822, -34.617634058036153 ], [ -58.520888207798357, -34.617202969207554 ], [ -58.521011061543184, -34.617109177919481 ], [ -58.521955905450248, -34.616388013302462 ], [ -58.523117575029069, -34.615508142943312 ], [ -58.524118807829041, -34.614719679690545 ], [ -58.524268039773183, -34.614599392719185 ], [ -58.525058119468504, -34.613962225809665 ], [ -58.525079286766591, -34.613977485150812 ], [ -58.525111811157693, -34.614000931742801 ], [ -58.525113734540732, -34.613999609286267 ], [ -58.525423235959288, -34.613786686257804 ], [ -58.525426805988104, -34.613784330831621 ], [ -58.525611984063232, -34.61366215163941 ], [ -58.525713631266399, -34.613587591887558 ], [ -58.525846096692717, -34.613490339224612 ], [ -58.526534977760889, -34.612986034268502 ], [ -58.526941305494837, -34.612688635508199 ], [ -58.527346012200326, -34.612392434220418 ], [ -58.527754462186152, -34.612093412660819 ], [ -58.528156949997317, -34.611798758469938 ], [ -58.528551175029975, -34.611506713364903 ], [ -58.528887110361275, -34.611307858337803 ], [ -58.528937663767216, -34.611277933734165 ], [ -58.529005068697778, -34.611227990300939 ], [ -58.529337216126955, -34.610981887203373 ], [ -58.529399142259138, -34.610940436996628 ], [ -58.529466490537764, -34.61089536010676 ], [ -58.527831634527679, -34.607419512154799 ], [ -58.527828445348071, -34.607412731370815 ], [ -58.527817195012545, -34.607388811073371 ], [ -58.527779292064643, -34.607308222313343 ], [ -58.527333679985119, -34.606360754981097 ], [ -58.526775707584839, -34.605174352475245 ], [ -58.526234465152463, -34.604023487506232 ], [ -58.526231715805388, -34.604017641373979 ], [ -58.526225214032088, -34.604003816187507 ], [ -58.525767942341986, -34.603031474705112 ], [ -58.524868875736153, -34.601119629845471 ], [ -58.52367515904735, -34.598581071398726 ], [ -58.523506895787584, -34.598223229205345 ], [ -58.52337234447748, -34.597937079427972 ], [ -58.523283872425885, -34.597748924809011 ], [ -58.52262566862732, -34.59634908567012 ], [ -58.52176684118151, -34.5945224923301 ], [ -58.520953682259538, -34.592792948977483 ], [ -58.520051087330863, -34.59087308924159 ], [ -58.519511967364444, -34.589726311305192 ], [ -58.518889852005124, -34.588411097001632 ], [ -58.518652166905269, -34.587897333767415 ], [ -58.518122838630262, -34.586771297286496 ], [ -58.516977730872568, -34.584335204556631 ], [ -58.515656698054627, -34.581524658836543 ], [ -58.515576860716173, -34.581357157796504 ], [ -58.515534576240171, -34.581268446823778 ], [ -58.515457900823833, -34.581275002326848 ], [ -58.515297435703566, -34.58128872017442 ], [ -58.515160295645366, -34.581300443865587 ], [ -58.514997917816636, -34.581314324388558 ], [ -58.514969020514442, -34.581316794811642 ], [ -58.514901309460036, -34.581362663628802 ], [ -58.514854346727702, -34.581409559383204 ], [ -58.514853347937212, -34.581410556781272 ], [ -58.514739780835384, -34.581523961608063 ], [ -58.514653647083506, -34.581609971296729 ], [ -58.514582044182752, -34.581681470889649 ], [ -58.514582339817231, -34.58168192688651 ], [ -58.514571514798497, -34.581693629227438 ], [ -58.514515115914328, -34.581744582521004 ], [ -58.513919369077172, -34.582398621092779 ], [ -58.513812154926597, -34.582516414146475 ], [ -58.513399220876408, -34.58297514821394 ], [ -58.513270895881774, -34.58311770437497 ], [ -58.512466437914348, -34.584011497211314 ], [ -58.512355647915719, -34.58413464305648 ], [ -58.511808663453579, -34.584738041889814 ], [ -58.51115283443314, -34.585461622801731 ], [ -58.511039060972806, -34.585587092466135 ], [ -58.510491207722794, -34.586193090715099 ], [ -58.509786764680868, -34.586972178196739 ], [ -58.509020355246548, -34.587819806507255 ], [ -58.508242527302578, -34.588679969301232 ], [ -58.507502723948974, -34.58949807084332 ], [ -58.506722396264848, -34.590360971267039 ], [ -58.506070565095634, -34.591081847385446 ], [ -58.5054209351458, -34.591800113165561 ], [ -58.505283484029547, -34.591952135139124 ], [ -58.504767293285276, -34.592521968942684 ], [ -58.504115511672055, -34.593241566956415 ], [ -58.503470528931274, -34.593953552960159 ] ] ] } },
{ "type": "Feature", "properties": { "id": 39.0, "comuna": 11.0, "perimetro_": 6290.44, "area_metro": 2162275.12, "nam": "Villa Gral. Mitre", "cca": null, "cde": null, "fna": null, "gna": null, "ara3": null, "arl": null }, "geometry": { "type": "Polygon", "coordinates": [ [ [ -58.458935314254532, -34.60437320865605 ], [ -58.458476333723652, -34.604490880104208 ], [ -58.458474457518832, -34.604491361389265 ], [ -58.458782924477831, -34.604714407483968 ], [ -58.459513490157136, -34.60520852142551 ], [ -58.459654016248891, -34.605303527438707 ], [ -58.46051344795444, -34.605885389816585 ], [ -58.461540847546118, -34.606583094806616 ], [ -58.461623763306861, -34.606639402365658 ], [ -58.462150839231313, -34.606997333181745 ], [ -58.46251034765109, -34.60724149504167 ], [ -58.462704965341828, -34.607372483490124 ], [ -58.462193236926829, -34.608406438092985 ], [ -58.461640950667146, -34.609522363256715 ], [ -58.461075191983156, -34.61066546871816 ], [ -58.460553031189768, -34.611720402566142 ], [ -58.460485736769598, -34.611856318149535 ], [ -58.460036649500999, -34.612755544362948 ], [ -58.459544277360315, -34.613741247938279 ], [ -58.459448785509572, -34.61388497915074 ], [ -58.460129439059038, -34.614144083183128 ], [ -58.460393832677617, -34.614244727942449 ], [ -58.460667765868159, -34.614347341035298 ], [ -58.461865209077523, -34.614796029429577 ], [ -58.463030382303025, -34.615232521473544 ], [ -58.463204320020211, -34.615297663766192 ], [ -58.464135003856732, -34.615642947238001 ], [ -58.464373340728656, -34.615728016899411 ], [ -58.464466102895464, -34.615761115293765 ], [ -58.464538327862869, -34.615786875366332 ], [ -58.464538762900652, -34.615787030406175 ], [ -58.464612868806128, -34.615819157145694 ], [ -58.465542800447608, -34.61622230282682 ], [ -58.465677559135095, -34.616280681646145 ], [ -58.466651709089021, -34.61670235387291 ], [ -58.466763044316181, -34.616750520844278 ], [ -58.467960813873333, -34.61726900836112 ], [ -58.46863522144799, -34.617560956939883 ], [ -58.468796818239383, -34.617644189578961 ], [ -58.469093605975424, -34.617797135973909 ], [ -58.469339793379454, -34.617924026816397 ], [ -58.469341946889976, -34.617925191344121 ], [ -58.469370538972882, -34.617940647471457 ], [ -58.469627816947586, -34.618079722569853 ], [ -58.470386740233799, -34.618489963845015 ], [ -58.471399455736972, -34.619037301431007 ], [ -58.471621031232992, -34.619154541380816 ], [ -58.472460747562046, -34.618099609235912 ], [ -58.473259390204852, -34.617096153679896 ], [ -58.474058353770268, -34.616092411459803 ], [ -58.474859513212579, -34.615085845795271 ], [ -58.475660483251282, -34.614079416246575 ], [ -58.47645973020871, -34.613075235011536 ], [ -58.477160939487511, -34.61219408905108 ], [ -58.47725929913846, -34.612070836505758 ], [ -58.47806029580142, -34.611067700722252 ], [ -58.478859145537022, -34.610067164896925 ], [ -58.479260733905399, -34.609564218359829 ], [ -58.479663850979307, -34.609059228536005 ], [ -58.480041928232339, -34.608585720208026 ], [ -58.480409868362521, -34.608126295899737 ], [ -58.480206380675234, -34.608076464853994 ], [ -58.479807751966703, -34.607978630499176 ], [ -58.479668828247327, -34.607944563773898 ], [ -58.479209614962208, -34.607831869335634 ], [ -58.479203337236989, -34.607830328723658 ], [ -58.478944739584414, -34.607761910026213 ], [ -58.4787231098679, -34.607703275547777 ], [ -58.477618106831002, -34.607359250263777 ], [ -58.477464447094093, -34.607302576907998 ], [ -58.477328674533432, -34.60725245103054 ], [ -58.476895110852467, -34.60702608919712 ], [ -58.476364447545876, -34.606748960080935 ], [ -58.47624954095037, -34.606679311381356 ], [ -58.476201584212291, -34.606650242915102 ], [ -58.475263593767231, -34.606081668617783 ], [ -58.475111465889363, -34.605990414506024 ], [ -58.475023165333873, -34.60593737526375 ], [ -58.474953800811981, -34.605895710090351 ], [ -58.474635393908564, -34.605696534025938 ], [ -58.474341117294664, -34.605512451050984 ], [ -58.474162160555672, -34.605400494319007 ], [ -58.474016507698096, -34.605310716586452 ], [ -58.473038514364561, -34.604708043100537 ], [ -58.472983405606598, -34.604673962926697 ], [ -58.47264917690751, -34.60446715506135 ], [ -58.471803477921931, -34.603941222864087 ], [ -58.47171004212035, -34.603883129995324 ], [ -58.471609620281022, -34.603820669239916 ], [ -58.47043413529029, -34.602937140976444 ], [ -58.470199099958577, -34.602808241224849 ], [ -58.470194547307727, -34.602805744543097 ], [ -58.469292236440552, -34.602164726035205 ], [ -58.468912371012124, -34.601860021038974 ], [ -58.468766142866286, -34.601893760698459 ], [ -58.467561683476276, -34.602192770780491 ], [ -58.46749308747912, -34.602209801922726 ], [ -58.467334168129177, -34.602249173286594 ], [ -58.466082904525038, -34.602559213614697 ], [ -58.465797170742761, -34.602629994951918 ], [ -58.465278759827015, -34.602758527416071 ], [ -58.464946012438979, -34.602842689121474 ], [ -58.464359635024422, -34.602991077802713 ], [ -58.463073345531114, -34.603316509958418 ], [ -58.462911526535066, -34.603357707238978 ], [ -58.462108899247539, -34.603562141838921 ], [ -58.461588687828353, -34.60369467261954 ], [ -58.461469792532519, -34.603724953261988 ], [ -58.460539573566138, -34.603961910565729 ], [ -58.460124457362348, -34.604068310615894 ], [ -58.460021402293407, -34.604094716846568 ], [ -58.458935314254532, -34.60437320865605 ] ] ] } },
{ "type": "Feature", "properties": { "id": 40.0, "comuna": 8.0, "perimetro_": 15057.47, "area_metro": 9296142.36, "nam": "Villa Lugano", "cca": null, "cde": null, "fna": null, "gna": null, "ara3": null, "arl": null }, "geometry": { "type": "Polygon", "coordinates": [ [ [ -58.464430164857973, -34.660047667910746 ], [ -58.464603640286903, -34.660213191844214 ], [ -58.464936963250501, -34.66053123264588 ], [ -58.465433654679543, -34.661051562262578 ], [ -58.465456683258928, -34.661075688186784 ], [ -58.465456999630561, -34.661076017197075 ], [ -58.465559551686852, -34.661164852332618 ], [ -58.465875927970579, -34.661438908169472 ], [ -58.465918103777689, -34.661475441553428 ], [ -58.466032758667325, -34.661574759461423 ], [ -58.466409683807989, -34.661902581823924 ], [ -58.466480682025157, -34.661964330406391 ], [ -58.466826763703835, -34.662265317187817 ], [ -58.4668292009151, -34.662267431832703 ], [ -58.46732061128133, -34.662692414903198 ], [ -58.467323598368388, -34.662695000958969 ], [ -58.467666167065616, -34.662980539723591 ], [ -58.467776743456376, -34.663072707005497 ], [ -58.467848301038089, -34.663132350860899 ], [ -58.468451949404091, -34.663654099871032 ], [ -58.468702691029968, -34.663784532491896 ], [ -58.468888423334505, -34.663822889157821 ], [ -58.469129873058854, -34.6638382244073 ], [ -58.46923841364044, -34.663874920198026 ], [ -58.469373799329766, -34.663823871920272 ], [ -58.469641281155688, -34.663651952534245 ], [ -58.469934428733552, -34.663593807513976 ], [ -58.470194097664283, -34.663607718135374 ], [ -58.470393721836608, -34.663768610706768 ], [ -58.470461635418346, -34.66411359820848 ], [ -58.470460659810577, -34.6641227791565 ], [ -58.470455849567486, -34.664208618287645 ], [ -58.470440110771221, -34.664275877233614 ], [ -58.470411469242613, -34.664368199814319 ], [ -58.47036563660766, -34.66443685138065 ], [ -58.47016199571469, -34.66466713884526 ], [ -58.469734503833656, -34.665001388906113 ], [ -58.469130418550932, -34.66547381546949 ], [ -58.468561023109871, -34.665885841961071 ], [ -58.467940208741574, -34.666376688153058 ], [ -58.465238054645852, -34.668483144692686 ], [ -58.465234748962615, -34.668485721882909 ], [ -58.464768356961883, -34.668877465032395 ], [ -58.464151390481511, -34.669031559207923 ], [ -58.463648299391338, -34.669152970187717 ], [ -58.463226655346304, -34.669386627514442 ], [ -58.462894436885044, -34.669766749650194 ], [ -58.462807957499301, -34.669882478925416 ], [ -58.462654572293566, -34.670088797008425 ], [ -58.462556981084944, -34.670219828410737 ], [ -58.462470331478244, -34.670352746462356 ], [ -58.46228654925951, -34.670580503939469 ], [ -58.462257400800517, -34.67061662687702 ], [ -58.462079491338251, -34.67078445010371 ], [ -58.461848094385651, -34.671002726268505 ], [ -58.461825060019592, -34.671024455427499 ], [ -58.461433806448575, -34.671357492010223 ], [ -58.461258068592961, -34.671508993088118 ], [ -58.461227220843384, -34.671535586019452 ], [ -58.460029702484967, -34.672564715098368 ], [ -58.459932099962977, -34.672666614326126 ], [ -58.459865098775147, -34.672754007021034 ], [ -58.459823223142124, -34.672823883264648 ], [ -58.459809518453554, -34.672846752587674 ], [ -58.459807447424758, -34.672851374065822 ], [ -58.459765958067038, -34.672943723392891 ], [ -58.459665192327975, -34.673232947356198 ], [ -58.459636885558098, -34.673384777569126 ], [ -58.459546525310884, -34.67353273341287 ], [ -58.459545935019484, -34.673533225565386 ], [ -58.459457344320228, -34.673607028578175 ], [ -58.459405277448212, -34.673650405552372 ], [ -58.459404847557252, -34.673650588525177 ], [ -58.459226951096653, -34.673726244489103 ], [ -58.45900362119658, -34.673753842549893 ], [ -58.458516450157973, -34.673852238710552 ], [ -58.457727193538211, -34.67438006091097 ], [ -58.455051533062111, -34.676480690511092 ], [ -58.454465257792393, -34.676937279032941 ], [ -58.453085388882094, -34.678011883821007 ], [ -58.452930313448192, -34.678132645359376 ], [ -58.451478691907717, -34.679273924600494 ], [ -58.450940045946005, -34.679697463864287 ], [ -58.450937724775152, -34.679699427802611 ], [ -58.450776097025589, -34.679836179629504 ], [ -58.450712487638569, -34.679941173889013 ], [ -58.450641461934751, -34.680036166193375 ], [ -58.45079052707186, -34.680202005968269 ], [ -58.450824541520738, -34.680239847964216 ], [ -58.451107584323879, -34.68050339405157 ], [ -58.451125284923243, -34.680519875407349 ], [ -58.451142129083756, -34.68053555892687 ], [ -58.451373542459862, -34.680751030609663 ], [ -58.451690441998359, -34.681039828036781 ], [ -58.451731365469335, -34.681077122374873 ], [ -58.451791797659006, -34.68113269103263 ], [ -58.452171956034597, -34.681482445612623 ], [ -58.4526581535875, -34.681929673278447 ], [ -58.452813799005938, -34.682072855958289 ], [ -58.45329863961063, -34.682518954146943 ], [ -58.454023608639538, -34.683185843152074 ], [ -58.454661045840695, -34.683772229292728 ], [ -58.455423458807537, -34.684473549947825 ], [ -58.456226463309484, -34.685182403000645 ], [ -58.456312734150501, -34.685236562874486 ], [ -58.456469759747385, -34.685335093160283 ], [ -58.45674032906777, -34.685542678352263 ], [ -58.456912313937039, -34.68567462683005 ], [ -58.457000252127528, -34.685742093811946 ], [ -58.457507642038657, -34.68620669741852 ], [ -58.457774296715684, -34.686452203303425 ], [ -58.458288087828834, -34.68693447963679 ], [ -58.458383139897293, -34.687042722962119 ], [ -58.458491634426757, -34.687166272675888 ], [ -58.458497116503054, -34.687172516054275 ], [ -58.458607754130398, -34.687323521777948 ], [ -58.45861842356716, -34.687338084458389 ], [ -58.458776814287823, -34.687540344188093 ], [ -58.459006393030585, -34.687759930421471 ], [ -58.459461803363176, -34.688178044526637 ], [ -58.460077918158191, -34.688743767025883 ], [ -58.460641269798671, -34.689260964164497 ], [ -58.461001808704886, -34.689591958126528 ], [ -58.462036975983168, -34.690542326133468 ], [ -58.462691662672, -34.691143387048214 ], [ -58.463395723169697, -34.691789727531358 ], [ -58.464095009772862, -34.691242400333493 ], [ -58.465261743776878, -34.69032928779739 ], [ -58.465395168916459, -34.690224849226354 ], [ -58.465877626128062, -34.68984730461576 ], [ -58.466423252366738, -34.689420249275251 ], [ -58.466490262523216, -34.689367853131351 ], [ -58.466604074941422, -34.689278765632132 ], [ -58.467099139133701, -34.688891989861403 ], [ -58.467582264016606, -34.688514579019404 ], [ -58.468057625987171, -34.688143223111737 ], [ -58.468671600229129, -34.687663619856593 ], [ -58.468761282666712, -34.687593404188661 ], [ -58.468810813254706, -34.68755467019821 ], [ -58.469188034657485, -34.687259441858842 ], [ -58.469562285365775, -34.686966534521382 ], [ -58.469808227494205, -34.686773985965665 ], [ -58.469928682439132, -34.686679824540349 ], [ -58.470037799834131, -34.686594607407763 ], [ -58.470515015567202, -34.686221692173582 ], [ -58.47109554494785, -34.685768064371864 ], [ -58.471212758449497, -34.685676436633486 ], [ -58.471459826626692, -34.685482864235667 ], [ -58.4717405137973, -34.685262949813513 ], [ -58.472128463091835, -34.684958978661541 ], [ -58.472149504475269, -34.684942898688483 ], [ -58.472301253372748, -34.684826923002909 ], [ -58.47237575665774, -34.684769945671007 ], [ -58.472508567368394, -34.684668386479466 ], [ -58.473257516064088, -34.684092692630792 ], [ -58.473445646871923, -34.683948099971275 ], [ -58.474620447417038, -34.683044966641262 ], [ -58.475535413193583, -34.682337622799608 ], [ -58.475796500396434, -34.682135694842252 ], [ -58.476577405912721, -34.682840683615609 ], [ -58.476847528891028, -34.68308450516102 ], [ -58.477338628728319, -34.683527782891524 ], [ -58.477623775665919, -34.68378516447337 ], [ -58.47809969277592, -34.684214736733239 ], [ -58.478162090627229, -34.68427106726147 ], [ -58.478862816879371, -34.684903586553524 ], [ -58.479620326253894, -34.685587360936665 ], [ -58.479683221671003, -34.685644136804306 ], [ -58.480384753618047, -34.686277327655922 ], [ -58.481146806641227, -34.686965106634169 ], [ -58.481908104990545, -34.687652317501978 ], [ -58.482443527561344, -34.688131671695132 ], [ -58.482727726154977, -34.68838916027093 ], [ -58.482798331722471, -34.688452634351606 ], [ -58.482935207744411, -34.68857568449156 ], [ -58.48303963053116, -34.688669559315059 ], [ -58.483169337169727, -34.688786162568135 ], [ -58.483210639739639, -34.688823292987223 ], [ -58.483354163182483, -34.688952318807331 ], [ -58.483358367091476, -34.688949146957917 ], [ -58.483371054104069, -34.688939589030106 ], [ -58.484002160565275, -34.688464142420528 ], [ -58.484260418643743, -34.688269581362881 ], [ -58.484763535305127, -34.687890548522006 ], [ -58.485554297381761, -34.687294801329266 ], [ -58.485672405733503, -34.687205819606184 ], [ -58.486553919366898, -34.686541682664128 ], [ -58.487098598622694, -34.686131309961851 ], [ -58.487394580822354, -34.685908307964326 ], [ -58.488799056064764, -34.684850108827874 ], [ -58.490059984514168, -34.683900027422482 ], [ -58.491450862409394, -34.682851991722075 ], [ -58.491533216575512, -34.682789935827238 ], [ -58.493257650179579, -34.681490501041154 ], [ -58.494235473289734, -34.680753640159303 ], [ -58.495022732577716, -34.680160367741692 ], [ -58.498743879320173, -34.677355957950425 ], [ -58.499015684445304, -34.677151102392443 ], [ -58.502484473156365, -34.674536583556666 ], [ -58.502524082874167, -34.67450672779367 ], [ -58.502519902056186, -34.674504322067435 ], [ -58.502517886022893, -34.674503162001471 ], [ -58.50251666257595, -34.674502434956139 ], [ -58.502496378024695, -34.674490378793863 ], [ -58.502114326501214, -34.674263337270617 ], [ -58.501974410301003, -34.67418018778168 ], [ -58.501772505178906, -34.674060199041079 ], [ -58.501640402853056, -34.673981692531761 ], [ -58.500679683964037, -34.673466848692982 ], [ -58.500522650141306, -34.673382716629348 ], [ -58.500199799479809, -34.673209745434825 ], [ -58.500116370851366, -34.673165047268874 ], [ -58.499740205338497, -34.672963469462445 ], [ -58.499125828930197, -34.672634213576885 ], [ -58.498926573630634, -34.67251279233399 ], [ -58.498722118145302, -34.672386936427209 ], [ -58.498718432525038, -34.672384290953524 ], [ -58.49856858175243, -34.672276724777326 ], [ -58.498251202101358, -34.672048902355087 ], [ -58.497914751391583, -34.671807518267471 ], [ -58.497406327386287, -34.671442660118402 ], [ -58.49703833366884, -34.671178536181017 ], [ -58.495871644362573, -34.6701938500455 ], [ -58.495736492760265, -34.670060575359756 ], [ -58.494346128869736, -34.668689336085727 ], [ -58.493607205917712, -34.667960551725763 ], [ -58.49345730518521, -34.667798334678942 ], [ -58.492596711297224, -34.666867343133163 ], [ -58.492348186549883, -34.66661134736578 ], [ -58.492138998342405, -34.666395869290511 ], [ -58.491934044606822, -34.666184750888029 ], [ -58.491760364687998, -34.66600577642194 ], [ -58.491577236102763, -34.665825250760882 ], [ -58.491577204453932, -34.665825219218767 ], [ -58.491133787569524, -34.665388100955489 ], [ -58.490998738752147, -34.665261723001393 ], [ -58.490075831203491, -34.664398615505554 ], [ -58.48896537703363, -34.663359970417929 ], [ -58.488954454749667, -34.663349754258931 ], [ -58.488951878330049, -34.663347344404144 ], [ -58.488951231015569, -34.663346738938351 ], [ -58.488893882729862, -34.663329572060427 ], [ -58.488859827187355, -34.663319377714444 ], [ -58.487866935873924, -34.663022153379451 ], [ -58.487131170698213, -34.662801894000538 ], [ -58.485950514957999, -34.662448357673469 ], [ -58.48594426126526, -34.662446484797151 ], [ -58.485808263914507, -34.662360147387297 ], [ -58.485359836141285, -34.662075463004463 ], [ -58.485225837796889, -34.661990344189803 ], [ -58.485036342078139, -34.661870027734842 ], [ -58.484130651454777, -34.661294971481098 ], [ -58.48323144908705, -34.660715963698401 ], [ -58.482332430529169, -34.660137089818242 ], [ -58.481432911663724, -34.659557786563134 ], [ -58.48084076967239, -34.659176462547968 ], [ -58.480532724534143, -34.658978125157418 ], [ -58.480299348118173, -34.658827804818209 ], [ -58.480168425709486, -34.658743527297887 ], [ -58.479821687455235, -34.658518995655285 ], [ -58.479717180413886, -34.658451369488432 ], [ -58.479632037891633, -34.658396273890936 ], [ -58.479545460791407, -34.658340192280491 ], [ -58.479468590504894, -34.658290397583812 ], [ -58.479461824073809, -34.658286014905663 ], [ -58.479355790494317, -34.658213210905267 ], [ -58.478849864258336, -34.657865379307118 ], [ -58.478817104542586, -34.657842856355863 ], [ -58.478397353362368, -34.658176643101591 ], [ -58.478276693361558, -34.658273419345299 ], [ -58.477900481064552, -34.658575297969094 ], [ -58.477699464070028, -34.658736590200846 ], [ -58.477042380681524, -34.659249485687148 ], [ -58.475869222659554, -34.66016511044171 ], [ -58.475707312276121, -34.660291536748652 ], [ -58.475131416703306, -34.660743285970035 ], [ -58.475088552260353, -34.660776952505124 ], [ -58.474813491194816, -34.66099272848394 ], [ -58.474441663236519, -34.661284410819142 ], [ -58.474441364364971, -34.661284692988829 ], [ -58.474318781027556, -34.661400338333927 ], [ -58.474215497581675, -34.661497812940375 ], [ -58.473628251613107, -34.66195511951171 ], [ -58.47297503653283, -34.662450880055523 ], [ -58.472585897693769, -34.6627216191089 ], [ -58.472514837882187, -34.6627710579967 ], [ -58.472009551357466, -34.661638040360103 ], [ -58.471288996775677, -34.660023597871053 ], [ -58.470730537210073, -34.658781755620311 ], [ -58.470571563345821, -34.658428240646494 ], [ -58.470570200581356, -34.658425210174642 ], [ -58.47045509614847, -34.658502192311495 ], [ -58.470447848778996, -34.658506783636909 ], [ -58.470109859115631, -34.658720912185544 ], [ -58.469869282433542, -34.658883532308003 ], [ -58.469679070724013, -34.659017064312685 ], [ -58.469669571848904, -34.65902373346777 ], [ -58.469555636497361, -34.659103722704387 ], [ -58.469552448741673, -34.659101056486236 ], [ -58.467655066656768, -34.657513819631617 ], [ -58.467190581912732, -34.657896184460981 ], [ -58.466844041377406, -34.658156861373705 ], [ -58.466710061745538, -34.658258689800313 ], [ -58.466346441141262, -34.658535025119747 ], [ -58.466272873635823, -34.658594526553827 ], [ -58.466137625260636, -34.658703912729251 ], [ -58.465779448466009, -34.658973552312595 ], [ -58.465713326236077, -34.659023329703643 ], [ -58.465193500306597, -34.65942351697344 ], [ -58.464982458810923, -34.65959240261445 ], [ -58.464862216476021, -34.659691763430018 ], [ -58.464800296350525, -34.659742930245876 ], [ -58.464455683844292, -34.660026654820427 ], [ -58.464430164857973, -34.660047667910746 ] ] ] } },
{ "type": "Feature", "properties": { "id": 41.0, "comuna": 10.0, "perimetro_": 8652.93, "area_metro": 2566936.87, "nam": "Villa Luro", "cca": null, "cde": null, "fna": null, "gna": null, "ara3": null, "arl": null }, "geometry": { "type": "Polygon", "coordinates": [ [ [ -58.507292045464304, -34.627593610854497 ], [ -58.507159282070077, -34.627693237438955 ], [ -58.506302821629404, -34.62832340836831 ], [ -58.505355393996155, -34.629020506969873 ], [ -58.504314440539773, -34.629786503363789 ], [ -58.503177997028558, -34.630622592856213 ], [ -58.502694188935905, -34.630978525263515 ], [ -58.502505522412541, -34.631117323263176 ], [ -58.502168601344508, -34.631365250666214 ], [ -58.50205081456162, -34.631452190221957 ], [ -58.501640389804017, -34.631755139483452 ], [ -58.501536144533326, -34.631833624390367 ], [ -58.501040636503916, -34.632206880889129 ], [ -58.500551255339509, -34.632002662831624 ], [ -58.500547411646778, -34.632001146919578 ], [ -58.499975902734256, -34.63177565200013 ], [ -58.499704484257975, -34.631949782641449 ], [ -58.498984201738288, -34.632555742725174 ], [ -58.498982216545592, -34.632557305462619 ], [ -58.498934888046001, -34.632594560464725 ], [ -58.498313233851171, -34.633083618892897 ], [ -58.49763927683486, -34.633613744809963 ], [ -58.497160100588978, -34.633990783923842 ], [ -58.496309564700461, -34.634662925434419 ], [ -58.495437190124711, -34.635336651391036 ], [ -58.495395639767565, -34.635368739262077 ], [ -58.494758867515152, -34.635868135214032 ], [ -58.494564835702647, -34.636020299239483 ], [ -58.493797996029414, -34.636645710843382 ], [ -58.493660128763977, -34.636619899813034 ], [ -58.493156288892436, -34.636520493334956 ], [ -58.493115053120839, -34.636512357317045 ], [ -58.493318592048858, -34.636962522796821 ], [ -58.492269694136517, -34.637781657793411 ], [ -58.491822496678601, -34.63813085036977 ], [ -58.490910371518275, -34.638843109166189 ], [ -58.490386157168366, -34.63925252665544 ], [ -58.49035845597291, -34.639274483200111 ], [ -58.490058202489543, -34.639512530634633 ], [ -58.489565669702145, -34.639903134050527 ], [ -58.488737076681247, -34.640560216930879 ], [ -58.488230049956272, -34.640961804372857 ], [ -58.487804627876955, -34.641298794946891 ], [ -58.488043495848103, -34.641411494063689 ], [ -58.488710506994423, -34.641727345674241 ], [ -58.489542936311096, -34.642121468665891 ], [ -58.489622447430733, -34.642159128021824 ], [ -58.490234082976457, -34.642450114027994 ], [ -58.490316080875061, -34.642489408450515 ], [ -58.490476767310639, -34.642566413177356 ], [ -58.490587037738749, -34.642619256608469 ], [ -58.490877756017063, -34.642758573577211 ], [ -58.491634956333023, -34.643121502098936 ], [ -58.492330546040037, -34.64345479210521 ], [ -58.49366387558139, -34.644093697500509 ], [ -58.494839471843797, -34.644657066160953 ], [ -58.494962697471664, -34.644686611483763 ], [ -58.495080733865841, -34.644739538956578 ], [ -58.495300873662828, -34.644846736342387 ], [ -58.495312755292744, -34.6448371016251 ], [ -58.495397131194771, -34.644768681793124 ], [ -58.496418486900168, -34.643969669545889 ], [ -58.496675568695053, -34.643768612559704 ], [ -58.49713623482311, -34.643408270793437 ], [ -58.498184682738255, -34.643900162903066 ], [ -58.499220273627252, -34.6443861337508 ], [ -58.500247438289975, -34.644868084310438 ], [ -58.501273592621949, -34.645349533416365 ], [ -58.502297877323464, -34.645816960135065 ], [ -58.502834075830833, -34.64537861566447 ], [ -58.503325636890558, -34.644977747203612 ], [ -58.503841908064658, -34.644587644048279 ], [ -58.504347612850026, -34.644205499939794 ], [ -58.504468992477058, -34.644113697597525 ], [ -58.505658063352371, -34.643214198344801 ], [ -58.50684565964692, -34.642315815572665 ], [ -58.506963796852432, -34.64222640603964 ], [ -58.508029906693309, -34.641414604513905 ], [ -58.509208762989495, -34.640516834482995 ], [ -58.509786640508835, -34.640076682023235 ], [ -58.509820342652098, -34.640007302475183 ], [ -58.510050749681263, -34.639115727892097 ], [ -58.510313638548681, -34.638117378238192 ], [ -58.510480365189331, -34.637484068593359 ], [ -58.510507726882075, -34.637369931427756 ], [ -58.509354386008518, -34.637206118029283 ], [ -58.505670803700347, -34.636716931150211 ], [ -58.505670574660371, -34.636716898778765 ], [ -58.505736562521449, -34.636664812698818 ], [ -58.506136853968655, -34.636348846909392 ], [ -58.506332405262533, -34.636194489735168 ], [ -58.506817637123127, -34.635811470430582 ], [ -58.506959964671161, -34.635890012313375 ], [ -58.507090663827647, -34.63589003576682 ], [ -58.507649839960628, -34.635890186168545 ], [ -58.508274107830161, -34.635727843119895 ], [ -58.508828671999545, -34.635552494731527 ], [ -58.509379084632272, -34.635348323475398 ], [ -58.509540379476761, -34.635288492165756 ], [ -58.509656126848128, -34.635239103752923 ], [ -58.509656228246932, -34.635239060446352 ], [ -58.509975992730695, -34.635102619882424 ], [ -58.509996055611779, -34.635094337193308 ], [ -58.510668850528447, -34.634816575573112 ], [ -58.510176131456618, -34.634771225442094 ], [ -58.50959603916403, -34.634717831621415 ], [ -58.50940339248703, -34.634700087182196 ], [ -58.509221140105261, -34.634684452348871 ], [ -58.508761805768366, -34.634645116212376 ], [ -58.508386558858767, -34.634598494487292 ], [ -58.508679696947944, -34.634377891001812 ], [ -58.509084990368066, -34.634063793020054 ], [ -58.509202601077988, -34.63397269124259 ], [ -58.510102939705853, -34.633280511247513 ], [ -58.511041075190747, -34.632559295819526 ], [ -58.512042978868379, -34.631789032145214 ], [ -58.512905968879316, -34.631125505825004 ], [ -58.513021360043574, -34.631036798998537 ], [ -58.513449552787208, -34.630707544016019 ], [ -58.51403582955286, -34.630256725157871 ], [ -58.514905688479907, -34.629587902073517 ], [ -58.515124960687949, -34.629419356625043 ], [ -58.515246389516989, -34.629325360993157 ], [ -58.515557481220085, -34.629084725280649 ], [ -58.515646014201565, -34.629016242648348 ], [ -58.515912541954307, -34.628809998910377 ], [ -58.516380199004061, -34.628449581519426 ], [ -58.515545094937892, -34.627714793196681 ], [ -58.515420558994897, -34.627605126749529 ], [ -58.514676763262699, -34.626950506032671 ], [ -58.514559900732756, -34.626847525786644 ], [ -58.514437669413546, -34.626739759343316 ], [ -58.514105668153341, -34.626447218344254 ], [ -58.513670959614565, -34.626064225482672 ], [ -58.513559895748038, -34.625965608338859 ], [ -58.51293708241495, -34.625412681748124 ], [ -58.512711199902817, -34.625212143820299 ], [ -58.512646067607221, -34.625156103751827 ], [ -58.512615397636679, -34.62512971630828 ], [ -58.512487801935002, -34.625019907432232 ], [ -58.51180917849365, -34.624418538113055 ], [ -58.511774562491922, -34.624387862172078 ], [ -58.511649696145881, -34.62427798100962 ], [ -58.511210822530742, -34.624613228641408 ], [ -58.510872459228231, -34.624871712172265 ], [ -58.510733881804228, -34.624977573758706 ], [ -58.510561279348671, -34.625114543710716 ], [ -58.510182691785282, -34.625414904568821 ], [ -58.510080933602936, -34.625495648543499 ], [ -58.509360525635017, -34.626047618788611 ], [ -58.509254336789773, -34.626128928026887 ], [ -58.508311050215752, -34.626830132584843 ], [ -58.508179311234962, -34.626928140064251 ], [ -58.507292045464304, -34.627593610854497 ] ] ] } },
{ "type": "Feature", "properties": { "id": 42.0, "comuna": 15.0, "perimetro_": 5685.0, "area_metro": 1853802.05, "nam": "Villa Ortuzar", "cca": null, "cde": null, "fna": null, "gna": null, "ara3": null, "arl": null }, "geometry": { "type": "Polygon", "coordinates": [ [ [ -58.463356084528215, -34.575008624627031 ], [ -58.463187648819883, -34.575105325982705 ], [ -58.462376631860081, -34.576032092237035 ], [ -58.462247636563333, -34.57616687782032 ], [ -58.461605841583143, -34.576837451288128 ], [ -58.460633218645256, -34.577853619370806 ], [ -58.460547586447134, -34.577943087581595 ], [ -58.460225480429045, -34.57829541024887 ], [ -58.460523850461868, -34.578294792711944 ], [ -58.46052833291089, -34.578294783799542 ], [ -58.460529904691448, -34.579666923055818 ], [ -58.460531230343243, -34.580772224781008 ], [ -58.460532556832057, -34.581853301404962 ], [ -58.460533797815906, -34.58295029339417 ], [ -58.460535123880788, -34.584046159307299 ], [ -58.460536201498094, -34.584943921616471 ], [ -58.460471228753995, -34.585036105226209 ], [ -58.460426094078421, -34.585203219293291 ], [ -58.460446867146452, -34.58528772834277 ], [ -58.460414506849716, -34.585402377980003 ], [ -58.460379389687752, -34.585527642716876 ], [ -58.461464361419218, -34.585833217951397 ], [ -58.461870725839646, -34.586042142951371 ], [ -58.461953163425655, -34.586112155730049 ], [ -58.462975588667007, -34.586980477878953 ], [ -58.463074945009801, -34.587064857736294 ], [ -58.464533655666401, -34.588422048741393 ], [ -58.465783331812304, -34.589604284379099 ], [ -58.466828452112026, -34.590592966556351 ], [ -58.466957896425946, -34.590514982368646 ], [ -58.466959564043933, -34.590513664436934 ], [ -58.467118238202062, -34.590388285034052 ], [ -58.467661418367506, -34.589958963684104 ], [ -58.467892858361161, -34.589776064381709 ], [ -58.46807695327113, -34.589630562072522 ], [ -58.468190883942192, -34.589540837925952 ], [ -58.468895411907269, -34.588985726944223 ], [ -58.469211823942551, -34.588736482679373 ], [ -58.470230955774923, -34.587933527815139 ], [ -58.470804694728074, -34.587459918910454 ], [ -58.470815403202614, -34.58744528002174 ], [ -58.470834655779313, -34.587418961751197 ], [ -58.470837081694647, -34.587415645261252 ], [ -58.471114088339647, -34.58688776634461 ], [ -58.47212979459119, -34.584956943936447 ], [ -58.472460275125023, -34.584328597684326 ], [ -58.472981526385446, -34.583337553484306 ], [ -58.473538518008958, -34.58227861577771 ], [ -58.473647818820858, -34.582061630830452 ], [ -58.473630441494571, -34.581996912682094 ], [ -58.473656486414356, -34.581919655635581 ], [ -58.473630423928185, -34.581854938222378 ], [ -58.473570810003736, -34.581765081981452 ], [ -58.473857738065902, -34.581671742865225 ], [ -58.473994990410965, -34.581627086029862 ], [ -58.474310238865762, -34.581269726730831 ], [ -58.474461774504292, -34.58109802030031 ], [ -58.474682351549497, -34.580842431436011 ], [ -58.474920974484505, -34.580565784050812 ], [ -58.474996484826654, -34.580470916241758 ], [ -58.475424092725099, -34.579958470061214 ], [ -58.475499273170925, -34.57994064499475 ], [ -58.476668781997468, -34.57966414364919 ], [ -58.47722260940435, -34.579533200158025 ], [ -58.478987903717254, -34.579125161285333 ], [ -58.478655127722924, -34.57892858015046 ], [ -58.478198543877944, -34.578669054105653 ], [ -58.477773042325914, -34.578427199617025 ], [ -58.477333152930029, -34.578177175668976 ], [ -58.477150250323106, -34.578073391080167 ], [ -58.475594314798833, -34.577190512908352 ], [ -58.475006876708484, -34.576857183712463 ], [ -58.474978798894504, -34.576841201416698 ], [ -58.47485088596202, -34.576768394600784 ], [ -58.474619029551647, -34.576636370945373 ], [ -58.473829120695513, -34.576186644505015 ], [ -58.473734525307378, -34.57613504689089 ], [ -58.473684797791861, -34.576107922715984 ], [ -58.473547201842024, -34.576033003307082 ], [ -58.472886811299873, -34.575655303556552 ], [ -58.472742574696518, -34.575572073509136 ], [ -58.471958560769281, -34.575119798714788 ], [ -58.471806067266868, -34.575032836234257 ], [ -58.470865230521639, -34.574496408049235 ], [ -58.46992584768698, -34.573960754021854 ], [ -58.469134122526441, -34.573509300609992 ], [ -58.468287909717056, -34.573026793731167 ], [ -58.468081615458928, -34.572909123463177 ], [ -58.467364656881507, -34.57249646466105 ], [ -58.466037830029997, -34.573336166889781 ], [ -58.4649920138542, -34.573995283598038 ], [ -58.463356084528215, -34.575008624627031 ] ] ] } },
{ "type": "Feature", "properties": { "id": 44.0, "comuna": 10.0, "perimetro_": 5070.97, "area_metro": 1334146.08, "nam": "Villa Real", "cca": null, "cde": null, "fna": null, "gna": null, "ara3": null, "arl": null }, "geometry": { "type": "Polygon", "coordinates": [ [ [ -58.516948082453375, -34.620214661309198 ], [ -58.517397424762947, -34.62061620741995 ], [ -58.517429743763422, -34.620645088077673 ], [ -58.517554800186716, -34.620757206034916 ], [ -58.517905445249092, -34.62107157096893 ], [ -58.518289691022936, -34.621415627806009 ], [ -58.518392572072607, -34.621507554080772 ], [ -58.518886864100899, -34.6219493073405 ], [ -58.519379285785213, -34.622389298049683 ], [ -58.519577686108256, -34.622566617651621 ], [ -58.519892638343094, -34.622848101359033 ], [ -58.519893875614628, -34.622849206826025 ], [ -58.520286405495682, -34.623199943751558 ], [ -58.520692493297908, -34.623562855688945 ], [ -58.521174363492499, -34.623993407937562 ], [ -58.521634417568329, -34.624404461082804 ], [ -58.522829738372565, -34.623485633570994 ], [ -58.523325291741507, -34.623737224599445 ], [ -58.5236141024426, -34.623883915141718 ], [ -58.523960183548574, -34.624059660804612 ], [ -58.524103867199699, -34.624132616803223 ], [ -58.524167610809421, -34.624164981099227 ], [ -58.525281456648486, -34.624730764428108 ], [ -58.525841879269741, -34.625015481692984 ], [ -58.526344865447307, -34.625270929964969 ], [ -58.526841632467764, -34.625523281214889 ], [ -58.526944640625366, -34.625575599925888 ], [ -58.527854011647264, -34.626037473093916 ], [ -58.528226424930544, -34.626226637296654 ], [ -58.52835828870785, -34.626293616337875 ], [ -58.528862142331946, -34.626549546780147 ], [ -58.52916461743056, -34.626703170296857 ], [ -58.529373669127253, -34.626809344366627 ], [ -58.529807561548608, -34.627035026511074 ], [ -58.530072398035109, -34.627164992529444 ], [ -58.530208783622882, -34.627231922913182 ], [ -58.530363277202241, -34.627307738383777 ], [ -58.530742579162272, -34.6274938749252 ], [ -58.53080019617812, -34.627522148485987 ], [ -58.530800197243757, -34.627522117837181 ], [ -58.531516114702519, -34.615493279383799 ], [ -58.531071534819262, -34.614496001356066 ], [ -58.529466490537764, -34.61089536010676 ], [ -58.529399142259138, -34.610940436996628 ], [ -58.529337216126955, -34.610981887203373 ], [ -58.529005068697778, -34.611227990300939 ], [ -58.528937663767216, -34.611277933734165 ], [ -58.528887110361275, -34.611307858337803 ], [ -58.528551175029975, -34.611506713364903 ], [ -58.528156949997317, -34.611798758469938 ], [ -58.527754462186152, -34.612093412660819 ], [ -58.527346012200326, -34.612392434220418 ], [ -58.526941305494837, -34.612688635508199 ], [ -58.526534977760889, -34.612986034268502 ], [ -58.525846096692717, -34.613490339224612 ], [ -58.525713631266399, -34.613587591887558 ], [ -58.525611984063232, -34.61366215163941 ], [ -58.525426805988104, -34.613784330831621 ], [ -58.525423235959288, -34.613786686257804 ], [ -58.525113734540732, -34.613999609286267 ], [ -58.525111811157693, -34.614000931742801 ], [ -58.525079286766591, -34.613977485150812 ], [ -58.525058119468504, -34.613962225809665 ], [ -58.524268039773183, -34.614599392719185 ], [ -58.524118807829041, -34.614719679690545 ], [ -58.523117575029069, -34.615508142943312 ], [ -58.521955905450248, -34.616388013302462 ], [ -58.521011061543184, -34.617109177919481 ], [ -58.520888207798357, -34.617202969207554 ], [ -58.520329456342822, -34.617634058036153 ], [ -58.520120268241179, -34.617795449375748 ], [ -58.519478152628125, -34.61829075324146 ], [ -58.519339119525299, -34.618396662777592 ], [ -58.518897411481568, -34.618733066436022 ], [ -58.518671618843399, -34.618905142849826 ], [ -58.518537266385835, -34.619007176839595 ], [ -58.518206151308071, -34.619258808831859 ], [ -58.517739401423967, -34.619613388532166 ], [ -58.516948082453375, -34.620214661309198 ] ] ] } },
{ "type": "Feature", "properties": { "id": 45.0, "comuna": 8.0, "perimetro_": 10596.83, "area_metro": 4232595.92, "nam": "Villa Riachuelo", "cca": null, "cde": null, "fna": null, "gna": null, "ara3": null, "arl": null }, "geometry": { "type": "Polygon", "coordinates": [ [ [ -58.444295869683479, -34.684929788415914 ], [ -58.444296415922324, -34.684930437029365 ], [ -58.444296499056058, -34.684930535743781 ], [ -58.444318620297906, -34.684956802878133 ], [ -58.444318658708234, -34.684956848487154 ], [ -58.444348768629212, -34.684992601479927 ], [ -58.444442590383922, -34.685104008819089 ], [ -58.444444476304085, -34.685106248224997 ], [ -58.444484895688952, -34.685154243543934 ], [ -58.451243966583732, -34.693179183721256 ], [ -58.457977791527448, -34.701091292281532 ], [ -58.458924628951706, -34.702203655809846 ], [ -58.460311794750552, -34.703805214282113 ], [ -58.460340420591038, -34.703838263266562 ], [ -58.460427273802715, -34.703912199650219 ], [ -58.460509086696668, -34.703988012585121 ], [ -58.460510263264965, -34.703989102413146 ], [ -58.460519526259752, -34.703998454722502 ], [ -58.46058924054028, -34.704068834545907 ], [ -58.460664064829764, -34.704151254532285 ], [ -58.460782568604657, -34.704280863134926 ], [ -58.460897140092975, -34.704412861171846 ], [ -58.46100770943351, -34.704547167526108 ], [ -58.461035142936034, -34.704575988722468 ], [ -58.461047490474172, -34.70458895929545 ], [ -58.46110723851158, -34.704651728052511 ], [ -58.461715152800259, -34.705290365303988 ], [ -58.461715369881873, -34.705290204738894 ], [ -58.461744127823337, -34.705268933829053 ], [ -58.461751857840916, -34.705263216304097 ], [ -58.461751897134981, -34.705263187459565 ], [ -58.461841353315457, -34.70519566507992 ], [ -58.461872709933367, -34.705171996310803 ], [ -58.462103967713297, -34.704997436858541 ], [ -58.462195325794866, -34.704928477392151 ], [ -58.462381797407936, -34.704787724336278 ], [ -58.462381833338917, -34.70478769721467 ], [ -58.464128552774518, -34.703469187328828 ], [ -58.466577765452506, -34.701620288906227 ], [ -58.471993804865797, -34.697531278944922 ], [ -58.472534092464613, -34.697123335862514 ], [ -58.47406443966468, -34.69596781603429 ], [ -58.482162597035291, -34.689852274030756 ], [ -58.482162633041355, -34.6898522460815 ], [ -58.482493717334755, -34.689602189630534 ], [ -58.48249455420126, -34.689601557571301 ], [ -58.482789854603936, -34.689378525407051 ], [ -58.483282519014033, -34.689006430046845 ], [ -58.48328298569831, -34.689006077571015 ], [ -58.483347915995488, -34.688957037172585 ], [ -58.483353859823509, -34.688952547927855 ], [ -58.483354163182483, -34.688952318807331 ], [ -58.483210639739639, -34.688823292987223 ], [ -58.483169337169727, -34.688786162568135 ], [ -58.48303963053116, -34.688669559315059 ], [ -58.482935207744411, -34.68857568449156 ], [ -58.482798331722471, -34.688452634351606 ], [ -58.482727726154977, -34.68838916027093 ], [ -58.482443527561344, -34.688131671695132 ], [ -58.481908104990545, -34.687652317501978 ], [ -58.481146806641227, -34.686965106634169 ], [ -58.480384753618047, -34.686277327655922 ], [ -58.479683221671003, -34.685644136804306 ], [ -58.479620326253894, -34.685587360936665 ], [ -58.478862816879371, -34.684903586553524 ], [ -58.478162090627229, -34.68427106726147 ], [ -58.47809969277592, -34.684214736733239 ], [ -58.477623775665919, -34.68378516447337 ], [ -58.477338628728319, -34.683527782891524 ], [ -58.476847528891028, -34.68308450516102 ], [ -58.476577405912721, -34.682840683615609 ], [ -58.475796500396434, -34.682135694842252 ], [ -58.475535413193583, -34.682337622799608 ], [ -58.474620447417038, -34.683044966641262 ], [ -58.473445646871923, -34.683948099971275 ], [ -58.473257516064088, -34.684092692630792 ], [ -58.472508567368394, -34.684668386479466 ], [ -58.47237575665774, -34.684769945671007 ], [ -58.472301253372748, -34.684826923002909 ], [ -58.472149504475269, -34.684942898688483 ], [ -58.472128463091835, -34.684958978661541 ], [ -58.4717405137973, -34.685262949813513 ], [ -58.471459826626692, -34.685482864235667 ], [ -58.471212758449497, -34.685676436633486 ], [ -58.47109554494785, -34.685768064371864 ], [ -58.470515015567202, -34.686221692173582 ], [ -58.470037799834131, -34.686594607407763 ], [ -58.469928682439132, -34.686679824540349 ], [ -58.469808227494205, -34.686773985965665 ], [ -58.469562285365775, -34.686966534521382 ], [ -58.469188034657485, -34.687259441858842 ], [ -58.468810813254706, -34.68755467019821 ], [ -58.468761282666712, -34.687593404188661 ], [ -58.468671600229129, -34.687663619856593 ], [ -58.468057625987171, -34.688143223111737 ], [ -58.467582264016606, -34.688514579019404 ], [ -58.467099139133701, -34.688891989861403 ], [ -58.466604074941422, -34.689278765632132 ], [ -58.466490262523216, -34.689367853131351 ], [ -58.466423252366738, -34.689420249275251 ], [ -58.465877626128062, -34.68984730461576 ], [ -58.465395168916459, -34.690224849226354 ], [ -58.465261743776878, -34.69032928779739 ], [ -58.464095009772862, -34.691242400333493 ], [ -58.463395723169697, -34.691789727531358 ], [ -58.462691662672, -34.691143387048214 ], [ -58.462036975983168, -34.690542326133468 ], [ -58.461001808704886, -34.689591958126528 ], [ -58.460641269798671, -34.689260964164497 ], [ -58.460077918158191, -34.688743767025883 ], [ -58.459461803363176, -34.688178044526637 ], [ -58.459006393030585, -34.687759930421471 ], [ -58.458776814287823, -34.687540344188093 ], [ -58.45861842356716, -34.687338084458389 ], [ -58.458607754130398, -34.687323521777948 ], [ -58.458497116503054, -34.687172516054275 ], [ -58.458491634426757, -34.687166272675888 ], [ -58.458383139897293, -34.687042722962119 ], [ -58.458288087828834, -34.68693447963679 ], [ -58.457774296715684, -34.686452203303425 ], [ -58.457507642038657, -34.68620669741852 ], [ -58.457000252127528, -34.685742093811946 ], [ -58.456912313937039, -34.68567462683005 ], [ -58.45674032906777, -34.685542678352263 ], [ -58.456469759747385, -34.685335093160283 ], [ -58.456312734150501, -34.685236562874486 ], [ -58.456226463309484, -34.685182403000645 ], [ -58.455423458807537, -34.684473549947825 ], [ -58.454661045840695, -34.683772229292728 ], [ -58.454023608639538, -34.683185843152074 ], [ -58.45329863961063, -34.682518954146943 ], [ -58.452813799005938, -34.682072855958289 ], [ -58.4526581535875, -34.681929673278447 ], [ -58.452171956034597, -34.681482445612623 ], [ -58.451791797659006, -34.68113269103263 ], [ -58.451731365469335, -34.681077122374873 ], [ -58.451690441998359, -34.681039828036781 ], [ -58.451373542459862, -34.680751030609663 ], [ -58.451142129083756, -34.68053555892687 ], [ -58.451164376617989, -34.680589117546219 ], [ -58.451182247966102, -34.68063214364615 ], [ -58.451188850465407, -34.68064803887318 ], [ -58.451184618570316, -34.68066550598467 ], [ -58.451169346173401, -34.680728550916278 ], [ -58.451165047668667, -34.680746294753249 ], [ -58.45115348240045, -34.680761301183956 ], [ -58.451098342164777, -34.680815949093656 ], [ -58.451048719546833, -34.680843271275194 ], [ -58.450966017344591, -34.680861480439766 ], [ -58.45088331959635, -34.680856918118181 ], [ -58.450789599044576, -34.68082958137628 ], [ -58.45066487780371, -34.680749569235886 ], [ -58.450319169662308, -34.68042620418327 ], [ -58.450133586192102, -34.680432522095714 ], [ -58.449935375935773, -34.680498979548574 ], [ -58.449783619058444, -34.680608047905928 ], [ -58.448626176980859, -34.681519621279556 ], [ -58.444511894378948, -34.684759676293204 ], [ -58.4443940304918, -34.684852486154853 ], [ -58.444295869683479, -34.684929788415914 ] ] ] } },
{ "type": "Feature", "properties": { "id": 46.0, "comuna": 11.0, "perimetro_": 5757.75, "area_metro": 2153690.81, "nam": "Villa Santa Rita", "cca": null, "cde": null, "fna": null, "gna": null, "ara3": null, "arl": null }, "geometry": { "type": "Polygon", "coordinates": [ [ [ -58.471621031232992, -34.619154541380816 ], [ -58.472643479539478, -34.619695545357352 ], [ -58.472788637738319, -34.619772351322617 ], [ -58.472934056608899, -34.61984748225612 ], [ -58.474189426999196, -34.620496750222941 ], [ -58.474509150730078, -34.620662005525425 ], [ -58.475497620314059, -34.621178652942326 ], [ -58.475745208563865, -34.621310132391073 ], [ -58.476026090645085, -34.621457359265953 ], [ -58.476741376826155, -34.621829399228403 ], [ -58.477806822511084, -34.622383509346577 ], [ -58.478005838889921, -34.622487008094517 ], [ -58.478115655792209, -34.622544107819671 ], [ -58.478285478373387, -34.622635004206195 ], [ -58.478798673536744, -34.622909661065869 ], [ -58.479375621108119, -34.62319163229953 ], [ -58.47975516770677, -34.623354963883756 ], [ -58.480739524493728, -34.623778564343709 ], [ -58.481732581683893, -34.624205817078092 ], [ -58.481786682810835, -34.624229119582473 ], [ -58.481821785849121, -34.624244216628888 ], [ -58.481885655984541, -34.624271684864837 ], [ -58.481885691971996, -34.624271700183478 ], [ -58.48191976122348, -34.624286352959608 ], [ -58.482742004565438, -34.624629045972391 ], [ -58.48339004418191, -34.624110063553822 ], [ -58.484037569880257, -34.623591496896729 ], [ -58.48496976693017, -34.622844917563491 ], [ -58.485111830352444, -34.622731581164153 ], [ -58.486183600311833, -34.621876726803677 ], [ -58.48726335421992, -34.621015452251193 ], [ -58.488202989028174, -34.620265959197205 ], [ -58.488336527793834, -34.620159663526152 ], [ -58.489411553599055, -34.619303653014214 ], [ -58.49048783489706, -34.61844664648018 ], [ -58.490615236198757, -34.618345137993344 ], [ -58.491560771308684, -34.617588151879865 ], [ -58.492635388047582, -34.616727747129872 ], [ -58.493708961265611, -34.615868106476185 ], [ -58.493828264587265, -34.615772582941787 ], [ -58.494784559327272, -34.615015498532586 ], [ -58.494608691145579, -34.614864697432594 ], [ -58.494055272195702, -34.61438863411167 ], [ -58.493437444816735, -34.613857091830113 ], [ -58.493314833613418, -34.61374951500013 ], [ -58.493043794896096, -34.613511831750856 ], [ -58.492264441415912, -34.612860320215383 ], [ -58.491698544703382, -34.612431855726271 ], [ -58.491228416430197, -34.612075903112562 ], [ -58.490730602447549, -34.61169896891812 ], [ -58.490678973397586, -34.611659895815308 ], [ -58.490253582678783, -34.611337732627966 ], [ -58.490102442446783, -34.611221778313364 ], [ -58.48927365085239, -34.61058589250954 ], [ -58.489141341984528, -34.610484369234172 ], [ -58.488928297266632, -34.610332021759604 ], [ -58.488896493347958, -34.61030927837546 ], [ -58.488655270506584, -34.610136844556905 ], [ -58.488653521380584, -34.61013559374814 ], [ -58.488650314732816, -34.610134769614305 ], [ -58.488200021773601, -34.610019064008789 ], [ -58.488156487378163, -34.610007877237756 ], [ -58.488132420023533, -34.61000309829771 ], [ -58.487982890441423, -34.609973405186167 ], [ -58.487820451763447, -34.609941043575994 ], [ -58.486472469384715, -34.609614682558082 ], [ -58.486281921994141, -34.609568591083509 ], [ -58.486086092022255, -34.60952024674507 ], [ -58.48605522764273, -34.609512625582113 ], [ -58.485735831582069, -34.60943376081552 ], [ -58.485381143073482, -34.609346219116475 ], [ -58.485162826703338, -34.609292313790938 ], [ -58.48499255247723, -34.609250372216515 ], [ -58.484653964894008, -34.609166980186508 ], [ -58.484353877382091, -34.609093086964855 ], [ -58.48405651721432, -34.6090198271406 ], [ -58.483672870900797, -34.608925383210227 ], [ -58.483428067124521, -34.608865141304427 ], [ -58.48221316617726, -34.608566458682198 ], [ -58.481968789866201, -34.608506988098988 ], [ -58.481318457351534, -34.608348703466156 ], [ -58.480409868362521, -34.608126295899737 ], [ -58.480041928232339, -34.608585720208026 ], [ -58.479663850979307, -34.609059228536005 ], [ -58.479260733905399, -34.609564218359829 ], [ -58.478859145537022, -34.610067164896925 ], [ -58.47806029580142, -34.611067700722252 ], [ -58.47725929913846, -34.612070836505758 ], [ -58.477160939487511, -34.61219408905108 ], [ -58.47645973020871, -34.613075235011536 ], [ -58.475660483251282, -34.614079416246575 ], [ -58.474859513212579, -34.615085845795271 ], [ -58.474058353770268, -34.616092411459803 ], [ -58.473259390204852, -34.617096153679896 ], [ -58.472460747562046, -34.618099609235912 ], [ -58.471621031232992, -34.619154541380816 ] ] ] } },
{ "type": "Feature", "properties": { "id": 47.0, "comuna": 8.0, "perimetro_": 12449.69, "area_metro": 8690078.77, "nam": "Villa Soldati", "cca": null, "cde": null, "fna": null, "gna": null, "ara3": null, "arl": null }, "geometry": { "type": "Polygon", "coordinates": [ [ [ -58.434434695354661, -34.653111405353044 ], [ -58.433083953700724, -34.654098738104679 ], [ -58.432118999402, -34.654803992496362 ], [ -58.431993861809367, -34.654894806764396 ], [ -58.431390074333216, -34.655332891703516 ], [ -58.431289563166672, -34.655425823696049 ], [ -58.430935655184491, -34.655622925437491 ], [ -58.430812671945603, -34.65569062859646 ], [ -58.430701973582586, -34.655788817135551 ], [ -58.429838891483996, -34.656435420950281 ], [ -58.429634862133575, -34.656588273450041 ], [ -58.429485164108343, -34.656703302930865 ], [ -58.429155036484367, -34.656941531414418 ], [ -58.428907267926895, -34.657120326486961 ], [ -58.428796104072291, -34.65719987370332 ], [ -58.428666866746056, -34.657292372608204 ], [ -58.427970892234754, -34.657793021007599 ], [ -58.427830315321145, -34.657894107104909 ], [ -58.427765725268671, -34.657939895443093 ], [ -58.427281987250538, -34.658282822570186 ], [ -58.427138765175073, -34.658387146760965 ], [ -58.426879357215952, -34.658575983328099 ], [ -58.426747118428032, -34.658672242681327 ], [ -58.426442605083082, -34.659070885929729 ], [ -58.426354551224833, -34.659179347112378 ], [ -58.425719579571002, -34.659961444796949 ], [ -58.425308421418165, -34.660467958731523 ], [ -58.425094435965022, -34.66073156867597 ], [ -58.425030222887962, -34.660810671898226 ], [ -58.424943498074107, -34.660917545959123 ], [ -58.424686821886269, -34.661224157299671 ], [ -58.424215748059709, -34.661825175018478 ], [ -58.424196590985552, -34.661849616103247 ], [ -58.424193740892221, -34.661853252391396 ], [ -58.42415429583729, -34.661903577350081 ], [ -58.424126927840099, -34.661938493776589 ], [ -58.424123586602306, -34.661942756424658 ], [ -58.424042708514044, -34.662045942218505 ], [ -58.424085023872188, -34.662072121156143 ], [ -58.424130114798544, -34.662095472336254 ], [ -58.424171532800521, -34.66212308059665 ], [ -58.424173071322286, -34.662124383757501 ], [ -58.424196571757165, -34.662144289121002 ], [ -58.42420869333003, -34.662154556343133 ], [ -58.424216127005245, -34.66216820431864 ], [ -58.424236659737367, -34.66219968644333 ], [ -58.424260918859211, -34.662229303832433 ], [ -58.424288659056643, -34.662256755333281 ], [ -58.424303015428805, -34.662273418040826 ], [ -58.424342619548703, -34.662314633394793 ], [ -58.424385866418696, -34.662353267349744 ], [ -58.424386784646941, -34.662353972547855 ], [ -58.42443251286636, -34.662389099879526 ], [ -58.424510451720636, -34.662438381519145 ], [ -58.424541272795473, -34.662456563809371 ], [ -58.424609414161012, -34.662498827473442 ], [ -58.424797590697558, -34.662615538913016 ], [ -58.424828074735665, -34.662636229656435 ], [ -58.424860211278549, -34.662655134312452 ], [ -58.424948199530881, -34.662703649031478 ], [ -58.424996317315404, -34.662726918812517 ], [ -58.425035474759618, -34.66274430133813 ], [ -58.425089576571935, -34.662771817714258 ], [ -58.425095081207552, -34.662774617425463 ], [ -58.425151898788116, -34.662808392234254 ], [ -58.425205633033436, -34.66284545170361 ], [ -58.42540606638547, -34.662998840016321 ], [ -58.425772722010102, -34.663275133752123 ], [ -58.425772826646892, -34.663275340207917 ], [ -58.425818863787363, -34.66336577781037 ], [ -58.426066990054316, -34.663609123562445 ], [ -58.426208371887547, -34.66373080151574 ], [ -58.426208581294162, -34.663730923270208 ], [ -58.426335342136014, -34.663804774867124 ], [ -58.42633617848481, -34.663805685547743 ], [ -58.426609424647289, -34.664102981043264 ], [ -58.426610085643375, -34.6641032480604 ], [ -58.426727749586362, -34.664150716659705 ], [ -58.426728549877531, -34.664151773355648 ], [ -58.426848911129383, -34.664310547302698 ], [ -58.426947014299358, -34.66439405192979 ], [ -58.427396831932789, -34.664876816057919 ], [ -58.42787312211955, -34.665455646128947 ], [ -58.428181795452808, -34.665892188618727 ], [ -58.428182466428346, -34.665892120304633 ], [ -58.428267059547181, -34.665883458630184 ], [ -58.428268299356759, -34.665884940007381 ], [ -58.428382070875642, -34.666020898455045 ], [ -58.428411759897799, -34.666056377540116 ], [ -58.428444431204689, -34.666092956292367 ], [ -58.428523416696542, -34.66618138849276 ], [ -58.428526101418782, -34.66618439456807 ], [ -58.42858790702968, -34.66625825048996 ], [ -58.428607226280405, -34.666281173501915 ], [ -58.428607351680931, -34.666281321369262 ], [ -58.42860739093652, -34.666281368253877 ], [ -58.428645697977764, -34.666326819355398 ], [ -58.428758129876044, -34.66646021885304 ], [ -58.428779044682045, -34.666526767950927 ], [ -58.428983861517921, -34.666836874715059 ], [ -58.429128109484886, -34.667032483876724 ], [ -58.429129841381574, -34.667033915805099 ], [ -58.429246419540732, -34.667130302202324 ], [ -58.430085117429435, -34.66804108627408 ], [ -58.430096818554148, -34.668054342926489 ], [ -58.430116249192139, -34.66807635259245 ], [ -58.430669950649232, -34.668741753300218 ], [ -58.43073846997958, -34.66884015264813 ], [ -58.431477842437403, -34.669695962862733 ], [ -58.432326410567079, -34.670669380947444 ], [ -58.432464256650078, -34.670838486511634 ], [ -58.432628682039052, -34.671040195461337 ], [ -58.43263297987594, -34.671045467999129 ], [ -58.432667015797755, -34.671087220939484 ], [ -58.43267925172492, -34.671102232520859 ], [ -58.432903026026267, -34.67137674679185 ], [ -58.433087161034635, -34.671602634079818 ], [ -58.433124541070725, -34.671648489141027 ], [ -58.433219113530747, -34.671764504376611 ], [ -58.433355556160457, -34.671908316746773 ], [ -58.433442246509962, -34.671999689778723 ], [ -58.43344769206572, -34.672005428597949 ], [ -58.433512299335916, -34.672073525324336 ], [ -58.433514721647327, -34.672076077812747 ], [ -58.433622181180198, -34.672205402515118 ], [ -58.433668040610485, -34.672259745358865 ], [ -58.433684967717788, -34.672279803177844 ], [ -58.433720040151712, -34.672321362264277 ], [ -58.43372008159384, -34.672321412753391 ], [ -58.433906438633713, -34.672542242389675 ], [ -58.434075480012289, -34.672742552356574 ], [ -58.434094391129534, -34.672764961474265 ], [ -58.434544955326345, -34.67329886288389 ], [ -58.434566938977305, -34.673324911649324 ], [ -58.434650447965055, -34.673423864823796 ], [ -58.434651723984409, -34.673425408340172 ], [ -58.43516387813299, -34.674045584233809 ], [ -58.43519500365489, -34.674083274016731 ], [ -58.435243462633174, -34.674141953541103 ], [ -58.435666960280322, -34.674654764048263 ], [ -58.435689704631834, -34.674682305515155 ], [ -58.43590439704672, -34.674942272298154 ], [ -58.436226693809218, -34.675327918463523 ], [ -58.436298620257851, -34.675413980428061 ], [ -58.436818901788918, -34.67603651447083 ], [ -58.436819699081845, -34.676037468337 ], [ -58.437279119527311, -34.676587171133136 ], [ -58.43733638363144, -34.676655687878473 ], [ -58.438467515716276, -34.678009061262244 ], [ -58.438625496627111, -34.678198077728553 ], [ -58.439298344228675, -34.679003092549145 ], [ -58.439532312974542, -34.679279894907374 ], [ -58.439615325579027, -34.679378105332638 ], [ -58.439690790166765, -34.679467384864431 ], [ -58.439746922949354, -34.67953379272852 ], [ -58.439781495360236, -34.679574693699138 ], [ -58.439784560444615, -34.679578395482444 ], [ -58.440489851399292, -34.680350037782738 ], [ -58.440949143273727, -34.680984491371092 ], [ -58.44095426682884, -34.680990678690058 ], [ -58.441943131665653, -34.682184568401794 ], [ -58.44194844735776, -34.682190986472456 ], [ -58.442052250238802, -34.682316308744142 ], [ -58.442058324088229, -34.682323641873403 ], [ -58.443835540157735, -34.68438698873311 ], [ -58.44410542509187, -34.684700313713115 ], [ -58.444169862799413, -34.684775123734497 ], [ -58.444240504997609, -34.684865511954598 ], [ -58.444295869683479, -34.684929788415914 ], [ -58.4443940304918, -34.684852486154853 ], [ -58.444511894378948, -34.684759676293204 ], [ -58.448626176980859, -34.681519621279556 ], [ -58.449783619058444, -34.680608047905928 ], [ -58.449935375935773, -34.680498979548574 ], [ -58.450133586192102, -34.680432522095714 ], [ -58.450319169662308, -34.68042620418327 ], [ -58.45066487780371, -34.680749569235886 ], [ -58.450789599044576, -34.68082958137628 ], [ -58.45088331959635, -34.680856918118181 ], [ -58.450966017344591, -34.680861480439766 ], [ -58.451048719546833, -34.680843271275194 ], [ -58.451098342164777, -34.680815949093656 ], [ -58.45115348240045, -34.680761301183956 ], [ -58.451165047668667, -34.680746294753249 ], [ -58.451169346173401, -34.680728550916278 ], [ -58.451184618570316, -34.68066550598467 ], [ -58.451188850465407, -34.68064803887318 ], [ -58.451182247966102, -34.68063214364615 ], [ -58.451164376617989, -34.680589117546219 ], [ -58.451142129083756, -34.68053555892687 ], [ -58.451125284923243, -34.680519875407349 ], [ -58.451107584323879, -34.68050339405157 ], [ -58.450824541520738, -34.680239847964216 ], [ -58.45079052707186, -34.680202005968269 ], [ -58.450641461934751, -34.680036166193375 ], [ -58.450712487638569, -34.679941173889013 ], [ -58.450776097025589, -34.679836179629504 ], [ -58.450937724775152, -34.679699427802611 ], [ -58.450940045946005, -34.679697463864287 ], [ -58.451478691907717, -34.679273924600494 ], [ -58.452930313448192, -34.678132645359376 ], [ -58.453085388882094, -34.678011883821007 ], [ -58.454465257792393, -34.676937279032941 ], [ -58.455051533062111, -34.676480690511092 ], [ -58.457727193538211, -34.67438006091097 ], [ -58.458516450157973, -34.673852238710552 ], [ -58.45900362119658, -34.673753842549893 ], [ -58.459226951096653, -34.673726244489103 ], [ -58.459404847557252, -34.673650588525177 ], [ -58.459405277448212, -34.673650405552372 ], [ -58.459457344320228, -34.673607028578175 ], [ -58.459545935019484, -34.673533225565386 ], [ -58.459546525310884, -34.67353273341287 ], [ -58.459636885558098, -34.673384777569126 ], [ -58.459665192327975, -34.673232947356198 ], [ -58.459765958067038, -34.672943723392891 ], [ -58.459807447424758, -34.672851374065822 ], [ -58.459809518453554, -34.672846752587674 ], [ -58.459823223142124, -34.672823883264648 ], [ -58.459865098775147, -34.672754007021034 ], [ -58.459932099962977, -34.672666614326126 ], [ -58.460029702484967, -34.672564715098368 ], [ -58.461227220843384, -34.671535586019452 ], [ -58.461258068592961, -34.671508993088118 ], [ -58.461433806448575, -34.671357492010223 ], [ -58.461825060019592, -34.671024455427499 ], [ -58.461848094385651, -34.671002726268505 ], [ -58.462079491338251, -34.67078445010371 ], [ -58.462257400800517, -34.67061662687702 ], [ -58.46228654925951, -34.670580503939469 ], [ -58.462470331478244, -34.670352746462356 ], [ -58.462556981084944, -34.670219828410737 ], [ -58.462654572293566, -34.670088797008425 ], [ -58.462807957499301, -34.669882478925416 ], [ -58.462894436885044, -34.669766749650194 ], [ -58.463226655346304, -34.669386627514442 ], [ -58.463648299391338, -34.669152970187717 ], [ -58.464151390481511, -34.669031559207923 ], [ -58.464768356961883, -34.668877465032395 ], [ -58.465234748962615, -34.668485721882909 ], [ -58.465238054645852, -34.668483144692686 ], [ -58.467940208741574, -34.666376688153058 ], [ -58.468561023109871, -34.665885841961071 ], [ -58.469130418550932, -34.66547381546949 ], [ -58.469734503833656, -34.665001388906113 ], [ -58.47016199571469, -34.66466713884526 ], [ -58.47036563660766, -34.66443685138065 ], [ -58.470411469242613, -34.664368199814319 ], [ -58.470440110771221, -34.664275877233614 ], [ -58.470455849567486, -34.664208618287645 ], [ -58.470460659810577, -34.6641227791565 ], [ -58.470461635418346, -34.66411359820848 ], [ -58.470393721836608, -34.663768610706768 ], [ -58.470194097664283, -34.663607718135374 ], [ -58.469934428733552, -34.663593807513976 ], [ -58.469641281155688, -34.663651952534245 ], [ -58.469373799329766, -34.663823871920272 ], [ -58.46923841364044, -34.663874920198026 ], [ -58.469129873058854, -34.6638382244073 ], [ -58.468888423334505, -34.663822889157821 ], [ -58.468702691029968, -34.663784532491896 ], [ -58.468451949404091, -34.663654099871032 ], [ -58.467848301038089, -34.663132350860899 ], [ -58.467776743456376, -34.663072707005497 ], [ -58.467666167065616, -34.662980539723591 ], [ -58.467323598368388, -34.662695000958969 ], [ -58.46732061128133, -34.662692414903198 ], [ -58.4668292009151, -34.662267431832703 ], [ -58.466826763703835, -34.662265317187817 ], [ -58.466480682025157, -34.661964330406391 ], [ -58.466409683807989, -34.661902581823924 ], [ -58.466032758667325, -34.661574759461423 ], [ -58.465918103777689, -34.661475441553428 ], [ -58.465875927970579, -34.661438908169472 ], [ -58.465559551686852, -34.661164852332618 ], [ -58.465456999630561, -34.661076017197075 ], [ -58.465456683258928, -34.661075688186784 ], [ -58.465433654679543, -34.661051562262578 ], [ -58.464936963250501, -34.66053123264588 ], [ -58.464603640286903, -34.660213191844214 ], [ -58.464430164857973, -34.660047667910746 ], [ -58.464430140858063, -34.660047649882699 ], [ -58.464061129216091, -34.659758711838499 ], [ -58.462040798974357, -34.658231219834747 ], [ -58.461934261570853, -34.658150669250659 ], [ -58.461687509628511, -34.657959776532941 ], [ -58.461643868007478, -34.657926014393482 ], [ -58.461643733833021, -34.657925910729077 ], [ -58.461580331534229, -34.657876860317536 ], [ -58.461283055216896, -34.657616732955262 ], [ -58.460709813066025, -34.657115120422844 ], [ -58.460401946309197, -34.656804789104761 ], [ -58.460401851408456, -34.65680469355263 ], [ -58.460398347714644, -34.656801161730911 ], [ -58.460369707343347, -34.656772291457209 ], [ -58.460346465415256, -34.6567488631458 ], [ -58.460295539503214, -34.656706280004009 ], [ -58.459671680037204, -34.656184623723782 ], [ -58.459251484700637, -34.65581088329094 ], [ -58.459200534967628, -34.655765566596664 ], [ -58.458926155412072, -34.655579948669818 ], [ -58.458583835281338, -34.65530454124432 ], [ -58.458337558035254, -34.655106401516996 ], [ -58.458335672088985, -34.655104772584629 ], [ -58.458017817570344, -34.654830218181615 ], [ -58.457614377771563, -34.65448173308372 ], [ -58.457113181033279, -34.654048803516808 ], [ -58.456995415837568, -34.653929571002287 ], [ -58.45554668940725, -34.652716702736299 ], [ -58.455475869481752, -34.652657415777917 ], [ -58.455333143589613, -34.652537916813657 ], [ -58.455324764771483, -34.652530900555661 ], [ -58.455324730959504, -34.652530872609582 ], [ -58.455297240899796, -34.652506474922205 ], [ -58.455250541430019, -34.652465016689426 ], [ -58.455250386550532, -34.652464878762785 ], [ -58.45506211015045, -34.652297754724096 ], [ -58.45500562652596, -34.652234266962346 ], [ -58.454942307774061, -34.65216309775073 ], [ -58.45492384139235, -34.652123596490888 ], [ -58.454860856472685, -34.651988865801627 ], [ -58.454817015864087, -34.651835518589778 ], [ -58.454798581615201, -34.651771043614993 ], [ -58.454765123318886, -34.651489911638784 ], [ -58.454752888002297, -34.651426329487798 ], [ -58.454733458492662, -34.651325366058046 ], [ -58.454700221734122, -34.651152651732275 ], [ -58.454636599513989, -34.650821517879137 ], [ -58.453821407836287, -34.650901457810377 ], [ -58.453338991211353, -34.650947334727412 ], [ -58.452857305978029, -34.65099310974113 ], [ -58.451975163997211, -34.651076935603207 ], [ -58.451973155869716, -34.651076997614297 ], [ -58.451537467408642, -34.651090374826957 ], [ -58.451034824456876, -34.651105805302443 ], [ -58.45103435214849, -34.651105819677568 ], [ -58.449132673544668, -34.651164181190246 ], [ -58.448828769348751, -34.651173504893293 ], [ -58.447667355817103, -34.651124169519349 ], [ -58.444951431976591, -34.651008756133024 ], [ -58.444620975930334, -34.650946452446661 ], [ -58.444406969822005, -34.651064096483729 ], [ -58.443522308870776, -34.651165646619326 ], [ -58.443324770199574, -34.651188290411675 ], [ -58.443296186698596, -34.651341315315669 ], [ -58.44326693551038, -34.651430958920663 ], [ -58.443253514832321, -34.651466005525336 ], [ -58.443243826963531, -34.651491307547026 ], [ -58.44320554479723, -34.651573062269989 ], [ -58.443157973185798, -34.65165587190382 ], [ -58.443112535589613, -34.651722977423326 ], [ -58.443060964163756, -34.651786702503365 ], [ -58.443006239117864, -34.651846270612701 ], [ -58.442952455552827, -34.651896051292837 ], [ -58.442909240378619, -34.65193322743157 ], [ -58.442903951214703, -34.651937418125478 ], [ -58.442902341990553, -34.651938694259563 ], [ -58.442823750711035, -34.65200095983073 ], [ -58.442789294599486, -34.652028708598948 ], [ -58.442784799658234, -34.652032328825698 ], [ -58.442748914302776, -34.652061229349876 ], [ -58.442653017600982, -34.652135925104808 ], [ -58.441632419176123, -34.6529308308859 ], [ -58.441534055852209, -34.653007433606 ], [ -58.440554773589199, -34.653770248233592 ], [ -58.440404408936878, -34.653887373252111 ], [ -58.439487069739869, -34.654601850589813 ], [ -58.438846660703945, -34.655100599857612 ], [ -58.438419075774718, -34.655489952242796 ], [ -58.438085766064333, -34.655741845259449 ], [ -58.438006518175087, -34.65580173412598 ], [ -58.437733597508334, -34.655590678657276 ], [ -58.437587705817798, -34.65547785675777 ], [ -58.437311963119292, -34.655264616146901 ], [ -58.437098949020168, -34.655099884380341 ], [ -58.436022335230156, -34.654369080842827 ], [ -58.435062185656768, -34.653608478656331 ], [ -58.434434695354661, -34.653111405353044 ] ] ] } },
{ "type": "Feature", "properties": { "id": null, "comuna": null, "perimetro_": null, "area_metro": null, "nam": "Esteban Echeverría", "cca": "030", "cde": "06260", "fna": "Partido de Esteban Echeverría", "gna": "Partido", "ara3": 120.45, "arl": 120.22 }, "geometry": { "type": "MultiPolygon", "coordinates": [ [ [ [ -58.51, -34.73 ], [ -58.51, -34.73 ], [ -58.51, -34.73 ], [ -58.51, -34.73 ], [ -58.51, -34.73 ], [ -58.51, -34.73 ], [ -58.51, -34.73 ], [ -58.51, -34.73 ], [ -58.51, -34.73 ], [ -58.51, -34.73 ], [ -58.51, -34.73 ], [ -58.51, -34.73 ], [ -58.51, -34.73 ], [ -58.51, -34.73 ], [ -58.51, -34.73 ], [ -58.51, -34.73 ], [ -58.51, -34.73 ], [ -58.51, -34.74 ], [ -58.51, -34.74 ], [ -58.51, -34.74 ], [ -58.51, -34.74 ], [ -58.51, -34.74 ], [ -58.51, -34.74 ], [ -58.51, -34.74 ], [ -58.51, -34.74 ], [ -58.51, -34.74 ], [ -58.51, -34.74 ], [ -58.51, -34.74 ], [ -58.51, -34.74 ], [ -58.51, -34.74 ], [ -58.51, -34.74 ], [ -58.51, -34.74 ], [ -58.51, -34.74 ], [ -58.51, -34.74 ], [ -58.51, -34.74 ], [ -58.51, -34.74 ], [ -58.51, -34.74 ], [ -58.51, -34.74 ], [ -58.51, -34.74 ], [ -58.51, -34.74 ], [ -58.51, -34.74 ], [ -58.51, -34.74 ], [ -58.51, -34.74 ], [ -58.51, -34.74 ], [ -58.51, -34.74 ], [ -58.51, -34.74 ], [ -58.51, -34.74 ], [ -58.51, -34.74 ], [ -58.51, -34.74 ], [ -58.51, -34.74 ], [ -58.52, -34.74 ], [ -58.52, -34.74 ], [ -58.52, -34.74 ], [ -58.52, -34.74 ], [ -58.52, -34.74 ], [ -58.52, -34.74 ], [ -58.52, -34.75 ], [ -58.52, -34.75 ], [ -58.52, -34.76 ], [ -58.52, -34.77 ], [ -58.52, -34.78 ], [ -58.52, -34.78 ], [ -58.52, -34.78 ], [ -58.52, -34.78 ], [ -58.52, -34.78 ], [ -58.52, -34.78 ], [ -58.52, -34.78 ], [ -58.52, -34.78 ], [ -58.52, -34.78 ], [ -58.52, -34.78 ], [ -58.52, -34.78 ], [ -58.52, -34.79 ], [ -58.52, -34.79 ], [ -58.52, -34.79 ], [ -58.52, -34.79 ], [ -58.52, -34.79 ], [ -58.52, -34.79 ], [ -58.52, -34.79 ], [ -58.52, -34.79 ], [ -58.52, -34.79 ], [ -58.52, -34.79 ], [ -58.52, -34.79 ], [ -58.51, -34.8 ], [ -58.51, -34.81 ], [ -58.51, -34.81 ], [ -58.51, -34.81 ], [ -58.51, -34.81 ], [ -58.51, -34.81 ], [ -58.51, -34.81 ], [ -58.51, -34.81 ], [ -58.51, -34.81 ], [ -58.51, -34.81 ], [ -58.51, -34.81 ], [ -58.51, -34.81 ], [ -58.51, -34.81 ], [ -58.51, -34.81 ], [ -58.51, -34.81 ], [ -58.51, -34.81 ], [ -58.51, -34.81 ], [ -58.51, -34.81 ], [ -58.51, -34.81 ], [ -58.51, -34.81 ], [ -58.51, -34.81 ], [ -58.51, -34.81 ], [ -58.51, -34.81 ], [ -58.51, -34.81 ], [ -58.51, -34.81 ], [ -58.51, -34.81 ], [ -58.51, -34.81 ], [ -58.51, -34.81 ], [ -58.51, -34.81 ], [ -58.51, -34.81 ], [ -58.51, -34.81 ], [ -58.51, -34.81 ], [ -58.51, -34.81 ], [ -58.51, -34.81 ], [ -58.51, -34.81 ], [ -58.51, -34.81 ], [ -58.51, -34.81 ], [ -58.51, -34.81 ], [ -58.51, -34.81 ], [ -58.51, -34.81 ], [ -58.51, -34.81 ], [ -58.51, -34.81 ], [ -58.51, -34.81 ], [ -58.51, -34.81 ], [ -58.51, -34.81 ], [ -58.51, -34.81 ], [ -58.51, -34.81 ], [ -58.51, -34.81 ], [ -58.51, -34.81 ], [ -58.51, -34.81 ], [ -58.51, -34.81 ], [ -58.51, -34.81 ], [ -58.51, -34.81 ], [ -58.51, -34.81 ], [ -58.51, -34.81 ], [ -58.51, -34.81 ], [ -58.51, -34.81 ], [ -58.51, -34.81 ], [ -58.51, -34.81 ], [ -58.51, -34.81 ], [ -58.51, -34.81 ], [ -58.51, -34.81 ], [ -58.51, -34.81 ], [ -58.51, -34.81 ], [ -58.51, -34.81 ], [ -58.51, -34.81 ], [ -58.51, -34.81 ], [ -58.51, -34.81 ], [ -58.51, -34.81 ], [ -58.51, -34.81 ], [ -58.51, -34.81 ], [ -58.51, -34.82 ], [ -58.51, -34.82 ], [ -58.51, -34.82 ], [ -58.51, -34.82 ], [ -58.51, -34.82 ], [ -58.51, -34.82 ], [ -58.51, -34.82 ], [ -58.51, -34.82 ], [ -58.51, -34.82 ], [ -58.51, -34.82 ], [ -58.51, -34.82 ], [ -58.51, -34.82 ], [ -58.51, -34.82 ], [ -58.51, -34.82 ], [ -58.51, -34.82 ], [ -58.51, -34.82 ], [ -58.51, -34.82 ], [ -58.51, -34.82 ], [ -58.51, -34.82 ], [ -58.51, -34.82 ], [ -58.51, -34.82 ], [ -58.51, -34.82 ], [ -58.51, -34.82 ], [ -58.51, -34.82 ], [ -58.51, -34.82 ], [ -58.51, -34.82 ], [ -58.51, -34.82 ], [ -58.51, -34.82 ], [ -58.51, -34.82 ], [ -58.51, -34.82 ], [ -58.51, -34.82 ], [ -58.51, -34.82 ], [ -58.51, -34.82 ], [ -58.51, -34.82 ], [ -58.51, -34.82 ], [ -58.51, -34.82 ], [ -58.51, -34.83 ], [ -58.51, -34.83 ], [ -58.51, -34.83 ], [ -58.51, -34.83 ], [ -58.51, -34.83 ], [ -58.51, -34.83 ], [ -58.51, -34.83 ], [ -58.51, -34.83 ], [ -58.51, -34.84 ], [ -58.51, -34.84 ], [ -58.51, -34.84 ], [ -58.51, -34.84 ], [ -58.51, -34.84 ], [ -58.51, -34.84 ], [ -58.51, -34.85 ], [ -58.5, -34.85 ], [ -58.5, -34.86 ], [ -58.5, -34.85 ], [ -58.5, -34.86 ], [ -58.5, -34.87 ], [ -58.5, -34.87 ], [ -58.5, -34.87 ], [ -58.5, -34.87 ], [ -58.5, -34.88 ], [ -58.5, -34.88 ], [ -58.51, -34.9 ], [ -58.51, -34.9 ], [ -58.51, -34.9 ], [ -58.51, -34.91 ], [ -58.5, -34.92 ], [ -58.5, -34.92 ], [ -58.5, -34.92 ], [ -58.49, -34.92 ], [ -58.49, -34.93 ], [ -58.46, -34.91 ], [ -58.46, -34.91 ], [ -58.45, -34.9 ], [ -58.45, -34.9 ], [ -58.44, -34.89 ], [ -58.44, -34.89 ], [ -58.43, -34.89 ], [ -58.42, -34.89 ], [ -58.41, -34.87 ], [ -58.42, -34.87 ], [ -58.43, -34.85 ], [ -58.44, -34.84 ], [ -58.45, -34.83 ], [ -58.43, -34.82 ], [ -58.44, -34.81 ], [ -58.44, -34.8 ], [ -58.46, -34.78 ], [ -58.47, -34.77 ], [ -58.47, -34.76 ], [ -58.47, -34.76 ], [ -58.48, -34.76 ], [ -58.48, -34.75 ], [ -58.48, -34.75 ], [ -58.48, -34.75 ], [ -58.48, -34.75 ], [ -58.49, -34.74 ], [ -58.49, -34.74 ], [ -58.5, -34.73 ], [ -58.5, -34.72 ], [ -58.5, -34.72 ], [ -58.5, -34.72 ], [ -58.5, -34.72 ], [ -58.5, -34.72 ], [ -58.5, -34.72 ], [ -58.5, -34.72 ], [ -58.5, -34.72 ], [ -58.5, -34.72 ], [ -58.5, -34.72 ], [ -58.5, -34.72 ], [ -58.5, -34.72 ], [ -58.5, -34.72 ], [ -58.5, -34.72 ], [ -58.5, -34.72 ], [ -58.5, -34.72 ], [ -58.5, -34.72 ], [ -58.5, -34.72 ], [ -58.5, -34.72 ], [ -58.5, -34.72 ], [ -58.5, -34.72 ], [ -58.5, -34.72 ], [ -58.5, -34.72 ], [ -58.5, -34.72 ], [ -58.5, -34.72 ], [ -58.51, -34.72 ], [ -58.51, -34.73 ], [ -58.51, -34.73 ], [ -58.51, -34.73 ], [ -58.51, -34.73 ], [ -58.51, -34.73 ], [ -58.51, -34.73 ], [ -58.51, -34.73 ], [ -58.51, -34.73 ], [ -58.51, -34.73 ], [ -58.51, -34.73 ], [ -58.51, -34.73 ], [ -58.51, -34.73 ], [ -58.51, -34.73 ], [ -58.51, -34.73 ], [ -58.51, -34.73 ], [ -58.51, -34.73 ], [ -58.51, -34.73 ], [ -58.51, -34.73 ], [ -58.51, -34.73 ], [ -58.51, -34.73 ], [ -58.51, -34.73 ], [ -58.51, -34.73 ] ] ] ] } },
{ "type": "Feature", "properties": { "id": null, "comuna": null, "perimetro_": null, "area_metro": null, "nam": "Almirante Brown", "cca": "003", "cde": "06028", "fna": "Partido de Almirante Brown", "gna": "Partido", "ara3": 129.43, "arl": 129.33 }, "geometry": { "type": "MultiPolygon", "coordinates": [ [ [ [ -58.32, -34.77 ], [ -58.32, -34.78 ], [ -58.32, -34.78 ], [ -58.32, -34.78 ], [ -58.31, -34.79 ], [ -58.31, -34.79 ], [ -58.31, -34.8 ], [ -58.32, -34.8 ], [ -58.33, -34.8 ], [ -58.33, -34.8 ], [ -58.33, -34.81 ], [ -58.33, -34.81 ], [ -58.32, -34.82 ], [ -58.32, -34.82 ], [ -58.31, -34.83 ], [ -58.3, -34.84 ], [ -58.3, -34.85 ], [ -58.29, -34.85 ], [ -58.3, -34.86 ], [ -58.32, -34.87 ], [ -58.31, -34.87 ], [ -58.32, -34.88 ], [ -58.34, -34.89 ], [ -58.35, -34.89 ], [ -58.36, -34.89 ], [ -58.36, -34.89 ], [ -58.36, -34.89 ], [ -58.37, -34.9 ], [ -58.38, -34.9 ], [ -58.38, -34.9 ], [ -58.39, -34.91 ], [ -58.39, -34.91 ], [ -58.4, -34.91 ], [ -58.41, -34.89 ], [ -58.42, -34.88 ], [ -58.41, -34.88 ], [ -58.41, -34.87 ], [ -58.42, -34.87 ], [ -58.43, -34.85 ], [ -58.44, -34.84 ], [ -58.45, -34.83 ], [ -58.44, -34.82 ], [ -58.42, -34.81 ], [ -58.42, -34.81 ], [ -58.41, -34.8 ], [ -58.41, -34.8 ], [ -58.41, -34.8 ], [ -58.41, -34.8 ], [ -58.41, -34.8 ], [ -58.41, -34.8 ], [ -58.41, -34.8 ], [ -58.39, -34.79 ], [ -58.39, -34.79 ], [ -58.38, -34.78 ], [ -58.37, -34.78 ], [ -58.36, -34.77 ], [ -58.36, -34.77 ], [ -58.36, -34.77 ], [ -58.35, -34.76 ], [ -58.35, -34.76 ], [ -58.35, -34.76 ], [ -58.34, -34.75 ], [ -58.33, -34.76 ], [ -58.33, -34.76 ], [ -58.33, -34.77 ], [ -58.32, -34.77 ] ] ] ] } },
{ "type": "Feature", "properties": { "id": null, "comuna": null, "perimetro_": null, "area_metro": null, "nam": "Quilmes", "cca": "086", "cde": "06658", "fna": "Partido de Quilmes", "gna": "Partido", "ara3": 94.47, "arl": 91.49 }, "geometry": { "type": "MultiPolygon", "coordinates": [ [ [ [ -58.28, -34.68 ], [ -58.28, -34.68 ], [ -58.28, -34.68 ], [ -58.28, -34.68 ], [ -58.29, -34.69 ], [ -58.29, -34.69 ], [ -58.29, -34.69 ], [ -58.29, -34.69 ], [ -58.3, -34.69 ], [ -58.3, -34.69 ], [ -58.3, -34.7 ], [ -58.3, -34.7 ], [ -58.3, -34.7 ], [ -58.3, -34.7 ], [ -58.3, -34.7 ], [ -58.3, -34.7 ], [ -58.3, -34.7 ], [ -58.3, -34.7 ], [ -58.3, -34.7 ], [ -58.3, -34.7 ], [ -58.3, -34.7 ], [ -58.31, -34.7 ], [ -58.31, -34.7 ], [ -58.31, -34.7 ], [ -58.31, -34.7 ], [ -58.31, -34.7 ], [ -58.31, -34.71 ], [ -58.31, -34.71 ], [ -58.31, -34.71 ], [ -58.31, -34.71 ], [ -58.31, -34.71 ], [ -58.31, -34.71 ], [ -58.31, -34.71 ], [ -58.31, -34.71 ], [ -58.31, -34.71 ], [ -58.31, -34.71 ], [ -58.31, -34.71 ], [ -58.31, -34.71 ], [ -58.31, -34.71 ], [ -58.31, -34.71 ], [ -58.31, -34.71 ], [ -58.31, -34.71 ], [ -58.31, -34.71 ], [ -58.31, -34.71 ], [ -58.31, -34.71 ], [ -58.31, -34.71 ], [ -58.31, -34.71 ], [ -58.31, -34.71 ], [ -58.31, -34.71 ], [ -58.31, -34.71 ], [ -58.31, -34.71 ], [ -58.31, -34.71 ], [ -58.31, -34.71 ], [ -58.31, -34.71 ], [ -58.31, -34.71 ], [ -58.31, -34.71 ], [ -58.31, -34.71 ], [ -58.31, -34.71 ], [ -58.31, -34.71 ], [ -58.31, -34.71 ], [ -58.31, -34.71 ], [ -58.31, -34.71 ], [ -58.31, -34.71 ], [ -58.31, -34.71 ], [ -58.31, -34.71 ], [ -58.31, -34.71 ], [ -58.31, -34.71 ], [ -58.31, -34.71 ], [ -58.31, -34.71 ], [ -58.32, -34.71 ], [ -58.32, -34.71 ], [ -58.32, -34.71 ], [ -58.32, -34.71 ], [ -58.32, -34.71 ], [ -58.32, -34.71 ], [ -58.32, -34.71 ], [ -58.32, -34.71 ], [ -58.32, -34.71 ], [ -58.32, -34.71 ], [ -58.32, -34.71 ], [ -58.32, -34.71 ], [ -58.32, -34.71 ], [ -58.32, -34.71 ], [ -58.32, -34.71 ], [ -58.32, -34.71 ], [ -58.32, -34.71 ], [ -58.32, -34.71 ], [ -58.32, -34.71 ], [ -58.32, -34.71 ], [ -58.32, -34.71 ], [ -58.32, -34.71 ], [ -58.32, -34.71 ], [ -58.32, -34.71 ], [ -58.32, -34.71 ], [ -58.32, -34.71 ], [ -58.32, -34.71 ], [ -58.32, -34.71 ], [ -58.32, -34.72 ], [ -58.32, -34.72 ], [ -58.32, -34.72 ], [ -58.32, -34.72 ], [ -58.34, -34.73 ], [ -58.34, -34.74 ], [ -58.35, -34.74 ], [ -58.35, -34.74 ], [ -58.34, -34.74 ], [ -58.34, -34.74 ], [ -58.34, -34.74 ], [ -58.34, -34.74 ], [ -58.34, -34.74 ], [ -58.34, -34.74 ], [ -58.34, -34.74 ], [ -58.34, -34.74 ], [ -58.34, -34.74 ], [ -58.34, -34.74 ], [ -58.34, -34.74 ], [ -58.34, -34.74 ], [ -58.34, -34.74 ], [ -58.34, -34.74 ], [ -58.34, -34.75 ], [ -58.34, -34.75 ], [ -58.34, -34.75 ], [ -58.34, -34.75 ], [ -58.34, -34.75 ], [ -58.34, -34.75 ], [ -58.34, -34.75 ], [ -58.34, -34.75 ], [ -58.34, -34.75 ], [ -58.34, -34.76 ], [ -58.33, -34.76 ], [ -58.33, -34.76 ], [ -58.33, -34.76 ], [ -58.33, -34.76 ], [ -58.33, -34.77 ], [ -58.32, -34.77 ], [ -58.32, -34.77 ], [ -58.32, -34.77 ], [ -58.32, -34.78 ], [ -58.32, -34.78 ], [ -58.32, -34.78 ], [ -58.32, -34.78 ], [ -58.32, -34.78 ], [ -58.32, -34.78 ], [ -58.31, -34.79 ], [ -58.31, -34.79 ], [ -58.3, -34.8 ], [ -58.3, -34.8 ], [ -58.3, -34.8 ], [ -58.3, -34.8 ], [ -58.3, -34.79 ], [ -58.3, -34.79 ], [ -58.3, -34.79 ], [ -58.3, -34.79 ], [ -58.3, -34.79 ], [ -58.3, -34.79 ], [ -58.3, -34.79 ], [ -58.3, -34.79 ], [ -58.3, -34.79 ], [ -58.3, -34.79 ], [ -58.3, -34.79 ], [ -58.3, -34.79 ], [ -58.3, -34.78 ], [ -58.29, -34.78 ], [ -58.28, -34.77 ], [ -58.27, -34.77 ], [ -58.27, -34.77 ], [ -58.27, -34.77 ], [ -58.26, -34.77 ], [ -58.26, -34.77 ], [ -58.25, -34.77 ], [ -58.25, -34.76 ], [ -58.25, -34.76 ], [ -58.25, -34.76 ], [ -58.24, -34.76 ], [ -58.24, -34.76 ], [ -58.23, -34.75 ], [ -58.23, -34.75 ], [ -58.22, -34.75 ], [ -58.22, -34.75 ], [ -58.22, -34.75 ], [ -58.2, -34.74 ], [ -58.19, -34.73 ], [ -58.2, -34.73 ], [ -58.2, -34.73 ], [ -58.2, -34.72 ], [ -58.2, -34.72 ], [ -58.2, -34.72 ], [ -58.21, -34.72 ], [ -58.21, -34.71 ], [ -58.21, -34.71 ], [ -58.22, -34.71 ], [ -58.22, -34.71 ], [ -58.22, -34.71 ], [ -58.22, -34.71 ], [ -58.23, -34.7 ], [ -58.24, -34.7 ], [ -58.24, -34.7 ], [ -58.25, -34.69 ], [ -58.27, -34.68 ], [ -58.27, -34.68 ], [ -58.27, -34.68 ], [ -58.27, -34.68 ], [ -58.27, -34.68 ], [ -58.27, -34.68 ], [ -58.27, -34.68 ], [ -58.28, -34.68 ], [ -58.28, -34.68 ], [ -58.28, -34.68 ], [ -58.28, -34.68 ] ] ] ] } },
{ "type": "Feature", "properties": { "id": null, "comuna": null, "perimetro_": null, "area_metro": null, "nam": "Lomas de Zamora", "cca": "063", "cde": "06490", "fna": "Partido de Lomas de Zamora", "gna": "Partido", "ara3": 88.7, "arl": 87.3 }, "geometry": { "type": "MultiPolygon", "coordinates": [ [ [ [ -58.45, -34.69 ], [ -58.43, -34.71 ], [ -58.43, -34.71 ], [ -58.42, -34.72 ], [ -58.42, -34.72 ], [ -58.42, -34.72 ], [ -58.41, -34.73 ], [ -58.41, -34.73 ], [ -58.41, -34.73 ], [ -58.41, -34.73 ], [ -58.4, -34.74 ], [ -58.39, -34.74 ], [ -58.39, -34.74 ], [ -58.39, -34.74 ], [ -58.38, -34.74 ], [ -58.37, -34.74 ], [ -58.37, -34.74 ], [ -58.37, -34.74 ], [ -58.37, -34.75 ], [ -58.36, -34.74 ], [ -58.36, -34.74 ], [ -58.36, -34.74 ], [ -58.35, -34.74 ], [ -58.35, -34.74 ], [ -58.35, -34.74 ], [ -58.34, -34.74 ], [ -58.34, -34.75 ], [ -58.34, -34.75 ], [ -58.34, -34.75 ], [ -58.35, -34.76 ], [ -58.36, -34.77 ], [ -58.36, -34.77 ], [ -58.38, -34.78 ], [ -58.39, -34.79 ], [ -58.4, -34.79 ], [ -58.41, -34.8 ], [ -58.41, -34.8 ], [ -58.41, -34.8 ], [ -58.4, -34.8 ], [ -58.43, -34.81 ], [ -58.43, -34.82 ], [ -58.44, -34.81 ], [ -58.44, -34.81 ], [ -58.44, -34.81 ], [ -58.44, -34.8 ], [ -58.44, -34.8 ], [ -58.45, -34.8 ], [ -58.45, -34.79 ], [ -58.46, -34.78 ], [ -58.46, -34.78 ], [ -58.46, -34.78 ], [ -58.46, -34.78 ], [ -58.46, -34.77 ], [ -58.47, -34.77 ], [ -58.47, -34.76 ], [ -58.47, -34.76 ], [ -58.48, -34.76 ], [ -58.48, -34.75 ], [ -58.49, -34.74 ], [ -58.49, -34.73 ], [ -58.5, -34.72 ], [ -58.5, -34.72 ], [ -58.5, -34.72 ], [ -58.5, -34.72 ], [ -58.49, -34.73 ], [ -58.49, -34.73 ], [ -58.49, -34.73 ], [ -58.49, -34.73 ], [ -58.48, -34.73 ], [ -58.48, -34.73 ], [ -58.48, -34.73 ], [ -58.48, -34.73 ], [ -58.48, -34.72 ], [ -58.48, -34.72 ], [ -58.47, -34.72 ], [ -58.47, -34.71 ], [ -58.46, -34.71 ], [ -58.46, -34.71 ], [ -58.45, -34.69 ], [ -58.45, -34.69 ], [ -58.45, -34.69 ] ] ] ] } },
{ "type": "Feature", "properties": { "id": null, "comuna": null, "perimetro_": null, "area_metro": null, "nam": "Lanús", "cca": "025", "cde": "06434", "fna": "Partido de Lanús", "gna": "Partido", "ara3": 50.04, "arl": 48.35 }, "geometry": { "type": "MultiPolygon", "coordinates": [ [ [ [ -58.41, -34.66 ], [ -58.41, -34.66 ], [ -58.41, -34.66 ], [ -58.41, -34.66 ], [ -58.41, -34.66 ], [ -58.41, -34.66 ], [ -58.41, -34.66 ], [ -58.41, -34.66 ], [ -58.41, -34.66 ], [ -58.41, -34.66 ], [ -58.41, -34.66 ], [ -58.41, -34.66 ], [ -58.41, -34.66 ], [ -58.41, -34.66 ], [ -58.4, -34.66 ], [ -58.4, -34.66 ], [ -58.4, -34.66 ], [ -58.4, -34.66 ], [ -58.41, -34.66 ], [ -58.4, -34.67 ], [ -58.39, -34.67 ], [ -58.4, -34.67 ], [ -58.4, -34.67 ], [ -58.4, -34.67 ], [ -58.39, -34.68 ], [ -58.39, -34.68 ], [ -58.39, -34.68 ], [ -58.39, -34.68 ], [ -58.39, -34.68 ], [ -58.39, -34.68 ], [ -58.38, -34.69 ], [ -58.38, -34.69 ], [ -58.38, -34.69 ], [ -58.38, -34.69 ], [ -58.38, -34.69 ], [ -58.38, -34.69 ], [ -58.37, -34.69 ], [ -58.37, -34.7 ], [ -58.37, -34.7 ], [ -58.36, -34.7 ], [ -58.36, -34.7 ], [ -58.36, -34.7 ], [ -58.36, -34.7 ], [ -58.35, -34.71 ], [ -58.35, -34.72 ], [ -58.33, -34.73 ], [ -58.34, -34.73 ], [ -58.34, -34.73 ], [ -58.34, -34.73 ], [ -58.34, -34.73 ], [ -58.34, -34.74 ], [ -58.34, -34.74 ], [ -58.34, -34.74 ], [ -58.35, -34.74 ], [ -58.35, -34.74 ], [ -58.36, -34.74 ], [ -58.37, -34.75 ], [ -58.37, -34.74 ], [ -58.37, -34.74 ], [ -58.38, -34.74 ], [ -58.39, -34.74 ], [ -58.39, -34.74 ], [ -58.39, -34.74 ], [ -58.4, -34.74 ], [ -58.41, -34.73 ], [ -58.41, -34.73 ], [ -58.41, -34.73 ], [ -58.42, -34.73 ], [ -58.42, -34.72 ], [ -58.43, -34.71 ], [ -58.43, -34.71 ], [ -58.44, -34.7 ], [ -58.44, -34.7 ], [ -58.45, -34.69 ], [ -58.44, -34.68 ], [ -58.44, -34.68 ], [ -58.44, -34.68 ], [ -58.44, -34.68 ], [ -58.44, -34.68 ], [ -58.44, -34.68 ], [ -58.44, -34.68 ], [ -58.44, -34.68 ], [ -58.44, -34.68 ], [ -58.44, -34.68 ], [ -58.44, -34.68 ], [ -58.44, -34.68 ], [ -58.44, -34.68 ], [ -58.44, -34.68 ], [ -58.43, -34.67 ], [ -58.43, -34.67 ], [ -58.43, -34.67 ], [ -58.43, -34.67 ], [ -58.43, -34.67 ], [ -58.43, -34.66 ], [ -58.42, -34.66 ], [ -58.42, -34.66 ], [ -58.42, -34.66 ], [ -58.42, -34.66 ], [ -58.42, -34.66 ], [ -58.41, -34.66 ], [ -58.41, -34.66 ] ] ] ] } },
{ "type": "Feature", "properties": { "id": null, "comuna": null, "perimetro_": null, "area_metro": null, "nam": "Avellaneda", "cca": "004", "cde": "06035", "fna": "Partido de Avellaneda", "gna": "Partido", "ara3": 57.27, "arl": 52.48 }, "geometry": { "type": "MultiPolygon", "coordinates": [ [ [ [ -58.37, -34.66 ], [ -58.37, -34.66 ], [ -58.37, -34.66 ], [ -58.37, -34.65 ], [ -58.37, -34.65 ], [ -58.37, -34.65 ], [ -58.37, -34.65 ], [ -58.37, -34.65 ], [ -58.37, -34.65 ], [ -58.36, -34.65 ], [ -58.36, -34.65 ], [ -58.36, -34.65 ], [ -58.36, -34.65 ], [ -58.36, -34.65 ], [ -58.36, -34.65 ], [ -58.36, -34.65 ], [ -58.36, -34.64 ], [ -58.36, -34.64 ], [ -58.36, -34.64 ], [ -58.36, -34.64 ], [ -58.36, -34.64 ], [ -58.36, -34.64 ], [ -58.36, -34.64 ], [ -58.36, -34.64 ], [ -58.36, -34.64 ], [ -58.36, -34.64 ], [ -58.36, -34.64 ], [ -58.36, -34.64 ], [ -58.35, -34.63 ], [ -58.35, -34.63 ], [ -58.33, -34.63 ], [ -58.33, -34.64 ], [ -58.33, -34.64 ], [ -58.33, -34.64 ], [ -58.33, -34.64 ], [ -58.33, -34.64 ], [ -58.33, -34.64 ], [ -58.33, -34.64 ], [ -58.33, -34.65 ], [ -58.33, -34.65 ], [ -58.33, -34.65 ], [ -58.33, -34.65 ], [ -58.33, -34.65 ], [ -58.33, -34.65 ], [ -58.33, -34.65 ], [ -58.33, -34.65 ], [ -58.33, -34.65 ], [ -58.33, -34.65 ], [ -58.33, -34.65 ], [ -58.32, -34.66 ], [ -58.32, -34.66 ], [ -58.31, -34.66 ], [ -58.31, -34.66 ], [ -58.31, -34.66 ], [ -58.3, -34.67 ], [ -58.3, -34.67 ], [ -58.3, -34.67 ], [ -58.3, -34.67 ], [ -58.3, -34.67 ], [ -58.3, -34.67 ], [ -58.3, -34.67 ], [ -58.3, -34.67 ], [ -58.3, -34.67 ], [ -58.3, -34.67 ], [ -58.3, -34.67 ], [ -58.3, -34.67 ], [ -58.3, -34.67 ], [ -58.29, -34.67 ], [ -58.29, -34.68 ], [ -58.28, -34.68 ], [ -58.28, -34.68 ], [ -58.28, -34.68 ], [ -58.28, -34.68 ], [ -58.28, -34.68 ], [ -58.28, -34.68 ], [ -58.28, -34.68 ], [ -58.28, -34.68 ], [ -58.29, -34.68 ], [ -58.29, -34.69 ], [ -58.29, -34.69 ], [ -58.29, -34.69 ], [ -58.29, -34.69 ], [ -58.29, -34.69 ], [ -58.29, -34.69 ], [ -58.3, -34.69 ], [ -58.3, -34.69 ], [ -58.3, -34.69 ], [ -58.3, -34.69 ], [ -58.3, -34.7 ], [ -58.3, -34.7 ], [ -58.3, -34.7 ], [ -58.3, -34.7 ], [ -58.3, -34.7 ], [ -58.3, -34.7 ], [ -58.3, -34.7 ], [ -58.3, -34.7 ], [ -58.3, -34.7 ], [ -58.3, -34.7 ], [ -58.3, -34.7 ], [ -58.3, -34.7 ], [ -58.3, -34.7 ], [ -58.3, -34.7 ], [ -58.3, -34.7 ], [ -58.3, -34.7 ], [ -58.3, -34.7 ], [ -58.31, -34.7 ], [ -58.31, -34.7 ], [ -58.31, -34.7 ], [ -58.31, -34.7 ], [ -58.31, -34.7 ], [ -58.31, -34.71 ], [ -58.31, -34.71 ], [ -58.31, -34.71 ], [ -58.31, -34.71 ], [ -58.31, -34.71 ], [ -58.31, -34.71 ], [ -58.31, -34.71 ], [ -58.31, -34.71 ], [ -58.31, -34.71 ], [ -58.31, -34.71 ], [ -58.31, -34.71 ], [ -58.32, -34.71 ], [ -58.32, -34.71 ], [ -58.32, -34.71 ], [ -58.32, -34.71 ], [ -58.32, -34.71 ], [ -58.32, -34.71 ], [ -58.32, -34.71 ], [ -58.32, -34.71 ], [ -58.32, -34.71 ], [ -58.32, -34.72 ], [ -58.32, -34.72 ], [ -58.32, -34.72 ], [ -58.32, -34.72 ], [ -58.32, -34.72 ], [ -58.33, -34.73 ], [ -58.35, -34.72 ], [ -58.35, -34.71 ], [ -58.36, -34.7 ], [ -58.36, -34.7 ], [ -58.36, -34.7 ], [ -58.36, -34.7 ], [ -58.37, -34.7 ], [ -58.37, -34.7 ], [ -58.37, -34.7 ], [ -58.37, -34.7 ], [ -58.37, -34.69 ], [ -58.37, -34.69 ], [ -58.37, -34.69 ], [ -58.38, -34.69 ], [ -58.38, -34.69 ], [ -58.38, -34.69 ], [ -58.38, -34.69 ], [ -58.38, -34.69 ], [ -58.38, -34.69 ], [ -58.39, -34.68 ], [ -58.39, -34.68 ], [ -58.39, -34.68 ], [ -58.39, -34.68 ], [ -58.39, -34.68 ], [ -58.39, -34.68 ], [ -58.39, -34.68 ], [ -58.4, -34.67 ], [ -58.4, -34.67 ], [ -58.4, -34.67 ], [ -58.39, -34.67 ], [ -58.4, -34.67 ], [ -58.41, -34.66 ], [ -58.4, -34.66 ], [ -58.4, -34.66 ], [ -58.4, -34.66 ], [ -58.4, -34.66 ], [ -58.4, -34.66 ], [ -58.4, -34.66 ], [ -58.4, -34.66 ], [ -58.4, -34.66 ], [ -58.4, -34.66 ], [ -58.4, -34.66 ], [ -58.4, -34.66 ], [ -58.4, -34.66 ], [ -58.4, -34.66 ], [ -58.4, -34.66 ], [ -58.4, -34.66 ], [ -58.4, -34.66 ], [ -58.4, -34.66 ], [ -58.4, -34.66 ], [ -58.4, -34.66 ], [ -58.4, -34.66 ], [ -58.4, -34.66 ], [ -58.4, -34.66 ], [ -58.4, -34.66 ], [ -58.4, -34.66 ], [ -58.4, -34.66 ], [ -58.4, -34.66 ], [ -58.4, -34.66 ], [ -58.4, -34.66 ], [ -58.4, -34.66 ], [ -58.4, -34.66 ], [ -58.4, -34.66 ], [ -58.4, -34.66 ], [ -58.39, -34.66 ], [ -58.39, -34.66 ], [ -58.39, -34.66 ], [ -58.39, -34.66 ], [ -58.39, -34.66 ], [ -58.39, -34.66 ], [ -58.39, -34.66 ], [ -58.39, -34.66 ], [ -58.39, -34.66 ], [ -58.39, -34.66 ], [ -58.39, -34.66 ], [ -58.39, -34.66 ], [ -58.39, -34.66 ], [ -58.38, -34.66 ], [ -58.38, -34.66 ], [ -58.38, -34.66 ], [ -58.38, -34.66 ], [ -58.37, -34.66 ], [ -58.37, -34.66 ] ] ] ] } },
{ "type": "Feature", "properties": { "id": null, "comuna": null, "perimetro_": null, "area_metro": null, "nam": "San Vicente", "cca": "100", "cde": "06778", "fna": "Partido de San Vicente", "gna": "Partido", "ara3": 662.75, "arl": 656.27 }, "geometry": { "type": "MultiPolygon", "coordinates": [ [ [ [ -58.44, -34.99 ], [ -58.45, -34.99 ], [ -58.45, -34.99 ], [ -58.45, -34.99 ], [ -58.45, -34.99 ], [ -58.45, -34.99 ], [ -58.46, -35.0 ], [ -58.46, -35.0 ], [ -58.46, -35.0 ], [ -58.46, -35.0 ], [ -58.46, -35.0 ], [ -58.46, -35.01 ], [ -58.47, -35.01 ], [ -58.47, -35.01 ], [ -58.47, -35.01 ], [ -58.47, -35.0 ], [ -58.47, -35.0 ], [ -58.47, -34.97 ], [ -58.47, -34.97 ], [ -58.46, -34.96 ], [ -58.46, -34.95 ], [ -58.46, -34.95 ], [ -58.47, -34.95 ], [ -58.49, -34.93 ], [ -58.51, -34.95 ], [ -58.53, -34.96 ], [ -58.53, -34.96 ], [ -58.54, -34.97 ], [ -58.55, -34.98 ], [ -58.55, -34.98 ], [ -58.55, -34.98 ], [ -58.56, -35.01 ], [ -58.55, -35.01 ], [ -58.56, -35.01 ], [ -58.56, -35.02 ], [ -58.57, -35.03 ], [ -58.58, -35.03 ], [ -58.59, -35.04 ], [ -58.6, -35.05 ], [ -58.58, -35.07 ], [ -58.58, -35.07 ], [ -58.58, -35.13 ], [ -58.58, -35.15 ], [ -58.57, -35.16 ], [ -58.55, -35.17 ], [ -58.56, -35.18 ], [ -58.54, -35.19 ], [ -58.53, -35.19 ], [ -58.5, -35.22 ], [ -58.47, -35.24 ], [ -58.44, -35.22 ], [ -58.45, -35.21 ], [ -58.42, -35.19 ], [ -58.41, -35.19 ], [ -58.41, -35.19 ], [ -58.35, -35.14 ], [ -58.34, -35.15 ], [ -58.31, -35.12 ], [ -58.29, -35.11 ], [ -58.28, -35.1 ], [ -58.28, -35.1 ], [ -58.27, -35.09 ], [ -58.27, -35.09 ], [ -58.27, -35.09 ], [ -58.26, -35.09 ], [ -58.26, -35.08 ], [ -58.25, -35.07 ], [ -58.24, -35.07 ], [ -58.24, -35.06 ], [ -58.26, -35.04 ], [ -58.29, -35.02 ], [ -58.28, -35.01 ], [ -58.28, -35.0 ], [ -58.28, -35.0 ], [ -58.3, -34.97 ], [ -58.29, -34.97 ], [ -58.32, -34.93 ], [ -58.34, -34.93 ], [ -58.34, -34.94 ], [ -58.34, -34.94 ], [ -58.35, -34.94 ], [ -58.35, -34.94 ], [ -58.35, -34.94 ], [ -58.35, -34.94 ], [ -58.35, -34.94 ], [ -58.35, -34.94 ], [ -58.35, -34.94 ], [ -58.36, -34.94 ], [ -58.36, -34.94 ], [ -58.36, -34.95 ], [ -58.36, -34.95 ], [ -58.36, -34.95 ], [ -58.38, -34.95 ], [ -58.38, -34.96 ], [ -58.38, -34.96 ], [ -58.38, -34.95 ], [ -58.38, -34.95 ], [ -58.38, -34.95 ], [ -58.39, -34.96 ], [ -58.39, -34.97 ], [ -58.4, -34.97 ], [ -58.4, -34.97 ], [ -58.4, -34.97 ], [ -58.4, -34.97 ], [ -58.4, -34.98 ], [ -58.41, -34.98 ], [ -58.41, -34.98 ], [ -58.41, -34.97 ], [ -58.41, -34.97 ], [ -58.42, -34.98 ], [ -58.43, -34.98 ], [ -58.43, -34.98 ], [ -58.44, -34.98 ], [ -58.44, -34.98 ], [ -58.44, -34.99 ], [ -58.44, -34.99 ], [ -58.44, -34.99 ] ] ] ] } },
{ "type": "Feature", "properties": { "id": null, "comuna": null, "perimetro_": null, "area_metro": null, "nam": "Cañuelas", "cca": "015", "cde": "06134", "fna": "Partido de Cañuelas", "gna": "Partido", "ara3": 1189.65, "arl": 1190.11 }, "geometry": { "type": "MultiPolygon", "coordinates": [ [ [ [ -58.65, -34.89 ], [ -58.65, -34.89 ], [ -58.65, -34.89 ], [ -58.65, -34.89 ], [ -58.65, -34.89 ], [ -58.65, -34.89 ], [ -58.65, -34.89 ], [ -58.65, -34.89 ], [ -58.65, -34.89 ], [ -58.65, -34.89 ], [ -58.65, -34.89 ], [ -58.65, -34.89 ], [ -58.65, -34.89 ], [ -58.66, -34.89 ], [ -58.66, -34.89 ], [ -58.66, -34.89 ], [ -58.66, -34.89 ], [ -58.66, -34.89 ], [ -58.66, -34.89 ], [ -58.66, -34.89 ], [ -58.66, -34.89 ], [ -58.66, -34.89 ], [ -58.66, -34.89 ], [ -58.66, -34.89 ], [ -58.66, -34.9 ], [ -58.66, -34.9 ], [ -58.66, -34.9 ], [ -58.66, -34.9 ], [ -58.66, -34.9 ], [ -58.66, -34.9 ], [ -58.66, -34.9 ], [ -58.66, -34.9 ], [ -58.66, -34.9 ], [ -58.66, -34.9 ], [ -58.66, -34.9 ], [ -58.66, -34.9 ], [ -58.66, -34.9 ], [ -58.66, -34.9 ], [ -58.66, -34.9 ], [ -58.66, -34.9 ], [ -58.66, -34.9 ], [ -58.66, -34.9 ], [ -58.67, -34.9 ], [ -58.67, -34.9 ], [ -58.67, -34.9 ], [ -58.67, -34.9 ], [ -58.67, -34.9 ], [ -58.67, -34.9 ], [ -58.67, -34.9 ], [ -58.67, -34.9 ], [ -58.67, -34.9 ], [ -58.67, -34.9 ], [ -58.67, -34.9 ], [ -58.67, -34.9 ], [ -58.67, -34.9 ], [ -58.67, -34.9 ], [ -58.67, -34.9 ], [ -58.67, -34.9 ], [ -58.67, -34.9 ], [ -58.67, -34.9 ], [ -58.67, -34.9 ], [ -58.67, -34.9 ], [ -58.67, -34.9 ], [ -58.67, -34.9 ], [ -58.67, -34.9 ], [ -58.67, -34.9 ], [ -58.67, -34.9 ], [ -58.67, -34.9 ], [ -58.67, -34.9 ], [ -58.67, -34.9 ], [ -58.67, -34.9 ], [ -58.67, -34.9 ], [ -58.67, -34.9 ], [ -58.67, -34.9 ], [ -58.67, -34.9 ], [ -58.67, -34.9 ], [ -58.67, -34.9 ], [ -58.67, -34.9 ], [ -58.67, -34.9 ], [ -58.67, -34.9 ], [ -58.67, -34.9 ], [ -58.67, -34.9 ], [ -58.67, -34.9 ], [ -58.67, -34.9 ], [ -58.67, -34.9 ], [ -58.67, -34.9 ], [ -58.67, -34.9 ], [ -58.67, -34.9 ], [ -58.67, -34.9 ], [ -58.67, -34.9 ], [ -58.67, -34.9 ], [ -58.67, -34.9 ], [ -58.67, -34.9 ], [ -58.67, -34.9 ], [ -58.67, -34.9 ], [ -58.67, -34.9 ], [ -58.67, -34.9 ], [ -58.67, -34.9 ], [ -58.67, -34.9 ], [ -58.67, -34.9 ], [ -58.67, -34.9 ], [ -58.67, -34.9 ], [ -58.67, -34.9 ], [ -58.67, -34.9 ], [ -58.67, -34.9 ], [ -58.67, -34.9 ], [ -58.67, -34.9 ], [ -58.67, -34.9 ], [ -58.67, -34.9 ], [ -58.67, -34.9 ], [ -58.67, -34.9 ], [ -58.68, -34.9 ], [ -58.68, -34.9 ], [ -58.68, -34.9 ], [ -58.68, -34.9 ], [ -58.68, -34.9 ], [ -58.68, -34.9 ], [ -58.68, -34.9 ], [ -58.68, -34.9 ], [ -58.68, -34.9 ], [ -58.68, -34.9 ], [ -58.68, -34.9 ], [ -58.68, -34.9 ], [ -58.68, -34.91 ], [ -58.68, -34.91 ], [ -58.68, -34.91 ], [ -58.68, -34.91 ], [ -58.68, -34.91 ], [ -58.68, -34.91 ], [ -58.68, -34.91 ], [ -58.68, -34.91 ], [ -58.68, -34.91 ], [ -58.68, -34.91 ], [ -58.68, -34.91 ], [ -58.68, -34.91 ], [ -58.68, -34.91 ], [ -58.68, -34.91 ], [ -58.68, -34.91 ], [ -58.68, -34.91 ], [ -58.68, -34.91 ], [ -58.68, -34.91 ], [ -58.68, -34.91 ], [ -58.68, -34.91 ], [ -58.68, -34.91 ], [ -58.68, -34.91 ], [ -58.68, -34.91 ], [ -58.68, -34.91 ], [ -58.68, -34.91 ], [ -58.68, -34.91 ], [ -58.68, -34.91 ], [ -58.68, -34.91 ], [ -58.68, -34.91 ], [ -58.68, -34.91 ], [ -58.68, -34.91 ], [ -58.68, -34.91 ], [ -58.68, -34.91 ], [ -58.68, -34.91 ], [ -58.68, -34.91 ], [ -58.68, -34.91 ], [ -58.68, -34.91 ], [ -58.68, -34.91 ], [ -58.68, -34.91 ], [ -58.68, -34.91 ], [ -58.68, -34.91 ], [ -58.68, -34.91 ], [ -58.68, -34.91 ], [ -58.68, -34.91 ], [ -58.68, -34.91 ], [ -58.68, -34.91 ], [ -58.68, -34.91 ], [ -58.68, -34.91 ], [ -58.68, -34.91 ], [ -58.68, -34.91 ], [ -58.68, -34.91 ], [ -58.68, -34.91 ], [ -58.68, -34.91 ], [ -58.68, -34.91 ], [ -58.68, -34.91 ], [ -58.68, -34.91 ], [ -58.68, -34.91 ], [ -58.68, -34.91 ], [ -58.68, -34.91 ], [ -58.68, -34.91 ], [ -58.68, -34.91 ], [ -58.68, -34.91 ], [ -58.68, -34.91 ], [ -58.68, -34.91 ], [ -58.68, -34.91 ], [ -58.69, -34.91 ], [ -58.69, -34.91 ], [ -58.69, -34.91 ], [ -58.69, -34.91 ], [ -58.69, -34.91 ], [ -58.69, -34.91 ], [ -58.69, -34.91 ], [ -58.69, -34.91 ], [ -58.69, -34.91 ], [ -58.69, -34.91 ], [ -58.69, -34.91 ], [ -58.69, -34.91 ], [ -58.69, -34.91 ], [ -58.69, -34.91 ], [ -58.69, -34.91 ], [ -58.69, -34.91 ], [ -58.69, -34.91 ], [ -58.69, -34.91 ], [ -58.69, -34.91 ], [ -58.69, -34.91 ], [ -58.69, -34.91 ], [ -58.69, -34.91 ], [ -58.69, -34.91 ], [ -58.69, -34.91 ], [ -58.69, -34.91 ], [ -58.69, -34.91 ], [ -58.69, -34.91 ], [ -58.69, -34.91 ], [ -58.69, -34.91 ], [ -58.69, -34.91 ], [ -58.69, -34.91 ], [ -58.69, -34.91 ], [ -58.69, -34.91 ], [ -58.69, -34.91 ], [ -58.69, -34.91 ], [ -58.69, -34.91 ], [ -58.69, -34.91 ], [ -58.69, -34.91 ], [ -58.69, -34.91 ], [ -58.69, -34.91 ], [ -58.69, -34.91 ], [ -58.69, -34.91 ], [ -58.69, -34.91 ], [ -58.69, -34.91 ], [ -58.69, -34.91 ], [ -58.69, -34.91 ], [ -58.69, -34.91 ], [ -58.69, -34.91 ], [ -58.69, -34.91 ], [ -58.69, -34.91 ], [ -58.69, -34.91 ], [ -58.69, -34.91 ], [ -58.69, -34.91 ], [ -58.69, -34.91 ], [ -58.69, -34.91 ], [ -58.69, -34.91 ], [ -58.69, -34.91 ], [ -58.69, -34.91 ], [ -58.69, -34.91 ], [ -58.69, -34.91 ], [ -58.69, -34.91 ], [ -58.69, -34.91 ], [ -58.69, -34.91 ], [ -58.69, -34.91 ], [ -58.69, -34.91 ], [ -58.69, -34.91 ], [ -58.69, -34.91 ], [ -58.69, -34.91 ], [ -58.7, -34.91 ], [ -58.7, -34.91 ], [ -58.7, -34.91 ], [ -58.7, -34.91 ], [ -58.7, -34.91 ], [ -58.7, -34.91 ], [ -58.7, -34.91 ], [ -58.7, -34.91 ], [ -58.7, -34.91 ], [ -58.7, -34.91 ], [ -58.7, -34.91 ], [ -58.7, -34.91 ], [ -58.7, -34.91 ], [ -58.7, -34.91 ], [ -58.7, -34.91 ], [ -58.7, -34.91 ], [ -58.7, -34.91 ], [ -58.7, -34.91 ], [ -58.7, -34.91 ], [ -58.7, -34.91 ], [ -58.7, -34.91 ], [ -58.7, -34.91 ], [ -58.7, -34.91 ], [ -58.7, -34.91 ], [ -58.7, -34.91 ], [ -58.7, -34.91 ], [ -58.7, -34.91 ], [ -58.7, -34.91 ], [ -58.7, -34.91 ], [ -58.7, -34.91 ], [ -58.7, -34.91 ], [ -58.7, -34.91 ], [ -58.7, -34.91 ], [ -58.7, -34.91 ], [ -58.7, -34.91 ], [ -58.7, -34.91 ], [ -58.7, -34.91 ], [ -58.7, -34.91 ], [ -58.7, -34.91 ], [ -58.7, -34.91 ], [ -58.7, -34.91 ], [ -58.7, -34.91 ], [ -58.7, -34.91 ], [ -58.7, -34.91 ], [ -58.7, -34.91 ], [ -58.7, -34.92 ], [ -58.7, -34.92 ], [ -58.7, -34.92 ], [ -58.7, -34.92 ], [ -58.7, -34.92 ], [ -58.7, -34.92 ], [ -58.7, -34.92 ], [ -58.7, -34.92 ], [ -58.7, -34.92 ], [ -58.7, -34.92 ], [ -58.7, -34.92 ], [ -58.7, -34.92 ], [ -58.7, -34.92 ], [ -58.7, -34.92 ], [ -58.7, -34.92 ], [ -58.7, -34.92 ], [ -58.7, -34.92 ], [ -58.7, -34.92 ], [ -58.7, -34.92 ], [ -58.7, -34.92 ], [ -58.7, -34.92 ], [ -58.7, -34.92 ], [ -58.7, -34.92 ], [ -58.7, -34.92 ], [ -58.71, -34.92 ], [ -58.71, -34.92 ], [ -58.71, -34.92 ], [ -58.71, -34.92 ], [ -58.71, -34.92 ], [ -58.71, -34.92 ], [ -58.71, -34.92 ], [ -58.71, -34.92 ], [ -58.71, -34.92 ], [ -58.71, -34.92 ], [ -58.71, -34.92 ], [ -58.71, -34.92 ], [ -58.71, -34.92 ], [ -58.71, -34.92 ], [ -58.71, -34.92 ], [ -58.71, -34.92 ], [ -58.71, -34.92 ], [ -58.71, -34.92 ], [ -58.71, -34.92 ], [ -58.71, -34.92 ], [ -58.71, -34.92 ], [ -58.71, -34.92 ], [ -58.71, -34.92 ], [ -58.71, -34.92 ], [ -58.71, -34.92 ], [ -58.71, -34.92 ], [ -58.71, -34.92 ], [ -58.71, -34.92 ], [ -58.71, -34.92 ], [ -58.71, -34.92 ], [ -58.71, -34.92 ], [ -58.71, -34.92 ], [ -58.71, -34.92 ], [ -58.71, -34.92 ], [ -58.71, -34.92 ], [ -58.71, -34.92 ], [ -58.71, -34.92 ], [ -58.71, -34.92 ], [ -58.71, -34.92 ], [ -58.71, -34.92 ], [ -58.71, -34.92 ], [ -58.71, -34.92 ], [ -58.71, -34.92 ], [ -58.71, -34.92 ], [ -58.71, -34.92 ], [ -58.71, -34.92 ], [ -58.71, -34.92 ], [ -58.71, -34.92 ], [ -58.71, -34.92 ], [ -58.71, -34.92 ], [ -58.71, -34.92 ], [ -58.71, -34.92 ], [ -58.71, -34.92 ], [ -58.71, -34.92 ], [ -58.71, -34.92 ], [ -58.71, -34.92 ], [ -58.71, -34.92 ], [ -58.71, -34.92 ], [ -58.71, -34.92 ], [ -58.71, -34.92 ], [ -58.71, -34.92 ], [ -58.71, -34.92 ], [ -58.71, -34.92 ], [ -58.71, -34.92 ], [ -58.71, -34.92 ], [ -58.71, -34.92 ], [ -58.71, -34.92 ], [ -58.71, -34.92 ], [ -58.71, -34.92 ], [ -58.71, -34.92 ], [ -58.71, -34.92 ], [ -58.71, -34.92 ], [ -58.71, -34.92 ], [ -58.71, -34.92 ], [ -58.71, -34.92 ], [ -58.72, -34.92 ], [ -58.72, -34.92 ], [ -58.72, -34.92 ], [ -58.72, -34.92 ], [ -58.72, -34.92 ], [ -58.72, -34.92 ], [ -58.72, -34.92 ], [ -58.72, -34.92 ], [ -58.72, -34.92 ], [ -58.72, -34.92 ], [ -58.72, -34.92 ], [ -58.72, -34.92 ], [ -58.72, -34.92 ], [ -58.72, -34.92 ], [ -58.72, -34.92 ], [ -58.72, -34.92 ], [ -58.72, -34.92 ], [ -58.72, -34.92 ], [ -58.72, -34.92 ], [ -58.72, -34.92 ], [ -58.72, -34.92 ], [ -58.72, -34.92 ], [ -58.72, -34.92 ], [ -58.72, -34.92 ], [ -58.72, -34.92 ], [ -58.72, -34.92 ], [ -58.72, -34.92 ], [ -58.72, -34.92 ], [ -58.72, -34.92 ], [ -58.72, -34.92 ], [ -58.72, -34.92 ], [ -58.72, -34.92 ], [ -58.72, -34.92 ], [ -58.72, -34.92 ], [ -58.72, -34.92 ], [ -58.72, -34.92 ], [ -58.72, -34.92 ], [ -58.72, -34.92 ], [ -58.72, -34.92 ], [ -58.72, -34.92 ], [ -58.72, -34.92 ], [ -58.72, -34.92 ], [ -58.72, -34.92 ], [ -58.72, -34.92 ], [ -58.72, -34.92 ], [ -58.72, -34.92 ], [ -58.72, -34.92 ], [ -58.72, -34.92 ], [ -58.72, -34.92 ], [ -58.72, -34.92 ], [ -58.72, -34.92 ], [ -58.72, -34.92 ], [ -58.72, -34.92 ], [ -58.72, -34.92 ], [ -58.72, -34.92 ], [ -58.72, -34.92 ], [ -58.72, -34.92 ], [ -58.72, -34.92 ], [ -58.72, -34.92 ], [ -58.72, -34.92 ], [ -58.72, -34.92 ], [ -58.72, -34.92 ], [ -58.72, -34.92 ], [ -58.72, -34.92 ], [ -58.72, -34.92 ], [ -58.72, -34.92 ], [ -58.72, -34.92 ], [ -58.72, -34.92 ], [ -58.72, -34.92 ], [ -58.73, -34.92 ], [ -58.73, -34.92 ], [ -58.73, -34.92 ], [ -58.73, -34.92 ], [ -58.73, -34.92 ], [ -58.73, -34.92 ], [ -58.73, -34.92 ], [ -58.73, -34.92 ], [ -58.73, -34.92 ], [ -58.73, -34.92 ], [ -58.73, -34.92 ], [ -58.73, -34.92 ], [ -58.73, -34.92 ], [ -58.73, -34.92 ], [ -58.73, -34.92 ], [ -58.73, -34.92 ], [ -58.73, -34.92 ], [ -58.73, -34.92 ], [ -58.73, -34.92 ], [ -58.73, -34.92 ], [ -58.73, -34.92 ], [ -58.73, -34.92 ], [ -58.73, -34.92 ], [ -58.73, -34.92 ], [ -58.73, -34.92 ], [ -58.73, -34.92 ], [ -58.73, -34.93 ], [ -58.73, -34.93 ], [ -58.73, -34.93 ], [ -58.73, -34.93 ], [ -58.73, -34.93 ], [ -58.73, -34.93 ], [ -58.73, -34.93 ], [ -58.73, -34.93 ], [ -58.73, -34.93 ], [ -58.73, -34.93 ], [ -58.73, -34.93 ], [ -58.73, -34.93 ], [ -58.73, -34.93 ], [ -58.73, -34.93 ], [ -58.73, -34.93 ], [ -58.73, -34.93 ], [ -58.73, -34.93 ], [ -58.73, -34.93 ], [ -58.73, -34.93 ], [ -58.73, -34.93 ], [ -58.73, -34.93 ], [ -58.73, -34.93 ], [ -58.73, -34.93 ], [ -58.73, -34.93 ], [ -58.73, -34.93 ], [ -58.73, -34.93 ], [ -58.73, -34.93 ], [ -58.73, -34.93 ], [ -58.73, -34.93 ], [ -58.73, -34.93 ], [ -58.73, -34.93 ], [ -58.73, -34.93 ], [ -58.73, -34.93 ], [ -58.73, -34.93 ], [ -58.73, -34.93 ], [ -58.73, -34.93 ], [ -58.73, -34.93 ], [ -58.73, -34.93 ], [ -58.73, -34.93 ], [ -58.73, -34.93 ], [ -58.73, -34.93 ], [ -58.73, -34.93 ], [ -58.73, -34.93 ], [ -58.73, -34.93 ], [ -58.73, -34.93 ], [ -58.73, -34.93 ], [ -58.73, -34.93 ], [ -58.73, -34.93 ], [ -58.73, -34.93 ], [ -58.73, -34.93 ], [ -58.73, -34.93 ], [ -58.73, -34.93 ], [ -58.73, -34.93 ], [ -58.73, -34.93 ], [ -58.73, -34.93 ], [ -58.73, -34.93 ], [ -58.73, -34.93 ], [ -58.73, -34.93 ], [ -58.73, -34.93 ], [ -58.73, -34.93 ], [ -58.73, -34.93 ], [ -58.73, -34.93 ], [ -58.73, -34.93 ], [ -58.73, -34.93 ], [ -58.73, -34.93 ], [ -58.73, -34.93 ], [ -58.73, -34.93 ], [ -58.73, -34.93 ], [ -58.74, -34.93 ], [ -58.74, -34.93 ], [ -58.74, -34.93 ], [ -58.74, -34.93 ], [ -58.74, -34.93 ], [ -58.74, -34.93 ], [ -58.74, -34.93 ], [ -58.74, -34.93 ], [ -58.74, -34.93 ], [ -58.74, -34.93 ], [ -58.74, -34.93 ], [ -58.74, -34.93 ], [ -58.74, -34.93 ], [ -58.74, -34.93 ], [ -58.74, -34.93 ], [ -58.74, -34.93 ], [ -58.74, -34.93 ], [ -58.74, -34.93 ], [ -58.74, -34.93 ], [ -58.74, -34.94 ], [ -58.74, -34.94 ], [ -58.74, -34.94 ], [ -58.74, -34.94 ], [ -58.74, -34.94 ], [ -58.74, -34.94 ], [ -58.74, -34.94 ], [ -58.74, -34.94 ], [ -58.74, -34.94 ], [ -58.74, -34.94 ], [ -58.74, -34.94 ], [ -58.74, -34.94 ], [ -58.74, -34.94 ], [ -58.74, -34.94 ], [ -58.74, -34.94 ], [ -58.74, -34.94 ], [ -58.74, -34.94 ], [ -58.74, -34.94 ], [ -58.74, -34.94 ], [ -58.74, -34.94 ], [ -58.74, -34.94 ], [ -58.74, -34.94 ], [ -58.74, -34.94 ], [ -58.74, -34.94 ], [ -58.74, -34.94 ], [ -58.74, -34.94 ], [ -58.74, -34.94 ], [ -58.74, -34.94 ], [ -58.74, -34.94 ], [ -58.74, -34.94 ], [ -58.74, -34.94 ], [ -58.74, -34.94 ], [ -58.74, -34.94 ], [ -58.74, -34.94 ], [ -58.74, -34.94 ], [ -58.74, -34.94 ], [ -58.74, -34.94 ], [ -58.74, -34.94 ], [ -58.74, -34.94 ], [ -58.74, -34.94 ], [ -58.74, -34.94 ], [ -58.74, -34.94 ], [ -58.74, -34.94 ], [ -58.74, -34.94 ], [ -58.74, -34.94 ], [ -58.74, -34.94 ], [ -58.74, -34.94 ], [ -58.74, -34.94 ], [ -58.74, -34.94 ], [ -58.74, -34.94 ], [ -58.75, -34.94 ], [ -58.75, -34.94 ], [ -58.75, -34.94 ], [ -58.75, -34.94 ], [ -58.75, -34.94 ], [ -58.75, -34.94 ], [ -58.75, -34.94 ], [ -58.75, -34.94 ], [ -58.75, -34.94 ], [ -58.75, -34.94 ], [ -58.75, -34.94 ], [ -58.75, -34.94 ], [ -58.75, -34.94 ], [ -58.75, -34.94 ], [ -58.75, -34.94 ], [ -58.75, -34.94 ], [ -58.75, -34.94 ], [ -58.75, -34.94 ], [ -58.75, -34.94 ], [ -58.75, -34.94 ], [ -58.75, -34.94 ], [ -58.75, -34.94 ], [ -58.75, -34.94 ], [ -58.75, -34.94 ], [ -58.75, -34.94 ], [ -58.75, -34.94 ], [ -58.75, -34.94 ], [ -58.75, -34.94 ], [ -58.75, -34.94 ], [ -58.75, -34.94 ], [ -58.75, -34.94 ], [ -58.75, -34.94 ], [ -58.75, -34.94 ], [ -58.75, -34.94 ], [ -58.75, -34.94 ], [ -58.75, -34.94 ], [ -58.75, -34.94 ], [ -58.75, -34.94 ], [ -58.75, -34.94 ], [ -58.75, -34.94 ], [ -58.75, -34.94 ], [ -58.75, -34.94 ], [ -58.75, -34.94 ], [ -58.75, -34.94 ], [ -58.75, -34.94 ], [ -58.75, -34.94 ], [ -58.75, -34.94 ], [ -58.75, -34.94 ], [ -58.75, -34.94 ], [ -58.75, -34.94 ], [ -58.75, -34.94 ], [ -58.75, -34.94 ], [ -58.75, -34.94 ], [ -58.75, -34.94 ], [ -58.75, -34.94 ], [ -58.75, -34.94 ], [ -58.75, -34.94 ], [ -58.75, -34.94 ], [ -58.75, -34.94 ], [ -58.75, -34.94 ], [ -58.75, -34.95 ], [ -58.75, -34.95 ], [ -58.75, -34.95 ], [ -58.75, -34.95 ], [ -58.75, -34.95 ], [ -58.75, -34.95 ], [ -58.75, -34.95 ], [ -58.75, -34.95 ], [ -58.75, -34.95 ], [ -58.75, -34.95 ], [ -58.75, -34.95 ], [ -58.76, -34.95 ], [ -58.76, -34.95 ], [ -58.76, -34.95 ], [ -58.76, -34.95 ], [ -58.76, -34.95 ], [ -58.76, -34.95 ], [ -58.76, -34.95 ], [ -58.76, -34.95 ], [ -58.76, -34.95 ], [ -58.76, -34.95 ], [ -58.76, -34.95 ], [ -58.76, -34.95 ], [ -58.76, -34.95 ], [ -58.76, -34.95 ], [ -58.76, -34.95 ], [ -58.76, -34.95 ], [ -58.76, -34.95 ], [ -58.76, -34.95 ], [ -58.76, -34.95 ], [ -58.76, -34.95 ], [ -58.76, -34.95 ], [ -58.76, -34.95 ], [ -58.76, -34.95 ], [ -58.76, -34.95 ], [ -58.76, -34.95 ], [ -58.76, -34.95 ], [ -58.76, -34.95 ], [ -58.76, -34.95 ], [ -58.76, -34.95 ], [ -58.76, -34.95 ], [ -58.76, -34.95 ], [ -58.76, -34.95 ], [ -58.76, -34.95 ], [ -58.76, -34.95 ], [ -58.76, -34.96 ], [ -58.76, -34.96 ], [ -58.76, -34.96 ], [ -58.76, -34.96 ], [ -58.76, -34.96 ], [ -58.76, -34.96 ], [ -58.76, -34.96 ], [ -58.76, -34.96 ], [ -58.76, -34.96 ], [ -58.76, -34.96 ], [ -58.76, -34.96 ], [ -58.76, -34.96 ], [ -58.76, -34.96 ], [ -58.76, -34.96 ], [ -58.77, -34.96 ], [ -58.77, -34.96 ], [ -58.77, -34.96 ], [ -58.77, -34.96 ], [ -58.77, -34.96 ], [ -58.77, -34.96 ], [ -58.77, -34.96 ], [ -58.77, -34.96 ], [ -58.77, -34.96 ], [ -58.77, -34.96 ], [ -58.77, -34.96 ], [ -58.77, -34.96 ], [ -58.77, -34.96 ], [ -58.77, -34.96 ], [ -58.77, -34.96 ], [ -58.77, -34.96 ], [ -58.77, -34.96 ], [ -58.77, -34.96 ], [ -58.77, -34.96 ], [ -58.77, -34.96 ], [ -58.77, -34.96 ], [ -58.77, -34.96 ], [ -58.77, -34.96 ], [ -58.77, -34.96 ], [ -58.77, -34.96 ], [ -58.77, -34.96 ], [ -58.77, -34.96 ], [ -58.77, -34.96 ], [ -58.77, -34.96 ], [ -58.77, -34.96 ], [ -58.77, -34.96 ], [ -58.77, -34.96 ], [ -58.77, -34.96 ], [ -58.77, -34.96 ], [ -58.77, -34.96 ], [ -58.77, -34.96 ], [ -58.77, -34.96 ], [ -58.77, -34.96 ], [ -58.77, -34.96 ], [ -58.77, -34.96 ], [ -58.78, -34.96 ], [ -58.78, -34.96 ], [ -58.78, -34.96 ], [ -58.78, -34.96 ], [ -58.78, -34.96 ], [ -58.78, -34.96 ], [ -58.78, -34.96 ], [ -58.78, -34.96 ], [ -58.78, -34.96 ], [ -58.78, -34.96 ], [ -58.78, -34.96 ], [ -58.78, -34.96 ], [ -58.78, -34.96 ], [ -58.78, -34.96 ], [ -58.78, -34.96 ], [ -58.78, -34.96 ], [ -58.78, -34.96 ], [ -58.78, -34.96 ], [ -58.78, -34.96 ], [ -58.78, -34.96 ], [ -58.78, -34.96 ], [ -58.78, -34.96 ], [ -58.78, -34.96 ], [ -58.78, -34.96 ], [ -58.78, -34.96 ], [ -58.78, -34.96 ], [ -58.78, -34.96 ], [ -58.78, -34.96 ], [ -58.78, -34.96 ], [ -58.78, -34.96 ], [ -58.78, -34.96 ], [ -58.78, -34.95 ], [ -58.78, -34.95 ], [ -58.78, -34.95 ], [ -58.78, -34.95 ], [ -58.78, -34.95 ], [ -58.78, -34.95 ], [ -58.78, -34.95 ], [ -58.78, -34.95 ], [ -58.79, -34.95 ], [ -58.79, -34.95 ], [ -58.79, -34.95 ], [ -58.79, -34.95 ], [ -58.79, -34.95 ], [ -58.79, -34.95 ], [ -58.79, -34.95 ], [ -58.79, -34.95 ], [ -58.79, -34.95 ], [ -58.79, -34.95 ], [ -58.79, -34.95 ], [ -58.79, -34.95 ], [ -58.79, -34.95 ], [ -58.79, -34.95 ], [ -58.79, -34.95 ], [ -58.79, -34.95 ], [ -58.79, -34.95 ], [ -58.79, -34.95 ], [ -58.79, -34.95 ], [ -58.79, -34.95 ], [ -58.79, -34.95 ], [ -58.79, -34.95 ], [ -58.79, -34.95 ], [ -58.79, -34.95 ], [ -58.79, -34.96 ], [ -58.79, -34.96 ], [ -58.79, -34.96 ], [ -58.79, -34.96 ], [ -58.78, -34.96 ], [ -58.78, -34.96 ], [ -58.78, -34.96 ], [ -58.78, -34.96 ], [ -58.78, -34.96 ], [ -58.78, -34.96 ], [ -58.78, -34.96 ], [ -58.78, -34.97 ], [ -58.78, -34.97 ], [ -58.78, -34.97 ], [ -58.78, -34.97 ], [ -58.79, -34.97 ], [ -58.79, -34.98 ], [ -58.79, -34.98 ], [ -58.8, -34.98 ], [ -58.8, -34.98 ], [ -58.8, -34.98 ], [ -58.8, -34.98 ], [ -58.8, -34.98 ], [ -58.8, -34.98 ], [ -58.8, -34.98 ], [ -58.8, -34.99 ], [ -58.81, -34.99 ], [ -58.81, -34.99 ], [ -58.81, -34.99 ], [ -58.81, -34.99 ], [ -58.81, -34.99 ], [ -58.81, -34.99 ], [ -58.81, -35.0 ], [ -58.82, -35.0 ], [ -58.82, -35.0 ], [ -58.82, -35.0 ], [ -58.82, -35.0 ], [ -58.82, -35.0 ], [ -58.82, -35.0 ], [ -58.83, -35.01 ], [ -58.82, -35.01 ], [ -58.83, -35.01 ], [ -58.83, -35.01 ], [ -58.83, -35.01 ], [ -58.83, -35.01 ], [ -58.83, -35.01 ], [ -58.83, -35.01 ], [ -58.83, -35.01 ], [ -58.84, -35.02 ], [ -58.84, -35.02 ], [ -58.84, -35.02 ], [ -58.84, -35.02 ], [ -58.84, -35.02 ], [ -58.84, -35.02 ], [ -58.85, -35.03 ], [ -58.85, -35.03 ], [ -58.86, -35.03 ], [ -58.86, -35.04 ], [ -58.86, -35.04 ], [ -58.86, -35.04 ], [ -58.86, -35.04 ], [ -58.87, -35.05 ], [ -58.87, -35.05 ], [ -58.87, -35.05 ], [ -58.88, -35.05 ], [ -58.88, -35.06 ], [ -58.88, -35.06 ], [ -58.88, -35.06 ], [ -58.88, -35.06 ], [ -58.88, -35.06 ], [ -58.88, -35.06 ], [ -58.89, -35.06 ], [ -58.89, -35.06 ], [ -58.89, -35.06 ], [ -58.89, -35.06 ], [ -58.89, -35.07 ], [ -58.89, -35.07 ], [ -58.89, -35.07 ], [ -58.89, -35.07 ], [ -58.9, -35.07 ], [ -58.9, -35.07 ], [ -58.9, -35.07 ], [ -58.9, -35.08 ], [ -58.9, -35.08 ], [ -58.9, -35.08 ], [ -58.91, -35.08 ], [ -58.91, -35.08 ], [ -58.91, -35.08 ], [ -58.91, -35.08 ], [ -58.91, -35.08 ], [ -58.91, -35.09 ], [ -58.92, -35.09 ], [ -58.92, -35.09 ], [ -58.92, -35.09 ], [ -58.92, -35.09 ], [ -58.92, -35.1 ], [ -58.92, -35.1 ], [ -58.93, -35.1 ], [ -58.93, -35.1 ], [ -58.93, -35.11 ], [ -58.93, -35.11 ], [ -58.93, -35.11 ], [ -58.93, -35.11 ], [ -58.92, -35.11 ], [ -58.92, -35.11 ], [ -58.92, -35.11 ], [ -58.92, -35.11 ], [ -58.92, -35.12 ], [ -58.92, -35.12 ], [ -58.92, -35.12 ], [ -58.92, -35.12 ], [ -58.92, -35.12 ], [ -58.91, -35.12 ], [ -58.91, -35.12 ], [ -58.91, -35.12 ], [ -58.91, -35.12 ], [ -58.91, -35.12 ], [ -58.91, -35.12 ], [ -58.91, -35.12 ], [ -58.91, -35.12 ], [ -58.91, -35.13 ], [ -58.9, -35.13 ], [ -58.9, -35.13 ], [ -58.9, -35.13 ], [ -58.89, -35.13 ], [ -58.89, -35.14 ], [ -58.89, -35.14 ], [ -58.89, -35.14 ], [ -58.88, -35.14 ], [ -58.88, -35.15 ], [ -58.87, -35.15 ], [ -58.87, -35.15 ], [ -58.87, -35.15 ], [ -58.87, -35.15 ], [ -58.87, -35.16 ], [ -58.87, -35.16 ], [ -58.87, -35.16 ], [ -58.88, -35.16 ], [ -58.88, -35.16 ], [ -58.89, -35.17 ], [ -58.89, -35.17 ], [ -58.89, -35.17 ], [ -58.89, -35.18 ], [ -58.89, -35.18 ], [ -58.89, -35.18 ], [ -58.89, -35.18 ], [ -58.89, -35.18 ], [ -58.89, -35.18 ], [ -58.88, -35.18 ], [ -58.88, -35.19 ], [ -58.88, -35.19 ], [ -58.88, -35.19 ], [ -58.87, -35.19 ], [ -58.87, -35.19 ], [ -58.87, -35.19 ], [ -58.87, -35.2 ], [ -58.87, -35.2 ], [ -58.86, -35.2 ], [ -58.86, -35.2 ], [ -58.86, -35.2 ], [ -58.86, -35.2 ], [ -58.85, -35.21 ], [ -58.85, -35.21 ], [ -58.85, -35.21 ], [ -58.85, -35.21 ], [ -58.85, -35.21 ], [ -58.84, -35.21 ], [ -58.84, -35.21 ], [ -58.84, -35.22 ], [ -58.84, -35.22 ], [ -58.83, -35.22 ], [ -58.83, -35.22 ], [ -58.83, -35.22 ], [ -58.82, -35.23 ], [ -58.81, -35.23 ], [ -58.81, -35.24 ], [ -58.81, -35.24 ], [ -58.81, -35.24 ], [ -58.81, -35.25 ], [ -58.8, -35.25 ], [ -58.8, -35.25 ], [ -58.79, -35.26 ], [ -58.79, -35.26 ], [ -58.78, -35.26 ], [ -58.77, -35.27 ], [ -58.77, -35.27 ], [ -58.77, -35.27 ], [ -58.76, -35.27 ], [ -58.76, -35.27 ], [ -58.76, -35.26 ], [ -58.75, -35.26 ], [ -58.75, -35.25 ], [ -58.75, -35.25 ], [ -58.75, -35.25 ], [ -58.75, -35.26 ], [ -58.74, -35.26 ], [ -58.74, -35.26 ], [ -58.74, -35.26 ], [ -58.74, -35.26 ], [ -58.74, -35.26 ], [ -58.74, -35.26 ], [ -58.73, -35.26 ], [ -58.73, -35.27 ], [ -58.73, -35.27 ], [ -58.73, -35.27 ], [ -58.73, -35.27 ], [ -58.73, -35.27 ], [ -58.73, -35.27 ], [ -58.73, -35.27 ], [ -58.71, -35.28 ], [ -58.71, -35.28 ], [ -58.71, -35.29 ], [ -58.71, -35.29 ], [ -58.71, -35.29 ], [ -58.71, -35.29 ], [ -58.7, -35.29 ], [ -58.7, -35.29 ], [ -58.7, -35.29 ], [ -58.69, -35.29 ], [ -58.69, -35.3 ], [ -58.69, -35.3 ], [ -58.69, -35.3 ], [ -58.69, -35.3 ], [ -58.68, -35.3 ], [ -58.68, -35.31 ], [ -58.68, -35.31 ], [ -58.68, -35.31 ], [ -58.68, -35.31 ], [ -58.69, -35.32 ], [ -58.69, -35.32 ], [ -58.69, -35.32 ], [ -58.7, -35.32 ], [ -58.7, -35.32 ], [ -58.7, -35.32 ], [ -58.7, -35.33 ], [ -58.7, -35.33 ], [ -58.71, -35.33 ], [ -58.71, -35.34 ], [ -58.71, -35.34 ], [ -58.7, -35.34 ], [ -58.7, -35.34 ], [ -58.69, -35.35 ], [ -58.67, -35.36 ], [ -58.67, -35.36 ], [ -58.67, -35.36 ], [ -58.66, -35.35 ], [ -58.66, -35.35 ], [ -58.66, -35.35 ], [ -58.66, -35.36 ], [ -58.66, -35.36 ], [ -58.65, -35.37 ], [ -58.64, -35.37 ], [ -58.63, -35.38 ], [ -58.63, -35.38 ], [ -58.63, -35.38 ], [ -58.62, -35.39 ], [ -58.62, -35.39 ], [ -58.62, -35.39 ], [ -58.62, -35.39 ], [ -58.61, -35.39 ], [ -58.61, -35.4 ], [ -58.61, -35.4 ], [ -58.61, -35.4 ], [ -58.6, -35.41 ], [ -58.59, -35.41 ], [ -58.58, -35.42 ], [ -58.58, -35.42 ], [ -58.57, -35.41 ], [ -58.57, -35.41 ], [ -58.57, -35.41 ], [ -58.57, -35.41 ], [ -58.57, -35.41 ], [ -58.56, -35.4 ], [ -58.56, -35.4 ], [ -58.56, -35.4 ], [ -58.55, -35.39 ], [ -58.55, -35.39 ], [ -58.55, -35.39 ], [ -58.55, -35.39 ], [ -58.54, -35.39 ], [ -58.54, -35.39 ], [ -58.54, -35.38 ], [ -58.54, -35.38 ], [ -58.54, -35.38 ], [ -58.54, -35.38 ], [ -58.54, -35.38 ], [ -58.53, -35.37 ], [ -58.53, -35.37 ], [ -58.52, -35.37 ], [ -58.53, -35.36 ], [ -58.54, -35.36 ], [ -58.54, -35.35 ], [ -58.54, -35.35 ], [ -58.54, -35.35 ], [ -58.55, -35.35 ], [ -58.56, -35.34 ], [ -58.56, -35.34 ], [ -58.56, -35.34 ], [ -58.57, -35.33 ], [ -58.57, -35.33 ], [ -58.57, -35.33 ], [ -58.57, -35.32 ], [ -58.56, -35.32 ], [ -58.55, -35.31 ], [ -58.55, -35.31 ], [ -58.55, -35.31 ], [ -58.55, -35.31 ], [ -58.55, -35.31 ], [ -58.54, -35.3 ], [ -58.54, -35.3 ], [ -58.53, -35.29 ], [ -58.53, -35.29 ], [ -58.52, -35.29 ], [ -58.52, -35.28 ], [ -58.52, -35.28 ], [ -58.51, -35.28 ], [ -58.51, -35.28 ], [ -58.51, -35.27 ], [ -58.5, -35.27 ], [ -58.5, -35.26 ], [ -58.5, -35.26 ], [ -58.49, -35.26 ], [ -58.49, -35.25 ], [ -58.49, -35.25 ], [ -58.48, -35.24 ], [ -58.48, -35.24 ], [ -58.47, -35.24 ], [ -58.47, -35.24 ], [ -58.47, -35.24 ], [ -58.47, -35.24 ], [ -58.48, -35.23 ], [ -58.48, -35.23 ], [ -58.49, -35.23 ], [ -58.49, -35.23 ], [ -58.49, -35.22 ], [ -58.5, -35.22 ], [ -58.5, -35.22 ], [ -58.5, -35.22 ], [ -58.51, -35.21 ], [ -58.51, -35.21 ], [ -58.51, -35.21 ], [ -58.51, -35.21 ], [ -58.52, -35.21 ], [ -58.52, -35.2 ], [ -58.52, -35.2 ], [ -58.52, -35.2 ], [ -58.52, -35.2 ], [ -58.53, -35.19 ], [ -58.53, -35.19 ], [ -58.53, -35.19 ], [ -58.54, -35.19 ], [ -58.54, -35.19 ], [ -58.54, -35.19 ], [ -58.55, -35.18 ], [ -58.55, -35.18 ], [ -58.55, -35.18 ], [ -58.55, -35.18 ], [ -58.55, -35.18 ], [ -58.56, -35.18 ], [ -58.56, -35.18 ], [ -58.56, -35.17 ], [ -58.56, -35.17 ], [ -58.56, -35.17 ], [ -58.56, -35.17 ], [ -58.56, -35.17 ], [ -58.55, -35.17 ], [ -58.56, -35.16 ], [ -58.56, -35.16 ], [ -58.56, -35.16 ], [ -58.57, -35.16 ], [ -58.57, -35.16 ], [ -58.57, -35.16 ], [ -58.57, -35.15 ], [ -58.58, -35.15 ], [ -58.58, -35.15 ], [ -58.58, -35.15 ], [ -58.58, -35.14 ], [ -58.58, -35.14 ], [ -58.58, -35.14 ], [ -58.58, -35.14 ], [ -58.58, -35.13 ], [ -58.58, -35.13 ], [ -58.58, -35.13 ], [ -58.58, -35.13 ], [ -58.58, -35.12 ], [ -58.58, -35.12 ], [ -58.58, -35.12 ], [ -58.58, -35.12 ], [ -58.58, -35.12 ], [ -58.58, -35.11 ], [ -58.58, -35.1 ], [ -58.58, -35.1 ], [ -58.58, -35.09 ], [ -58.58, -35.09 ], [ -58.58, -35.08 ], [ -58.58, -35.08 ], [ -58.58, -35.08 ], [ -58.58, -35.08 ], [ -58.58, -35.08 ], [ -58.58, -35.07 ], [ -58.58, -35.07 ], [ -58.58, -35.07 ], [ -58.58, -35.07 ], [ -58.59, -35.06 ], [ -58.59, -35.06 ], [ -58.59, -35.06 ], [ -58.59, -35.05 ], [ -58.6, -35.05 ], [ -58.6, -35.05 ], [ -58.6, -35.05 ], [ -58.6, -35.05 ], [ -58.59, -35.04 ], [ -58.59, -35.04 ], [ -58.58, -35.03 ], [ -58.58, -35.03 ], [ -58.58, -35.03 ], [ -58.57, -35.03 ], [ -58.57, -35.03 ], [ -58.57, -35.02 ], [ -58.57, -35.02 ], [ -58.56, -35.02 ], [ -58.56, -35.02 ], [ -58.56, -35.01 ], [ -58.56, -35.01 ], [ -58.56, -35.01 ], [ -58.56, -35.01 ], [ -58.55, -35.01 ], [ -58.55, -35.01 ], [ -58.56, -35.01 ], [ -58.56, -35.01 ], [ -58.56, -35.0 ], [ -58.57, -35.0 ], [ -58.57, -35.0 ], [ -58.57, -35.0 ], [ -58.57, -34.99 ], [ -58.58, -34.99 ], [ -58.58, -34.99 ], [ -58.58, -34.99 ], [ -58.58, -34.99 ], [ -58.58, -34.99 ], [ -58.59, -34.99 ], [ -58.59, -34.99 ], [ -58.59, -34.98 ], [ -58.59, -34.98 ], [ -58.59, -34.98 ], [ -58.59, -34.98 ], [ -58.59, -34.98 ], [ -58.6, -34.98 ], [ -58.6, -34.98 ], [ -58.6, -34.97 ], [ -58.6, -34.97 ], [ -58.6, -34.97 ], [ -58.6, -34.97 ], [ -58.61, -34.97 ], [ -58.61, -34.97 ], [ -58.61, -34.97 ], [ -58.61, -34.97 ], [ -58.61, -34.97 ], [ -58.61, -34.97 ], [ -58.61, -34.97 ], [ -58.62, -34.96 ], [ -58.62, -34.96 ], [ -58.62, -34.96 ], [ -58.62, -34.96 ], [ -58.61, -34.96 ], [ -58.61, -34.95 ], [ -58.61, -34.95 ], [ -58.6, -34.94 ], [ -58.6, -34.94 ], [ -58.6, -34.94 ], [ -58.6, -34.94 ], [ -58.6, -34.94 ], [ -58.6, -34.94 ], [ -58.6, -34.94 ], [ -58.6, -34.94 ], [ -58.6, -34.94 ], [ -58.6, -34.94 ], [ -58.6, -34.94 ], [ -58.6, -34.94 ], [ -58.6, -34.94 ], [ -58.6, -34.94 ], [ -58.6, -34.94 ], [ -58.6, -34.94 ], [ -58.6, -34.94 ], [ -58.6, -34.94 ], [ -58.6, -34.94 ], [ -58.6, -34.94 ], [ -58.6, -34.94 ], [ -58.6, -34.94 ], [ -58.61, -34.94 ], [ -58.61, -34.94 ], [ -58.61, -34.93 ], [ -58.61, -34.93 ], [ -58.61, -34.93 ], [ -58.61, -34.93 ], [ -58.61, -34.93 ], [ -58.61, -34.93 ], [ -58.61, -34.93 ], [ -58.61, -34.93 ], [ -58.61, -34.93 ], [ -58.61, -34.93 ], [ -58.61, -34.93 ], [ -58.61, -34.93 ], [ -58.61, -34.93 ], [ -58.61, -34.93 ], [ -58.61, -34.93 ], [ -58.61, -34.93 ], [ -58.61, -34.93 ], [ -58.61, -34.93 ], [ -58.61, -34.93 ], [ -58.61, -34.93 ], [ -58.61, -34.93 ], [ -58.61, -34.93 ], [ -58.61, -34.93 ], [ -58.61, -34.93 ], [ -58.61, -34.93 ], [ -58.61, -34.93 ], [ -58.61, -34.93 ], [ -58.61, -34.93 ], [ -58.61, -34.93 ], [ -58.61, -34.93 ], [ -58.61, -34.93 ], [ -58.61, -34.93 ], [ -58.61, -34.93 ], [ -58.61, -34.93 ], [ -58.61, -34.93 ], [ -58.61, -34.93 ], [ -58.61, -34.93 ], [ -58.61, -34.93 ], [ -58.61, -34.93 ], [ -58.61, -34.93 ], [ -58.61, -34.93 ], [ -58.61, -34.93 ], [ -58.61, -34.93 ], [ -58.61, -34.93 ], [ -58.61, -34.93 ], [ -58.61, -34.92 ], [ -58.61, -34.92 ], [ -58.61, -34.92 ], [ -58.61, -34.92 ], [ -58.61, -34.92 ], [ -58.61, -34.92 ], [ -58.61, -34.92 ], [ -58.61, -34.92 ], [ -58.61, -34.92 ], [ -58.61, -34.92 ], [ -58.61, -34.92 ], [ -58.62, -34.92 ], [ -58.62, -34.92 ], [ -58.62, -34.92 ], [ -58.62, -34.92 ], [ -58.62, -34.92 ], [ -58.62, -34.92 ], [ -58.62, -34.92 ], [ -58.62, -34.92 ], [ -58.62, -34.92 ], [ -58.62, -34.92 ], [ -58.62, -34.92 ], [ -58.62, -34.92 ], [ -58.62, -34.92 ], [ -58.62, -34.92 ], [ -58.62, -34.92 ], [ -58.62, -34.92 ], [ -58.62, -34.92 ], [ -58.62, -34.92 ], [ -58.62, -34.92 ], [ -58.62, -34.92 ], [ -58.62, -34.92 ], [ -58.62, -34.92 ], [ -58.62, -34.92 ], [ -58.62, -34.92 ], [ -58.62, -34.92 ], [ -58.62, -34.92 ], [ -58.62, -34.92 ], [ -58.62, -34.92 ], [ -58.62, -34.92 ], [ -58.62, -34.92 ], [ -58.62, -34.92 ], [ -58.62, -34.92 ], [ -58.62, -34.92 ], [ -58.62, -34.92 ], [ -58.62, -34.92 ], [ -58.62, -34.92 ], [ -58.62, -34.92 ], [ -58.62, -34.92 ], [ -58.62, -34.92 ], [ -58.62, -34.92 ], [ -58.63, -34.92 ], [ -58.63, -34.92 ], [ -58.63, -34.92 ], [ -58.63, -34.92 ], [ -58.63, -34.92 ], [ -58.63, -34.92 ], [ -58.63, -34.92 ], [ -58.63, -34.92 ], [ -58.63, -34.92 ], [ -58.63, -34.92 ], [ -58.63, -34.92 ], [ -58.63, -34.92 ], [ -58.63, -34.92 ], [ -58.63, -34.92 ], [ -58.63, -34.92 ], [ -58.63, -34.91 ], [ -58.63, -34.91 ], [ -58.63, -34.91 ], [ -58.64, -34.91 ], [ -58.64, -34.91 ], [ -58.64, -34.91 ], [ -58.64, -34.9 ], [ -58.64, -34.9 ], [ -58.65, -34.9 ], [ -58.65, -34.89 ], [ -58.65, -34.89 ], [ -58.65, -34.89 ], [ -58.65, -34.89 ] ] ] ] } },
{ "type": "Feature", "properties": { "id": null, "comuna": null, "perimetro_": null, "area_metro": null, "nam": "Florencio Varela", "cca": "032", "cde": "06274", "fna": "Partido de Florencio Varela", "gna": "Partido", "ara3": 190.19, "arl": 189.9 }, "geometry": { "type": "MultiPolygon", "coordinates": [ [ [ [ -58.3, -34.8 ], [ -58.3, -34.8 ], [ -58.3, -34.8 ], [ -58.3, -34.8 ], [ -58.3, -34.8 ], [ -58.31, -34.8 ], [ -58.31, -34.79 ], [ -58.31, -34.79 ], [ -58.31, -34.8 ], [ -58.32, -34.8 ], [ -58.32, -34.8 ], [ -58.33, -34.8 ], [ -58.33, -34.8 ], [ -58.33, -34.81 ], [ -58.33, -34.81 ], [ -58.33, -34.81 ], [ -58.33, -34.81 ], [ -58.33, -34.81 ], [ -58.33, -34.81 ], [ -58.32, -34.82 ], [ -58.32, -34.82 ], [ -58.32, -34.82 ], [ -58.32, -34.83 ], [ -58.31, -34.83 ], [ -58.31, -34.83 ], [ -58.31, -34.83 ], [ -58.31, -34.83 ], [ -58.3, -34.84 ], [ -58.3, -34.85 ], [ -58.3, -34.85 ], [ -58.29, -34.85 ], [ -58.31, -34.86 ], [ -58.32, -34.87 ], [ -58.31, -34.87 ], [ -58.31, -34.87 ], [ -58.31, -34.88 ], [ -58.31, -34.88 ], [ -58.31, -34.88 ], [ -58.31, -34.88 ], [ -58.3, -34.89 ], [ -58.3, -34.89 ], [ -58.3, -34.89 ], [ -58.3, -34.9 ], [ -58.29, -34.9 ], [ -58.28, -34.91 ], [ -58.28, -34.91 ], [ -58.28, -34.91 ], [ -58.28, -34.92 ], [ -58.28, -34.92 ], [ -58.28, -34.92 ], [ -58.28, -34.92 ], [ -58.28, -34.92 ], [ -58.28, -34.92 ], [ -58.29, -34.91 ], [ -58.32, -34.93 ], [ -58.3, -34.94 ], [ -58.3, -34.95 ], [ -58.29, -34.96 ], [ -58.29, -34.97 ], [ -58.29, -34.97 ], [ -58.3, -34.97 ], [ -58.3, -34.97 ], [ -58.3, -34.98 ], [ -58.3, -34.98 ], [ -58.3, -34.98 ], [ -58.29, -34.98 ], [ -58.29, -34.98 ], [ -58.29, -34.98 ], [ -58.29, -34.99 ], [ -58.29, -34.99 ], [ -58.28, -35.0 ], [ -58.28, -35.0 ], [ -58.28, -35.0 ], [ -58.28, -35.0 ], [ -58.28, -35.0 ], [ -58.28, -35.01 ], [ -58.28, -35.01 ], [ -58.28, -35.01 ], [ -58.27, -35.0 ], [ -58.27, -35.0 ], [ -58.27, -35.0 ], [ -58.27, -35.0 ], [ -58.26, -34.99 ], [ -58.25, -34.99 ], [ -58.25, -34.99 ], [ -58.25, -34.98 ], [ -58.21, -34.95 ], [ -58.24, -34.93 ], [ -58.24, -34.93 ], [ -58.25, -34.92 ], [ -58.24, -34.92 ], [ -58.23, -34.91 ], [ -58.22, -34.9 ], [ -58.22, -34.9 ], [ -58.21, -34.89 ], [ -58.21, -34.89 ], [ -58.2, -34.88 ], [ -58.19, -34.87 ], [ -58.18, -34.87 ], [ -58.18, -34.87 ], [ -58.18, -34.87 ], [ -58.18, -34.86 ], [ -58.18, -34.86 ], [ -58.19, -34.84 ], [ -58.19, -34.84 ], [ -58.19, -34.84 ], [ -58.19, -34.84 ], [ -58.19, -34.84 ], [ -58.19, -34.84 ], [ -58.19, -34.84 ], [ -58.19, -34.84 ], [ -58.19, -34.84 ], [ -58.19, -34.84 ], [ -58.19, -34.84 ], [ -58.19, -34.84 ], [ -58.19, -34.84 ], [ -58.19, -34.84 ], [ -58.19, -34.84 ], [ -58.19, -34.84 ], [ -58.19, -34.84 ], [ -58.19, -34.84 ], [ -58.19, -34.84 ], [ -58.19, -34.83 ], [ -58.19, -34.83 ], [ -58.19, -34.83 ], [ -58.19, -34.82 ], [ -58.19, -34.82 ], [ -58.2, -34.82 ], [ -58.2, -34.82 ], [ -58.2, -34.82 ], [ -58.2, -34.82 ], [ -58.2, -34.82 ], [ -58.2, -34.81 ], [ -58.2, -34.81 ], [ -58.2, -34.81 ], [ -58.2, -34.81 ], [ -58.2, -34.81 ], [ -58.21, -34.81 ], [ -58.21, -34.81 ], [ -58.21, -34.81 ], [ -58.21, -34.81 ], [ -58.21, -34.81 ], [ -58.21, -34.81 ], [ -58.21, -34.81 ], [ -58.21, -34.81 ], [ -58.21, -34.81 ], [ -58.21, -34.81 ], [ -58.22, -34.81 ], [ -58.22, -34.81 ], [ -58.22, -34.81 ], [ -58.22, -34.81 ], [ -58.22, -34.81 ], [ -58.22, -34.81 ], [ -58.22, -34.81 ], [ -58.22, -34.81 ], [ -58.23, -34.81 ], [ -58.23, -34.81 ], [ -58.23, -34.81 ], [ -58.23, -34.8 ], [ -58.23, -34.8 ], [ -58.23, -34.8 ], [ -58.24, -34.8 ], [ -58.24, -34.8 ], [ -58.24, -34.8 ], [ -58.24, -34.8 ], [ -58.24, -34.8 ], [ -58.24, -34.8 ], [ -58.24, -34.8 ], [ -58.24, -34.8 ], [ -58.24, -34.8 ], [ -58.24, -34.8 ], [ -58.24, -34.8 ], [ -58.24, -34.8 ], [ -58.24, -34.8 ], [ -58.24, -34.8 ], [ -58.25, -34.79 ], [ -58.25, -34.79 ], [ -58.25, -34.79 ], [ -58.25, -34.79 ], [ -58.25, -34.79 ], [ -58.25, -34.79 ], [ -58.25, -34.79 ], [ -58.25, -34.79 ], [ -58.25, -34.79 ], [ -58.25, -34.79 ], [ -58.26, -34.78 ], [ -58.26, -34.78 ], [ -58.26, -34.78 ], [ -58.26, -34.78 ], [ -58.26, -34.78 ], [ -58.26, -34.78 ], [ -58.26, -34.78 ], [ -58.26, -34.78 ], [ -58.26, -34.78 ], [ -58.27, -34.78 ], [ -58.27, -34.78 ], [ -58.27, -34.77 ], [ -58.27, -34.77 ], [ -58.27, -34.77 ], [ -58.27, -34.77 ], [ -58.27, -34.77 ], [ -58.27, -34.77 ], [ -58.27, -34.77 ], [ -58.28, -34.77 ], [ -58.28, -34.77 ], [ -58.28, -34.77 ], [ -58.28, -34.77 ], [ -58.29, -34.78 ], [ -58.29, -34.78 ], [ -58.3, -34.78 ], [ -58.3, -34.78 ], [ -58.3, -34.78 ], [ -58.3, -34.78 ], [ -58.3, -34.78 ], [ -58.3, -34.78 ], [ -58.3, -34.78 ], [ -58.3, -34.79 ], [ -58.3, -34.79 ], [ -58.3, -34.79 ], [ -58.3, -34.79 ], [ -58.3, -34.79 ], [ -58.3, -34.79 ], [ -58.3, -34.79 ], [ -58.3, -34.79 ], [ -58.3, -34.79 ], [ -58.3, -34.79 ], [ -58.3, -34.79 ], [ -58.3, -34.79 ], [ -58.3, -34.79 ], [ -58.3, -34.79 ], [ -58.3, -34.79 ], [ -58.3, -34.79 ], [ -58.3, -34.79 ], [ -58.3, -34.79 ], [ -58.3, -34.79 ], [ -58.3, -34.79 ], [ -58.3, -34.79 ], [ -58.3, -34.79 ], [ -58.3, -34.79 ], [ -58.3, -34.79 ], [ -58.3, -34.79 ], [ -58.3, -34.79 ], [ -58.3, -34.79 ], [ -58.3, -34.79 ], [ -58.3, -34.79 ], [ -58.3, -34.79 ], [ -58.3, -34.79 ], [ -58.3, -34.8 ], [ -58.3, -34.8 ], [ -58.3, -34.8 ], [ -58.3, -34.8 ], [ -58.3, -34.8 ], [ -58.3, -34.8 ], [ -58.3, -34.8 ], [ -58.3, -34.8 ], [ -58.3, -34.8 ], [ -58.3, -34.8 ], [ -58.3, -34.8 ], [ -58.3, -34.8 ], [ -58.3, -34.8 ], [ -58.3, -34.8 ], [ -58.3, -34.8 ], [ -58.3, -34.8 ], [ -58.3, -34.8 ], [ -58.3, -34.8 ], [ -58.3, -34.8 ], [ -58.3, -34.8 ], [ -58.3, -34.8 ], [ -58.3, -34.8 ], [ -58.3, -34.8 ] ] ] ] } },
{ "type": "Feature", "properties": { "id": null, "comuna": null, "perimetro_": null, "area_metro": null, "nam": "Ezeiza", "cca": "130", "cde": "06270", "fna": "Partido de Ezeiza", "gna": "Partido", "ara3": 237.39, "arl": 236.81 }, "geometry": { "type": "MultiPolygon", "coordinates": [ [ [ [ -58.51, -34.9 ], [ -58.51, -34.9 ], [ -58.51, -34.9 ], [ -58.51, -34.9 ], [ -58.51, -34.91 ], [ -58.51, -34.91 ], [ -58.51, -34.91 ], [ -58.51, -34.91 ], [ -58.51, -34.91 ], [ -58.51, -34.91 ], [ -58.5, -34.91 ], [ -58.5, -34.91 ], [ -58.5, -34.91 ], [ -58.5, -34.91 ], [ -58.5, -34.92 ], [ -58.5, -34.92 ], [ -58.5, -34.92 ], [ -58.5, -34.92 ], [ -58.5, -34.92 ], [ -58.5, -34.92 ], [ -58.5, -34.92 ], [ -58.49, -34.93 ], [ -58.49, -34.93 ], [ -58.49, -34.93 ], [ -58.49, -34.93 ], [ -58.49, -34.93 ], [ -58.5, -34.93 ], [ -58.5, -34.93 ], [ -58.5, -34.93 ], [ -58.5, -34.94 ], [ -58.51, -34.94 ], [ -58.51, -34.94 ], [ -58.51, -34.95 ], [ -58.52, -34.95 ], [ -58.52, -34.96 ], [ -58.53, -34.96 ], [ -58.53, -34.96 ], [ -58.53, -34.96 ], [ -58.54, -34.96 ], [ -58.54, -34.96 ], [ -58.54, -34.96 ], [ -58.54, -34.96 ], [ -58.54, -34.96 ], [ -58.54, -34.97 ], [ -58.54, -34.97 ], [ -58.54, -34.97 ], [ -58.54, -34.97 ], [ -58.54, -34.97 ], [ -58.54, -34.97 ], [ -58.55, -34.97 ], [ -58.55, -34.98 ], [ -58.55, -34.98 ], [ -58.55, -34.98 ], [ -58.55, -34.98 ], [ -58.55, -34.99 ], [ -58.55, -34.99 ], [ -58.56, -35.0 ], [ -58.56, -35.01 ], [ -58.56, -35.0 ], [ -58.58, -34.99 ], [ -58.59, -34.98 ], [ -58.62, -34.96 ], [ -58.62, -34.96 ], [ -58.62, -34.96 ], [ -58.61, -34.96 ], [ -58.61, -34.95 ], [ -58.61, -34.95 ], [ -58.6, -34.94 ], [ -58.61, -34.93 ], [ -58.61, -34.93 ], [ -58.61, -34.93 ], [ -58.61, -34.92 ], [ -58.61, -34.92 ], [ -58.61, -34.92 ], [ -58.61, -34.92 ], [ -58.61, -34.92 ], [ -58.61, -34.92 ], [ -58.61, -34.92 ], [ -58.61, -34.92 ], [ -58.61, -34.92 ], [ -58.61, -34.92 ], [ -58.61, -34.92 ], [ -58.61, -34.92 ], [ -58.61, -34.92 ], [ -58.61, -34.92 ], [ -58.61, -34.92 ], [ -58.61, -34.92 ], [ -58.61, -34.92 ], [ -58.61, -34.92 ], [ -58.61, -34.92 ], [ -58.61, -34.92 ], [ -58.61, -34.92 ], [ -58.61, -34.92 ], [ -58.61, -34.92 ], [ -58.61, -34.92 ], [ -58.61, -34.92 ], [ -58.61, -34.92 ], [ -58.61, -34.92 ], [ -58.61, -34.92 ], [ -58.61, -34.92 ], [ -58.61, -34.92 ], [ -58.62, -34.92 ], [ -58.62, -34.92 ], [ -58.62, -34.92 ], [ -58.62, -34.92 ], [ -58.62, -34.92 ], [ -58.62, -34.92 ], [ -58.62, -34.92 ], [ -58.62, -34.92 ], [ -58.62, -34.92 ], [ -58.62, -34.92 ], [ -58.62, -34.92 ], [ -58.62, -34.92 ], [ -58.62, -34.92 ], [ -58.62, -34.92 ], [ -58.62, -34.92 ], [ -58.62, -34.92 ], [ -58.62, -34.92 ], [ -58.62, -34.92 ], [ -58.62, -34.92 ], [ -58.62, -34.92 ], [ -58.62, -34.92 ], [ -58.62, -34.92 ], [ -58.62, -34.92 ], [ -58.62, -34.92 ], [ -58.62, -34.92 ], [ -58.62, -34.92 ], [ -58.62, -34.92 ], [ -58.62, -34.92 ], [ -58.62, -34.92 ], [ -58.62, -34.92 ], [ -58.62, -34.92 ], [ -58.62, -34.92 ], [ -58.62, -34.92 ], [ -58.62, -34.92 ], [ -58.62, -34.92 ], [ -58.62, -34.92 ], [ -58.62, -34.92 ], [ -58.62, -34.92 ], [ -58.62, -34.92 ], [ -58.62, -34.92 ], [ -58.62, -34.92 ], [ -58.62, -34.92 ], [ -58.62, -34.92 ], [ -58.62, -34.92 ], [ -58.62, -34.92 ], [ -58.62, -34.92 ], [ -58.62, -34.92 ], [ -58.62, -34.92 ], [ -58.62, -34.92 ], [ -58.62, -34.92 ], [ -58.62, -34.92 ], [ -58.63, -34.92 ], [ -58.63, -34.92 ], [ -58.63, -34.92 ], [ -58.63, -34.92 ], [ -58.63, -34.92 ], [ -58.63, -34.92 ], [ -58.63, -34.92 ], [ -58.63, -34.92 ], [ -58.63, -34.92 ], [ -58.63, -34.91 ], [ -58.64, -34.91 ], [ -58.64, -34.9 ], [ -58.64, -34.9 ], [ -58.64, -34.9 ], [ -58.65, -34.89 ], [ -58.65, -34.89 ], [ -58.65, -34.89 ], [ -58.65, -34.89 ], [ -58.65, -34.89 ], [ -58.65, -34.89 ], [ -58.65, -34.89 ], [ -58.65, -34.89 ], [ -58.65, -34.89 ], [ -58.65, -34.89 ], [ -58.65, -34.89 ], [ -58.65, -34.89 ], [ -58.65, -34.89 ], [ -58.65, -34.89 ], [ -58.65, -34.89 ], [ -58.65, -34.89 ], [ -58.65, -34.89 ], [ -58.65, -34.89 ], [ -58.65, -34.89 ], [ -58.65, -34.89 ], [ -58.65, -34.88 ], [ -58.65, -34.88 ], [ -58.65, -34.88 ], [ -58.65, -34.88 ], [ -58.65, -34.88 ], [ -58.65, -34.88 ], [ -58.65, -34.88 ], [ -58.65, -34.88 ], [ -58.65, -34.88 ], [ -58.65, -34.88 ], [ -58.65, -34.88 ], [ -58.65, -34.88 ], [ -58.65, -34.88 ], [ -58.64, -34.88 ], [ -58.64, -34.88 ], [ -58.64, -34.88 ], [ -58.64, -34.88 ], [ -58.64, -34.88 ], [ -58.64, -34.88 ], [ -58.64, -34.88 ], [ -58.64, -34.88 ], [ -58.64, -34.88 ], [ -58.64, -34.88 ], [ -58.64, -34.88 ], [ -58.64, -34.88 ], [ -58.64, -34.88 ], [ -58.64, -34.88 ], [ -58.64, -34.88 ], [ -58.64, -34.87 ], [ -58.64, -34.87 ], [ -58.64, -34.87 ], [ -58.64, -34.87 ], [ -58.64, -34.87 ], [ -58.64, -34.87 ], [ -58.64, -34.87 ], [ -58.64, -34.87 ], [ -58.64, -34.87 ], [ -58.64, -34.87 ], [ -58.64, -34.87 ], [ -58.64, -34.87 ], [ -58.64, -34.87 ], [ -58.64, -34.87 ], [ -58.64, -34.87 ], [ -58.64, -34.87 ], [ -58.64, -34.87 ], [ -58.64, -34.87 ], [ -58.64, -34.87 ], [ -58.64, -34.87 ], [ -58.64, -34.87 ], [ -58.64, -34.87 ], [ -58.64, -34.87 ], [ -58.64, -34.87 ], [ -58.64, -34.87 ], [ -58.64, -34.87 ], [ -58.64, -34.87 ], [ -58.64, -34.87 ], [ -58.64, -34.87 ], [ -58.64, -34.87 ], [ -58.64, -34.87 ], [ -58.64, -34.87 ], [ -58.64, -34.87 ], [ -58.64, -34.87 ], [ -58.64, -34.87 ], [ -58.64, -34.87 ], [ -58.64, -34.87 ], [ -58.64, -34.87 ], [ -58.64, -34.87 ], [ -58.64, -34.87 ], [ -58.64, -34.87 ], [ -58.64, -34.87 ], [ -58.64, -34.87 ], [ -58.64, -34.87 ], [ -58.64, -34.87 ], [ -58.64, -34.87 ], [ -58.64, -34.87 ], [ -58.64, -34.86 ], [ -58.64, -34.86 ], [ -58.64, -34.86 ], [ -58.64, -34.86 ], [ -58.64, -34.86 ], [ -58.64, -34.86 ], [ -58.64, -34.86 ], [ -58.64, -34.86 ], [ -58.64, -34.86 ], [ -58.64, -34.86 ], [ -58.64, -34.86 ], [ -58.64, -34.86 ], [ -58.64, -34.86 ], [ -58.64, -34.86 ], [ -58.64, -34.86 ], [ -58.64, -34.86 ], [ -58.64, -34.86 ], [ -58.64, -34.86 ], [ -58.64, -34.86 ], [ -58.64, -34.86 ], [ -58.64, -34.86 ], [ -58.64, -34.86 ], [ -58.64, -34.86 ], [ -58.64, -34.86 ], [ -58.64, -34.86 ], [ -58.64, -34.86 ], [ -58.64, -34.86 ], [ -58.64, -34.86 ], [ -58.64, -34.86 ], [ -58.64, -34.86 ], [ -58.64, -34.86 ], [ -58.64, -34.86 ], [ -58.64, -34.86 ], [ -58.64, -34.86 ], [ -58.64, -34.86 ], [ -58.64, -34.86 ], [ -58.64, -34.86 ], [ -58.64, -34.86 ], [ -58.64, -34.86 ], [ -58.64, -34.86 ], [ -58.64, -34.86 ], [ -58.64, -34.86 ], [ -58.64, -34.86 ], [ -58.64, -34.86 ], [ -58.64, -34.86 ], [ -58.64, -34.86 ], [ -58.64, -34.86 ], [ -58.64, -34.86 ], [ -58.64, -34.86 ], [ -58.64, -34.86 ], [ -58.64, -34.86 ], [ -58.64, -34.86 ], [ -58.64, -34.86 ], [ -58.64, -34.86 ], [ -58.64, -34.86 ], [ -58.64, -34.86 ], [ -58.64, -34.86 ], [ -58.64, -34.86 ], [ -58.64, -34.86 ], [ -58.64, -34.86 ], [ -58.64, -34.86 ], [ -58.64, -34.86 ], [ -58.63, -34.86 ], [ -58.63, -34.86 ], [ -58.63, -34.86 ], [ -58.63, -34.86 ], [ -58.63, -34.86 ], [ -58.63, -34.86 ], [ -58.63, -34.86 ], [ -58.63, -34.86 ], [ -58.63, -34.86 ], [ -58.63, -34.86 ], [ -58.63, -34.86 ], [ -58.63, -34.86 ], [ -58.63, -34.86 ], [ -58.63, -34.86 ], [ -58.63, -34.86 ], [ -58.63, -34.86 ], [ -58.63, -34.85 ], [ -58.63, -34.85 ], [ -58.63, -34.85 ], [ -58.63, -34.85 ], [ -58.63, -34.85 ], [ -58.63, -34.85 ], [ -58.63, -34.85 ], [ -58.63, -34.85 ], [ -58.63, -34.85 ], [ -58.63, -34.85 ], [ -58.63, -34.85 ], [ -58.63, -34.85 ], [ -58.63, -34.85 ], [ -58.63, -34.85 ], [ -58.63, -34.85 ], [ -58.63, -34.85 ], [ -58.63, -34.85 ], [ -58.63, -34.85 ], [ -58.63, -34.85 ], [ -58.63, -34.85 ], [ -58.63, -34.85 ], [ -58.63, -34.85 ], [ -58.63, -34.85 ], [ -58.63, -34.85 ], [ -58.63, -34.85 ], [ -58.63, -34.85 ], [ -58.63, -34.85 ], [ -58.63, -34.85 ], [ -58.63, -34.85 ], [ -58.63, -34.85 ], [ -58.63, -34.85 ], [ -58.63, -34.85 ], [ -58.63, -34.85 ], [ -58.63, -34.85 ], [ -58.63, -34.85 ], [ -58.63, -34.85 ], [ -58.63, -34.85 ], [ -58.63, -34.85 ], [ -58.63, -34.85 ], [ -58.63, -34.85 ], [ -58.63, -34.85 ], [ -58.63, -34.85 ], [ -58.63, -34.85 ], [ -58.63, -34.85 ], [ -58.63, -34.85 ], [ -58.63, -34.85 ], [ -58.63, -34.85 ], [ -58.63, -34.85 ], [ -58.63, -34.85 ], [ -58.63, -34.85 ], [ -58.63, -34.85 ], [ -58.63, -34.85 ], [ -58.63, -34.85 ], [ -58.63, -34.85 ], [ -58.63, -34.85 ], [ -58.63, -34.85 ], [ -58.63, -34.85 ], [ -58.63, -34.85 ], [ -58.63, -34.85 ], [ -58.63, -34.85 ], [ -58.63, -34.85 ], [ -58.63, -34.85 ], [ -58.63, -34.85 ], [ -58.63, -34.84 ], [ -58.63, -34.84 ], [ -58.63, -34.84 ], [ -58.63, -34.84 ], [ -58.63, -34.84 ], [ -58.62, -34.84 ], [ -58.62, -34.84 ], [ -58.62, -34.84 ], [ -58.62, -34.84 ], [ -58.62, -34.84 ], [ -58.62, -34.84 ], [ -58.62, -34.84 ], [ -58.62, -34.84 ], [ -58.62, -34.84 ], [ -58.62, -34.84 ], [ -58.62, -34.84 ], [ -58.62, -34.84 ], [ -58.62, -34.84 ], [ -58.62, -34.84 ], [ -58.62, -34.84 ], [ -58.62, -34.84 ], [ -58.62, -34.84 ], [ -58.62, -34.84 ], [ -58.62, -34.84 ], [ -58.62, -34.84 ], [ -58.62, -34.84 ], [ -58.62, -34.84 ], [ -58.62, -34.84 ], [ -58.62, -34.84 ], [ -58.62, -34.84 ], [ -58.62, -34.84 ], [ -58.62, -34.84 ], [ -58.62, -34.84 ], [ -58.62, -34.84 ], [ -58.62, -34.84 ], [ -58.62, -34.84 ], [ -58.62, -34.84 ], [ -58.62, -34.84 ], [ -58.62, -34.84 ], [ -58.62, -34.84 ], [ -58.62, -34.84 ], [ -58.62, -34.84 ], [ -58.62, -34.84 ], [ -58.62, -34.84 ], [ -58.62, -34.84 ], [ -58.62, -34.84 ], [ -58.62, -34.84 ], [ -58.62, -34.83 ], [ -58.62, -34.83 ], [ -58.62, -34.83 ], [ -58.62, -34.83 ], [ -58.62, -34.83 ], [ -58.62, -34.83 ], [ -58.62, -34.83 ], [ -58.62, -34.83 ], [ -58.62, -34.83 ], [ -58.62, -34.83 ], [ -58.62, -34.83 ], [ -58.62, -34.83 ], [ -58.62, -34.83 ], [ -58.62, -34.83 ], [ -58.62, -34.83 ], [ -58.62, -34.83 ], [ -58.62, -34.83 ], [ -58.62, -34.83 ], [ -58.62, -34.83 ], [ -58.62, -34.83 ], [ -58.62, -34.83 ], [ -58.62, -34.83 ], [ -58.62, -34.83 ], [ -58.62, -34.83 ], [ -58.62, -34.83 ], [ -58.62, -34.83 ], [ -58.62, -34.83 ], [ -58.62, -34.83 ], [ -58.62, -34.83 ], [ -58.62, -34.83 ], [ -58.62, -34.83 ], [ -58.62, -34.83 ], [ -58.62, -34.83 ], [ -58.62, -34.83 ], [ -58.62, -34.83 ], [ -58.62, -34.83 ], [ -58.62, -34.83 ], [ -58.62, -34.83 ], [ -58.62, -34.83 ], [ -58.62, -34.83 ], [ -58.62, -34.83 ], [ -58.62, -34.82 ], [ -58.62, -34.82 ], [ -58.62, -34.82 ], [ -58.62, -34.82 ], [ -58.62, -34.82 ], [ -58.62, -34.82 ], [ -58.62, -34.82 ], [ -58.62, -34.82 ], [ -58.62, -34.82 ], [ -58.62, -34.82 ], [ -58.62, -34.82 ], [ -58.62, -34.82 ], [ -58.62, -34.82 ], [ -58.62, -34.82 ], [ -58.62, -34.82 ], [ -58.62, -34.82 ], [ -58.62, -34.82 ], [ -58.62, -34.82 ], [ -58.62, -34.82 ], [ -58.62, -34.82 ], [ -58.62, -34.82 ], [ -58.62, -34.82 ], [ -58.62, -34.82 ], [ -58.62, -34.82 ], [ -58.62, -34.82 ], [ -58.62, -34.82 ], [ -58.61, -34.82 ], [ -58.61, -34.82 ], [ -58.61, -34.82 ], [ -58.61, -34.82 ], [ -58.61, -34.82 ], [ -58.61, -34.82 ], [ -58.61, -34.82 ], [ -58.61, -34.82 ], [ -58.61, -34.82 ], [ -58.61, -34.82 ], [ -58.61, -34.82 ], [ -58.61, -34.82 ], [ -58.61, -34.82 ], [ -58.61, -34.82 ], [ -58.61, -34.82 ], [ -58.61, -34.82 ], [ -58.61, -34.82 ], [ -58.61, -34.82 ], [ -58.61, -34.82 ], [ -58.61, -34.82 ], [ -58.61, -34.81 ], [ -58.61, -34.81 ], [ -58.61, -34.81 ], [ -58.61, -34.81 ], [ -58.61, -34.81 ], [ -58.61, -34.81 ], [ -58.61, -34.81 ], [ -58.61, -34.81 ], [ -58.61, -34.81 ], [ -58.61, -34.81 ], [ -58.61, -34.81 ], [ -58.61, -34.81 ], [ -58.61, -34.81 ], [ -58.61, -34.81 ], [ -58.61, -34.81 ], [ -58.61, -34.81 ], [ -58.61, -34.81 ], [ -58.61, -34.81 ], [ -58.61, -34.81 ], [ -58.61, -34.81 ], [ -58.61, -34.81 ], [ -58.61, -34.81 ], [ -58.61, -34.81 ], [ -58.61, -34.81 ], [ -58.61, -34.81 ], [ -58.61, -34.81 ], [ -58.61, -34.81 ], [ -58.61, -34.81 ], [ -58.61, -34.81 ], [ -58.61, -34.81 ], [ -58.61, -34.81 ], [ -58.61, -34.81 ], [ -58.61, -34.81 ], [ -58.61, -34.81 ], [ -58.61, -34.81 ], [ -58.6, -34.81 ], [ -58.6, -34.81 ], [ -58.6, -34.81 ], [ -58.6, -34.81 ], [ -58.6, -34.81 ], [ -58.6, -34.81 ], [ -58.6, -34.81 ], [ -58.6, -34.81 ], [ -58.6, -34.81 ], [ -58.6, -34.81 ], [ -58.6, -34.81 ], [ -58.6, -34.81 ], [ -58.6, -34.81 ], [ -58.6, -34.81 ], [ -58.6, -34.81 ], [ -58.6, -34.81 ], [ -58.6, -34.81 ], [ -58.6, -34.81 ], [ -58.6, -34.81 ], [ -58.6, -34.81 ], [ -58.6, -34.81 ], [ -58.6, -34.81 ], [ -58.6, -34.81 ], [ -58.6, -34.81 ], [ -58.6, -34.81 ], [ -58.6, -34.81 ], [ -58.6, -34.81 ], [ -58.6, -34.81 ], [ -58.6, -34.81 ], [ -58.6, -34.81 ], [ -58.6, -34.81 ], [ -58.6, -34.81 ], [ -58.6, -34.81 ], [ -58.6, -34.81 ], [ -58.6, -34.81 ], [ -58.6, -34.81 ], [ -58.6, -34.81 ], [ -58.6, -34.81 ], [ -58.6, -34.81 ], [ -58.6, -34.81 ], [ -58.6, -34.81 ], [ -58.6, -34.81 ], [ -58.6, -34.81 ], [ -58.6, -34.81 ], [ -58.6, -34.81 ], [ -58.6, -34.81 ], [ -58.6, -34.81 ], [ -58.6, -34.81 ], [ -58.6, -34.81 ], [ -58.6, -34.81 ], [ -58.6, -34.81 ], [ -58.6, -34.81 ], [ -58.6, -34.81 ], [ -58.6, -34.81 ], [ -58.6, -34.81 ], [ -58.6, -34.81 ], [ -58.6, -34.81 ], [ -58.6, -34.81 ], [ -58.6, -34.81 ], [ -58.6, -34.81 ], [ -58.6, -34.81 ], [ -58.6, -34.81 ], [ -58.6, -34.81 ], [ -58.6, -34.81 ], [ -58.6, -34.81 ], [ -58.6, -34.81 ], [ -58.6, -34.81 ], [ -58.6, -34.81 ], [ -58.6, -34.81 ], [ -58.6, -34.81 ], [ -58.6, -34.81 ], [ -58.6, -34.81 ], [ -58.6, -34.81 ], [ -58.6, -34.8 ], [ -58.6, -34.8 ], [ -58.6, -34.8 ], [ -58.6, -34.8 ], [ -58.6, -34.8 ], [ -58.6, -34.8 ], [ -58.6, -34.8 ], [ -58.6, -34.8 ], [ -58.6, -34.8 ], [ -58.6, -34.8 ], [ -58.6, -34.8 ], [ -58.6, -34.8 ], [ -58.6, -34.8 ], [ -58.6, -34.81 ], [ -58.6, -34.81 ], [ -58.6, -34.81 ], [ -58.6, -34.81 ], [ -58.6, -34.81 ], [ -58.6, -34.81 ], [ -58.6, -34.81 ], [ -58.6, -34.81 ], [ -58.59, -34.81 ], [ -58.59, -34.81 ], [ -58.59, -34.81 ], [ -58.59, -34.81 ], [ -58.59, -34.81 ], [ -58.59, -34.81 ], [ -58.59, -34.81 ], [ -58.59, -34.81 ], [ -58.59, -34.8 ], [ -58.59, -34.8 ], [ -58.59, -34.8 ], [ -58.59, -34.8 ], [ -58.59, -34.8 ], [ -58.59, -34.8 ], [ -58.59, -34.8 ], [ -58.59, -34.8 ], [ -58.6, -34.8 ], [ -58.6, -34.8 ], [ -58.6, -34.8 ], [ -58.6, -34.8 ], [ -58.6, -34.8 ], [ -58.6, -34.8 ], [ -58.6, -34.8 ], [ -58.6, -34.8 ], [ -58.6, -34.8 ], [ -58.6, -34.8 ], [ -58.6, -34.8 ], [ -58.6, -34.8 ], [ -58.6, -34.8 ], [ -58.6, -34.8 ], [ -58.59, -34.8 ], [ -58.59, -34.8 ], [ -58.59, -34.8 ], [ -58.59, -34.8 ], [ -58.59, -34.8 ], [ -58.59, -34.8 ], [ -58.59, -34.8 ], [ -58.59, -34.8 ], [ -58.59, -34.8 ], [ -58.59, -34.8 ], [ -58.59, -34.8 ], [ -58.59, -34.8 ], [ -58.59, -34.8 ], [ -58.59, -34.8 ], [ -58.59, -34.8 ], [ -58.59, -34.8 ], [ -58.59, -34.8 ], [ -58.59, -34.8 ], [ -58.59, -34.8 ], [ -58.59, -34.8 ], [ -58.59, -34.8 ], [ -58.59, -34.8 ], [ -58.59, -34.8 ], [ -58.59, -34.8 ], [ -58.59, -34.8 ], [ -58.59, -34.8 ], [ -58.59, -34.8 ], [ -58.59, -34.8 ], [ -58.59, -34.8 ], [ -58.59, -34.8 ], [ -58.59, -34.8 ], [ -58.59, -34.8 ], [ -58.59, -34.8 ], [ -58.59, -34.8 ], [ -58.59, -34.8 ], [ -58.59, -34.8 ], [ -58.59, -34.8 ], [ -58.59, -34.8 ], [ -58.59, -34.8 ], [ -58.59, -34.8 ], [ -58.59, -34.8 ], [ -58.59, -34.8 ], [ -58.59, -34.8 ], [ -58.59, -34.8 ], [ -58.59, -34.8 ], [ -58.59, -34.8 ], [ -58.59, -34.8 ], [ -58.59, -34.8 ], [ -58.59, -34.8 ], [ -58.59, -34.8 ], [ -58.59, -34.8 ], [ -58.59, -34.8 ], [ -58.59, -34.8 ], [ -58.59, -34.8 ], [ -58.59, -34.8 ], [ -58.59, -34.8 ], [ -58.59, -34.8 ], [ -58.59, -34.8 ], [ -58.59, -34.8 ], [ -58.59, -34.8 ], [ -58.59, -34.8 ], [ -58.59, -34.8 ], [ -58.59, -34.8 ], [ -58.59, -34.8 ], [ -58.59, -34.8 ], [ -58.59, -34.8 ], [ -58.59, -34.8 ], [ -58.59, -34.8 ], [ -58.59, -34.79 ], [ -58.59, -34.79 ], [ -58.59, -34.79 ], [ -58.59, -34.79 ], [ -58.59, -34.79 ], [ -58.59, -34.79 ], [ -58.59, -34.79 ], [ -58.59, -34.79 ], [ -58.59, -34.79 ], [ -58.59, -34.79 ], [ -58.59, -34.79 ], [ -58.59, -34.79 ], [ -58.59, -34.79 ], [ -58.59, -34.79 ], [ -58.59, -34.79 ], [ -58.59, -34.79 ], [ -58.59, -34.79 ], [ -58.59, -34.79 ], [ -58.59, -34.79 ], [ -58.59, -34.79 ], [ -58.59, -34.79 ], [ -58.59, -34.79 ], [ -58.59, -34.79 ], [ -58.59, -34.79 ], [ -58.59, -34.79 ], [ -58.59, -34.79 ], [ -58.59, -34.79 ], [ -58.59, -34.79 ], [ -58.59, -34.79 ], [ -58.59, -34.79 ], [ -58.59, -34.79 ], [ -58.59, -34.79 ], [ -58.59, -34.79 ], [ -58.59, -34.79 ], [ -58.59, -34.79 ], [ -58.59, -34.79 ], [ -58.59, -34.79 ], [ -58.59, -34.79 ], [ -58.59, -34.79 ], [ -58.59, -34.79 ], [ -58.59, -34.79 ], [ -58.59, -34.79 ], [ -58.59, -34.79 ], [ -58.59, -34.79 ], [ -58.59, -34.79 ], [ -58.59, -34.79 ], [ -58.59, -34.79 ], [ -58.59, -34.79 ], [ -58.59, -34.79 ], [ -58.59, -34.79 ], [ -58.59, -34.79 ], [ -58.59, -34.79 ], [ -58.59, -34.79 ], [ -58.59, -34.79 ], [ -58.59, -34.79 ], [ -58.59, -34.79 ], [ -58.59, -34.79 ], [ -58.59, -34.79 ], [ -58.59, -34.79 ], [ -58.59, -34.79 ], [ -58.59, -34.79 ], [ -58.59, -34.79 ], [ -58.59, -34.78 ], [ -58.59, -34.78 ], [ -58.59, -34.78 ], [ -58.59, -34.78 ], [ -58.59, -34.78 ], [ -58.59, -34.78 ], [ -58.59, -34.78 ], [ -58.59, -34.78 ], [ -58.59, -34.78 ], [ -58.59, -34.78 ], [ -58.59, -34.78 ], [ -58.59, -34.78 ], [ -58.59, -34.78 ], [ -58.58, -34.78 ], [ -58.58, -34.78 ], [ -58.58, -34.78 ], [ -58.58, -34.78 ], [ -58.58, -34.78 ], [ -58.58, -34.78 ], [ -58.58, -34.78 ], [ -58.58, -34.78 ], [ -58.58, -34.78 ], [ -58.58, -34.78 ], [ -58.58, -34.78 ], [ -58.58, -34.78 ], [ -58.58, -34.78 ], [ -58.58, -34.78 ], [ -58.58, -34.78 ], [ -58.58, -34.78 ], [ -58.58, -34.78 ], [ -58.59, -34.78 ], [ -58.59, -34.78 ], [ -58.59, -34.78 ], [ -58.59, -34.78 ], [ -58.59, -34.78 ], [ -58.59, -34.78 ], [ -58.59, -34.78 ], [ -58.59, -34.78 ], [ -58.59, -34.78 ], [ -58.59, -34.78 ], [ -58.59, -34.78 ], [ -58.59, -34.78 ], [ -58.59, -34.78 ], [ -58.59, -34.78 ], [ -58.59, -34.78 ], [ -58.59, -34.78 ], [ -58.59, -34.78 ], [ -58.59, -34.78 ], [ -58.59, -34.78 ], [ -58.59, -34.78 ], [ -58.59, -34.78 ], [ -58.58, -34.78 ], [ -58.58, -34.78 ], [ -58.58, -34.78 ], [ -58.58, -34.78 ], [ -58.58, -34.78 ], [ -58.58, -34.78 ], [ -58.58, -34.78 ], [ -58.58, -34.78 ], [ -58.58, -34.78 ], [ -58.58, -34.78 ], [ -58.58, -34.78 ], [ -58.58, -34.78 ], [ -58.58, -34.78 ], [ -58.58, -34.78 ], [ -58.58, -34.78 ], [ -58.58, -34.78 ], [ -58.58, -34.78 ], [ -58.58, -34.78 ], [ -58.58, -34.78 ], [ -58.58, -34.78 ], [ -58.58, -34.78 ], [ -58.58, -34.78 ], [ -58.58, -34.78 ], [ -58.58, -34.78 ], [ -58.58, -34.78 ], [ -58.58, -34.78 ], [ -58.58, -34.78 ], [ -58.58, -34.78 ], [ -58.58, -34.78 ], [ -58.58, -34.78 ], [ -58.58, -34.78 ], [ -58.58, -34.78 ], [ -58.58, -34.78 ], [ -58.58, -34.78 ], [ -58.58, -34.78 ], [ -58.58, -34.78 ], [ -58.58, -34.78 ], [ -58.58, -34.78 ], [ -58.58, -34.78 ], [ -58.58, -34.78 ], [ -58.58, -34.78 ], [ -58.58, -34.78 ], [ -58.58, -34.78 ], [ -58.58, -34.78 ], [ -58.58, -34.78 ], [ -58.58, -34.78 ], [ -58.58, -34.78 ], [ -58.58, -34.78 ], [ -58.58, -34.78 ], [ -58.58, -34.78 ], [ -58.58, -34.78 ], [ -58.58, -34.78 ], [ -58.58, -34.78 ], [ -58.58, -34.78 ], [ -58.58, -34.78 ], [ -58.58, -34.78 ], [ -58.57, -34.78 ], [ -58.57, -34.78 ], [ -58.57, -34.78 ], [ -58.57, -34.78 ], [ -58.57, -34.78 ], [ -58.57, -34.78 ], [ -58.57, -34.78 ], [ -58.57, -34.78 ], [ -58.57, -34.78 ], [ -58.57, -34.78 ], [ -58.57, -34.78 ], [ -58.57, -34.78 ], [ -58.57, -34.78 ], [ -58.57, -34.78 ], [ -58.57, -34.78 ], [ -58.57, -34.78 ], [ -58.57, -34.77 ], [ -58.57, -34.77 ], [ -58.57, -34.77 ], [ -58.57, -34.77 ], [ -58.57, -34.77 ], [ -58.57, -34.77 ], [ -58.57, -34.77 ], [ -58.57, -34.77 ], [ -58.57, -34.77 ], [ -58.57, -34.77 ], [ -58.57, -34.77 ], [ -58.57, -34.77 ], [ -58.57, -34.77 ], [ -58.57, -34.77 ], [ -58.57, -34.77 ], [ -58.57, -34.77 ], [ -58.57, -34.77 ], [ -58.57, -34.77 ], [ -58.57, -34.77 ], [ -58.57, -34.77 ], [ -58.57, -34.77 ], [ -58.57, -34.77 ], [ -58.57, -34.77 ], [ -58.57, -34.77 ], [ -58.57, -34.77 ], [ -58.58, -34.77 ], [ -58.58, -34.77 ], [ -58.58, -34.77 ], [ -58.58, -34.77 ], [ -58.58, -34.77 ], [ -58.58, -34.77 ], [ -58.57, -34.77 ], [ -58.57, -34.77 ], [ -58.57, -34.77 ], [ -58.57, -34.77 ], [ -58.57, -34.77 ], [ -58.57, -34.77 ], [ -58.57, -34.77 ], [ -58.57, -34.77 ], [ -58.57, -34.77 ], [ -58.57, -34.77 ], [ -58.57, -34.77 ], [ -58.57, -34.77 ], [ -58.57, -34.77 ], [ -58.57, -34.77 ], [ -58.57, -34.77 ], [ -58.57, -34.77 ], [ -58.57, -34.77 ], [ -58.57, -34.77 ], [ -58.57, -34.77 ], [ -58.57, -34.77 ], [ -58.57, -34.77 ], [ -58.57, -34.77 ], [ -58.57, -34.77 ], [ -58.57, -34.77 ], [ -58.57, -34.77 ], [ -58.57, -34.77 ], [ -58.57, -34.77 ], [ -58.57, -34.77 ], [ -58.57, -34.77 ], [ -58.57, -34.77 ], [ -58.57, -34.77 ], [ -58.57, -34.77 ], [ -58.57, -34.77 ], [ -58.57, -34.77 ], [ -58.57, -34.77 ], [ -58.57, -34.77 ], [ -58.57, -34.77 ], [ -58.57, -34.77 ], [ -58.57, -34.77 ], [ -58.57, -34.77 ], [ -58.57, -34.77 ], [ -58.57, -34.77 ], [ -58.57, -34.77 ], [ -58.57, -34.77 ], [ -58.57, -34.77 ], [ -58.57, -34.77 ], [ -58.57, -34.77 ], [ -58.57, -34.77 ], [ -58.57, -34.77 ], [ -58.57, -34.77 ], [ -58.57, -34.77 ], [ -58.57, -34.77 ], [ -58.57, -34.77 ], [ -58.57, -34.77 ], [ -58.57, -34.77 ], [ -58.57, -34.77 ], [ -58.57, -34.77 ], [ -58.57, -34.77 ], [ -58.57, -34.77 ], [ -58.57, -34.77 ], [ -58.57, -34.77 ], [ -58.57, -34.77 ], [ -58.57, -34.77 ], [ -58.57, -34.77 ], [ -58.57, -34.77 ], [ -58.57, -34.77 ], [ -58.57, -34.77 ], [ -58.57, -34.77 ], [ -58.57, -34.77 ], [ -58.57, -34.77 ], [ -58.57, -34.77 ], [ -58.57, -34.77 ], [ -58.57, -34.77 ], [ -58.57, -34.77 ], [ -58.57, -34.77 ], [ -58.57, -34.77 ], [ -58.57, -34.77 ], [ -58.57, -34.76 ], [ -58.57, -34.76 ], [ -58.57, -34.76 ], [ -58.57, -34.76 ], [ -58.57, -34.76 ], [ -58.57, -34.76 ], [ -58.57, -34.76 ], [ -58.57, -34.76 ], [ -58.57, -34.76 ], [ -58.57, -34.76 ], [ -58.57, -34.76 ], [ -58.57, -34.76 ], [ -58.57, -34.76 ], [ -58.57, -34.76 ], [ -58.57, -34.76 ], [ -58.57, -34.76 ], [ -58.57, -34.76 ], [ -58.57, -34.76 ], [ -58.57, -34.76 ], [ -58.57, -34.76 ], [ -58.57, -34.76 ], [ -58.57, -34.76 ], [ -58.57, -34.76 ], [ -58.57, -34.76 ], [ -58.57, -34.76 ], [ -58.57, -34.76 ], [ -58.57, -34.76 ], [ -58.57, -34.76 ], [ -58.57, -34.76 ], [ -58.57, -34.76 ], [ -58.57, -34.76 ], [ -58.57, -34.76 ], [ -58.57, -34.76 ], [ -58.57, -34.76 ], [ -58.57, -34.76 ], [ -58.57, -34.76 ], [ -58.57, -34.76 ], [ -58.57, -34.76 ], [ -58.57, -34.76 ], [ -58.57, -34.76 ], [ -58.57, -34.76 ], [ -58.57, -34.76 ], [ -58.57, -34.76 ], [ -58.57, -34.76 ], [ -58.57, -34.76 ], [ -58.57, -34.76 ], [ -58.57, -34.76 ], [ -58.57, -34.76 ], [ -58.57, -34.76 ], [ -58.57, -34.76 ], [ -58.57, -34.76 ], [ -58.57, -34.76 ], [ -58.57, -34.76 ], [ -58.57, -34.76 ], [ -58.57, -34.76 ], [ -58.57, -34.76 ], [ -58.57, -34.76 ], [ -58.56, -34.76 ], [ -58.56, -34.76 ], [ -58.56, -34.76 ], [ -58.56, -34.76 ], [ -58.56, -34.76 ], [ -58.56, -34.76 ], [ -58.56, -34.76 ], [ -58.56, -34.76 ], [ -58.56, -34.76 ], [ -58.56, -34.76 ], [ -58.56, -34.76 ], [ -58.56, -34.76 ], [ -58.56, -34.76 ], [ -58.56, -34.76 ], [ -58.56, -34.76 ], [ -58.56, -34.76 ], [ -58.56, -34.76 ], [ -58.56, -34.76 ], [ -58.56, -34.76 ], [ -58.56, -34.76 ], [ -58.56, -34.76 ], [ -58.56, -34.76 ], [ -58.56, -34.76 ], [ -58.56, -34.76 ], [ -58.56, -34.76 ], [ -58.56, -34.76 ], [ -58.56, -34.76 ], [ -58.56, -34.76 ], [ -58.56, -34.76 ], [ -58.56, -34.76 ], [ -58.56, -34.76 ], [ -58.56, -34.76 ], [ -58.56, -34.76 ], [ -58.56, -34.76 ], [ -58.56, -34.76 ], [ -58.56, -34.76 ], [ -58.56, -34.76 ], [ -58.56, -34.76 ], [ -58.56, -34.76 ], [ -58.56, -34.76 ], [ -58.56, -34.76 ], [ -58.56, -34.76 ], [ -58.56, -34.76 ], [ -58.56, -34.76 ], [ -58.56, -34.76 ], [ -58.56, -34.76 ], [ -58.56, -34.76 ], [ -58.56, -34.76 ], [ -58.56, -34.76 ], [ -58.56, -34.76 ], [ -58.56, -34.76 ], [ -58.56, -34.76 ], [ -58.56, -34.76 ], [ -58.56, -34.76 ], [ -58.56, -34.76 ], [ -58.56, -34.76 ], [ -58.56, -34.76 ], [ -58.56, -34.76 ], [ -58.56, -34.76 ], [ -58.56, -34.76 ], [ -58.56, -34.76 ], [ -58.55, -34.76 ], [ -58.55, -34.75 ], [ -58.55, -34.75 ], [ -58.55, -34.75 ], [ -58.55, -34.75 ], [ -58.55, -34.75 ], [ -58.55, -34.75 ], [ -58.55, -34.75 ], [ -58.55, -34.75 ], [ -58.55, -34.75 ], [ -58.55, -34.75 ], [ -58.55, -34.75 ], [ -58.55, -34.75 ], [ -58.55, -34.75 ], [ -58.55, -34.75 ], [ -58.55, -34.75 ], [ -58.55, -34.75 ], [ -58.55, -34.75 ], [ -58.55, -34.75 ], [ -58.55, -34.75 ], [ -58.55, -34.75 ], [ -58.55, -34.75 ], [ -58.55, -34.75 ], [ -58.55, -34.75 ], [ -58.55, -34.75 ], [ -58.55, -34.75 ], [ -58.55, -34.75 ], [ -58.55, -34.75 ], [ -58.55, -34.75 ], [ -58.55, -34.75 ], [ -58.55, -34.75 ], [ -58.55, -34.75 ], [ -58.55, -34.75 ], [ -58.55, -34.75 ], [ -58.55, -34.75 ], [ -58.55, -34.75 ], [ -58.55, -34.75 ], [ -58.55, -34.75 ], [ -58.55, -34.75 ], [ -58.55, -34.75 ], [ -58.55, -34.75 ], [ -58.55, -34.75 ], [ -58.55, -34.75 ], [ -58.55, -34.75 ], [ -58.55, -34.75 ], [ -58.55, -34.75 ], [ -58.55, -34.75 ], [ -58.55, -34.75 ], [ -58.55, -34.75 ], [ -58.55, -34.75 ], [ -58.55, -34.75 ], [ -58.55, -34.75 ], [ -58.55, -34.75 ], [ -58.55, -34.75 ], [ -58.55, -34.75 ], [ -58.55, -34.75 ], [ -58.55, -34.75 ], [ -58.55, -34.75 ], [ -58.55, -34.75 ], [ -58.55, -34.75 ], [ -58.55, -34.75 ], [ -58.55, -34.75 ], [ -58.55, -34.75 ], [ -58.55, -34.75 ], [ -58.55, -34.75 ], [ -58.55, -34.75 ], [ -58.55, -34.75 ], [ -58.55, -34.75 ], [ -58.55, -34.75 ], [ -58.55, -34.75 ], [ -58.55, -34.75 ], [ -58.55, -34.75 ], [ -58.55, -34.75 ], [ -58.55, -34.75 ], [ -58.55, -34.75 ], [ -58.55, -34.75 ], [ -58.55, -34.75 ], [ -58.55, -34.75 ], [ -58.55, -34.75 ], [ -58.55, -34.75 ], [ -58.55, -34.75 ], [ -58.55, -34.75 ], [ -58.55, -34.75 ], [ -58.55, -34.75 ], [ -58.55, -34.76 ], [ -58.55, -34.76 ], [ -58.55, -34.76 ], [ -58.55, -34.76 ], [ -58.55, -34.76 ], [ -58.55, -34.76 ], [ -58.55, -34.76 ], [ -58.55, -34.76 ], [ -58.55, -34.76 ], [ -58.55, -34.76 ], [ -58.55, -34.76 ], [ -58.55, -34.76 ], [ -58.55, -34.76 ], [ -58.55, -34.76 ], [ -58.55, -34.76 ], [ -58.55, -34.76 ], [ -58.55, -34.76 ], [ -58.55, -34.76 ], [ -58.55, -34.76 ], [ -58.55, -34.76 ], [ -58.55, -34.76 ], [ -58.55, -34.76 ], [ -58.55, -34.76 ], [ -58.55, -34.76 ], [ -58.55, -34.76 ], [ -58.55, -34.76 ], [ -58.55, -34.76 ], [ -58.55, -34.76 ], [ -58.55, -34.76 ], [ -58.55, -34.76 ], [ -58.55, -34.76 ], [ -58.55, -34.76 ], [ -58.55, -34.76 ], [ -58.55, -34.76 ], [ -58.55, -34.76 ], [ -58.54, -34.76 ], [ -58.54, -34.76 ], [ -58.54, -34.76 ], [ -58.54, -34.76 ], [ -58.54, -34.76 ], [ -58.54, -34.76 ], [ -58.54, -34.76 ], [ -58.54, -34.76 ], [ -58.54, -34.76 ], [ -58.54, -34.76 ], [ -58.54, -34.76 ], [ -58.54, -34.76 ], [ -58.54, -34.76 ], [ -58.54, -34.76 ], [ -58.54, -34.76 ], [ -58.54, -34.76 ], [ -58.54, -34.76 ], [ -58.54, -34.76 ], [ -58.54, -34.76 ], [ -58.54, -34.76 ], [ -58.54, -34.76 ], [ -58.54, -34.76 ], [ -58.54, -34.76 ], [ -58.54, -34.76 ], [ -58.54, -34.76 ], [ -58.54, -34.76 ], [ -58.54, -34.76 ], [ -58.54, -34.76 ], [ -58.54, -34.76 ], [ -58.54, -34.76 ], [ -58.54, -34.76 ], [ -58.54, -34.75 ], [ -58.54, -34.75 ], [ -58.54, -34.75 ], [ -58.54, -34.75 ], [ -58.54, -34.75 ], [ -58.54, -34.75 ], [ -58.54, -34.75 ], [ -58.54, -34.75 ], [ -58.54, -34.75 ], [ -58.54, -34.75 ], [ -58.54, -34.75 ], [ -58.54, -34.75 ], [ -58.54, -34.75 ], [ -58.54, -34.75 ], [ -58.54, -34.75 ], [ -58.54, -34.75 ], [ -58.54, -34.75 ], [ -58.54, -34.75 ], [ -58.54, -34.75 ], [ -58.54, -34.75 ], [ -58.54, -34.75 ], [ -58.54, -34.75 ], [ -58.54, -34.75 ], [ -58.54, -34.75 ], [ -58.54, -34.75 ], [ -58.54, -34.75 ], [ -58.54, -34.75 ], [ -58.54, -34.75 ], [ -58.54, -34.75 ], [ -58.54, -34.75 ], [ -58.54, -34.75 ], [ -58.54, -34.75 ], [ -58.54, -34.75 ], [ -58.54, -34.75 ], [ -58.54, -34.75 ], [ -58.54, -34.75 ], [ -58.54, -34.75 ], [ -58.54, -34.75 ], [ -58.54, -34.75 ], [ -58.54, -34.75 ], [ -58.54, -34.75 ], [ -58.54, -34.75 ], [ -58.54, -34.75 ], [ -58.54, -34.75 ], [ -58.54, -34.75 ], [ -58.54, -34.75 ], [ -58.54, -34.75 ], [ -58.54, -34.75 ], [ -58.54, -34.75 ], [ -58.54, -34.75 ], [ -58.54, -34.75 ], [ -58.54, -34.75 ], [ -58.54, -34.75 ], [ -58.54, -34.75 ], [ -58.54, -34.75 ], [ -58.54, -34.75 ], [ -58.54, -34.75 ], [ -58.54, -34.75 ], [ -58.54, -34.75 ], [ -58.54, -34.75 ], [ -58.54, -34.75 ], [ -58.54, -34.75 ], [ -58.54, -34.75 ], [ -58.54, -34.75 ], [ -58.53, -34.75 ], [ -58.53, -34.75 ], [ -58.53, -34.75 ], [ -58.53, -34.75 ], [ -58.53, -34.75 ], [ -58.53, -34.75 ], [ -58.53, -34.75 ], [ -58.53, -34.75 ], [ -58.53, -34.75 ], [ -58.53, -34.75 ], [ -58.53, -34.75 ], [ -58.53, -34.75 ], [ -58.53, -34.75 ], [ -58.53, -34.75 ], [ -58.53, -34.75 ], [ -58.53, -34.75 ], [ -58.53, -34.75 ], [ -58.53, -34.75 ], [ -58.53, -34.75 ], [ -58.53, -34.75 ], [ -58.53, -34.74 ], [ -58.53, -34.74 ], [ -58.53, -34.74 ], [ -58.53, -34.74 ], [ -58.53, -34.74 ], [ -58.53, -34.74 ], [ -58.53, -34.74 ], [ -58.53, -34.74 ], [ -58.53, -34.74 ], [ -58.53, -34.74 ], [ -58.53, -34.74 ], [ -58.53, -34.74 ], [ -58.53, -34.74 ], [ -58.53, -34.74 ], [ -58.53, -34.74 ], [ -58.53, -34.74 ], [ -58.53, -34.74 ], [ -58.53, -34.74 ], [ -58.53, -34.74 ], [ -58.53, -34.74 ], [ -58.53, -34.74 ], [ -58.53, -34.74 ], [ -58.53, -34.74 ], [ -58.53, -34.74 ], [ -58.53, -34.74 ], [ -58.53, -34.74 ], [ -58.53, -34.74 ], [ -58.53, -34.74 ], [ -58.53, -34.74 ], [ -58.53, -34.74 ], [ -58.53, -34.74 ], [ -58.53, -34.74 ], [ -58.53, -34.74 ], [ -58.52, -34.74 ], [ -58.52, -34.74 ], [ -58.52, -34.74 ], [ -58.52, -34.74 ], [ -58.52, -34.74 ], [ -58.52, -34.74 ], [ -58.52, -34.74 ], [ -58.52, -34.74 ], [ -58.52, -34.74 ], [ -58.52, -34.74 ], [ -58.52, -34.74 ], [ -58.52, -34.74 ], [ -58.52, -34.74 ], [ -58.52, -34.74 ], [ -58.52, -34.74 ], [ -58.52, -34.74 ], [ -58.52, -34.74 ], [ -58.52, -34.74 ], [ -58.52, -34.74 ], [ -58.52, -34.74 ], [ -58.52, -34.74 ], [ -58.52, -34.74 ], [ -58.52, -34.74 ], [ -58.52, -34.74 ], [ -58.52, -34.74 ], [ -58.52, -34.74 ], [ -58.52, -34.75 ], [ -58.52, -34.75 ], [ -58.52, -34.75 ], [ -58.52, -34.75 ], [ -58.52, -34.75 ], [ -58.52, -34.75 ], [ -58.52, -34.75 ], [ -58.52, -34.75 ], [ -58.52, -34.75 ], [ -58.52, -34.75 ], [ -58.52, -34.75 ], [ -58.52, -34.75 ], [ -58.52, -34.75 ], [ -58.52, -34.75 ], [ -58.52, -34.75 ], [ -58.52, -34.75 ], [ -58.52, -34.75 ], [ -58.52, -34.75 ], [ -58.52, -34.76 ], [ -58.52, -34.76 ], [ -58.52, -34.76 ], [ -58.52, -34.76 ], [ -58.52, -34.76 ], [ -58.52, -34.76 ], [ -58.52, -34.76 ], [ -58.52, -34.76 ], [ -58.52, -34.76 ], [ -58.52, -34.76 ], [ -58.52, -34.76 ], [ -58.52, -34.76 ], [ -58.52, -34.76 ], [ -58.52, -34.76 ], [ -58.52, -34.77 ], [ -58.52, -34.77 ], [ -58.52, -34.77 ], [ -58.52, -34.77 ], [ -58.52, -34.77 ], [ -58.52, -34.78 ], [ -58.52, -34.78 ], [ -58.52, -34.78 ], [ -58.52, -34.78 ], [ -58.52, -34.78 ], [ -58.52, -34.78 ], [ -58.52, -34.78 ], [ -58.52, -34.78 ], [ -58.52, -34.78 ], [ -58.52, -34.78 ], [ -58.52, -34.78 ], [ -58.52, -34.78 ], [ -58.52, -34.79 ], [ -58.52, -34.79 ], [ -58.52, -34.79 ], [ -58.52, -34.79 ], [ -58.52, -34.79 ], [ -58.52, -34.79 ], [ -58.52, -34.79 ], [ -58.52, -34.79 ], [ -58.52, -34.79 ], [ -58.52, -34.79 ], [ -58.52, -34.79 ], [ -58.52, -34.79 ], [ -58.52, -34.79 ], [ -58.51, -34.8 ], [ -58.51, -34.8 ], [ -58.51, -34.81 ], [ -58.51, -34.81 ], [ -58.51, -34.81 ], [ -58.51, -34.81 ], [ -58.51, -34.82 ], [ -58.51, -34.82 ], [ -58.51, -34.82 ], [ -58.51, -34.83 ], [ -58.51, -34.83 ], [ -58.51, -34.83 ], [ -58.51, -34.84 ], [ -58.51, -34.84 ], [ -58.51, -34.84 ], [ -58.51, -34.84 ], [ -58.51, -34.84 ], [ -58.51, -34.84 ], [ -58.51, -34.85 ], [ -58.51, -34.85 ], [ -58.5, -34.85 ], [ -58.5, -34.85 ], [ -58.5, -34.85 ], [ -58.5, -34.85 ], [ -58.5, -34.85 ], [ -58.5, -34.86 ], [ -58.5, -34.86 ], [ -58.5, -34.86 ], [ -58.5, -34.87 ], [ -58.5, -34.87 ], [ -58.5, -34.88 ], [ -58.5, -34.88 ], [ -58.5, -34.88 ], [ -58.5, -34.88 ], [ -58.51, -34.89 ], [ -58.51, -34.89 ], [ -58.51, -34.89 ], [ -58.51, -34.9 ], [ -58.51, -34.9 ] ] ] ] } },
{ "type": "Feature", "properties": { "id": null, "comuna": null, "perimetro_": null, "area_metro": null, "nam": "Berazategui", "cca": "120", "cde": "06091", "fna": "Partido de Berazategui", "gna": "Partido", "ara3": 220.42, "arl": 221.01 }, "geometry": { "type": "MultiPolygon", "coordinates": [ [ [ [ -58.2, -34.74 ], [ -58.21, -34.74 ], [ -58.22, -34.75 ], [ -58.23, -34.75 ], [ -58.23, -34.75 ], [ -58.23, -34.75 ], [ -58.24, -34.76 ], [ -58.24, -34.76 ], [ -58.25, -34.76 ], [ -58.25, -34.76 ], [ -58.25, -34.77 ], [ -58.26, -34.77 ], [ -58.26, -34.77 ], [ -58.27, -34.77 ], [ -58.26, -34.78 ], [ -58.26, -34.79 ], [ -58.25, -34.79 ], [ -58.25, -34.79 ], [ -58.25, -34.79 ], [ -58.25, -34.79 ], [ -58.25, -34.79 ], [ -58.25, -34.79 ], [ -58.25, -34.79 ], [ -58.24, -34.8 ], [ -58.24, -34.8 ], [ -58.24, -34.8 ], [ -58.24, -34.8 ], [ -58.23, -34.8 ], [ -58.23, -34.8 ], [ -58.23, -34.81 ], [ -58.23, -34.81 ], [ -58.21, -34.81 ], [ -58.21, -34.81 ], [ -58.2, -34.81 ], [ -58.2, -34.81 ], [ -58.2, -34.81 ], [ -58.2, -34.82 ], [ -58.2, -34.82 ], [ -58.19, -34.82 ], [ -58.19, -34.84 ], [ -58.18, -34.85 ], [ -58.18, -34.86 ], [ -58.18, -34.87 ], [ -58.2, -34.88 ], [ -58.21, -34.89 ], [ -58.23, -34.91 ], [ -58.24, -34.92 ], [ -58.25, -34.92 ], [ -58.24, -34.93 ], [ -58.21, -34.95 ], [ -58.2, -34.95 ], [ -58.21, -34.94 ], [ -58.2, -34.93 ], [ -58.2, -34.93 ], [ -58.19, -34.92 ], [ -58.18, -34.92 ], [ -58.18, -34.91 ], [ -58.17, -34.91 ], [ -58.16, -34.9 ], [ -58.16, -34.9 ], [ -58.15, -34.89 ], [ -58.15, -34.89 ], [ -58.14, -34.88 ], [ -58.12, -34.86 ], [ -58.11, -34.86 ], [ -58.11, -34.86 ], [ -58.11, -34.86 ], [ -58.11, -34.85 ], [ -58.11, -34.85 ], [ -58.11, -34.85 ], [ -58.11, -34.85 ], [ -58.11, -34.85 ], [ -58.11, -34.85 ], [ -58.1, -34.85 ], [ -58.1, -34.85 ], [ -58.1, -34.85 ], [ -58.1, -34.85 ], [ -58.09, -34.84 ], [ -58.09, -34.84 ], [ -58.09, -34.84 ], [ -58.09, -34.84 ], [ -58.09, -34.84 ], [ -58.09, -34.84 ], [ -58.09, -34.84 ], [ -58.09, -34.84 ], [ -58.09, -34.84 ], [ -58.08, -34.84 ], [ -58.08, -34.84 ], [ -58.08, -34.84 ], [ -58.08, -34.83 ], [ -58.08, -34.83 ], [ -58.08, -34.83 ], [ -58.07, -34.83 ], [ -58.03, -34.79 ], [ -58.02, -34.78 ], [ -58.02, -34.78 ], [ -58.02, -34.78 ], [ -58.03, -34.78 ], [ -58.05, -34.78 ], [ -58.06, -34.78 ], [ -58.06, -34.77 ], [ -58.07, -34.77 ], [ -58.08, -34.77 ], [ -58.08, -34.77 ], [ -58.08, -34.77 ], [ -58.09, -34.76 ], [ -58.09, -34.76 ], [ -58.1, -34.76 ], [ -58.1, -34.76 ], [ -58.1, -34.76 ], [ -58.1, -34.76 ], [ -58.1, -34.76 ], [ -58.1, -34.76 ], [ -58.1, -34.75 ], [ -58.11, -34.75 ], [ -58.11, -34.75 ], [ -58.11, -34.75 ], [ -58.11, -34.75 ], [ -58.11, -34.75 ], [ -58.11, -34.75 ], [ -58.12, -34.75 ], [ -58.12, -34.75 ], [ -58.12, -34.75 ], [ -58.12, -34.75 ], [ -58.12, -34.75 ], [ -58.12, -34.75 ], [ -58.12, -34.75 ], [ -58.12, -34.75 ], [ -58.12, -34.75 ], [ -58.12, -34.75 ], [ -58.13, -34.75 ], [ -58.13, -34.75 ], [ -58.13, -34.75 ], [ -58.13, -34.75 ], [ -58.13, -34.75 ], [ -58.13, -34.75 ], [ -58.13, -34.75 ], [ -58.13, -34.75 ], [ -58.13, -34.75 ], [ -58.13, -34.75 ], [ -58.13, -34.75 ], [ -58.13, -34.75 ], [ -58.13, -34.75 ], [ -58.13, -34.75 ], [ -58.13, -34.75 ], [ -58.13, -34.75 ], [ -58.13, -34.75 ], [ -58.13, -34.75 ], [ -58.13, -34.75 ], [ -58.13, -34.75 ], [ -58.13, -34.75 ], [ -58.13, -34.75 ], [ -58.13, -34.75 ], [ -58.13, -34.75 ], [ -58.13, -34.75 ], [ -58.13, -34.75 ], [ -58.13, -34.75 ], [ -58.13, -34.75 ], [ -58.14, -34.75 ], [ -58.14, -34.75 ], [ -58.14, -34.75 ], [ -58.14, -34.75 ], [ -58.14, -34.75 ], [ -58.14, -34.75 ], [ -58.14, -34.75 ], [ -58.15, -34.75 ], [ -58.15, -34.75 ], [ -58.16, -34.75 ], [ -58.16, -34.75 ], [ -58.16, -34.75 ], [ -58.16, -34.75 ], [ -58.16, -34.75 ], [ -58.16, -34.75 ], [ -58.17, -34.75 ], [ -58.17, -34.75 ], [ -58.17, -34.75 ], [ -58.17, -34.75 ], [ -58.17, -34.75 ], [ -58.17, -34.75 ], [ -58.17, -34.75 ], [ -58.18, -34.74 ], [ -58.18, -34.74 ], [ -58.18, -34.74 ], [ -58.18, -34.74 ], [ -58.18, -34.74 ], [ -58.18, -34.74 ], [ -58.19, -34.74 ], [ -58.19, -34.74 ], [ -58.19, -34.74 ], [ -58.19, -34.74 ], [ -58.19, -34.74 ], [ -58.19, -34.74 ], [ -58.19, -34.74 ], [ -58.19, -34.74 ], [ -58.19, -34.74 ], [ -58.19, -34.74 ], [ -58.19, -34.74 ], [ -58.19, -34.74 ], [ -58.19, -34.74 ], [ -58.19, -34.74 ], [ -58.19, -34.74 ], [ -58.19, -34.74 ], [ -58.19, -34.74 ], [ -58.19, -34.74 ], [ -58.19, -34.74 ], [ -58.19, -34.74 ], [ -58.19, -34.74 ], [ -58.19, -34.74 ], [ -58.19, -34.74 ], [ -58.19, -34.74 ], [ -58.19, -34.74 ], [ -58.19, -34.74 ], [ -58.2, -34.74 ] ] ] ] } },
{ "type": "Feature", "properties": { "id": null, "comuna": null, "perimetro_": null, "area_metro": null, "nam": "Presidente Perón", "cca": "129", "cde": "06648", "fna": "Partido de Presidente Perón", "gna": "Partido", "ara3": 122.08, "arl": 120.73 }, "geometry": { "type": "MultiPolygon", "coordinates": [ [ [ [ -58.41, -34.87 ], [ -58.42, -34.89 ], [ -58.44, -34.89 ], [ -58.44, -34.89 ], [ -58.45, -34.9 ], [ -58.45, -34.9 ], [ -58.46, -34.91 ], [ -58.46, -34.91 ], [ -58.49, -34.93 ], [ -58.49, -34.93 ], [ -58.49, -34.93 ], [ -58.47, -34.95 ], [ -58.46, -34.95 ], [ -58.46, -34.95 ], [ -58.46, -34.96 ], [ -58.47, -34.97 ], [ -58.47, -34.97 ], [ -58.47, -35.0 ], [ -58.47, -35.0 ], [ -58.47, -35.01 ], [ -58.47, -35.01 ], [ -58.47, -35.01 ], [ -58.46, -35.01 ], [ -58.46, -35.0 ], [ -58.46, -35.0 ], [ -58.46, -35.0 ], [ -58.46, -35.0 ], [ -58.46, -35.0 ], [ -58.45, -34.99 ], [ -58.45, -34.99 ], [ -58.45, -34.99 ], [ -58.45, -34.99 ], [ -58.45, -34.99 ], [ -58.44, -34.99 ], [ -58.44, -34.99 ], [ -58.44, -34.99 ], [ -58.44, -34.98 ], [ -58.43, -34.98 ], [ -58.43, -34.98 ], [ -58.42, -34.98 ], [ -58.41, -34.97 ], [ -58.41, -34.97 ], [ -58.41, -34.98 ], [ -58.41, -34.98 ], [ -58.4, -34.98 ], [ -58.4, -34.97 ], [ -58.4, -34.97 ], [ -58.4, -34.97 ], [ -58.4, -34.97 ], [ -58.39, -34.97 ], [ -58.39, -34.96 ], [ -58.38, -34.95 ], [ -58.38, -34.95 ], [ -58.38, -34.95 ], [ -58.38, -34.96 ], [ -58.38, -34.96 ], [ -58.38, -34.95 ], [ -58.36, -34.95 ], [ -58.36, -34.95 ], [ -58.36, -34.95 ], [ -58.36, -34.94 ], [ -58.36, -34.94 ], [ -58.35, -34.94 ], [ -58.35, -34.94 ], [ -58.35, -34.94 ], [ -58.35, -34.94 ], [ -58.35, -34.94 ], [ -58.35, -34.94 ], [ -58.35, -34.94 ], [ -58.34, -34.94 ], [ -58.34, -34.94 ], [ -58.34, -34.93 ], [ -58.32, -34.93 ], [ -58.32, -34.93 ], [ -58.29, -34.92 ], [ -58.28, -34.92 ], [ -58.28, -34.92 ], [ -58.28, -34.92 ], [ -58.27, -34.92 ], [ -58.28, -34.91 ], [ -58.3, -34.9 ], [ -58.31, -34.87 ], [ -58.34, -34.89 ], [ -58.35, -34.89 ], [ -58.36, -34.89 ], [ -58.39, -34.91 ], [ -58.4, -34.91 ], [ -58.42, -34.88 ], [ -58.41, -34.88 ], [ -58.41, -34.87 ] ] ] ] } }
]
}
