{
"type": "FeatureCollection",
"name": "concesion_edn",
"crs": { "type": "name", "properties": { "name": "urn:ogc:def:crs:OGC:1.3:CRS84" } },
"features": [
{ "type": "Feature", "properties": { "id": 1.0, "comuna": 15.0, "perimetro_": 6556.17, "area_metro": 2122169.34, "nam": "Agronomia", "cca": null, "cde": null, "fna": null, "gna": null, "ara3": null, "arl": null }, "geometry": { "type": "Polygon", "coordinates": [ [ [ -58.475888981732986, -34.59172346127297 ], [ -58.475977396164915, -34.591947076404097 ], [ -58.476035630241803, -34.592094353950401 ], [ -58.476126446152094, -34.592356654204373 ], [ -58.476205540862303, -34.592585093643422 ], [ -58.476686249423018, -34.593927229846422 ], [ -58.476708704277414, -34.593989922277188 ], [ -58.476711262623844, -34.593996998169366 ], [ -58.476903000242935, -34.594527228393666 ], [ -58.477115481331971, -34.595114813480961 ], [ -58.477879494691322, -34.597087866608128 ], [ -58.478347428517765, -34.598342265825607 ], [ -58.478579612187026, -34.598965275074463 ], [ -58.478830975396626, -34.599670676803555 ], [ -58.479746925962864, -34.599276043802305 ], [ -58.480779871195864, -34.59883096341887 ], [ -58.482126942293938, -34.598250542482248 ], [ -58.482843223095628, -34.597943331365947 ], [ -58.482983529044624, -34.597885421247284 ], [ -58.482998825070069, -34.597880875608205 ], [ -58.483287645295967, -34.597795094321398 ], [ -58.48345568510112, -34.59775787307543 ], [ -58.483461746899891, -34.597757338431734 ], [ -58.484852932554183, -34.59763458917039 ], [ -58.485180544769591, -34.597607135725028 ], [ -58.486129913847577, -34.597537243054589 ], [ -58.486486310143164, -34.597511048115038 ], [ -58.486680475849276, -34.597496785713183 ], [ -58.487142726741524, -34.597462752291058 ], [ -58.487352987919266, -34.597447287682144 ], [ -58.487797609339438, -34.597416142510099 ], [ -58.487823871957318, -34.597414299233698 ], [ -58.48854378314217, -34.597363807060539 ], [ -58.489526020734111, -34.597296415061997 ], [ -58.490185414720813, -34.597249933019263 ], [ -58.491216702249766, -34.597180757016808 ], [ -58.492489075438669, -34.59709542266674 ], [ -58.492819353384604, -34.597073271877171 ], [ -58.492907975039081, -34.597067328058245 ], [ -58.493416804011154, -34.597033259557293 ], [ -58.494714805513873, -34.596947578369708 ], [ -58.496783836296792, -34.596811040416171 ], [ -58.497127198020841, -34.596788410142842 ], [ -58.497174048784409, -34.596817270622779 ], [ -58.4983837484098, -34.596367555072021 ], [ -58.499549669825562, -34.595934109394989 ], [ -58.499632773069131, -34.595903238885931 ], [ -58.499785531356302, -34.595846430700341 ], [ -58.50012517560527, -34.595720130353435 ], [ -58.500708511352279, -34.595503330145384 ], [ -58.501791647143982, -34.595100803551382 ], [ -58.502756166573647, -34.594742320421517 ], [ -58.502875368596385, -34.594697984985011 ], [ -58.503179160444098, -34.594582149656851 ], [ -58.503542471562149, -34.594450087269095 ], [ -58.503082240397291, -34.594382208664953 ], [ -58.503470528931274, -34.593953552960159 ], [ -58.503310044132242, -34.593856139289613 ], [ -58.502140738061648, -34.593133406962757 ], [ -58.501926930835225, -34.593001218882918 ], [ -58.500815913063143, -34.592315286552214 ], [ -58.499486172884247, -34.591494195526316 ], [ -58.498201433538377, -34.590700964377518 ], [ -58.497065350012562, -34.58999951201438 ], [ -58.495926985166619, -34.589296569459776 ], [ -58.49559139970107, -34.589089331191644 ], [ -58.495360237034006, -34.588945869203705 ], [ -58.494793494406906, -34.588594249544272 ], [ -58.49422445511231, -34.58824114947749 ], [ -58.493889644170544, -34.588033413216053 ], [ -58.493662660896796, -34.587890298493804 ], [ -58.492539338293199, -34.587182039791799 ], [ -58.491969380815277, -34.586822590526516 ], [ -58.491412629067369, -34.586471587291207 ], [ -58.490849578720002, -34.58611656887323 ], [ -58.490285001501753, -34.585760562014748 ], [ -58.48955886693647, -34.585302684041615 ], [ -58.488968239147184, -34.584930196797615 ], [ -58.488792967971889, -34.584818330673862 ], [ -58.488193361338013, -34.585438324515984 ], [ -58.488085765327583, -34.585550743244809 ], [ -58.487442992300871, -34.58622278492853 ], [ -58.486893422203515, -34.586797339560661 ], [ -58.486802168216933, -34.586897217864063 ], [ -58.48669542204803, -34.587014142299118 ], [ -58.486543018401882, -34.587175585874341 ], [ -58.486439957729402, -34.587284758932356 ], [ -58.486110940631718, -34.587633277256195 ], [ -58.485560759126763, -34.588215924266741 ], [ -58.485489859079578, -34.58829115111179 ], [ -58.485433831530891, -34.588350597590953 ], [ -58.485077735845167, -34.588728626096604 ], [ -58.484709974192548, -34.589118979857325 ], [ -58.484705723708238, -34.589120472459783 ], [ -58.48398795748308, -34.589372452321975 ], [ -58.48365007305128, -34.589491068926755 ], [ -58.482501098747932, -34.589893234320108 ], [ -58.48201175423852, -34.59006443935688 ], [ -58.48186121270912, -34.590117139757666 ], [ -58.481457437281115, -34.590245794031624 ], [ -58.481288076820448, -34.590299763924513 ], [ -58.481181894846962, -34.590328653038156 ], [ -58.480870586646141, -34.590413347368148 ], [ -58.479544619619958, -34.590751213465701 ], [ -58.47808274019043, -34.591123658491689 ], [ -58.477824730865166, -34.591189324842112 ], [ -58.477203164772639, -34.591347681841825 ], [ -58.476482609690549, -34.591556669459806 ], [ -58.475888981732986, -34.59172346127297 ] ] ] } },
{ "type": "Feature", "properties": { "id": 5.0, "comuna": 13.0, "perimetro_": 20443.29, "area_metro": 8025458.65, "nam": "Belgrano", "cca": null, "cde": null, "fna": null, "gna": null, "ara3": null, "arl": null }, "geometry": { "type": "Polygon", "coordinates": [ [ [ -58.450568269991422, -34.535611480396987 ], [ -58.45065873008037, -34.535642709089473 ], [ -58.450752000406197, -34.535667641500893 ], [ -58.450847441574552, -34.535686108090516 ], [ -58.450944401111123, -34.535697982586782 ], [ -58.451042214551236, -34.535703183790581 ], [ -58.451140213065543, -34.535701675575957 ], [ -58.451237725639146, -34.535693467791972 ], [ -58.451334084518784, -34.535678617164514 ], [ -58.451428630660011, -34.535657225494077 ], [ -58.451520714817448, -34.535629439655523 ], [ -58.451676569161442, -34.535639830972734 ], [ -58.451786075888791, -34.53571616198947 ], [ -58.451892709714457, -34.535725712752779 ], [ -58.452025063110419, -34.535656625772482 ], [ -58.452791103680227, -34.535705877125636 ], [ -58.45286294989166, -34.535713150631828 ], [ -58.452933563421801, -34.535726313046446 ], [ -58.453002240632983, -34.535745231801783 ], [ -58.453068297499144, -34.535769720247323 ], [ -58.453131077230779, -34.535799534044465 ], [ -58.453189955719992, -34.535834375673979 ], [ -58.453244344807501, -34.535873898943116 ], [ -58.453245430695397, -34.535874862663299 ], [ -58.453293704264098, -34.535917710789157 ], [ -58.453294802146132, -34.535918582563831 ], [ -58.454070633672842, -34.536534067471926 ], [ -58.454280443533378, -34.536753129291498 ], [ -58.454451905353295, -34.536959448034366 ], [ -58.454779165777104, -34.537303710084984 ], [ -58.454802038769216, -34.537335116660486 ], [ -58.45481918622098, -34.537368928755491 ], [ -58.454830247643336, -34.537404436920518 ], [ -58.454834989996151, -34.537440895656992 ], [ -58.454833315312598, -34.53747753874184 ], [ -58.454825257430173, -34.537513597255888 ], [ -58.454681607536273, -34.537951619917017 ], [ -58.454628341420353, -34.538114040612193 ], [ -58.454231990157197, -34.538670918982895 ], [ -58.454084988500483, -34.538785389788039 ], [ -58.452900145858848, -34.539369194193384 ], [ -58.452787946874018, -34.539424476590163 ], [ -58.452413248358319, -34.539561583936646 ], [ -58.452356373183164, -34.539575329288262 ], [ -58.4523228322196, -34.539581481251723 ], [ -58.452288529329643, -34.539583057471347 ], [ -58.452254369749163, -34.539580016562425 ], [ -58.452221256519131, -34.539572439735863 ], [ -58.452169233553505, -34.539558496170798 ], [ -58.45212984452985, -34.539503788305431 ], [ -58.451972449049322, -34.53928518298617 ], [ -58.451956592685058, -34.539263159543133 ], [ -58.451928495824767, -34.539224135763703 ], [ -58.451909616117376, -34.53919791316487 ], [ -58.451910489838028, -34.539189253193975 ], [ -58.451911179513665, -34.539148236322127 ], [ -58.451921561202475, -34.539104352899791 ], [ -58.451931942880506, -34.539060468574846 ], [ -58.451943477040125, -34.539016585257308 ], [ -58.451930799414598, -34.538986055296192 ], [ -58.451873134918678, -34.538943129153132 ], [ -58.451832407101591, -34.538900112628149 ], [ -58.451827055002859, -34.538894460149663 ], [ -58.451782643892294, -34.538854221473663 ], [ -58.45162597798609, -34.538676157638662 ], [ -58.451414351264312, -34.538463720279424 ], [ -58.451378699707739, -34.538423292103857 ], [ -58.451355646481687, -34.538394669397505 ], [ -58.45133259197172, -34.538382741200138 ], [ -58.451294051991262, -34.538370326506744 ], [ -58.451279689091479, -34.538342972052732 ], [ -58.451270217377768, -34.538314195619741 ], [ -58.451265832834352, -34.538284593074472 ], [ -58.451279283941346, -34.538236382229655 ], [ -58.451194888297188, -34.538144465725459 ], [ -58.451193733819878, -34.53814320901531 ], [ -58.451102218049705, -34.538115494406803 ], [ -58.451102185372122, -34.538115484487804 ], [ -58.451075539768226, -34.538109523360191 ], [ -58.451062812937288, -34.538105708128199 ], [ -58.451010893709594, -34.538090144204141 ], [ -58.450980919781401, -34.538087755995988 ], [ -58.450936579377313, -34.538075936450269 ], [ -58.450936539074782, -34.538075925628995 ], [ -58.450834518671108, -34.538016190001379 ], [ -58.450677746644111, -34.537922680108956 ], [ -58.450642010601854, -34.53790455042175 ], [ -58.450462182440276, -34.537807222098564 ], [ -58.450240858201241, -34.537673636199258 ], [ -58.450203972575494, -34.537638333084438 ], [ -58.449950936951751, -34.537427565369043 ], [ -58.449879183547871, -34.537357033990709 ], [ -58.449878896020344, -34.537356751810975 ], [ -58.449883420671114, -34.537222593118109 ], [ -58.449878949245772, -34.537025081707441 ], [ -58.449878972569032, -34.53687974295498 ], [ -58.449908855601493, -34.536725789788314 ], [ -58.449937564400926, -34.536577893202754 ], [ -58.449956065223489, -34.536486140276423 ], [ -58.45003105781845, -34.536115035234118 ], [ -58.449673403615499, -34.535911812184004 ], [ -58.449661760376031, -34.535905196176401 ], [ -58.449496376314713, -34.535798978089481 ], [ -58.449456092343844, -34.53577607445245 ], [ -58.449158171793549, -34.535606684678932 ], [ -58.449124312367275, -34.535584619105897 ], [ -58.449098375861119, -34.535571498453642 ], [ -58.449065956753643, -34.535554203410157 ], [ -58.449045020450235, -34.535551238862496 ], [ -58.449026457865735, -34.535547079289834 ], [ -58.449004140220552, -34.535545016005734 ], [ -58.448981717482582, -34.535546014869894 ], [ -58.448964449872697, -34.535549193096379 ], [ -58.448959797465179, -34.535550048910601 ], [ -58.448946577871588, -34.535551477028832 ], [ -58.448933756675025, -34.535554502530026 ], [ -58.448921614916955, -34.535559060544351 ], [ -58.448910418395627, -34.535565049241484 ], [ -58.448900412218109, -34.535572339745784 ], [ -58.448891813176097, -34.535580771628219 ], [ -58.448863484171362, -34.535608438640246 ], [ -58.448857117222957, -34.535615767431217 ], [ -58.448778694936131, -34.535706034745324 ], [ -58.448800307668151, -34.53572177902047 ], [ -58.448789636312469, -34.535764469572804 ], [ -58.448799152696111, -34.53581173278284 ], [ -58.448803718467445, -34.535820623247233 ], [ -58.448809799527496, -34.535828868465927 ], [ -58.448817267372995, -34.53583629264422 ], [ -58.448825960819271, -34.535842738012178 ], [ -58.448835696892594, -34.535848066628759 ], [ -58.448846267561613, -34.535852164888674 ], [ -58.449298255241843, -34.536125386588928 ], [ -58.449326632405572, -34.536148682840647 ], [ -58.44934923331347, -34.536171043641076 ], [ -58.449366970146471, -34.536196230772951 ], [ -58.449379337597342, -34.53622352664096 ], [ -58.449388152621893, -34.536259197307025 ], [ -58.449390643198406, -34.536295547833177 ], [ -58.449393994758267, -34.536316077425489 ], [ -58.449383813925103, -34.536351498033042 ], [ -58.449367551907727, -34.536385328721472 ], [ -58.4493455519411, -34.536416858297798 ], [ -58.449201735783348, -34.536603000085812 ], [ -58.448893726715809, -34.536986411614478 ], [ -58.448874728755904, -34.537010060238536 ], [ -58.448826089463019, -34.537063176761755 ], [ -58.448813890408424, -34.537076498477447 ], [ -58.448799703774718, -34.537093944006408 ], [ -58.448760064843789, -34.537142690528128 ], [ -58.448725473131347, -34.537181800431739 ], [ -58.448698087633346, -34.537217477633469 ], [ -58.448692897433425, -34.53722844833905 ], [ -58.448703267834382, -34.537257546895525 ], [ -58.448709439690298, -34.537276615619497 ], [ -58.448712485881835, -34.537286026029726 ], [ -58.448713058513697, -34.537306680604395 ], [ -58.44870634602416, -34.537327030526107 ], [ -58.448693179671942, -34.53734630246467 ], [ -58.448676525743956, -34.53736362959588 ], [ -58.448656793888105, -34.537378581083026 ], [ -58.44861259719778, -34.537389794995264 ], [ -58.448566800293541, -34.537395012374375 ], [ -58.448543710665092, -34.537394554363551 ], [ -58.448520585090286, -34.537394096343988 ], [ -58.44851983023193, -34.537393979967959 ], [ -58.448475143278358, -34.537387072288411 ], [ -58.448431644734036, -34.537374120637232 ], [ -58.448391211375977, -34.537355574157829 ], [ -58.448355434513878, -34.537332271379427 ], [ -58.448354885575398, -34.537331913443843 ], [ -58.447991410642416, -34.537001185379495 ], [ -58.447990118964135, -34.537000009750471 ], [ -58.447979152116126, -34.536993595589166 ], [ -58.447970885626717, -34.536987089819803 ], [ -58.447969420748173, -34.536985937606062 ], [ -58.447961128527446, -34.536977196281896 ], [ -58.4479544507954, -34.536967553728203 ], [ -58.447948764832738, -34.536955089817184 ], [ -58.447945770611142, -34.536941999749232 ], [ -58.447945559556899, -34.536928678363147 ], [ -58.447948138130748, -34.536915526796946 ], [ -58.447953427829617, -34.536902944374845 ], [ -58.44796354283045, -34.536879725662899 ], [ -58.447969306317489, -34.536855509420263 ], [ -58.447970588567756, -34.536830850913198 ], [ -58.447967358981771, -34.536806314434365 ], [ -58.447959690442353, -34.536782462486059 ], [ -58.44794776040591, -34.53675984135743 ], [ -58.447931842190187, -34.536738969404993 ], [ -58.44786576579974, -34.536670816428945 ], [ -58.447834122990372, -34.536642760767414 ], [ -58.44779462559719, -34.536607741440761 ], [ -58.447793721642441, -34.536606939953053 ], [ -58.447716110509639, -34.536547696985053 ], [ -58.447633368050248, -34.536493417494448 ], [ -58.447545956056409, -34.536444406214478 ], [ -58.447454364643392, -34.536400936332711 ], [ -58.447359103534986, -34.536363252194448 ], [ -58.447140895964651, -34.536285082890956 ], [ -58.447131052850828, -34.536281556989316 ], [ -58.446779436283826, -34.536155596114618 ], [ -58.446716983267493, -34.536130701818543 ], [ -58.446716628191936, -34.536130560245503 ], [ -58.446716583535078, -34.536130543112243 ], [ -58.446704520169668, -34.536128758441151 ], [ -58.446609823202962, -34.536094834567592 ], [ -58.446538086547861, -34.536058328467099 ], [ -58.446462304253004, -34.536027931672365 ], [ -58.446383234378928, -34.536003948063509 ], [ -58.446301665495348, -34.535986616623518 ], [ -58.4462184134144, -34.535976110536431 ], [ -58.446134310299108, -34.53597253538333 ], [ -58.445942364615085, -34.5359752305773 ], [ -58.445900450097099, -34.535977090576921 ], [ -58.445750666053996, -34.535983735234097 ], [ -58.445559472736349, -34.535998036772334 ], [ -58.44536903842728, -34.536018117202907 ], [ -58.445179619073173, -34.536043948622954 ], [ -58.444689655877291, -34.536118407137344 ], [ -58.444480352517552, -34.536182705752736 ], [ -58.444185262295576, -34.536273357495212 ], [ -58.444135351457632, -34.536278743565425 ], [ -58.444013684041302, -34.536291873075243 ], [ -58.444007207701155, -34.536292571953759 ], [ -58.443663585662158, -34.536329652582239 ], [ -58.443663156539465, -34.536329698888707 ], [ -58.443645005313158, -34.536309057685131 ], [ -58.443884883531304, -34.536164598321733 ], [ -58.443863925073579, -34.536140763713469 ], [ -58.443862503748761, -34.536139147338183 ], [ -58.443622116783303, -34.53628391304342 ], [ -58.443621932686753, -34.536284023909573 ], [ -58.443616889412716, -34.536278991315633 ], [ -58.443615335396792, -34.536277440590489 ], [ -58.443454635452902, -34.536387722804896 ], [ -58.443298262480518, -34.536476539716993 ], [ -58.443177921119023, -34.536539723844278 ], [ -58.443112502943087, -34.536568303762699 ], [ -58.443049927849678, -34.536600953180859 ], [ -58.442990564056785, -34.536637480159314 ], [ -58.442815882340739, -34.536753840259557 ], [ -58.442726847624662, -34.536855649230517 ], [ -58.442722369406241, -34.536860769510241 ], [ -58.442659053220908, -34.536933169942053 ], [ -58.44228743962605, -34.537295529021584 ], [ -58.442194310513699, -34.537258033091263 ], [ -58.442192232277634, -34.537257196344257 ], [ -58.442319450285055, -34.537040806152696 ], [ -58.442319800036799, -34.537040211244246 ], [ -58.44228840452211, -34.537027571378417 ], [ -58.442160182845782, -34.537245669601106 ], [ -58.442150577380332, -34.537241802598565 ], [ -58.441763827900026, -34.537899631428687 ], [ -58.441563117215345, -34.537865372537816 ], [ -58.441561116370345, -34.53786503101594 ], [ -58.441620135879987, -34.537628238088402 ], [ -58.441620407498029, -34.537627148322954 ], [ -58.441583077944827, -34.537620776680996 ], [ -58.441523912116338, -34.537858153675252 ], [ -58.441511747384027, -34.537856077311204 ], [ -58.441370755086531, -34.538421739188266 ], [ -58.441369243719556, -34.538427804650034 ], [ -58.441338306457155, -34.53855192621949 ], [ -58.441326060965643, -34.538570784669503 ], [ -58.441121970028028, -34.538577259930044 ], [ -58.441120309900647, -34.538577312600061 ], [ -58.441109093788931, -34.538335220275776 ], [ -58.441109025047034, -34.538333736523128 ], [ -58.441076786835673, -34.538334759194193 ], [ -58.441087775910155, -34.538571952183268 ], [ -58.441071435082605, -34.538572471138856 ], [ -58.441086595185759, -34.538899712479171 ], [ -58.441094480179068, -34.539069901478058 ], [ -58.441097425140725, -34.539133483582461 ], [ -58.441097595190861, -34.539137145228089 ], [ -58.441093278204541, -34.539137276052124 ], [ -58.440845069438438, -34.539144812604647 ], [ -58.440835611935967, -34.539145099323349 ], [ -58.44087664333172, -34.540046223684065 ], [ -58.440887120889158, -34.540203161198214 ], [ -58.440783336591672, -34.540299021045684 ], [ -58.440737460313784, -34.540275792608874 ], [ -58.440688336480356, -34.540257674669036 ], [ -58.440636791801914, -34.54024497296097 ], [ -58.440600810946421, -34.540242197081106 ], [ -58.440564755807188, -34.540244206875727 ], [ -58.440529550142585, -34.540250951135391 ], [ -58.440508381615075, -34.540257497887779 ], [ -58.440488111311943, -34.540265762030991 ], [ -58.440481566859205, -34.540268895084985 ], [ -58.440449340296688, -34.540284326971715 ], [ -58.44042363961141, -34.540296807885035 ], [ -58.440334521950184, -34.54022654117913 ], [ -58.440332870218953, -34.540225238834964 ], [ -58.440320034025383, -34.540203780551721 ], [ -58.440313120746268, -34.539966571202804 ], [ -58.440312923262866, -34.539959795106071 ], [ -58.440294161616066, -34.539316036128191 ], [ -58.440308578247134, -34.539293977209688 ], [ -58.440313421659752, -34.539284911523801 ], [ -58.440316468932771, -34.5392753244723 ], [ -58.440317641569145, -34.539265459427014 ], [ -58.440316912268479, -34.539255564276523 ], [ -58.440314297302081, -34.539245890523269 ], [ -58.440309864141206, -34.539236681566287 ], [ -58.440303724921876, -34.539228169995845 ], [ -58.440296737703953, -34.539221266467898 ], [ -58.44029603317891, -34.539220570381275 ], [ -58.440286983846988, -34.539214074763954 ], [ -58.440277388334408, -34.539209160153789 ], [ -58.440266961305795, -34.539205588518939 ], [ -58.440255976153651, -34.539203450955355 ], [ -58.440244719351639, -34.539202804307138 ], [ -58.44023348174148, -34.539203665756403 ], [ -58.440222559622718, -34.539206011921877 ], [ -58.440212235144251, -34.539209781559677 ], [ -58.44020277848265, -34.539214877366412 ], [ -58.440194436949035, -34.53922116597726 ], [ -58.440187426272779, -34.539228484274155 ], [ -58.440181929512278, -34.539236639385663 ], [ -58.440178090515531, -34.539245421305651 ], [ -58.44017600956375, -34.53925459928687 ], [ -58.440175682160465, -34.539264679031533 ], [ -58.440177244742145, -34.539274678906665 ], [ -58.440180660339529, -34.539284357321556 ], [ -58.440185846229241, -34.539293482592498 ], [ -58.440192677201949, -34.539301832042 ], [ -58.440200987737114, -34.539309205520723 ], [ -58.440201417069176, -34.539309483913577 ], [ -58.440210578539265, -34.539315424507251 ], [ -58.44021058018599, -34.539315735503124 ], [ -58.440212361384944, -34.539652123006555 ], [ -58.440213071614536, -34.539786303908919 ], [ -58.44021331798735, -34.53983297917123 ], [ -58.440147734310571, -34.539852252879278 ], [ -58.43952771481991, -34.540034458165408 ], [ -58.439277832591124, -34.540120352631689 ], [ -58.439235820819988, -34.540130674763297 ], [ -58.43919236730072, -34.540135375270019 ], [ -58.439148561402895, -34.540134336278285 ], [ -58.439105503347882, -34.540127585048623 ], [ -58.43906427588675, -34.540115288561474 ], [ -58.439041748094404, -34.540105796523655 ], [ -58.439020361314853, -34.540094641567684 ], [ -58.438991599587567, -34.540084222510984 ], [ -58.438880939385946, -34.540050278670194 ], [ -58.438815760331217, -34.540033751728252 ], [ -58.438768101237542, -34.540021667159337 ], [ -58.438653457644627, -34.539998481796452 ], [ -58.438537389826855, -34.539980801078414 ], [ -58.438420285544716, -34.539968682771736 ], [ -58.438281773814893, -34.539953165178396 ], [ -58.438197901903848, -34.539943768573472 ], [ -58.437932740717557, -34.539943713780012 ], [ -58.437668882953055, -34.53996264462527 ], [ -58.437652341413632, -34.539963831401948 ], [ -58.437561508143418, -34.539970348215867 ], [ -58.437404799154699, -34.539994226319344 ], [ -58.437400970025941, -34.539994809769674 ], [ -58.437437073126574, -34.53996017435329 ], [ -58.437481620319573, -34.539917438064087 ], [ -58.43748687742594, -34.539917348130871 ], [ -58.437541610807649, -34.539916415889429 ], [ -58.437571336442069, -34.539915909241408 ], [ -58.437624485019157, -34.539860140538771 ], [ -58.437637435273203, -34.539846551846537 ], [ -58.43763763554216, -34.539846341704411 ], [ -58.437559256578432, -34.539796716735353 ], [ -58.437435065625991, -34.539918230486435 ], [ -58.437348651619388, -34.540002781738693 ], [ -58.437236383688841, -34.540019887728867 ], [ -58.437003488333701, -34.540067538842251 ], [ -58.436966715437741, -34.540079545195013 ], [ -58.436793093712936, -34.540136232902952 ], [ -58.436655769823894, -34.540177425472635 ], [ -58.436521511291559, -34.540225038553672 ], [ -58.436461601210546, -34.540249724619571 ], [ -58.436452931187219, -34.540253296888956 ], [ -58.436390757139655, -34.5402789172065 ], [ -58.436263933330245, -34.54033888575745 ], [ -58.436263897378858, -34.540338896566674 ], [ -58.436225410298668, -34.540358999873433 ], [ -58.436171619873839, -34.540387099070543 ], [ -58.436022674289475, -34.540498407978973 ], [ -58.43588736558732, -34.54060664949067 ], [ -58.435756430109834, -34.540718511984771 ], [ -58.435630008421271, -34.540833876518043 ], [ -58.435508235644477, -34.540952616033238 ], [ -58.43541820263593, -34.541048375278912 ], [ -58.435334321848892, -34.541147886720822 ], [ -58.435256822146144, -34.541250880896115 ], [ -58.435185914968606, -34.541357076618944 ], [ -58.435121791065434, -34.541466186388092 ], [ -58.435078645266451, -34.541550510714465 ], [ -58.435039117785713, -34.541636030258076 ], [ -58.435014574409507, -34.541691952065122 ], [ -58.434971772767312, -34.541807995987057 ], [ -58.434942971703144, -34.541903686126069 ], [ -58.434503876572684, -34.541906571615492 ], [ -58.434392980270609, -34.541907913023493 ], [ -58.434391310287381, -34.541907933222923 ], [ -58.434389248593568, -34.541857013590807 ], [ -58.434389188918786, -34.541855539744446 ], [ -58.434201842046711, -34.54186026561932 ], [ -58.434204668758731, -34.542020362250909 ], [ -58.434206372505194, -34.542020356066729 ], [ -58.434389708430508, -34.542019690462546 ], [ -58.434394900969096, -34.542008243517515 ], [ -58.434919745802986, -34.541996373082902 ], [ -58.434919398606517, -34.541997851304004 ], [ -58.434908365238321, -34.542044826863233 ], [ -58.43488801433675, -34.542127091233304 ], [ -58.434860559113268, -34.542207928782069 ], [ -58.434826140217837, -34.542286921273636 ], [ -58.434784938606015, -34.54236365859331 ], [ -58.434737166823474, -34.542437741450094 ], [ -58.434683072272961, -34.542508785884799 ], [ -58.434622937214989, -34.542576422368654 ], [ -58.434572158351351, -34.542625671832162 ], [ -58.434605506681223, -34.542629521571698 ], [ -58.43455707331897, -34.542640302112474 ], [ -58.434471399389771, -34.542716564608895 ], [ -58.434380307261044, -34.542788400636724 ], [ -58.434284131459471, -34.542855545242787 ], [ -58.434183222849398, -34.542917753309688 ], [ -58.434077951901564, -34.542974796852512 ], [ -58.433698755140277, -34.543128235110828 ], [ -58.433536005656862, -34.543194089561318 ], [ -58.433392529266364, -34.543255662797954 ], [ -58.43325272729296, -34.543322774259224 ], [ -58.433116912420452, -34.543395275298721 ], [ -58.432985387536718, -34.543473003747231 ], [ -58.432745464139778, -34.543620269294621 ], [ -58.432703473563329, -34.54364604240574 ], [ -58.432613578970397, -34.543701219864509 ], [ -58.432238703065643, -34.54392597436911 ], [ -58.432141564650017, -34.543986854790013 ], [ -58.432048509682858, -34.54405195577543 ], [ -58.43195980621644, -34.544121091708568 ], [ -58.43187570814937, -34.544194062546516 ], [ -58.43179645849284, -34.544270659229404 ], [ -58.431722285014054, -34.544350660974942 ], [ -58.431653401324908, -34.54443383708135 ], [ -58.431586892193693, -34.544514569084477 ], [ -58.431515708348954, -34.544592523427148 ], [ -58.431440019799027, -34.544667516253824 ], [ -58.431386590792613, -34.544721918063708 ], [ -58.43133827517466, -34.544779501435407 ], [ -58.431295349780733, -34.54483993742538 ], [ -58.431258056594473, -34.544902881756158 ], [ -58.43116931770934, -34.545037452843594 ], [ -58.431052504299124, -34.545241342772584 ], [ -58.430992002160572, -34.545380747436234 ], [ -58.4309611573198, -34.545444751655992 ], [ -58.430949939515969, -34.545468028127836 ], [ -58.430945545719659, -34.545477145834852 ], [ -58.430905148774585, -34.545575395557314 ], [ -58.430830353304437, -34.545779109799184 ], [ -58.430779850192209, -34.545937702147839 ], [ -58.43075547495139, -34.546054877103934 ], [ -58.430732437664332, -34.546146286824126 ], [ -58.430716200015162, -34.546238689926668 ], [ -58.430706820987773, -34.546331742984989 ], [ -58.4306840826805, -34.546625433744978 ], [ -58.430683994284884, -34.546852012742143 ], [ -58.430718661045248, -34.547229615356834 ], [ -58.430720024070347, -34.547244461838119 ], [ -58.430721511351003, -34.547260663640905 ], [ -58.430727576559775, -34.547326722067595 ], [ -58.430721278039172, -34.547333800220407 ], [ -58.430597329825417, -34.547343307824889 ], [ -58.430115085928449, -34.547010563471055 ], [ -58.430113213734309, -34.547009271212637 ], [ -58.43016223459415, -34.546961583539193 ], [ -58.430121896543533, -34.546921027152017 ], [ -58.43001520251272, -34.547033095479186 ], [ -58.429971371212339, -34.547084267636194 ], [ -58.429934022715265, -34.547138848053621 ], [ -58.429903539640328, -34.547196274349496 ], [ -58.429880235986751, -34.54725595798088 ], [ -58.429864350595878, -34.547317286946075 ], [ -58.429856044969512, -34.547379631192435 ], [ -58.429855776190784, -34.547406092603246 ], [ -58.429855675279903, -34.547415972250903 ], [ -58.429855406534116, -34.547442350729995 ], [ -58.429862441011508, -34.547504801939226 ], [ -58.429874111623121, -34.54756296451027 ], [ -58.429892377006738, -34.547619953419158 ], [ -58.429917073965036, -34.547675258408887 ], [ -58.42994797937483, -34.547728383628005 ], [ -58.429982112861332, -34.547778608917419 ], [ -58.430016220788204, -34.547819254691525 ], [ -58.430021830855445, -34.547825940325311 ], [ -58.430028665436858, -34.547832633503909 ], [ -58.430066776198736, -34.547869954076901 ], [ -58.430116547051085, -34.547910257033756 ], [ -58.430170697979761, -34.547946487595702 ], [ -58.430228745404087, -34.547978322012575 ], [ -58.430233152808, -34.547971137906508 ], [ -58.43024550835937, -34.547951001499506 ], [ -58.430256910040612, -34.547932418898611 ], [ -58.430256969998005, -34.547932320658965 ], [ -58.430201149982402, -34.547890725271884 ], [ -58.43019933770897, -34.547889374438263 ], [ -58.430594382837121, -34.547507873940923 ], [ -58.43062614424759, -34.547506926927973 ], [ -58.430752918612789, -34.547503146834075 ], [ -58.430771193190594, -34.547742401194483 ], [ -58.430769313042966, -34.547741882371234 ], [ -58.43076630763936, -34.547741052254764 ], [ -58.430753900409719, -34.547737626217959 ], [ -58.430723527984874, -34.547738435715829 ], [ -58.430677405220244, -34.547748917852203 ], [ -58.430638199182496, -34.547762263862268 ], [ -58.430522879708491, -34.547816134879817 ], [ -58.430459453226369, -34.54784950771235 ], [ -58.430364301042651, -34.547928188655241 ], [ -58.430296861852007, -34.547992406358418 ], [ -58.430288680429214, -34.548000197010417 ], [ -58.430225213761815, -34.548049189690715 ], [ -58.430163895481925, -34.548097918801652 ], [ -58.430106978122168, -34.548150175472436 ], [ -58.430054758117066, -34.548205688459369 ], [ -58.430007505763648, -34.548264170285904 ], [ -58.429924332203093, -34.548380790830983 ], [ -58.429846896488897, -34.548500085629371 ], [ -58.429801382594079, -34.54857752492358 ], [ -58.42972903094465, -34.548658807733162 ], [ -58.429649995028939, -34.548735712214025 ], [ -58.429564660654727, -34.548807861662247 ], [ -58.429473445218719, -34.548874903721234 ], [ -58.429376794437921, -34.548936511282754 ], [ -58.429275180169839, -34.548992384289313 ], [ -58.429169097144459, -34.54904224883235 ], [ -58.429059065140898, -34.549085861659947 ], [ -58.428799212553621, -34.549148200820802 ], [ -58.428797121137904, -34.549147431310068 ], [ -58.428778461791296, -34.54914056254826 ], [ -58.428760014522489, -34.549137218434772 ], [ -58.428753964838982, -34.549137216723317 ], [ -58.428750981940851, -34.549137215879341 ], [ -58.428744449633591, -34.54913721403085 ], [ -58.428743976883005, -34.549137048935386 ], [ -58.428636702898672, -34.549099476674961 ], [ -58.428636596148522, -34.549099439686003 ], [ -58.428599655386051, -34.549067708774039 ], [ -58.428445497704047, -34.54893529438035 ], [ -58.428360206215316, -34.548862765284653 ], [ -58.42818408114973, -34.548711251980798 ], [ -58.428182708952754, -34.548710071614266 ], [ -58.427889936623615, -34.548503920153244 ], [ -58.427601787901999, -34.54827296378231 ], [ -58.427601371839508, -34.54827272748598 ], [ -58.427566426973776, -34.548252833519442 ], [ -58.427528015305427, -34.548230966198183 ], [ -58.427468055396588, -34.548240488452187 ], [ -58.427359650777063, -34.548297697403228 ], [ -58.427332718089161, -34.548317295577228 ], [ -58.427332555712383, -34.548317414518166 ], [ -58.427056411562852, -34.548518359882209 ], [ -58.426800491290649, -34.5481908427804 ], [ -58.426779128579241, -34.548163503229176 ], [ -58.425585738369996, -34.548833936027307 ], [ -58.425495790198866, -34.548866821223882 ], [ -58.425407569602214, -34.548902569831775 ], [ -58.425338409300743, -34.548939422244707 ], [ -58.425273541550098, -34.548966234025116 ], [ -58.425188790335113, -34.548978728464171 ], [ -58.425195721337907, -34.548950110225398 ], [ -58.425188631900454, -34.548931956818635 ], [ -58.425171342456473, -34.548920026403678 ], [ -58.425150444520185, -34.548918231439082 ], [ -58.42513602903523, -34.548925381584127 ], [ -58.42512521088463, -34.548944458770883 ], [ -58.425128805228333, -34.548965328900096 ], [ -58.425440821677284, -34.549585412424761 ], [ -58.425676318416379, -34.550062018897528 ], [ -58.426573660366984, -34.551819305674492 ], [ -58.426670098065294, -34.552002747665725 ], [ -58.426671158304956, -34.552004764428908 ], [ -58.426757765293992, -34.552025310521735 ], [ -58.426758748163174, -34.55202392012243 ], [ -58.426759597055892, -34.552022719250658 ], [ -58.426760471266022, -34.552024303091223 ], [ -58.426760489424844, -34.552024335990247 ], [ -58.426761561652604, -34.552023929766385 ], [ -58.426795098341174, -34.552011412163957 ], [ -58.426795469514772, -34.552011273622952 ], [ -58.426903898361353, -34.551970802358518 ], [ -58.426995033258947, -34.551931144956512 ], [ -58.427312802799278, -34.551792866887666 ], [ -58.428482464744299, -34.551283876665579 ], [ -58.428482863563566, -34.551283702803396 ], [ -58.428606121421389, -34.551230212798707 ], [ -58.428714804831571, -34.551183047479356 ], [ -58.428785503475659, -34.551152342254369 ], [ -58.42903744146183, -34.551053912295025 ], [ -58.429146398095298, -34.551011343850334 ], [ -58.429400382189023, -34.550950746608784 ], [ -58.429761022438321, -34.550936636967236 ], [ -58.430665429303765, -34.551038712951616 ], [ -58.430985962439756, -34.55111931660614 ], [ -58.431512619940946, -34.551342757909993 ], [ -58.431607001062062, -34.551382800512457 ], [ -58.431682375090539, -34.551414778438911 ], [ -58.43184259978316, -34.551510018906072 ], [ -58.432100401691713, -34.551692639874453 ], [ -58.432334238098392, -34.551858283003135 ], [ -58.433393081388076, -34.552462077458244 ], [ -58.433461292308905, -34.552500973702138 ], [ -58.43437981653107, -34.553024736830018 ], [ -58.434425016221851, -34.55305051038021 ], [ -58.434632202439126, -34.553310517014488 ], [ -58.434655425946765, -34.553594171631524 ], [ -58.434112546975349, -34.553957850910706 ], [ -58.435183544814883, -34.554455652416927 ], [ -58.435337244631803, -34.554527450492934 ], [ -58.435457752232168, -34.554587338339196 ], [ -58.435557205330419, -34.554636702506691 ], [ -58.435574878728112, -34.554645474722804 ], [ -58.435718938191222, -34.554716978063688 ], [ -58.435984035228003, -34.554859998916115 ], [ -58.43624520990717, -34.555029638423989 ], [ -58.436538455170506, -34.555262384438493 ], [ -58.43668899297468, -34.555380800219375 ], [ -58.436719013488855, -34.555409077377128 ], [ -58.436871689063203, -34.555552885750089 ], [ -58.437100855389495, -34.555746038365115 ], [ -58.437138140039707, -34.555774432359634 ], [ -58.437187671400821, -34.555812152442684 ], [ -58.437325481929975, -34.555917100061087 ], [ -58.437332665698442, -34.555922570558856 ], [ -58.437502700456854, -34.556035214915333 ], [ -58.437700570062333, -34.556147794560978 ], [ -58.437988070971926, -34.556260391597775 ], [ -58.438344862854827, -34.556366031388364 ], [ -58.438813408557394, -34.556505495281648 ], [ -58.439150445776342, -34.556641622286996 ], [ -58.439540848524778, -34.556798110315277 ], [ -58.439836775184141, -34.556934227412775 ], [ -58.44009869104061, -34.5570719454807 ], [ -58.440160613010299, -34.55710450422125 ], [ -58.440444435989768, -34.557303576036034 ], [ -58.440694551727816, -34.55751066997432 ], [ -58.440915810773888, -34.557721630643975 ], [ -58.441060130357698, -34.557896801913579 ], [ -58.441165974887404, -34.558071966038419 ], [ -58.441252483893486, -34.558298887510574 ], [ -58.441339066896511, -34.55857355759958 ], [ -58.441377496784085, -34.558744765626692 ], [ -58.441387096722927, -34.558816388554341 ], [ -58.441334454166807, -34.558957156994722 ], [ -58.441300980467766, -34.55903525163766 ], [ -58.441261363252181, -34.559168697379661 ], [ -58.441215637657955, -34.559306584240623 ], [ -58.441209567144263, -34.559324889352155 ], [ -58.441130344032821, -34.559546499294711 ], [ -58.441032905116018, -34.559763035321772 ], [ -58.440959827796569, -34.559914152754828 ], [ -58.440957481107837, -34.559917191941942 ], [ -58.440847085169928, -34.560060191415765 ], [ -58.440655241776376, -34.560276780035586 ], [ -58.440647180174281, -34.560283818695417 ], [ -58.440617635485424, -34.560309617497602 ], [ -58.440490828197042, -34.56042034425851 ], [ -58.440329480079633, -34.56055630348267 ], [ -58.440168048534979, -34.560684726534205 ], [ -58.439909028818498, -34.560879818373543 ], [ -58.439893975033144, -34.560891157258666 ], [ -58.439838510548491, -34.560928574814795 ], [ -58.439696106722494, -34.561024643221458 ], [ -58.439470739936446, -34.561168123940789 ], [ -58.439469221897404, -34.561168911492743 ], [ -58.439468627977128, -34.561169218763823 ], [ -58.43944299458488, -34.561182503513457 ], [ -58.439242400640758, -34.561286461921135 ], [ -58.43892577651151, -34.5614349941442 ], [ -58.438688247551333, -34.561533187736771 ], [ -58.438677500697686, -34.561537123909332 ], [ -58.438525112555531, -34.561592945567789 ], [ -58.438475155188449, -34.561611245227965 ], [ -58.438462709589388, -34.561615275686094 ], [ -58.43833867525062, -34.561655446872372 ], [ -58.438249806948733, -34.561684228397269 ], [ -58.437981893837694, -34.561757203231195 ], [ -58.437659160592183, -34.561827630257419 ], [ -58.437293088813277, -34.561872955052323 ], [ -58.437278719567374, -34.561874734113786 ], [ -58.437205083528475, -34.561882253433915 ], [ -58.43710675955279, -34.561891739739885 ], [ -58.437026739521151, -34.561899046648357 ], [ -58.436893087544995, -34.561910426286026 ], [ -58.436780889932223, -34.561918501297086 ], [ -58.436680695103476, -34.561924254039724 ], [ -58.43664454240993, -34.56192578759353 ], [ -58.436619573634566, -34.561926846725875 ], [ -58.436578008919049, -34.561928134790065 ], [ -58.436551897220127, -34.561928943962819 ], [ -58.436446426847546, -34.56193011880675 ], [ -58.436364450143586, -34.56192953735485 ], [ -58.436302053955707, -34.561928325574222 ], [ -58.436219141826534, -34.561926053640207 ], [ -58.436117672950239, -34.561922510111614 ], [ -58.436027015477755, -34.561918123374902 ], [ -58.43599817862858, -34.561915692989231 ], [ -58.435937380017805, -34.561910568280148 ], [ -58.435892025234551, -34.561906428664159 ], [ -58.435820591405864, -34.561899907900951 ], [ -58.435745427078459, -34.561892426233079 ], [ -58.435670434042912, -34.561884310853785 ], [ -58.435571946783199, -34.56187309098469 ], [ -58.435498061060414, -34.561864270834199 ], [ -58.435387572616548, -34.561850583578291 ], [ -58.435277083284738, -34.561836403141001 ], [ -58.435126247765204, -34.561816226915354 ], [ -58.435029379515314, -34.561802683100467 ], [ -58.434959664276725, -34.561792596181803 ], [ -58.434860307421381, -34.562089551263533 ], [ -58.434946515455955, -34.562160136005552 ], [ -58.435404250795017, -34.562537394435253 ], [ -58.435829380997248, -34.56254375936814 ], [ -58.436428985166778, -34.562578102911928 ], [ -58.436718492571835, -34.562561456520633 ], [ -58.437318084857779, -34.562526979780117 ], [ -58.437708586858214, -34.562509114832366 ], [ -58.438434622732693, -34.562475895807147 ], [ -58.438747603441001, -34.562443006550787 ], [ -58.439571856350469, -34.562356385455637 ], [ -58.439655767446105, -34.56234583880228 ], [ -58.44052299899203, -34.56223682992988 ], [ -58.441163991154063, -34.562134315745752 ], [ -58.441251953091189, -34.562239078505925 ], [ -58.441346075102715, -34.562351177228827 ], [ -58.441498832681553, -34.562522898698688 ], [ -58.441970808396604, -34.563053415645641 ], [ -58.442536744702799, -34.563689442643991 ], [ -58.442623334958007, -34.563626569226649 ], [ -58.44364761830208, -34.564234426957007 ], [ -58.444613781226387, -34.564804943539393 ], [ -58.445521309627317, -34.565340793923113 ], [ -58.446065816132361, -34.565662287730845 ], [ -58.446427489095086, -34.565874596496421 ], [ -58.447320997052969, -34.566399234841334 ], [ -58.447796994524708, -34.566678668410944 ], [ -58.447855729149722, -34.566713183398441 ], [ -58.448387278969577, -34.567222907509375 ], [ -58.449044554760377, -34.567853149509084 ], [ -58.449045576721311, -34.567854126775565 ], [ -58.449931109161547, -34.567381611352303 ], [ -58.450164048292244, -34.567257267614835 ], [ -58.450781556535837, -34.566920071569889 ], [ -58.450950342486266, -34.566827879951781 ], [ -58.451585168216077, -34.566481128239886 ], [ -58.451719343744102, -34.566410083319226 ], [ -58.452288565836149, -34.566108650867221 ], [ -58.453750705990963, -34.566932314502253 ], [ -58.453876737580721, -34.567003309898887 ], [ -58.453935488037317, -34.567037692155338 ], [ -58.454787925895239, -34.567536556678306 ], [ -58.455677333182166, -34.568057049071427 ], [ -58.456313360165268, -34.56842930534566 ], [ -58.456576372036196, -34.56858323970237 ], [ -58.457475846102462, -34.569109564310452 ], [ -58.457628838396211, -34.568998371471082 ], [ -58.457710360794636, -34.569526766519665 ], [ -58.457985324537795, -34.569794038377914 ], [ -58.458794820613633, -34.57058084715225 ], [ -58.459680099065167, -34.5714411757953 ], [ -58.460262320680236, -34.572008597394962 ], [ -58.460883371547638, -34.572610665973087 ], [ -58.461379480282901, -34.573091716533533 ], [ -58.461730892096874, -34.573432457146446 ], [ -58.462523090099396, -34.574202409070899 ], [ -58.462903657066278, -34.574593052990174 ], [ -58.463356084528215, -34.575008624627031 ], [ -58.4649920138542, -34.573995283598038 ], [ -58.466037830029997, -34.573336166889781 ], [ -58.467364656881507, -34.57249646466105 ], [ -58.468081615458928, -34.572909123463177 ], [ -58.468840893512407, -34.572012031308233 ], [ -58.469585938798154, -34.571131695260064 ], [ -58.470416264146053, -34.570150643985947 ], [ -58.471176599068436, -34.569252198216823 ], [ -58.471961602741025, -34.568324590973113 ], [ -58.472783274753347, -34.567353593606946 ], [ -58.473368640419011, -34.566661983371738 ], [ -58.472988668166487, -34.56643597938784 ], [ -58.472957658387365, -34.566417535033629 ], [ -58.472420733468368, -34.566098172629985 ], [ -58.471371528060281, -34.565452458404323 ], [ -58.470650100870273, -34.565005381443065 ], [ -58.470439480252502, -34.564868066844433 ], [ -58.469611220869695, -34.564327960753346 ], [ -58.468610751454108, -34.563675529681788 ], [ -58.467649371871119, -34.563048652549419 ], [ -58.467540916253853, -34.562968302174923 ], [ -58.466576315431787, -34.56225416199883 ], [ -58.466490675780939, -34.562190782154325 ], [ -58.466914255694469, -34.562011822448191 ], [ -58.467684373340688, -34.561687917695608 ], [ -58.467037656914982, -34.561315677310219 ], [ -58.467739047409886, -34.560534087563177 ], [ -58.468465279720014, -34.559724744867339 ], [ -58.468930360281014, -34.559206473233544 ], [ -58.469184603029774, -34.558929131341685 ], [ -58.468219962365424, -34.558428317755855 ], [ -58.467758586154233, -34.558188752865178 ], [ -58.467181615088528, -34.557886934579429 ], [ -58.466218359199566, -34.557383005935357 ], [ -58.465275800200999, -34.556889915308339 ], [ -58.464342615884611, -34.556401747199565 ], [ -58.463732983350461, -34.556082800073419 ], [ -58.463413442147392, -34.555915613651841 ], [ -58.462838205395997, -34.555614690576817 ], [ -58.462533733440154, -34.555480953028024 ], [ -58.461354590825742, -34.554862827274647 ], [ -58.460410471084032, -34.554367868054499 ], [ -58.459473002906662, -34.553876351472347 ], [ -58.458755566133441, -34.553500191959209 ], [ -58.458534863668724, -34.553385885003259 ], [ -58.458189044525909, -34.553206711020721 ], [ -58.457593671593969, -34.552898227209717 ], [ -58.457406421756005, -34.552801244334859 ], [ -58.457278666141789, -34.552735039824164 ], [ -58.45649086105697, -34.552326467868205 ], [ -58.455742810419238, -34.55193852699292 ], [ -58.45563949558931, -34.551883973245921 ], [ -58.455458963504633, -34.551788646420349 ], [ -58.454278988886365, -34.551165592301928 ], [ -58.45300745409709, -34.550504772561801 ], [ -58.453394351625498, -34.550053526242621 ], [ -58.45339735664794, -34.550050977242641 ], [ -58.45402399789053, -34.549519407255765 ], [ -58.454158573701605, -34.549405330624758 ], [ -58.454162171948276, -34.549197861371375 ], [ -58.454122276899781, -34.548985529240042 ], [ -58.453962257032643, -34.548764697391022 ], [ -58.453819749053672, -34.548568031322176 ], [ -58.453664533536035, -34.548314280113487 ], [ -58.45284835640318, -34.54725665233854 ], [ -58.452553429857524, -34.546874431095858 ], [ -58.45217618042561, -34.546385515551989 ], [ -58.452125212790158, -34.546285156450573 ], [ -58.450750523475961, -34.544529743772877 ], [ -58.450423940951005, -34.544135922461614 ], [ -58.44996590030653, -34.543543323173104 ], [ -58.449407239767247, -34.542758650923652 ], [ -58.449276001402552, -34.542653223485715 ], [ -58.450050214787552, -34.542227772308344 ], [ -58.451707756184426, -34.541320206085821 ], [ -58.452344971359373, -34.541054764578412 ], [ -58.452582593898711, -34.540973163770957 ], [ -58.452639871319334, -34.540955845078948 ], [ -58.452854427786271, -34.540890791101688 ], [ -58.453061408437833, -34.540836582132663 ], [ -58.453216389113422, -34.540793706731961 ], [ -58.454748145177994, -34.54032691014045 ], [ -58.457495304965981, -34.539005347786443 ], [ -58.458285165780204, -34.538598682096371 ], [ -58.459443612054088, -34.537799830372649 ], [ -58.459206442307099, -34.537607742171033 ], [ -58.458872848344015, -34.537337555915215 ], [ -58.458716782808885, -34.537211155008322 ], [ -58.45855852363001, -34.537320051832168 ], [ -58.458485396306813, -34.537276145122974 ], [ -58.458482310586383, -34.537274292409528 ], [ -58.458481229161208, -34.53727364310538 ], [ -58.458477349307202, -34.537271313581762 ], [ -58.458476844927617, -34.53727101074454 ], [ -58.4584766762706, -34.537270939235952 ], [ -58.458475118434457, -34.537270278731675 ], [ -58.45847072242951, -34.537268414876934 ], [ -58.458412837671474, -34.537243872392999 ], [ -58.458402795661634, -34.537239614689916 ], [ -58.458383382821097, -34.53723138385287 ], [ -58.458366971187921, -34.537224425491999 ], [ -58.458346323102248, -34.537215670914755 ], [ -58.458332980738106, -34.537210013885947 ], [ -58.458322093705881, -34.537205397891604 ], [ -58.458314015796631, -34.537201972936778 ], [ -58.458308309099856, -34.537199553352423 ], [ -58.458300077708671, -34.537196063321325 ], [ -58.458295288017801, -34.53719403253784 ], [ -58.458286935659579, -34.537190491216492 ], [ -58.458283620989356, -34.537189085827237 ], [ -58.458275562592171, -34.537185669141444 ], [ -58.458269711085237, -34.537183188156177 ], [ -58.4582640273725, -34.537180778313704 ], [ -58.458258452485019, -34.537178414611759 ], [ -58.458254866837144, -34.537176894329235 ], [ -58.458156519437928, -34.537135195851619 ], [ -58.457880599217269, -34.537018207331364 ], [ -58.457840524631017, -34.537001215867662 ], [ -58.457792689997355, -34.536980934148716 ], [ -58.457750774501754, -34.536963162100236 ], [ -58.457679419557422, -34.536932907760367 ], [ -58.457659457960325, -34.536924444075588 ], [ -58.457606236728253, -34.536901878335129 ], [ -58.457519793648878, -34.536865226494555 ], [ -58.457455028696494, -34.536837766112235 ], [ -58.457369866952099, -34.536801657396822 ], [ -58.457308379885625, -34.536775586726172 ], [ -58.457236757067662, -34.53674521841176 ], [ -58.457235315687278, -34.536744607260992 ], [ -58.45689672457312, -34.536601042620539 ], [ -58.456545007534153, -34.536451910990671 ], [ -58.456467009070487, -34.536418838632791 ], [ -58.456434423599248, -34.536405021948774 ], [ -58.456433088218546, -34.536404455728878 ], [ -58.456274340426958, -34.536337144602193 ], [ -58.456269006273693, -34.536334882846404 ], [ -58.456264400082979, -34.536332929756682 ], [ -58.456264135170443, -34.536332817430022 ], [ -58.456264090511652, -34.536332798497376 ], [ -58.45626401646652, -34.536332755198487 ], [ -58.456262275892797, -34.536331737374347 ], [ -58.456248585538525, -34.536323731751878 ], [ -58.456229185248951, -34.536312387161125 ], [ -58.456228222151346, -34.536311823972888 ], [ -58.456126443324301, -34.536252306934109 ], [ -58.455998398683136, -34.536177430236386 ], [ -58.455899290748405, -34.536119474679069 ], [ -58.455887588108581, -34.536112631290912 ], [ -58.455746798969926, -34.536030301423182 ], [ -58.455746248082718, -34.53602997927787 ], [ -58.455744789667612, -34.53602928319696 ], [ -58.45573471640656, -34.53602447537115 ], [ -58.455692461112925, -34.536004307498672 ], [ -58.455692227736584, -34.536004196111264 ], [ -58.455650949381109, -34.535984494494286 ], [ -58.455540337396421, -34.535931700731751 ], [ -58.455447250236119, -34.535887271226315 ], [ -58.455446996615919, -34.535887150175924 ], [ -58.455177217062896, -34.535758386612159 ], [ -58.455175471213572, -34.535757553329383 ], [ -58.455117836946698, -34.535730044916725 ], [ -58.455073283063612, -34.535708779644139 ], [ -58.455034302882552, -34.53569017464028 ], [ -58.454990623316803, -34.535669326623953 ], [ -58.454977059259306, -34.535662852568642 ], [ -58.454975113862325, -34.53566192404039 ], [ -58.454868625197932, -34.535602177206769 ], [ -58.454559825067129, -34.535428919914054 ], [ -58.454271425852504, -34.535267108179525 ], [ -58.454136451307143, -34.535191377754103 ], [ -58.454061826983697, -34.535162031418636 ], [ -58.45399112363733, -34.535126655657059 ], [ -58.453925051437089, -34.535085603891922 ], [ -58.453865331283936, -34.535040095901287 ], [ -58.453864272613565, -34.535039289037762 ], [ -58.453809397102305, -34.534988175387284 ], [ -58.453760973830271, -34.534932775004627 ], [ -58.453719490716203, -34.534873644119287 ], [ -58.453685362689995, -34.534811375011799 ], [ -58.453658932782758, -34.534746594210667 ], [ -58.453664719100097, -34.534669347339339 ], [ -58.453617564324361, -34.534601747915339 ], [ -58.453561379048466, -34.534483683775463 ], [ -58.453539772506723, -34.534419285536849 ], [ -58.453512099036566, -34.534334811912139 ], [ -58.453470621954892, -34.534265444272549 ], [ -58.453422026312253, -34.534199318494316 ], [ -58.45336667804839, -34.534136932189384 ], [ -58.453330747656338, -34.534094814346801 ], [ -58.453209525986971, -34.533880638506425 ], [ -58.45305223861574, -34.533723099213937 ], [ -58.453033355632435, -34.533704185578095 ], [ -58.452891436475568, -34.533524839913817 ], [ -58.45274447995476, -34.533338794198755 ], [ -58.452593203830453, -34.533138437683291 ], [ -58.452467862938271, -34.532955970400614 ], [ -58.452325234803048, -34.532744880951213 ], [ -58.451875756307238, -34.531993550722774 ], [ -58.451866314818851, -34.531938650792831 ], [ -58.451877280450873, -34.531911418639325 ], [ -58.451883809815094, -34.53188322784731 ], [ -58.451885787391262, -34.531854571490278 ], [ -58.451884278902853, -34.531838021046951 ], [ -58.451883179350197, -34.531825948057488 ], [ -58.451879820111259, -34.531818614589262 ], [ -58.451873189087934, -34.531801639091881 ], [ -58.451864557087518, -34.531785290803811 ], [ -58.451853011374439, -34.531769363211055 ], [ -58.451847013094167, -34.531761087497436 ], [ -58.451825803446333, -34.531740143424393 ], [ -58.451825106441341, -34.531739455565834 ], [ -58.451799376219469, -34.531720930508456 ], [ -58.451770457378906, -34.531705969409145 ], [ -58.451739064393152, -34.531694941019268 ], [ -58.451705971654292, -34.5316881176431 ], [ -58.451671996047253, -34.531685667023481 ], [ -58.451637976255356, -34.531687650537236 ], [ -58.451604752066352, -34.531694019587356 ], [ -58.451573142588849, -34.531704615600958 ], [ -58.451526639469776, -34.531736117097985 ], [ -58.451483894719168, -34.531771074131967 ], [ -58.451445280892422, -34.531809182058737 ], [ -58.451411135696148, -34.531850107384983 ], [ -58.451381757630536, -34.531893493176199 ], [ -58.451297097472072, -34.531973267978138 ], [ -58.451218828077025, -34.532057395469025 ], [ -58.451147277359539, -34.532145525036405 ], [ -58.451082741653288, -34.532237288937011 ], [ -58.451025490067543, -34.532332305902919 ], [ -58.450967711859583, -34.532437394492668 ], [ -58.450916728848604, -34.532544863524144 ], [ -58.45087268378991, -34.532654414646196 ], [ -58.450835699836453, -34.532765739588847 ], [ -58.4508058805378, -34.532878526473375 ], [ -58.450783310928514, -34.532992461615216 ], [ -58.450769686179946, -34.533076510677489 ], [ -58.450749693860509, -34.53315968289062 ], [ -58.450723414605022, -34.533241648335562 ], [ -58.450690951922837, -34.533322081601888 ], [ -58.450652434376266, -34.533400664492419 ], [ -58.450608015581167, -34.533477084220451 ], [ -58.450603818746906, -34.533484202395456 ], [ -58.450469646059112, -34.533711758570071 ], [ -58.450335728312474, -34.533821791283067 ], [ -58.450295366043662, -34.533914803986555 ], [ -58.450283820366423, -34.534031669844744 ], [ -58.450243456449364, -34.534134222385163 ], [ -58.450125246229476, -34.534449034894131 ], [ -58.450007815785909, -34.534896155961356 ], [ -58.449995475312427, -34.534959420730125 ], [ -58.449991672325844, -34.535023427404809 ], [ -58.449996317801812, -34.535086443424014 ], [ -58.450000201381236, -34.53514581216514 ], [ -58.450026130259332, -34.535200193877074 ], [ -58.450055042023692, -34.535258617928015 ], [ -58.450091480022664, -34.535314084285723 ], [ -58.450135008665384, -34.53536593214691 ], [ -58.450246535273607, -34.535428503503347 ], [ -58.450319819250332, -34.535482368273719 ], [ -58.45039823239312, -34.535531034983009 ], [ -58.450481238827571, -34.535574170936854 ], [ -58.450568269991422, -34.535611480396987 ] ] ] } },
{ "type": "Feature", "properties": { "id": 9.0, "comuna": 15.0, "perimetro_": 7724.85, "area_metro": 3115707.11, "nam": "Chacarita", "cca": null, "cde": null, "fna": null, "gna": null, "ara3": null, "arl": null }, "geometry": { "type": "Polygon", "coordinates": [ [ [ -58.460225480429045, -34.57829541024887 ], [ -58.460199206934227, -34.578295469979736 ], [ -58.460102790139217, -34.57829568924295 ], [ -58.459785236225855, -34.578314852934703 ], [ -58.459695722134605, -34.578320255272658 ], [ -58.458539141399349, -34.578390146441173 ], [ -58.457764665523413, -34.57843691940198 ], [ -58.45774441755561, -34.578438142618104 ], [ -58.457341514015724, -34.578546858085005 ], [ -58.457162540018352, -34.578595089010442 ], [ -58.457148357797436, -34.578598915749801 ], [ -58.455971704111398, -34.578916368034704 ], [ -58.455400123469126, -34.579070559986299 ], [ -58.454863192434331, -34.579242781069624 ], [ -58.453534392605221, -34.579668957999985 ], [ -58.453021550208533, -34.579833426038647 ], [ -58.452193999082425, -34.580098851279409 ], [ -58.452139690711647, -34.58011625285048 ], [ -58.452023277875824, -34.580153554852622 ], [ -58.45125277463552, -34.580400681822205 ], [ -58.451018608861325, -34.580475785978756 ], [ -58.451010678627156, -34.580478932056486 ], [ -58.450953471059819, -34.58050162687779 ], [ -58.450518262890327, -34.580674240186703 ], [ -58.450000044097109, -34.5808797737905 ], [ -58.449675396785139, -34.581008520106401 ], [ -58.449596515209706, -34.58103980245113 ], [ -58.449442733044314, -34.581096405412488 ], [ -58.449193071736538, -34.581188279821291 ], [ -58.448460687509574, -34.58145791653078 ], [ -58.448394525030587, -34.581482274893538 ], [ -58.44832694777233, -34.581507156774819 ], [ -58.448290687691873, -34.581520506935519 ], [ -58.448280760528242, -34.58152416189494 ], [ -58.448276168564213, -34.581526136352394 ], [ -58.448052968119676, -34.58162208070987 ], [ -58.447093645070034, -34.582034443840854 ], [ -58.446182923249843, -34.582425885053567 ], [ -58.445787211528909, -34.58259596387925 ], [ -58.444643784094794, -34.5830874208323 ], [ -58.444472789290955, -34.583160914794114 ], [ -58.444449849279088, -34.583170774645055 ], [ -58.44440818206666, -34.583188689431985 ], [ -58.444401054592021, -34.583191754074761 ], [ -58.444401511990577, -34.583193320822154 ], [ -58.444786905746156, -34.584513456190791 ], [ -58.444587027588319, -34.58466568265672 ], [ -58.443478553059059, -34.585400872785726 ], [ -58.442426523320506, -34.58609859741582 ], [ -58.441398918782092, -34.586780119584105 ], [ -58.441090616510706, -34.586984504216893 ], [ -58.440157952385718, -34.587600961056836 ], [ -58.439390502503123, -34.588108146400494 ], [ -58.438615803439163, -34.588620184083638 ], [ -58.43854708013172, -34.588661550940031 ], [ -58.438537236034477, -34.58866748031371 ], [ -58.438537713363679, -34.588667727400782 ], [ -58.438584598548474, -34.58869162193993 ], [ -58.43864313041621, -34.588721451988192 ], [ -58.450601518583667, -34.594398660316571 ], [ -58.450632019810193, -34.594421057545581 ], [ -58.450957778508879, -34.594660259255136 ], [ -58.451705385674188, -34.595209212780766 ], [ -58.451887354602263, -34.59533669657911 ], [ -58.452084566904418, -34.595475449294668 ], [ -58.452608083302479, -34.595843812361132 ], [ -58.452820880710775, -34.595988339756033 ], [ -58.453655985299918, -34.596555390170856 ], [ -58.453768219033364, -34.596633921042923 ], [ -58.453817097977527, -34.596668150979674 ], [ -58.454795531215858, -34.597352388659203 ], [ -58.455484787493198, -34.597834414716935 ], [ -58.455921171836415, -34.597695002595437 ], [ -58.456010057092882, -34.597666613119358 ], [ -58.45605828782243, -34.597651207971026 ], [ -58.456237048274978, -34.597589737806764 ], [ -58.456494671111201, -34.597501230019944 ], [ -58.457073958584047, -34.597302173601612 ], [ -58.457614919892436, -34.597116211223117 ], [ -58.45783047001121, -34.59703917736099 ], [ -58.457932028666292, -34.59700279413223 ], [ -58.457938968204687, -34.5970003083129 ], [ -58.457939759606987, -34.597000117246004 ], [ -58.458032088758983, -34.596977812852515 ], [ -58.458247343391157, -34.596925813458405 ], [ -58.459208743448727, -34.596693380615037 ], [ -58.45927593582843, -34.596677185180141 ], [ -58.460772223340271, -34.596590533699604 ], [ -58.461008971342935, -34.596576876407525 ], [ -58.461500646158655, -34.596546671654053 ], [ -58.461505292012987, -34.596546391379924 ], [ -58.462322498455102, -34.596510766510555 ], [ -58.462480642607701, -34.596503936691505 ], [ -58.462521073044563, -34.596501526551201 ], [ -58.463768193360032, -34.59642717606615 ], [ -58.463864084984259, -34.596429147974057 ], [ -58.464614354323437, -34.596478297696819 ], [ -58.465159579372532, -34.596575521695044 ], [ -58.46516168647333, -34.59657589755632 ], [ -58.465271374707257, -34.596601741433155 ], [ -58.465340185219546, -34.596611670377555 ], [ -58.465450878108477, -34.596618641884803 ], [ -58.465540507167638, -34.596646031811808 ], [ -58.46562039631953, -34.59670403598512 ], [ -58.465577102567387, -34.596557440185904 ], [ -58.465554725894435, -34.596482021244384 ], [ -58.465512119190258, -34.596338423536963 ], [ -58.465454971073193, -34.596145604765354 ], [ -58.465199148807734, -34.595336186055661 ], [ -58.465074006503826, -34.594900966397745 ], [ -58.464827041894651, -34.594042058470656 ], [ -58.464454385794369, -34.592793371142214 ], [ -58.464382153972863, -34.592551334170068 ], [ -58.464409488143268, -34.592467106707865 ], [ -58.465028398810446, -34.591936245728043 ], [ -58.465880001977574, -34.591208014639953 ], [ -58.466049307715259, -34.591086577440798 ], [ -58.466393153609943, -34.590862125498177 ], [ -58.466530939960833, -34.590772181463578 ], [ -58.466592590371633, -34.590735066393286 ], [ -58.466828452112026, -34.590592966556351 ], [ -58.465783331812304, -34.589604284379099 ], [ -58.464533655666401, -34.588422048741393 ], [ -58.463074945009801, -34.587064857736294 ], [ -58.462975588667007, -34.586980477878953 ], [ -58.461953163425655, -34.586112155730049 ], [ -58.461870725839646, -34.586042142951371 ], [ -58.461464361419218, -34.585833217951397 ], [ -58.460379389687752, -34.585527642716876 ], [ -58.460414506849716, -34.585402377980003 ], [ -58.460446867146452, -34.58528772834277 ], [ -58.460426094078421, -34.585203219293291 ], [ -58.460471228753995, -34.585036105226209 ], [ -58.460536201498094, -34.584943921616471 ], [ -58.460535123880788, -34.584046159307299 ], [ -58.460533797815906, -34.58295029339417 ], [ -58.460532556832057, -34.581853301404962 ], [ -58.460531230343243, -34.580772224781008 ], [ -58.460529904691448, -34.579666923055818 ], [ -58.46052833291089, -34.578294783799542 ], [ -58.460523850461868, -34.578294792711944 ], [ -58.460225480429045, -34.57829541024887 ] ] ] } },
{ "type": "Feature", "properties": { "id": 10.0, "comuna": 12.0, "perimetro_": 4627.56, "area_metro": 1279951.37, "nam": "Coghlan", "cca": null, "cde": null, "fna": null, "gna": null, "ara3": null, "arl": null }, "geometry": { "type": "Polygon", "coordinates": [ [ [ -58.469184603029774, -34.558929131341685 ], [ -58.468930360281014, -34.559206473233544 ], [ -58.468465279720014, -34.559724744867339 ], [ -58.467739047409886, -34.560534087563177 ], [ -58.467037656914982, -34.561315677310219 ], [ -58.467684373340688, -34.561687917695608 ], [ -58.466914255694469, -34.562011822448191 ], [ -58.466490675780939, -34.562190782154325 ], [ -58.466576315431787, -34.56225416199883 ], [ -58.467540916253853, -34.562968302174923 ], [ -58.467649371871119, -34.563048652549419 ], [ -58.468610751454108, -34.563675529681788 ], [ -58.469611220869695, -34.564327960753346 ], [ -58.470439480252502, -34.564868066844433 ], [ -58.470650100870273, -34.565005381443065 ], [ -58.471371528060281, -34.565452458404323 ], [ -58.472420733468368, -34.566098172629985 ], [ -58.472957658387365, -34.566417535033629 ], [ -58.472988668166487, -34.56643597938784 ], [ -58.4735335391387, -34.566552105487702 ], [ -58.473607464232146, -34.566566566277068 ], [ -58.474594601383885, -34.566811106505 ], [ -58.474662739751636, -34.566738364004706 ], [ -58.474665787126753, -34.566735110469509 ], [ -58.475123717077153, -34.566219140385748 ], [ -58.476190241013988, -34.566849608862448 ], [ -58.476356052070599, -34.56670015170576 ], [ -58.477177527842933, -34.565968214662348 ], [ -58.478148110936047, -34.565103363695115 ], [ -58.479118249041619, -34.564238857406593 ], [ -58.479311882279696, -34.5640663637881 ], [ -58.479054855891029, -34.563932591088331 ], [ -58.479541415048196, -34.563770904020764 ], [ -58.479721531280013, -34.563696512127997 ], [ -58.479910071025806, -34.563605076427656 ], [ -58.480068048284053, -34.563507799778158 ], [ -58.480374298193546, -34.563316837606351 ], [ -58.480225376421103, -34.563236310351385 ], [ -58.480976593137171, -34.562643170660309 ], [ -58.481157601935323, -34.562500249948123 ], [ -58.483559505311746, -34.559104990631823 ], [ -58.48340754335922, -34.559032055931816 ], [ -58.482446297884408, -34.558495086131693 ], [ -58.481536227957839, -34.557986551972895 ], [ -58.480805456424676, -34.557578128736552 ], [ -58.480628298252967, -34.557478785009387 ], [ -58.480525715868566, -34.55742126312991 ], [ -58.479721230432538, -34.55697058926512 ], [ -58.479354321031579, -34.55676499960331 ], [ -58.478816898869255, -34.556463935946176 ], [ -58.477910108063675, -34.555955937557222 ], [ -58.476990645025694, -34.555440820634182 ], [ -58.476080471367986, -34.554930837521525 ], [ -58.475176268934419, -34.554424227358609 ], [ -58.474252242623955, -34.553906484090852 ], [ -58.473929282248953, -34.553725522752451 ], [ -58.473586405948652, -34.553534561776345 ], [ -58.472983951722611, -34.554323502315683 ], [ -58.472983929935722, -34.554323531163149 ], [ -58.472743273835363, -34.554638740152036 ], [ -58.472449740821162, -34.55501736275685 ], [ -58.471850243461716, -34.555790804428725 ], [ -58.471556276866544, -34.556163649389177 ], [ -58.470872416677437, -34.557030826870545 ], [ -58.470068779650774, -34.557945049057068 ], [ -58.469650016538431, -34.558421420725203 ], [ -58.469184603029774, -34.558929131341685 ] ] ] } },
{ "type": "Feature", "properties": { "id": 11.0, "comuna": 13.0, "perimetro_": 6374.62, "area_metro": 2289774.1, "nam": "Colegiales", "cca": null, "cde": null, "fna": null, "gna": null, "ara3": null, "arl": null }, "geometry": { "type": "Polygon", "coordinates": [ [ [ -58.449045576721311, -34.567854126775565 ], [ -58.448643886501074, -34.56806851973073 ], [ -58.44813440859874, -34.568328886122707 ], [ -58.447043413379006, -34.568886432526618 ], [ -58.446692374921895, -34.569065896360428 ], [ -58.446498167189674, -34.569161223638453 ], [ -58.445706260636683, -34.569550064304281 ], [ -58.444887015860971, -34.569952345877063 ], [ -58.444111954184429, -34.570332938743739 ], [ -58.443828934393331, -34.570471910173495 ], [ -58.443641105562776, -34.570564065384936 ], [ -58.442957644406981, -34.570915509852426 ], [ -58.442545538248119, -34.571127346078796 ], [ -58.442204868047483, -34.571302502500913 ], [ -58.441945338731806, -34.571445488551788 ], [ -58.440746025418903, -34.57210641340086 ], [ -58.441704494778747, -34.573074211312367 ], [ -58.442421849746715, -34.57379836450351 ], [ -58.443140495119899, -34.574523922537111 ], [ -58.443544920991371, -34.57493221574429 ], [ -58.443973041589913, -34.575364425272241 ], [ -58.44375560306392, -34.575504078342561 ], [ -58.442920551665658, -34.576040394842174 ], [ -58.442729297219785, -34.576163252363685 ], [ -58.442566833016748, -34.576279660266685 ], [ -58.441879609583253, -34.57677206180049 ], [ -58.441815571744783, -34.576817966476376 ], [ -58.440889996851425, -34.577796480763624 ], [ -58.440221970090448, -34.578324409658251 ], [ -58.439940367895673, -34.578546951433879 ], [ -58.440534599474383, -34.579099890902519 ], [ -58.441544665524532, -34.580039811184214 ], [ -58.441579188981727, -34.580071937824584 ], [ -58.442283885176963, -34.580727700315563 ], [ -58.442510745071743, -34.580938798886699 ], [ -58.443424465838774, -34.581789051873997 ], [ -58.443433004171418, -34.581796996622607 ], [ -58.443762770074798, -34.582227720131286 ], [ -58.443780975253141, -34.582251498130908 ], [ -58.444449832935838, -34.583170752106909 ], [ -58.444449849279088, -34.583170774645055 ], [ -58.444472789290955, -34.583160914794114 ], [ -58.444643784094794, -34.5830874208323 ], [ -58.445787211528909, -34.58259596387925 ], [ -58.446182923249843, -34.582425885053567 ], [ -58.447093645070034, -34.582034443840854 ], [ -58.448052968119676, -34.58162208070987 ], [ -58.448276168564213, -34.581526136352394 ], [ -58.448280760528242, -34.58152416189494 ], [ -58.448290687691873, -34.581520506935519 ], [ -58.44832694777233, -34.581507156774819 ], [ -58.448394525030587, -34.581482274893538 ], [ -58.448460687509574, -34.58145791653078 ], [ -58.449193071736538, -34.581188279821291 ], [ -58.449442733044314, -34.581096405412488 ], [ -58.449596515209706, -34.58103980245113 ], [ -58.449675396785139, -34.581008520106401 ], [ -58.450000044097109, -34.5808797737905 ], [ -58.450518262890327, -34.580674240186703 ], [ -58.450953471059819, -34.58050162687779 ], [ -58.451010678627156, -34.580478932056486 ], [ -58.451018608861325, -34.580475785978756 ], [ -58.45125277463552, -34.580400681822205 ], [ -58.452023277875824, -34.580153554852622 ], [ -58.452139690711647, -34.58011625285048 ], [ -58.452193999082425, -34.580098851279409 ], [ -58.453021550208533, -34.579833426038647 ], [ -58.453534392605221, -34.579668957999985 ], [ -58.454863192434331, -34.579242781069624 ], [ -58.455400123469126, -34.579070559986299 ], [ -58.455971704111398, -34.578916368034704 ], [ -58.457148357797436, -34.578598915749801 ], [ -58.457162540018352, -34.578595089010442 ], [ -58.457341514015724, -34.578546858085005 ], [ -58.45774441755561, -34.578438142618104 ], [ -58.457764665523413, -34.57843691940198 ], [ -58.458539141399349, -34.578390146441173 ], [ -58.459695722134605, -34.578320255272658 ], [ -58.459785236225855, -34.578314852934703 ], [ -58.460102790139217, -34.57829568924295 ], [ -58.460199206934227, -34.578295469979736 ], [ -58.460225480429045, -34.57829541024887 ], [ -58.460547586447134, -34.577943087581595 ], [ -58.460633218645256, -34.577853619370806 ], [ -58.461605841583143, -34.576837451288128 ], [ -58.462247636563333, -34.57616687782032 ], [ -58.462376631860081, -34.576032092237035 ], [ -58.463187648819883, -34.575105325982705 ], [ -58.463356084528215, -34.575008624627031 ], [ -58.462903657066278, -34.574593052990174 ], [ -58.462523090099396, -34.574202409070899 ], [ -58.461730892096874, -34.573432457146446 ], [ -58.461379480282901, -34.573091716533533 ], [ -58.460883371547638, -34.572610665973087 ], [ -58.460262320680236, -34.572008597394962 ], [ -58.459680099065167, -34.5714411757953 ], [ -58.458794820613633, -34.57058084715225 ], [ -58.457985324537795, -34.569794038377914 ], [ -58.457710360794636, -34.569526766519665 ], [ -58.457628838396211, -34.568998371471082 ], [ -58.457475846102462, -34.569109564310452 ], [ -58.456576372036196, -34.56858323970237 ], [ -58.456313360165268, -34.56842930534566 ], [ -58.455677333182166, -34.568057049071427 ], [ -58.454787925895239, -34.567536556678306 ], [ -58.453935488037317, -34.567037692155338 ], [ -58.453876737580721, -34.567003309898887 ], [ -58.453750705990963, -34.566932314502253 ], [ -58.452288565836149, -34.566108650867221 ], [ -58.451719343744102, -34.566410083319226 ], [ -58.451585168216077, -34.566481128239886 ], [ -58.450950342486266, -34.566827879951781 ], [ -58.450781556535837, -34.566920071569889 ], [ -58.450164048292244, -34.567257267614835 ], [ -58.449931109161547, -34.567381611352303 ], [ -58.449045576721311, -34.567854126775565 ] ] ] } },
{ "type": "Feature", "properties": { "id": 20.0, "comuna": 13.0, "perimetro_": 10910.99, "area_metro": 4502471.47, "nam": "Nuñez", "cca": null, "cde": null, "fna": null, "gna": null, "ara3": null, "arl": null }, "geometry": { "type": "Polygon", "coordinates": [ [ [ -58.458716782808885, -34.537211155008322 ], [ -58.458872848344015, -34.537337555915215 ], [ -58.459206442307099, -34.537607742171033 ], [ -58.459443612054088, -34.537799830372649 ], [ -58.458285165780204, -34.538598682096371 ], [ -58.457495304965981, -34.539005347786443 ], [ -58.454748145177994, -34.54032691014045 ], [ -58.453216389113422, -34.540793706731961 ], [ -58.453061408437833, -34.540836582132663 ], [ -58.452854427786271, -34.540890791101688 ], [ -58.452639871319334, -34.540955845078948 ], [ -58.452582593898711, -34.540973163770957 ], [ -58.452344971359373, -34.541054764578412 ], [ -58.451707756184426, -34.541320206085821 ], [ -58.450050214787552, -34.542227772308344 ], [ -58.449276001402552, -34.542653223485715 ], [ -58.449407239767247, -34.542758650923652 ], [ -58.44996590030653, -34.543543323173104 ], [ -58.450423940951005, -34.544135922461614 ], [ -58.450750523475961, -34.544529743772877 ], [ -58.452125212790158, -34.546285156450573 ], [ -58.45217618042561, -34.546385515551989 ], [ -58.452553429857524, -34.546874431095858 ], [ -58.45284835640318, -34.54725665233854 ], [ -58.453664533536035, -34.548314280113487 ], [ -58.453819749053672, -34.548568031322176 ], [ -58.453962257032643, -34.548764697391022 ], [ -58.454122276899781, -34.548985529240042 ], [ -58.454162171948276, -34.549197861371375 ], [ -58.454158573701605, -34.549405330624758 ], [ -58.45402399789053, -34.549519407255765 ], [ -58.45339735664794, -34.550050977242641 ], [ -58.453394351625498, -34.550053526242621 ], [ -58.45300745409709, -34.550504772561801 ], [ -58.454278988886365, -34.551165592301928 ], [ -58.455458963504633, -34.551788646420349 ], [ -58.45563949558931, -34.551883973245921 ], [ -58.455742810419238, -34.55193852699292 ], [ -58.45649086105697, -34.552326467868205 ], [ -58.457278666141789, -34.552735039824164 ], [ -58.457406421756005, -34.552801244334859 ], [ -58.457593671593969, -34.552898227209717 ], [ -58.458189044525909, -34.553206711020721 ], [ -58.458534863668724, -34.553385885003259 ], [ -58.458755566133441, -34.553500191959209 ], [ -58.459473002906662, -34.553876351472347 ], [ -58.460410471084032, -34.554367868054499 ], [ -58.461354590825742, -34.554862827274647 ], [ -58.462533733440154, -34.555480953028024 ], [ -58.462838205395997, -34.555614690576817 ], [ -58.463413442147392, -34.555915613651841 ], [ -58.463732983350461, -34.556082800073419 ], [ -58.464342615884611, -34.556401747199565 ], [ -58.465275800200999, -34.556889915308339 ], [ -58.466218359199566, -34.557383005935357 ], [ -58.467181615088528, -34.557886934579429 ], [ -58.467758586154233, -34.558188752865178 ], [ -58.468219962365424, -34.558428317755855 ], [ -58.469184603029774, -34.558929131341685 ], [ -58.469650016538431, -34.558421420725203 ], [ -58.470068779650774, -34.557945049057068 ], [ -58.470872416677437, -34.557030826870545 ], [ -58.471556276866544, -34.556163649389177 ], [ -58.471850243461716, -34.555790804428725 ], [ -58.472449740821162, -34.55501736275685 ], [ -58.472743273835363, -34.554638740152036 ], [ -58.472983929935722, -34.554323531163149 ], [ -58.472983951722611, -34.554323502315683 ], [ -58.473586405948652, -34.553534561776345 ], [ -58.474436153968917, -34.552421714939989 ], [ -58.473573102706695, -34.551944385393199 ], [ -58.472703846540696, -34.551463528299756 ], [ -58.471863882587627, -34.550998860719055 ], [ -58.471008010119156, -34.550525456178327 ], [ -58.47015776482931, -34.550055073187785 ], [ -58.469303103589105, -34.549582290258769 ], [ -58.468373465767776, -34.549076615773785 ], [ -58.46818978417501, -34.548940845367198 ], [ -58.468226380189691, -34.548895138687918 ], [ -58.468509016881427, -34.548540470106616 ], [ -58.468553526661488, -34.548484621899583 ], [ -58.46866804700295, -34.548347846530312 ], [ -58.468848330689092, -34.548114670940535 ], [ -58.468975879125651, -34.547954635078163 ], [ -58.469129430507728, -34.547761973276948 ], [ -58.46940116561742, -34.547411387465289 ], [ -58.469939949369611, -34.546716343047613 ], [ -58.470431320473033, -34.546066932968522 ], [ -58.471012973452773, -34.545279906386256 ], [ -58.471537429367132, -34.544570277644453 ], [ -58.47209429821546, -34.543817684749726 ], [ -58.472692258011463, -34.543009662490171 ], [ -58.47323634199298, -34.542274460093068 ], [ -58.473786627884508, -34.541530803734162 ], [ -58.474356304859789, -34.540760945655812 ], [ -58.474927672569159, -34.53998890049413 ], [ -58.475419365019008, -34.539338296837563 ], [ -58.475452293088146, -34.539294725579062 ], [ -58.475486993097817, -34.539248810412687 ], [ -58.475544984645524, -34.539172074762796 ], [ -58.475680098538255, -34.538993291045323 ], [ -58.475761013033996, -34.538886223398123 ], [ -58.475845681426811, -34.538774187520488 ], [ -58.475906780582498, -34.538693339944203 ], [ -58.475953367506534, -34.538631694333517 ], [ -58.47588070695906, -34.53859960456623 ], [ -58.475339572324636, -34.538360629225245 ], [ -58.475266912261944, -34.538328540873017 ], [ -58.475245860145229, -34.538319243762125 ], [ -58.474708692014673, -34.538082015272337 ], [ -58.474636645987779, -34.53805019744641 ], [ -58.474636032467153, -34.538049926494963 ], [ -58.474412632475463, -34.537951265177171 ], [ -58.474322146796894, -34.537911302995205 ], [ -58.474124921391933, -34.537824200832915 ], [ -58.474080485326134, -34.537804576124529 ], [ -58.474052262298152, -34.537792111697733 ], [ -58.473406318480691, -34.537506834064679 ], [ -58.473333658652358, -34.537474743903594 ], [ -58.473317430736145, -34.537467576846737 ], [ -58.47119738892809, -34.536531235560517 ], [ -58.471124731572708, -34.536499144562342 ], [ -58.471095441076137, -34.536486207638532 ], [ -58.468011306761625, -34.535123954750432 ], [ -58.467836654695958, -34.535046807788653 ], [ -58.467595858329062, -34.534940442998099 ], [ -58.46748678074686, -34.534892260731326 ], [ -58.467403699357767, -34.53485556163124 ], [ -58.467385381168974, -34.534847470023159 ], [ -58.467381402490815, -34.534845712539642 ], [ -58.467229373749639, -34.53477855722457 ], [ -58.467224941469787, -34.534776599456457 ], [ -58.46718267633122, -34.534757929443124 ], [ -58.46690954611028, -34.53463727985973 ], [ -58.466907912071264, -34.53463655805416 ], [ -58.466907224664702, -34.534636254405413 ], [ -58.466906721248527, -34.534636032030917 ], [ -58.4669055906257, -34.5346355325998 ], [ -58.466904401103264, -34.534635007150882 ], [ -58.466903935954974, -34.534634801680482 ], [ -58.466902235724866, -34.534634050636122 ], [ -58.46690161366179, -34.534633775851582 ], [ -58.466901193225233, -34.534633590131705 ], [ -58.466900377279757, -34.53463322970326 ], [ -58.466899914279466, -34.53463302518167 ], [ -58.4668994405394, -34.534632815915963 ], [ -58.466898870932155, -34.534632564302747 ], [ -58.466898566994558, -34.534632430044056 ], [ -58.466898054986686, -34.534632203874274 ], [ -58.466897393808097, -34.534631911811147 ], [ -58.466897119546587, -34.534631790661315 ], [ -58.466896246001774, -34.534631404789437 ], [ -58.466896168618355, -34.53463137060676 ], [ -58.466895072815312, -34.534630886556471 ], [ -58.466894685050512, -34.534630715268698 ], [ -58.466893847625627, -34.534630345352063 ], [ -58.466892672291252, -34.534629826170267 ], [ -58.466892362757569, -34.534629689439605 ], [ -58.466891513292722, -34.534629314204523 ], [ -58.466891113487968, -34.534629137598294 ], [ -58.466890349998344, -34.534628800341146 ], [ -58.466889196143477, -34.534628290647461 ], [ -58.466888792042845, -34.534628112143615 ], [ -58.466887220351929, -34.534627417878703 ], [ -58.466886875998618, -34.534627265767085 ], [ -58.466885771603899, -34.534626777921453 ], [ -58.466884898906898, -34.534626392423938 ], [ -58.466883790216308, -34.534625902680673 ], [ -58.466883450611427, -34.534625752666578 ], [ -58.466881640326555, -34.534624953007146 ], [ -58.466881468376179, -34.534624877051286 ], [ -58.466880448656468, -34.534624426609177 ], [ -58.466879318033932, -34.534623927177805 ], [ -58.466878867921388, -34.534623728348997 ], [ -58.466878127211572, -34.534623401154278 ], [ -58.466877498704832, -34.534623123523154 ], [ -58.466876546476584, -34.53462270289409 ], [ -58.466875605440563, -34.534622287208961 ], [ -58.466875435638144, -34.53462221220191 ], [ -58.466875177712559, -34.534622098268088 ], [ -58.466874141657094, -34.534621640609878 ], [ -58.466873283148082, -34.534621261379513 ], [ -58.466873113345663, -34.534621186372455 ], [ -58.466872266876678, -34.53462081246051 ], [ -58.466871819364648, -34.534620614780394 ], [ -58.46687096560408, -34.534620237647545 ], [ -58.466869945884504, -34.534619787205372 ], [ -58.466869429580896, -34.534619559137823 ], [ -58.466868644159469, -34.534619212192489 ], [ -58.466868033288854, -34.534618942351713 ], [ -58.46686710813627, -34.534618533682725 ], [ -58.466866909110308, -34.534618445766689 ], [ -58.466866770679381, -34.534618384617389 ], [ -58.466865711844292, -34.5346179168966 ], [ -58.466864794888316, -34.534617511848261 ], [ -58.466864587665775, -34.534617420311527 ], [ -58.466864449234841, -34.534617359162233 ], [ -58.46686355720653, -34.53461696512521 ], [ -58.466862473443832, -34.534616486393062 ], [ -58.466861669538673, -34.534616131282796 ], [ -58.466861236214598, -34.534615939869902 ], [ -58.466861208686467, -34.534615927709858 ], [ -58.466860882817052, -34.534615783763059 ], [ -58.466859617211988, -34.534615224705377 ], [ -58.466859348094218, -34.534615105827569 ], [ -58.466858886394341, -34.534614901880161 ], [ -58.466858560524933, -34.534614757933362 ], [ -58.466857294919897, -34.534614198875651 ], [ -58.466856459643303, -34.534613829907578 ], [ -58.466854138199025, -34.534612804452237 ], [ -58.466851563125161, -34.534611666960593 ], [ -58.466850510734098, -34.534611202086111 ], [ -58.466849241681011, -34.534610641505147 ], [ -58.466848189289941, -34.534610176630643 ], [ -58.466846348481972, -34.534609363487377 ], [ -58.466844026190216, -34.534608337657374 ], [ -58.466841992347774, -34.534607439244546 ], [ -58.466839671356325, -34.534606413988811 ], [ -58.466838551474027, -34.534605919301164 ], [ -58.466836230482706, -34.534604894045373 ], [ -58.466832950819743, -34.534603445313671 ], [ -58.466830629376048, -34.534602419857876 ], [ -58.466828280009089, -34.534601382067422 ], [ -58.466826615447708, -34.534600646777434 ], [ -58.466826529472556, -34.534600608799458 ], [ -58.466825958565487, -34.534600356611556 ], [ -58.466824294004141, -34.534599621321526 ], [ -58.466824208028989, -34.534599583343528 ], [ -58.466792446105863, -34.53458555307855 ], [ -58.466792342494664, -34.534585507310133 ], [ -58.466792250075692, -34.534585466485687 ], [ -58.466792156356512, -34.534585425086881 ], [ -58.466792026517481, -34.534585367732767 ], [ -58.466791931950581, -34.534585325959483 ], [ -58.466791853719549, -34.534585291402308 ], [ -58.466791732924776, -34.534585238043356 ], [ -58.466791569566325, -34.534585165882611 ], [ -58.466791441875223, -34.534585109477312 ], [ -58.466791321928198, -34.53458505649283 ], [ -58.466791256584806, -34.534585027628545 ], [ -58.46679120328141, -34.534585004082693 ], [ -58.466791103966095, -34.534584960211888 ], [ -58.466791049362449, -34.534584936091697 ], [ -58.466790987467249, -34.53458490875056 ], [ -58.466790902339817, -34.534584871147025 ], [ -58.46679082066062, -34.534584835066653 ], [ -58.46679073683346, -34.534584798037493 ], [ -58.466790672790296, -34.534584769747532 ], [ -58.466790562735262, -34.534584721132667 ], [ -58.466790456128429, -34.534584674040978 ], [ -58.46679034607341, -34.534584625426078 ], [ -58.466790279429787, -34.53458459598744 ], [ -58.466790166379106, -34.534584546049295 ], [ -58.466790124663106, -34.534584527621973 ], [ -58.466790052875901, -34.534584495911254 ], [ -58.466790021051935, -34.534584481853571 ], [ -58.466789940672939, -34.534584446347552 ], [ -58.466789871033654, -34.534584415585627 ], [ -58.466789834913811, -34.534584399630319 ], [ -58.466789788054193, -34.53458437893093 ], [ -58.466789697783206, -34.534584339055286 ], [ -58.466789610507867, -34.534584300502949 ], [ -58.466789524532757, -34.534584262524938 ], [ -58.466789411482061, -34.534584212586779 ], [ -58.466789365470184, -34.534584192261839 ], [ -58.466789248123625, -34.534584140426048 ], [ -58.466789170740306, -34.534584106243322 ], [ -58.466789120885061, -34.534584084220626 ], [ -58.466789083917476, -34.53458406789084 ], [ -58.466789000938014, -34.534584031236129 ], [ -58.4667889717145, -34.534584018327159 ], [ -58.466788935594636, -34.534584002371837 ], [ -58.466788872399199, -34.534583974456375 ], [ -58.466788777832342, -34.53458393268312 ], [ -58.466788727977068, -34.53458391066043 ], [ -58.466788674673658, -34.534583887114579 ], [ -58.466788582254715, -34.534583846290133 ], [ -58.466788492831412, -34.534583806788966 ], [ -58.466788415448086, -34.53458377260624 ], [ -58.466788384076629, -34.534583758748447 ], [ -58.466788351404944, -34.534583744316308 ], [ -58.466788274021589, -34.53458371013356 ], [ -58.466788241349924, -34.534583695701414 ], [ -58.466788134743062, -34.534583648609697 ], [ -58.466788035427776, -34.534583604738913 ], [ -58.466787958044421, -34.534583570556158 ], [ -58.466787844993767, -34.534583520618021 ], [ -58.466787731490577, -34.534583470479959 ], [ -58.466787630027341, -34.534583425660358 ], [ -58.466787548348115, -34.534583389579979 ], [ -58.46678746666889, -34.534583353499613 ], [ -58.466787367353589, -34.534583309628808 ], [ -58.466787289122564, -34.534583275071611 ], [ -58.466787194555678, -34.534583233298335 ], [ -58.466787043237183, -34.534583166456038 ], [ -58.466786849354996, -34.534583080811977 ], [ -58.466786761231951, -34.534583041885178 ], [ -58.466786649876695, -34.534582992695938 ], [ -58.466786540669389, -34.534582944455522 ], [ -58.466786452546323, -34.534582905528715 ], [ -58.466786360127394, -34.534582864704269 ], [ -58.466786290488116, -34.534582833942331 ], [ -58.466786254368245, -34.534582817987008 ], [ -58.466786158501129, -34.5345827756394 ], [ -58.466786095305693, -34.534582747723931 ], [ -58.466786062634007, -34.534582733291792 ], [ -58.466786008030333, -34.534582709171588 ], [ -58.466785952578988, -34.534582684676913 ], [ -58.466785916459109, -34.534582668721598 ], [ -58.466785839075783, -34.534582634538872 ], [ -58.466785761692449, -34.534582600356131 ], [ -58.466785723424628, -34.534582583452 ], [ -58.466785651637437, -34.534582551741252 ], [ -58.466785483983124, -34.534582477682882 ], [ -58.466785124594537, -34.53458231892926 ], [ -58.46678473897812, -34.534582148589955 ], [ -58.466783969045537, -34.534581808485676 ], [ -58.466783918737761, -34.534581786263104 ], [ -58.466783830614723, -34.53458174733629 ], [ -58.466783773863142, -34.534581722267248 ], [ -58.466783686587782, -34.53458168371489 ], [ -58.466783595016558, -34.5345816432649 ], [ -58.466783517633246, -34.534581609082153 ], [ -58.466783440249912, -34.534581574899434 ], [ -58.466783330194872, -34.534581526284533 ], [ -58.466783162540558, -34.53458145222617 ], [ -58.466782885678946, -34.534581329927363 ], [ -58.466782803152014, -34.534581293472534 ], [ -58.466782417535626, -34.534581123133215 ], [ -58.466781592999368, -34.53458075890871 ], [ -58.466780563388738, -34.534580304096167 ], [ -58.466780517829392, -34.53458028397111 ], [ -58.466778196386969, -34.534579258514327 ], [ -58.466777358963093, -34.534578888596883 ], [ -58.466775031076921, -34.534577860293574 ], [ -58.466773753433074, -34.534577295916549 ], [ -58.466772703643322, -34.534576832190105 ], [ -58.466771431143101, -34.534576270085154 ], [ -58.46676885821946, -34.534575133540599 ], [ -58.4667665367773, -34.534574108083575 ], [ -58.466763294932072, -34.534572676054232 ], [ -58.466760973942577, -34.534571650797005 ], [ -58.466756490573765, -34.534569670345654 ], [ -58.466754168284204, -34.534568644513925 ], [ -58.466751250160506, -34.534567355482558 ], [ -58.466751070466273, -34.534567276105683 ], [ -58.466750867992396, -34.534567186666294 ], [ -58.466750602323089, -34.5345670693114 ], [ -58.466750290641961, -34.534566931631566 ], [ -58.46675001852882, -34.534566811430217 ], [ -58.46674952285759, -34.534566592475876 ], [ -58.466748928323589, -34.534566329850612 ], [ -58.466748893503969, -34.534566314469629 ], [ -58.466748748629399, -34.534566250473752 ], [ -58.466748547003213, -34.534566161408804 ], [ -58.466748366008773, -34.534566081457591 ], [ -58.466748280881433, -34.534566043854035 ], [ -58.466747970500499, -34.534565906748533 ], [ -58.466747837665856, -34.534565848071082 ], [ -58.466747697087143, -34.534565785972823 ], [ -58.466747201415906, -34.534565567018468 ], [ -58.46674657206232, -34.534565289012193 ], [ -58.466746187746324, -34.534565119247134 ], [ -58.466746045867389, -34.534565056574507 ], [ -58.466745516676767, -34.534564822813529 ], [ -58.466744251921, -34.534564264129102 ], [ -58.466743866304753, -34.534564093789669 ], [ -58.466741930479458, -34.534563238671623 ], [ -58.466741770569271, -34.534563168033991 ], [ -58.466739483099687, -34.534562157582968 ], [ -58.466739449127779, -34.534562142576455 ], [ -58.466737161658259, -34.534561132125404 ], [ -58.466736206435755, -34.534560710171959 ], [ -58.466733884994397, -34.534559684714296 ], [ -58.466731872238547, -34.534558795613236 ], [ -58.466729549949612, -34.534557769781053 ], [ -58.466726442240464, -34.534556397002547 ], [ -58.466724120799363, -34.534555371544727 ], [ -58.466722500951427, -34.534554656003912 ], [ -58.466720179510425, -34.534553630546021 ], [ -58.466714150230814, -34.534550967211828 ], [ -58.466714080591586, -34.534550936449861 ], [ -58.466713984724571, -34.534550894102196 ], [ -58.466713880265743, -34.534550847959238 ], [ -58.466713727647139, -34.534550780542517 ], [ -58.466713605552265, -34.534550726609133 ], [ -58.466712808092183, -34.534550374344335 ], [ -58.466711828789997, -34.534549941753802 ], [ -58.466711759150783, -34.534549910991821 ], [ -58.46671166328376, -34.534549868644149 ], [ -58.466711558824933, -34.534549822501198 ], [ -58.466711406206336, -34.534549755084441 ], [ -58.466711284111469, -34.534549701151057 ], [ -58.466710486651401, -34.534549348886245 ], [ -58.466709810438488, -34.534549050180352 ], [ -58.466707488997812, -34.53454802472222 ], [ -58.4667059564254, -34.5345473477336 ], [ -58.466703635437341, -34.534546322475279 ], [ -58.466683170316273, -34.534537282341503 ], [ -58.466680848876244, -34.534536256882859 ], [ -58.466679015815586, -34.534535447157857 ], [ -58.466676693527951, -34.534534421324665 ], [ -58.466669163503255, -34.534531095056956 ], [ -58.466666842063567, -34.534530069598041 ], [ -58.466664154791992, -34.534528882538666 ], [ -58.466661833352433, -34.534527857079652 ], [ -58.466652951299118, -34.53452393357319 ], [ -58.466650630312351, -34.534522908313875 ], [ -58.466580635802707, -34.534491989309544 ], [ -58.466578314365165, -34.53449096384891 ], [ -58.466521244239637, -34.534465753945234 ], [ -58.466503655562256, -34.534457984384439 ], [ -58.466501334579668, -34.534456959121414 ], [ -58.466423766329456, -34.534422694344144 ], [ -58.466423084522674, -34.534422393164427 ], [ -58.466421445348836, -34.534421669079599 ], [ -58.466420763542054, -34.534421367899853 ], [ -58.466313838408119, -34.534374134965361 ], [ -58.466128033251969, -34.534292057497233 ], [ -58.466126180417817, -34.534291239025045 ], [ -58.466124322835327, -34.534290418455278 ], [ -58.466122463557497, -34.534289597136564 ], [ -58.466120611399177, -34.534288778962789 ], [ -58.465894732048653, -34.534188998521138 ], [ -58.465894690656597, -34.534188979591946 ], [ -58.46498702174334, -34.533788014087797 ], [ -58.464657791537995, -34.533642575038137 ], [ -58.464649564156623, -34.533638940534381 ], [ -58.464617462471203, -34.533624759380054 ], [ -58.464617430647891, -34.53362474532188 ], [ -58.464611422577136, -34.533622091211186 ], [ -58.464611390753845, -34.533622077152991 ], [ -58.464598339429038, -34.533616311629984 ], [ -58.464592299536207, -34.533613643460178 ], [ -58.464564793737324, -34.533601492552869 ], [ -58.46455875384661, -34.533598824381386 ], [ -58.464506002620311, -34.533575521072628 ], [ -58.464499962733377, -34.533572852898246 ], [ -58.464448900141178, -34.533550295520001 ], [ -58.464442860257854, -34.533547627342763 ], [ -58.464380008527591, -34.533519861951369 ], [ -58.464373968648694, -34.53351719377072 ], [ -58.464303778845995, -34.533486186645533 ], [ -58.464297738971929, -34.53348351846109 ], [ -58.464243566256194, -34.533459587014406 ], [ -58.464237526385986, -34.533456918827 ], [ -58.464170278812119, -34.533427211347131 ], [ -58.464164239794286, -34.533424543530543 ], [ -58.464142525951488, -34.53341495115788 ], [ -58.464137396573705, -34.533412685187606 ], [ -58.464136486933945, -34.533412283342216 ], [ -58.464131357682518, -34.533410017176287 ], [ -58.464114228553477, -34.533402450164878 ], [ -58.464108188688087, -34.53339978197635 ], [ -58.463805510672543, -34.533266069452011 ], [ -58.463803239604609, -34.53326506616947 ], [ -58.463802454207013, -34.533264719206812 ], [ -58.463799472127043, -34.533263401822552 ], [ -58.46379821814746, -34.533262847855809 ], [ -58.463797201059265, -34.533262398539861 ], [ -58.463796415661704, -34.533262051577168 ], [ -58.463796394268705, -34.533262027004902 ], [ -58.463784839645982, -34.53324875521087 ], [ -58.463762689639331, -34.533223313402409 ], [ -58.463192604222911, -34.532568498548706 ], [ -58.463156852567607, -34.532527432840091 ], [ -58.463156612227131, -34.532527156775814 ], [ -58.463123657679638, -34.532489303898004 ], [ -58.463093825755855, -34.532455037745791 ], [ -58.462927433215768, -34.532263911903392 ], [ -58.462825792738322, -34.532147162604353 ], [ -58.462664030206554, -34.531961353277374 ], [ -58.462515742922754, -34.531791021441776 ], [ -58.462346850278472, -34.531597019959918 ], [ -58.462340700261343, -34.531589955613953 ], [ -58.462222998028146, -34.531454754187948 ], [ -58.462219298807995, -34.531450504983141 ], [ -58.461712295169868, -34.530868116981587 ], [ -58.461686929466346, -34.530838979482311 ], [ -58.461686752049893, -34.530838775684522 ], [ -58.461605945897638, -34.530745953754156 ], [ -58.461467035898934, -34.530586387039605 ], [ -58.461397794384297, -34.530506848625514 ], [ -58.461379101849296, -34.530485376292461 ], [ -58.461373466556637, -34.530478902963303 ], [ -58.461284131288899, -34.530376282286056 ], [ -58.461276216544491, -34.530367190492548 ], [ -58.461259237698378, -34.530347686681537 ], [ -58.461200035061722, -34.530279679788798 ], [ -58.461133714229724, -34.530203495959718 ], [ -58.46112238936928, -34.530190487014679 ], [ -58.461109971604301, -34.53017622263679 ], [ -58.46110790909384, -34.530173853415285 ], [ -58.461105110799579, -34.530170638993035 ], [ -58.461101235656663, -34.530166187585849 ], [ -58.461099304451167, -34.530163969194682 ], [ -58.461076866809719, -34.530138194885886 ], [ -58.461071708099944, -34.530132269029437 ], [ -58.461070983578239, -34.530131264033443 ], [ -58.461059623047852, -34.530115505651075 ], [ -58.46105403303735, -34.53010775165108 ], [ -58.461039338665678, -34.530087368826635 ], [ -58.461007486095944, -34.530043185519759 ], [ -58.46100300527123, -34.530036970077958 ], [ -58.461002951137658, -34.530036886100675 ], [ -58.461001181860318, -34.5300341414247 ], [ -58.460993824675057, -34.530022728237491 ], [ -58.460992263186569, -34.530020305902958 ], [ -58.46095221441746, -34.529958178258404 ], [ -58.460945829506194, -34.529948273337496 ], [ -58.460941772816149, -34.529941980187751 ], [ -58.46093996638831, -34.529939177872983 ], [ -58.460939890239608, -34.529939059743384 ], [ -58.460937283645002, -34.529934503961485 ], [ -58.460928561023643, -34.529919258640781 ], [ -58.460924449402803, -34.529912072383972 ], [ -58.460915008882978, -34.529895572316512 ], [ -58.460906229132789, -34.529880227130597 ], [ -58.460888908809892, -34.529849954772942 ], [ -58.460887257827501, -34.529847069194417 ], [ -58.460884773427644, -34.529842726972753 ], [ -58.460883201887256, -34.529839980242024 ], [ -58.460882532984876, -34.529838811137608 ], [ -58.460882505669154, -34.529838763395333 ], [ -58.46088234766534, -34.529838449194827 ], [ -58.460882227263497, -34.52983820976818 ], [ -58.460878837461777, -34.529831468933367 ], [ -58.460874159712823, -34.529822166932199 ], [ -58.46083299487141, -34.529740307930538 ], [ -58.460831359274025, -34.529737055433664 ], [ -58.460831001126962, -34.529736343233793 ], [ -58.460830984418749, -34.52973631000836 ], [ -58.460830670581132, -34.529735590709862 ], [ -58.460829800211386, -34.529733595870404 ], [ -58.460826616768351, -34.52972629959357 ], [ -58.460821565503821, -34.529714722369533 ], [ -58.460785444096373, -34.529631933964808 ], [ -58.460724037735645, -34.529490132777426 ], [ -58.460655312175788, -34.529350649883177 ], [ -58.460579395963144, -34.529213744885446 ], [ -58.460496429622076, -34.529079671076879 ], [ -58.46040656565485, -34.528948678143877 ], [ -58.460309972898131, -34.52882100765958 ], [ -58.460055977584183, -34.528504011337873 ], [ -58.459798480249027, -34.528188956959497 ], [ -58.459736610755463, -34.528116828800052 ], [ -58.459671637152987, -34.528046594427295 ], [ -58.459664504502456, -34.528039195251836 ], [ -58.459598984429242, -34.527965093674972 ], [ -58.459540407000958, -34.527887110704675 ], [ -58.459505484267339, -34.527831684103802 ], [ -58.459485082630238, -34.527769956027385 ], [ -58.459471986116043, -34.527706884139185 ], [ -58.45946631775729, -34.527643060686998 ], [ -58.459468130878854, -34.527579081520884 ], [ -58.459477409098689, -34.527515547895959 ], [ -58.459479997948982, -34.527493654867889 ], [ -58.45947881067643, -34.527471679691153 ], [ -58.459473871225327, -34.527450064970168 ], [ -58.459465278692171, -34.52742924880414 ], [ -58.459453207325893, -34.527409651265643 ], [ -58.459297603391853, -34.527200715668478 ], [ -58.459279985097965, -34.527179374558237 ], [ -58.459252628132091, -34.527146237868486 ], [ -58.459202880100932, -34.52709468053532 ], [ -58.459149473376428, -34.527047075003544 ], [ -58.45914868469297, -34.527046371988575 ], [ -58.45914863593363, -34.527046328525586 ], [ -58.459145891371193, -34.527044220874359 ], [ -58.459139588707359, -34.527039380824519 ], [ -58.45913250075543, -34.527033937721704 ], [ -58.459098368304886, -34.527007726123344 ], [ -58.459092223866328, -34.527003007574031 ], [ -58.459092030083006, -34.527002858760397 ], [ -58.459090238601092, -34.527001483012782 ], [ -58.459090196225318, -34.527001450470806 ], [ -58.459072241135644, -34.526989591352638 ], [ -58.45902991673573, -34.526961636577845 ], [ -58.45902788444198, -34.526960294270566 ], [ -58.459027851749283, -34.526960273557094 ], [ -58.459025928255201, -34.526959054868442 ], [ -58.459018153336146, -34.526954128829331 ], [ -58.459013545081888, -34.526951209127603 ], [ -58.459013502528812, -34.526951182166798 ], [ -58.459003430313835, -34.526944800602777 ], [ -58.458944561454373, -34.526907502375764 ], [ -58.458943754523872, -34.526906991118992 ], [ -58.458907296087723, -34.526883891692627 ], [ -58.458905514440467, -34.526882762871551 ], [ -58.458905220206695, -34.52688257645007 ], [ -58.458903812285143, -34.526881619671222 ], [ -58.458900007898393, -34.52687903433042 ], [ -58.458898992941485, -34.52687834459779 ], [ -58.458885042123974, -34.526868864061214 ], [ -58.458808878237093, -34.526817105414047 ], [ -58.458808442808142, -34.526816809509548 ], [ -58.458787733085323, -34.526802735796046 ], [ -58.458785828200789, -34.526801441292584 ], [ -58.458785501337879, -34.526801228677357 ], [ -58.458777325582432, -34.526795910575352 ], [ -58.458754251697314, -34.526780901646838 ], [ -58.458738297278572, -34.526770523729958 ], [ -58.458738141205956, -34.526770422208919 ], [ -58.458708962037996, -34.526751441938998 ], [ -58.458706965416177, -34.526750143189247 ], [ -58.458706929504437, -34.526750123320191 ], [ -58.458651301396763, -34.526719345689841 ], [ -58.458625481089925, -34.52670505994827 ], [ -58.458623577012787, -34.526704006468769 ], [ -58.458573501066759, -34.526680691100559 ], [ -58.458552403729485, -34.526670868167024 ], [ -58.458538225804517, -34.526664266912853 ], [ -58.458536222643971, -34.526663334239323 ], [ -58.458536156352828, -34.526663303374114 ], [ -58.458522644760095, -34.526658098648568 ], [ -58.458510671873398, -34.526653486637642 ], [ -58.458457505117536, -34.526633006538731 ], [ -58.45844521857979, -34.52662827369852 ], [ -58.458445024866577, -34.526628212065823 ], [ -58.458439377697907, -34.52662641533648 ], [ -58.458321626221121, -34.526588950904078 ], [ -58.458195393497874, -34.526555869398742 ], [ -58.45806697999862, -34.526529149084745 ], [ -58.457936852935042, -34.526508889133467 ], [ -58.457805486053559, -34.52649516077404 ], [ -58.457711499285786, -34.526490740387651 ], [ -58.457617381421173, -34.526492339695046 ], [ -58.457523694441221, -34.526499948806645 ], [ -58.457430995973581, -34.526513523580036 ], [ -58.45733984147126, -34.526532982014089 ], [ -58.457250774410504, -34.526558207854215 ], [ -58.457164327380447, -34.526589050592264 ], [ -58.457041566753247, -34.52662186284843 ], [ -58.456921316078642, -34.526660517301785 ], [ -58.456803978331223, -34.526704885076036 ], [ -58.456718273247155, -34.52674259014919 ], [ -58.456714238888424, -34.526744639823711 ], [ -58.456635554199622, -34.526784615894954 ], [ -58.456556140315385, -34.526830801881786 ], [ -58.456124319024504, -34.527098856332692 ], [ -58.455992540307697, -34.527179222114661 ], [ -58.45563785459418, -34.527395527236408 ], [ -58.455608414408978, -34.527409100069313 ], [ -58.455581545423534, -34.527425936245969 ], [ -58.455557773731847, -34.527445706778252 ], [ -58.455537563352507, -34.527468025884026 ], [ -58.455443031397735, -34.527587272244766 ], [ -58.455328860412664, -34.527728986189274 ], [ -58.455065919044145, -34.528055358052882 ], [ -58.455046907436305, -34.528078956289654 ], [ -58.455046452107645, -34.528079519654597 ], [ -58.454923464189697, -34.528231033178066 ], [ -58.4548379578858, -34.528336370561149 ], [ -58.454765215920979, -34.528425983274758 ], [ -58.45471285376658, -34.528490488861046 ], [ -58.454685732036367, -34.528523901272848 ], [ -58.454672359614584, -34.528540374919992 ], [ -58.454653238872332, -34.528563929817075 ], [ -58.454641735703042, -34.528578101333004 ], [ -58.454638626796601, -34.528581931301694 ], [ -58.454638121354165, -34.528582554156102 ], [ -58.454637483015169, -34.528583341061911 ], [ -58.454636526596097, -34.528584519167126 ], [ -58.454636034225707, -34.528585123092334 ], [ -58.454635790224721, -34.528585368264842 ], [ -58.454511548949114, -34.528709621936272 ], [ -58.454479289532763, -34.528741883702629 ], [ -58.454418484032516, -34.528802695378062 ], [ -58.454365688041975, -34.528855496573421 ], [ -58.454309236300993, -34.52891195278734 ], [ -58.454263845228986, -34.5289573483089 ], [ -58.454225199055003, -34.528995997989902 ], [ -58.454214929131695, -34.529006268154156 ], [ -58.454107023020988, -34.529033697897837 ], [ -58.453969545775841, -34.529068644143265 ], [ -58.453853741609358, -34.529098081451984 ], [ -58.453754560965507, -34.529123293131782 ], [ -58.453658413728192, -34.529147733343784 ], [ -58.453558315846408, -34.529173177361287 ], [ -58.453461602101491, -34.529197761602241 ], [ -58.453427642484286, -34.529206393688511 ], [ -58.453426463951075, -34.529206692868989 ], [ -58.453425790814705, -34.529206864086845 ], [ -58.453425710210539, -34.529206901940491 ], [ -58.453317561041473, -34.529258803969974 ], [ -58.453170671494114, -34.529329297455618 ], [ -58.453042328382075, -34.529390890672403 ], [ -58.452900003430493, -34.529459192830728 ], [ -58.452762782494268, -34.529525046069573 ], [ -58.452664678711123, -34.529572125718232 ], [ -58.452562734096531, -34.529621049281864 ], [ -58.452561191708206, -34.529621790124118 ], [ -58.452561151405384, -34.52962181175495 ], [ -58.452553191033829, -34.529626247907608 ], [ -58.452444331670605, -34.529686909222676 ], [ -58.452388092651418, -34.52971824793466 ], [ -58.452361506819585, -34.529733062409129 ], [ -58.452309195652212, -34.529762212757205 ], [ -58.452259353829106, -34.529789986817917 ], [ -58.452195672755877, -34.529825473161935 ], [ -58.452175893727279, -34.529836494984828 ], [ -58.452153724826331, -34.529848848904223 ], [ -58.452128583289308, -34.529862858479888 ], [ -58.452101305676067, -34.529878058647377 ], [ -58.452070754780998, -34.529895083007958 ], [ -58.452023110958343, -34.529921632126438 ], [ -58.451984682384747, -34.529943045715811 ], [ -58.451976956146581, -34.529947351144585 ], [ -58.45197146292476, -34.529950411901218 ], [ -58.451960536390033, -34.529956500967707 ], [ -58.451898146946689, -34.529991267030645 ], [ -58.451861789027014, -34.530011526940349 ], [ -58.451846482487845, -34.530020056666494 ], [ -58.451814060107928, -34.530038123744731 ], [ -58.451791765833065, -34.530050546996542 ], [ -58.451765432502903, -34.530065220740703 ], [ -58.451751366633914, -34.530073058271554 ], [ -58.451742667644773, -34.530077905354581 ], [ -58.451728093077612, -34.530086026785959 ], [ -58.451715802728508, -34.530092875609064 ], [ -58.451713871434457, -34.530093951736703 ], [ -58.451713822407747, -34.530094044579634 ], [ -58.451713806065449, -34.530094076128229 ], [ -58.45171362085339, -34.530094427669461 ], [ -58.451713372451088, -34.530094900898156 ], [ -58.451712895257245, -34.53009580949719 ], [ -58.451712646854944, -34.530096282725886 ], [ -58.451712583664815, -34.530096403511884 ], [ -58.451712379931408, -34.530096791108676 ], [ -58.451712193629753, -34.530097145354098 ], [ -58.451712007328119, -34.53009749959952 ], [ -58.451711709899108, -34.530098065671154 ], [ -58.451711607487674, -34.530098260370927 ], [ -58.451711435349338, -34.53009858757472 ], [ -58.451711097609426, -34.530099230264305 ], [ -58.451710551778184, -34.530100268663148 ], [ -58.451702874185926, -34.530114878357928 ], [ -58.451694259634387, -34.530131270997344 ], [ -58.451685164616578, -34.53014857854474 ], [ -58.451680986441914, -34.530156527883548 ], [ -58.45167733121918, -34.530163483892963 ], [ -58.451672782617713, -34.530172139919557 ], [ -58.451668126156456, -34.530180999659535 ], [ -58.451657380556171, -34.530201448540922 ], [ -58.451649463258285, -34.530216514334285 ], [ -58.451633710365421, -34.530246490880693 ], [ -58.451616384240403, -34.530279460031409 ], [ -58.451599139813332, -34.530312274140883 ], [ -58.45158982141097, -34.530330005332665 ], [ -58.451579150947254, -34.530350310886057 ], [ -58.451565316597602, -34.53037663500136 ], [ -58.451553491261144, -34.530399138134563 ], [ -58.451540933779903, -34.530423033008297 ], [ -58.451540917436198, -34.530423073571214 ], [ -58.451542179533334, -34.53042511093085 ], [ -58.451546475456603, -34.530432037052528 ], [ -58.451555312320338, -34.530446282343696 ], [ -58.451600237173814, -34.530518705963061 ], [ -58.451661583599666, -34.530617603507274 ], [ -58.451682986006212, -34.530652106982679 ], [ -58.451729677376463, -34.530727379247523 ], [ -58.451803291294176, -34.530846052608716 ], [ -58.451824632835638, -34.530880456894664 ], [ -58.451833882512105, -34.530895368362202 ], [ -58.451841192742698, -34.530907152576937 ], [ -58.451852635604311, -34.530925599667881 ], [ -58.451863761581492, -34.530943535615656 ], [ -58.45186867173588, -34.530951450654655 ], [ -58.451869370852982, -34.530952578412418 ], [ -58.451870018822781, -34.530953373536704 ], [ -58.451870552445151, -34.530954027125375 ], [ -58.451870641745138, -34.530954137108537 ], [ -58.45187154672508, -34.530955245955454 ], [ -58.451873462320442, -34.530957593465494 ], [ -58.451876461496234, -34.530961267985816 ], [ -58.451879066445095, -34.530964459301288 ], [ -58.451880999465374, -34.530966827545768 ], [ -58.451883638174344, -34.530970060330198 ], [ -58.451884815411063, -34.530971502732591 ], [ -58.451887238493228, -34.530974471376972 ], [ -58.451890052535887, -34.530977918718634 ], [ -58.45189219247159, -34.530980541186274 ], [ -58.451894333496654, -34.530983163654028 ], [ -58.451895828729214, -34.530984996406367 ], [ -58.451898073211929, -34.530987745985719 ], [ -58.451900561636734, -34.530990793962012 ], [ -58.451902651478008, -34.53099335422597 ], [ -58.451904641128849, -34.530995792787117 ], [ -58.4519050386236, -34.530996278696442 ], [ -58.451905239004475, -34.530996523904825 ], [ -58.451907107773657, -34.530998813718263 ], [ -58.451908497371377, -34.531000515752844 ], [ -58.451911789498276, -34.53100454997125 ], [ -58.451912018193795, -34.531004830338162 ], [ -58.451913102864147, -34.531006160052542 ], [ -58.451915019550903, -34.531008508463437 ], [ -58.451916514784486, -34.531010340314097 ], [ -58.45191833781525, -34.531012573332816 ], [ -58.451918617695171, -34.531012915903339 ], [ -58.451920281728128, -34.531014954197758 ], [ -58.451921533019878, -34.531016487651385 ], [ -58.451923317934984, -34.531018673791998 ], [ -58.451924611698843, -34.531020259532632 ], [ -58.451924643280634, -34.531020298297193 ], [ -58.451925287984587, -34.531021088012274 ], [ -58.451926475024017, -34.531022542133805 ], [ -58.451928388444408, -34.531024886938432 ], [ -58.451930192962323, -34.531027097419468 ], [ -58.451931730668605, -34.531028981556965 ], [ -58.451931801455245, -34.531029069002535 ], [ -58.451932885037373, -34.531030396012341 ], [ -58.451933944660858, -34.531031694174047 ], [ -58.451935207932422, -34.531033242051578 ], [ -58.451936632380104, -34.531034987357835 ], [ -58.451937094127629, -34.531035553500537 ], [ -58.451938053560703, -34.531036729058059 ], [ -58.451939182882171, -34.531038111960875 ], [ -58.451940677027729, -34.531039942909686 ], [ -58.451941800903988, -34.531041320403389 ], [ -58.45194224740537, -34.531041866713139 ], [ -58.451943288515658, -34.531043142337232 ], [ -58.451944515849704, -34.53104464604111 ], [ -58.451945736649606, -34.531046141631478 ], [ -58.451946929134934, -34.53104760206331 ], [ -58.45194764135902, -34.531048474716385 ], [ -58.451948599703172, -34.531049650273694 ], [ -58.45194963754664, -34.531050921390275 ], [ -58.45195065252053, -34.531052164560307 ], [ -58.451951499784187, -34.531053202188076 ], [ -58.451952434170138, -34.53105434619301 ], [ -58.451953513396816, -34.531055667793616 ], [ -58.451954105827987, -34.531056393501991 ], [ -58.451955577104734, -34.531058195602633 ], [ -58.451957064716979, -34.531060017536305 ], [ -58.451958457583743, -34.531061724077766 ], [ -58.451959198122744, -34.531062631889277 ], [ -58.451960848000269, -34.531064653054578 ], [ -58.451962221264736, -34.531066335255481 ], [ -58.451963807978679, -34.531068279793125 ], [ -58.451964631283985, -34.531069288572724 ], [ -58.45196696180443, -34.531072143626396 ], [ -58.451970953093358, -34.531077033367673 ], [ -58.451974191863918, -34.53108100177483 ], [ -58.451974229979903, -34.531081048652844 ], [ -58.451975234064271, -34.531082278300161 ], [ -58.451979308120357, -34.531087269009291 ], [ -58.451983102296516, -34.531091917147954 ], [ -58.451986857268011, -34.531096517506889 ], [ -58.451988764157626, -34.531098854197076 ], [ -58.45198887088246, -34.531098984914692 ], [ -58.451995623951753, -34.53110725888925 ], [ -58.452004997227348, -34.531118742206175 ], [ -58.452021638691072, -34.531139130545903 ], [ -58.452032312276067, -34.531152206812315 ], [ -58.452084645670311, -34.531216322423397 ], [ -58.452170557337411, -34.531321576152926 ], [ -58.452182770864489, -34.531336540146114 ], [ -58.452214720993048, -34.531375683256421 ], [ -58.452261161883577, -34.531432579581924 ], [ -58.452268953949023, -34.531442125556282 ], [ -58.452269023647389, -34.531442211198687 ], [ -58.452283421820589, -34.531459851732336 ], [ -58.452288701479034, -34.531466319987686 ], [ -58.452298533320324, -34.53147836581671 ], [ -58.452300878021113, -34.531481237992296 ], [ -58.45230155758135, -34.531482070977269 ], [ -58.452301582629126, -34.531482102529665 ], [ -58.452303326147998, -34.531484486074582 ], [ -58.452343471756286, -34.531539392338971 ], [ -58.452384232714472, -34.531595139681301 ], [ -58.452489091506301, -34.531738551613103 ], [ -58.452532149415823, -34.531797440600165 ], [ -58.452571388163953, -34.531851106335644 ], [ -58.452599468767808, -34.531889510728746 ], [ -58.452637211274471, -34.531941129157786 ], [ -58.45266753425468, -34.531982600404028 ], [ -58.452683266408805, -34.532004117165137 ], [ -58.452689616555944, -34.532012801216879 ], [ -58.452689807136622, -34.532013061747442 ], [ -58.452693064432673, -34.5320175160087 ], [ -58.452697402049317, -34.532023448713034 ], [ -58.452698807990487, -34.532025371590748 ], [ -58.452699195686158, -34.532025901666749 ], [ -58.452699214199598, -34.53202592780989 ], [ -58.452699462493449, -34.532026311841705 ], [ -58.452710952621644, -34.532044065651341 ], [ -58.452727026394328, -34.532068904215201 ], [ -58.453217860412686, -34.532827347025176 ], [ -58.454134167665053, -34.534172584353122 ], [ -58.454410801602805, -34.534516050477471 ], [ -58.454518644102158, -34.53474592709037 ], [ -58.454666325933772, -34.5349427040317 ], [ -58.454911275092947, -34.53515141255334 ], [ -58.454896860451413, -34.535199112644648 ], [ -58.454965301504792, -34.535270668506719 ], [ -58.455098590904306, -34.535309434602887 ], [ -58.455194207778582, -34.535363859539515 ], [ -58.455258763775177, -34.535379127756435 ], [ -58.455387872229139, -34.535447825312367 ], [ -58.455436285977406, -34.535491713757466 ], [ -58.455507612126368, -34.535539734008772 ], [ -58.455545963889648, -34.535554139531051 ], [ -58.455603166236536, -34.535583583018543 ], [ -58.456752741100445, -34.536171051992405 ], [ -58.456879546299149, -34.536235931176222 ], [ -58.457983277518714, -34.536742927540367 ], [ -58.458001074658483, -34.536733202642871 ], [ -58.458742202270955, -34.537074447505994 ], [ -58.458760255665986, -34.537082759379793 ], [ -58.458782467860566, -34.537092986045984 ], [ -58.458785745445077, -34.537094495164048 ], [ -58.45879095973477, -34.537096895869603 ], [ -58.458791001126663, -34.537096914801218 ], [ -58.458846002261126, -34.537122239842049 ], [ -58.458716782808885, -34.537211155008322 ] ] ] } },
{ "type": "Feature", "properties": { "id": 21.0, "comuna": 14.0, "perimetro_": 22801.14, "area_metro": 15848734.83, "nam": "Palermo", "cca": null, "cde": null, "fna": null, "gna": null, "ara3": null, "arl": null }, "geometry": { "type": "Polygon", "coordinates": [ [ [ -58.425201327171088, -34.551198010211429 ], [ -58.425703360589658, -34.552157935930694 ], [ -58.424235884052344, -34.552644713195356 ], [ -58.42382586956402, -34.552758289322142 ], [ -58.423691993727878, -34.552795373253275 ], [ -58.423691262582757, -34.552795575837706 ], [ -58.423427503126923, -34.552868637378339 ], [ -58.423324774305065, -34.552897092562056 ], [ -58.42313372801771, -34.552950011375017 ], [ -58.422885796801538, -34.553018686086745 ], [ -58.422832102048702, -34.552870350717313 ], [ -58.422316777439754, -34.552983468671997 ], [ -58.422328375506538, -34.553018216356698 ], [ -58.422378101321357, -34.553131338078941 ], [ -58.422299134449197, -34.553151690200139 ], [ -58.422256954697986, -34.553162560787953 ], [ -58.421275446984232, -34.553415523137666 ], [ -58.421244807468369, -34.553423203582753 ], [ -58.42095451033628, -34.553495969382404 ], [ -58.42067896753246, -34.55356503566918 ], [ -58.420392594311977, -34.553636814435386 ], [ -58.420181470562504, -34.553689370907762 ], [ -58.420011145723699, -34.553732529663705 ], [ -58.419874181456855, -34.553764985663634 ], [ -58.419874138961021, -34.553764995564222 ], [ -58.41987314520938, -34.553765233188095 ], [ -58.419775220322755, -34.553788659817897 ], [ -58.419719572075103, -34.553802531893673 ], [ -58.41971953066826, -34.55380254269604 ], [ -58.419716080872803, -34.553803352750954 ], [ -58.419671681368413, -34.553813776345777 ], [ -58.419639031704392, -34.553821827169266 ], [ -58.419601944044317, -34.553830972310777 ], [ -58.419534102700091, -34.553847655100881 ], [ -58.419482746584784, -34.553860290944669 ], [ -58.419433627514444, -34.553872346148751 ], [ -58.419430925191449, -34.553873009531166 ], [ -58.419429735297832, -34.553873301166711 ], [ -58.419382166780025, -34.55388497470117 ], [ -58.41928465022486, -34.553908317250894 ], [ -58.41923085512154, -34.55392415218305 ], [ -58.419223117333132, -34.553926430907261 ], [ -58.419175417855307, -34.553940471466888 ], [ -58.419175384075359, -34.553940481370418 ], [ -58.419169067436144, -34.55394193579707 ], [ -58.41907510345559, -34.553963564043379 ], [ -58.419010630513689, -34.553980514585241 ], [ -58.419008952438588, -34.553980955676835 ], [ -58.419008543816545, -34.553981062798684 ], [ -58.418938092975175, -34.553999584127439 ], [ -58.418852060979575, -34.554020287512948 ], [ -58.418782510954273, -34.554037025151352 ], [ -58.418715410057246, -34.55405387271734 ], [ -58.418714709409755, -34.554054048240175 ], [ -58.418635798808182, -34.55407385895419 ], [ -58.418498789170314, -34.554109649581768 ], [ -58.418494370662991, -34.554110671983942 ], [ -58.418393232042185, -34.554134062069963 ], [ -58.418393185187462, -34.554134072869893 ], [ -58.418248182383984, -34.554170455218888 ], [ -58.418119540959218, -34.55420219928785 ], [ -58.418062271803855, -34.554216544159019 ], [ -58.418010338687722, -34.554229550557594 ], [ -58.417981978997467, -34.554237087701011 ], [ -58.41790139150735, -34.554258508171117 ], [ -58.417836533715963, -34.554273063753044 ], [ -58.417833005447896, -34.554273855696849 ], [ -58.417831218431189, -34.554274257068755 ], [ -58.417774178816529, -34.554287055939071 ], [ -58.417633845469034, -34.554322811002258 ], [ -58.417511311015524, -34.554353236119674 ], [ -58.417386314778135, -34.554384545391621 ], [ -58.417386270101673, -34.554384557093385 ], [ -58.417235891153965, -34.554426169914073 ], [ -58.417193057434275, -34.554437129547267 ], [ -58.417096115170146, -34.554461931779883 ], [ -58.416951565693616, -34.554502005011805 ], [ -58.416896150987412, -34.554517409218306 ], [ -58.416874099081326, -34.554523536863172 ], [ -58.416827309190019, -34.554536540206151 ], [ -58.416788467382716, -34.554547427299347 ], [ -58.416771396380355, -34.554552212792181 ], [ -58.416726957937321, -34.554564665318097 ], [ -58.416581503049287, -34.554609994900247 ], [ -58.416427993182609, -34.554657316980659 ], [ -58.416427952863458, -34.554657329585211 ], [ -58.416299804045217, -34.554695942615375 ], [ -58.41629976154649, -34.554695956120426 ], [ -58.416161054333344, -34.554739948274218 ], [ -58.416161015103633, -34.554739960879083 ], [ -58.416012450681301, -34.554790075169535 ], [ -58.415941979213002, -34.554813783384212 ], [ -58.415910779266383, -34.55482427743415 ], [ -58.415852201020932, -34.554843980655995 ], [ -58.415681948948958, -34.554900531330894 ], [ -58.415553083237896, -34.554947404893113 ], [ -58.415420316829227, -34.554996301398859 ], [ -58.415343257985512, -34.555025340439194 ], [ -58.415296438757139, -34.555042991852197 ], [ -58.415296410423387, -34.555043002658223 ], [ -58.415168657537222, -34.555092168584906 ], [ -58.415102949417353, -34.555116983343602 ], [ -58.415036148228744, -34.555142211390638 ], [ -58.414988589262038, -34.55516143989356 ], [ -58.414988439962535, -34.555161500230234 ], [ -58.414959187061967, -34.555173328020217 ], [ -58.414898851503033, -34.555197714814092 ], [ -58.414829632423277, -34.555225015075919 ], [ -58.41477466535661, -34.555246693342347 ], [ -58.414774628303896, -34.5552467086519 ], [ -58.41462982819219, -34.555306940390089 ], [ -58.414557821409694, -34.555336999561504 ], [ -58.414506439958593, -34.555358451977987 ], [ -58.414389134388465, -34.555411839047011 ], [ -58.414389107142945, -34.555411851656096 ], [ -58.41430751854363, -34.555449933163949 ], [ -58.414266780938526, -34.555468943343442 ], [ -58.414253923131582, -34.555474943426852 ], [ -58.41419523658378, -34.555506934087333 ], [ -58.414176523172131, -34.555517134950392 ], [ -58.414127512729181, -34.555543850994951 ], [ -58.414117039015366, -34.555549547412966 ], [ -58.414116838478101, -34.555549656405098 ], [ -58.414116489717344, -34.555549846466086 ], [ -58.414024016903902, -34.555600129647857 ], [ -58.414023985298016, -34.555600145860822 ], [ -58.413948250026408, -34.555642529305551 ], [ -58.413887503938639, -34.555676522861148 ], [ -58.413791983366885, -34.555734272069699 ], [ -58.413791953939437, -34.555734289184905 ], [ -58.413780686874475, -34.555740198890817 ], [ -58.413780602954496, -34.555740243026797 ], [ -58.413673186481304, -34.555796586495759 ], [ -58.413673147246946, -34.55579660540981 ], [ -58.413566272310142, -34.555854470616246 ], [ -58.413465242673006, -34.555910331533802 ], [ -58.413363445072264, -34.555962056297368 ], [ -58.413307033421567, -34.555992987378083 ], [ -58.413306610543522, -34.555993219773583 ], [ -58.413253769340024, -34.556022187176502 ], [ -58.413133274286928, -34.556084271414882 ], [ -58.413079777506979, -34.556114317483001 ], [ -58.413034187940021, -34.556139922738922 ], [ -58.412949057860182, -34.556187461470124 ], [ -58.412840498442662, -34.55624737158584 ], [ -58.412807499179799, -34.556266164452985 ], [ -58.412763731564397, -34.556291089781915 ], [ -58.412731371752407, -34.55631000368448 ], [ -58.412675806360404, -34.556342475363927 ], [ -58.412675775842423, -34.556342493379873 ], [ -58.412628781268488, -34.556370462348561 ], [ -58.412585624320684, -34.55639613875681 ], [ -58.412585573093764, -34.556396169384115 ], [ -58.412559004059361, -34.556411562862053 ], [ -58.412523314540913, -34.556432239421376 ], [ -58.412450657412116, -34.556478978914754 ], [ -58.412394912408999, -34.556510819390418 ], [ -58.412357142328958, -34.556532391053544 ], [ -58.412280632555216, -34.556580664871944 ], [ -58.412280582417083, -34.556580696401006 ], [ -58.412187548866846, -34.556639162019856 ], [ -58.412148874008132, -34.556664860881632 ], [ -58.412107320470241, -34.556692474961615 ], [ -58.412027664680501, -34.556744648684635 ], [ -58.411973934788676, -34.55677859915604 ], [ -58.411955854418103, -34.556790021670551 ], [ -58.411924861877232, -34.556810270047158 ], [ -58.411924179548407, -34.556810715967273 ], [ -58.411910658321219, -34.556819547884317 ], [ -58.411875638276378, -34.556842420414995 ], [ -58.411813280200953, -34.556885134476602 ], [ -58.411798216463822, -34.556895231336497 ], [ -58.4117559714918, -34.556923545414207 ], [ -58.411746147356155, -34.55693012710465 ], [ -58.411745584917682, -34.556930504565784 ], [ -58.411709155053536, -34.556954907078911 ], [ -58.411682445764434, -34.556972799065719 ], [ -58.411542356499631, -34.557070917966151 ], [ -58.411424861990596, -34.557153208204227 ], [ -58.411142153166075, -34.557352789365957 ], [ -58.411142122644584, -34.557352811888627 ], [ -58.411088774319417, -34.557304981816252 ], [ -58.411025849920961, -34.557248568723658 ], [ -58.410880890122904, -34.55727562244769 ], [ -58.410743646246004, -34.557301234331 ], [ -58.410743602658883, -34.557301242425098 ], [ -58.4106918503415, -34.557254117783252 ], [ -58.410646479179761, -34.557212805579198 ], [ -58.410668426559276, -34.557194577337135 ], [ -58.410676366984809, -34.557187988611872 ], [ -58.410659215975912, -34.557173673435692 ], [ -58.410657493931375, -34.557172236122099 ], [ -58.410636888311927, -34.557155029793158 ], [ -58.410635166658629, -34.557153592158983 ], [ -58.410083330385874, -34.556651433746694 ], [ -58.410066032024226, -34.556662937450888 ], [ -58.410057682592047, -34.556668491118451 ], [ -58.410042238316514, -34.556678768783236 ], [ -58.410031903101633, -34.556669931173914 ], [ -58.410023451767955, -34.556662707943303 ], [ -58.410008319741095, -34.556649765836383 ], [ -58.410008285983693, -34.556649736975928 ], [ -58.409967787328668, -34.556621299045496 ], [ -58.409922843437634, -34.556597876510779 ], [ -58.409874352878425, -34.556579937601605 ], [ -58.409823287284546, -34.556567841508091 ], [ -58.409770669570371, -34.556561830258431 ], [ -58.409717552144784, -34.556562023301055 ], [ -58.409665000568523, -34.556568418399209 ], [ -58.409614066319811, -34.556580887111586 ], [ -58.409565768270355, -34.55659917929141 ], [ -58.409521076339779, -34.556622928487471 ], [ -58.409479757957811, -34.556661358020321 ], [ -58.409445262713916, -34.556704147154001 ], [ -58.409418252497069, -34.556750472280477 ], [ -58.409399247603019, -34.556799443022726 ], [ -58.40938861255902, -34.556850118453795 ], [ -58.409386551753776, -34.556901523320199 ], [ -58.409393105064012, -34.556952669674104 ], [ -58.409409075167346, -34.556992104340942 ], [ -58.409413191550343, -34.557002268839412 ], [ -58.409441015540949, -34.557049239242772 ], [ -58.409476090546796, -34.557092760364384 ], [ -58.409477944972068, -34.55709498390091 ], [ -58.40948096468901, -34.55709860467249 ], [ -58.409471561647116, -34.557105747955298 ], [ -58.409448879225955, -34.5571229813823 ], [ -58.409435708649504, -34.557132993870539 ], [ -58.409434612227052, -34.557133827388697 ], [ -58.410029512587066, -34.557654559792873 ], [ -58.410029561756978, -34.557654522057589 ], [ -58.410069890540477, -34.557623571865129 ], [ -58.410071546659282, -34.557625059154944 ], [ -58.410072753999863, -34.55762614341608 ], [ -58.410189458685835, -34.55773095073318 ], [ -58.410078320695519, -34.557967020738744 ], [ -58.410199333909581, -34.558067840525609 ], [ -58.410104936021632, -34.558137147232308 ], [ -58.40993336177177, -34.558282024768573 ], [ -58.4096814844359, -34.558483624363063 ], [ -58.409558640277439, -34.558588583163754 ], [ -58.409451308914768, -34.558680287767871 ], [ -58.409315847137492, -34.558801834249621 ], [ -58.409285317108036, -34.558829226875147 ], [ -58.409187302407176, -34.558911988687683 ], [ -58.40914450728895, -34.558948997687594 ], [ -58.409112849226666, -34.558971231511379 ], [ -58.409104956329806, -34.558976774781129 ], [ -58.409096654049641, -34.558981568619181 ], [ -58.409062413283131, -34.559001339644482 ], [ -58.409017257464882, -34.559022473396098 ], [ -58.40893393478256, -34.559065650798409 ], [ -58.408854434459819, -34.559113508261554 ], [ -58.408792312561886, -34.559156666173564 ], [ -58.408779141259664, -34.559165816100453 ], [ -58.408708419260982, -34.559222322085695 ], [ -58.408642607499829, -34.559282752342618 ], [ -58.408629662690885, -34.559293724141334 ], [ -58.408372622381521, -34.559511593975365 ], [ -58.408321851774012, -34.559562134040839 ], [ -58.407919184167142, -34.559894544835728 ], [ -58.407530505013341, -34.560215155569466 ], [ -58.407344877164029, -34.560371490963021 ], [ -58.407130856283885, -34.560551738716775 ], [ -58.406883795370824, -34.560761626910434 ], [ -58.406833601391646, -34.560807754121477 ], [ -58.406663987107308, -34.560955786504358 ], [ -58.406418640927441, -34.561183442585815 ], [ -58.406334769448158, -34.561260913673628 ], [ -58.406139399084687, -34.561441372985819 ], [ -58.405977274903776, -34.561593461626366 ], [ -58.405832175533298, -34.561727470775608 ], [ -58.405771303085807, -34.561783690445594 ], [ -58.405596485404907, -34.561945790157893 ], [ -58.405403783119716, -34.562122191303345 ], [ -58.405231272389834, -34.562281907300097 ], [ -58.405180662714692, -34.562329522874741 ], [ -58.405077221794002, -34.562426843929458 ], [ -58.40485491182897, -34.562630448683443 ], [ -58.404822510119203, -34.562661124982647 ], [ -58.404795189213857, -34.56269501910117 ], [ -58.404752467035273, -34.562773227232078 ], [ -58.40474442038073, -34.562810251323761 ], [ -58.404742207175879, -34.562847823576718 ], [ -58.404745867092771, -34.562885319320877 ], [ -58.404753866619345, -34.5629163972661 ], [ -58.404754884174267, -34.562920350437835 ], [ -58.404755337380728, -34.562922111131826 ], [ -58.404746064681532, -34.562929885105241 ], [ -58.404735414531046, -34.562936339628308 ], [ -58.404723659451584, -34.562941308968647 ], [ -58.404711097000096, -34.562944666167475 ], [ -58.404698049764598, -34.562946327546605 ], [ -58.404684849022509, -34.562946249094956 ], [ -58.404671831467169, -34.562944432777059 ], [ -58.404659328311403, -34.562940926527709 ], [ -58.404647660933598, -34.562935817939973 ], [ -58.4044745130143, -34.562844675998825 ], [ -58.404430871281207, -34.562821703707513 ], [ -58.404430631720984, -34.562822005770663 ], [ -58.404415593181916, -34.562840967964647 ], [ -58.404179035292429, -34.563139263193492 ], [ -58.40416310401848, -34.56315935204745 ], [ -58.403910083277005, -34.563478401955216 ], [ -58.403909757349055, -34.563478812936516 ], [ -58.403909580791108, -34.563479035568619 ], [ -58.403883460128, -34.56346481046905 ], [ -58.40384118826875, -34.563441789537954 ], [ -58.403670106230607, -34.563348617766671 ], [ -58.403668114321405, -34.563347532964528 ], [ -58.403735954146093, -34.563258061519186 ], [ -58.403735906219829, -34.563258037157233 ], [ -58.403543727811567, -34.563152332865187 ], [ -58.403514547102546, -34.563136283079636 ], [ -58.403416659909233, -34.563082445033174 ], [ -58.403400891796863, -34.563073772542964 ], [ -58.403399347073893, -34.563072922942332 ], [ -58.403359152719275, -34.563123374154905 ], [ -58.403326821608964, -34.563163960385786 ], [ -58.403326497289193, -34.563163791307517 ], [ -58.403324973203624, -34.563162996752872 ], [ -58.402484381050073, -34.562725051282918 ], [ -58.402003401287509, -34.562483257817242 ], [ -58.401855702830325, -34.562411632732385 ], [ -58.401722423549387, -34.56233405179659 ], [ -58.40027430679546, -34.561585008615197 ], [ -58.399907973354786, -34.561382688139666 ], [ -58.398927013296806, -34.560871560949423 ], [ -58.398925061546002, -34.560870543979618 ], [ -58.398946527814601, -34.560830653547178 ], [ -58.398946749416822, -34.560830241747006 ], [ -58.398788579914211, -34.560747490102486 ], [ -58.398678345735171, -34.5608867177666 ], [ -58.398680350529141, -34.560887800943505 ], [ -58.398704857639011, -34.560901041967732 ], [ -58.398704584917958, -34.560901392451981 ], [ -58.398694468900317, -34.560914392930314 ], [ -58.398696490498303, -34.560915448512304 ], [ -58.398831638658052, -34.560986016294883 ], [ -58.398878964103126, -34.56092689227124 ], [ -58.398890417213821, -34.560934921925544 ], [ -58.399756882418394, -34.561382609591782 ], [ -58.400759538140569, -34.561900649768432 ], [ -58.403134468661186, -34.563127644568375 ], [ -58.403288380750666, -34.563212375208927 ], [ -58.40328842867936, -34.56321239596533 ], [ -58.403268494448128, -34.563238988199053 ], [ -58.403267956746177, -34.563239705471133 ], [ -58.403238199890353, -34.563279399628655 ], [ -58.403221701253536, -34.563301408883142 ], [ -58.403221742643865, -34.56330143053777 ], [ -58.403397796072788, -34.563397286536372 ], [ -58.403562983974368, -34.563487225400472 ], [ -58.403563013382147, -34.56348724254201 ], [ -58.403600161635957, -34.56344073081781 ], [ -58.403635015216068, -34.563397090810653 ], [ -58.403635043536134, -34.563397105247326 ], [ -58.403713380336903, -34.563439847745578 ], [ -58.403949523998961, -34.563568692966108 ], [ -58.403882263045112, -34.563631696185787 ], [ -58.403809269382755, -34.563690168702955 ], [ -58.403730986745437, -34.563743756462863 ], [ -58.403647893720702, -34.563792131569656 ], [ -58.403560493936808, -34.563835001296141 ], [ -58.403486835982548, -34.563864974657747 ], [ -58.403469320424861, -34.563872102677486 ], [ -58.403468738458379, -34.563872294473811 ], [ -58.403447017229482, -34.563852458442575 ], [ -58.403380043695236, -34.56387453060519 ], [ -58.403283006753412, -34.563899456991379 ], [ -58.403183915987455, -34.563918048858262 ], [ -58.403083544771775, -34.56393524280017 ], [ -58.402976289014653, -34.563946637979456 ], [ -58.402831061726722, -34.563953265541194 ], [ -58.402779908100918, -34.563955601031765 ], [ -58.402691866596598, -34.563958462655165 ], [ -58.4026038248875, -34.563955598346588 ], [ -58.402516326708081, -34.563947025503836 ], [ -58.402429912498398, -34.56393279577896 ], [ -58.40234810340683, -34.563913696977252 ], [ -58.402234697336304, -34.563891255150118 ], [ -58.402197791233128, -34.563879492884261 ], [ -58.402162064698253, -34.563865460501717 ], [ -58.402159729083962, -34.563863198551438 ], [ -58.402019224424251, -34.563791003072474 ], [ -58.402009653407951, -34.56378608458548 ], [ -58.402003045545008, -34.563782059097541 ], [ -58.401812626748992, -34.563666054162304 ], [ -58.401723892939998, -34.56358110306244 ], [ -58.401597118747155, -34.563476097543884 ], [ -58.401260486087509, -34.563342365094726 ], [ -58.401225388221064, -34.563337717520575 ], [ -58.401180922648294, -34.563331830214061 ], [ -58.401116261391152, -34.563332476971283 ], [ -58.40104056118701, -34.563362251307623 ], [ -58.400990390798469, -34.563382013852305 ], [ -58.400988441967606, -34.563382781775466 ], [ -58.400984840772345, -34.563384200587379 ], [ -58.400942151700335, -34.56341280002092 ], [ -58.400882127282209, -34.563490044236261 ], [ -58.400876384869584, -34.56354116306774 ], [ -58.400875161794481, -34.563552051688902 ], [ -58.400874591115134, -34.56362750089454 ], [ -58.400945391981004, -34.563706637356695 ], [ -58.400950013192798, -34.563712379106974 ], [ -58.400956912896106, -34.56372095340496 ], [ -58.400944786277655, -34.563728358749863 ], [ -58.400930378011331, -34.563737158337922 ], [ -58.400894608967654, -34.563762898353993 ], [ -58.400916505466896, -34.563782943775017 ], [ -58.400915974903697, -34.563795958316426 ], [ -58.400920284527935, -34.563816233626603 ], [ -58.401104633455155, -34.564035750497197 ], [ -58.400976270094816, -34.564128701545378 ], [ -58.401003627943389, -34.564169260821316 ], [ -58.400976059643767, -34.56417856751159 ], [ -58.400950580879673, -34.564191315110556 ], [ -58.400927816244852, -34.56420719294605 ], [ -58.400908321745774, -34.564225811887113 ], [ -58.400892574984681, -34.564246717859824 ], [ -58.400846470203568, -34.564214496189827 ], [ -58.400712374692915, -34.564300270464166 ], [ -58.40071234634874, -34.564300288478208 ], [ -58.400472993356551, -34.564096097647905 ], [ -58.40047176829863, -34.564095052262829 ], [ -58.400333464169428, -34.563988846918186 ], [ -58.400301754961404, -34.563984060203914 ], [ -58.400274955570652, -34.563966397319774 ], [ -58.40027275370322, -34.563966013076268 ], [ -58.400225148261562, -34.563957711580656 ], [ -58.400175020977819, -34.563928347807298 ], [ -58.4001346824626, -34.563896844582125 ], [ -58.400066677338593, -34.563851971464175 ], [ -58.399921435229864, -34.563771758327334 ], [ -58.399875326561997, -34.563746930697512 ], [ -58.399811924695079, -34.563714460768544 ], [ -58.399606717678537, -34.563632308634993 ], [ -58.399515630236323, -34.563613181459267 ], [ -58.399399146303168, -34.563627430707278 ], [ -58.399303418374004, -34.563643598147486 ], [ -58.399209997160334, -34.563659767625062 ], [ -58.399072735062951, -34.563700718558749 ], [ -58.398847792760343, -34.563790276734125 ], [ -58.398723198493435, -34.563852221900753 ], [ -58.398621675372162, -34.563906546777183 ], [ -58.398501687628439, -34.563977080254872 ], [ -58.398402449877068, -34.56405716445456 ], [ -58.3983996759126, -34.564059641004349 ], [ -58.39787506377656, -34.564532934964554 ], [ -58.397772376363164, -34.564598707534728 ], [ -58.397647772188286, -34.564672098816914 ], [ -58.397573937573299, -34.564708311796991 ], [ -58.397501246311442, -34.564757881799586 ], [ -58.397427394594764, -34.564816990037933 ], [ -58.397377765151184, -34.564868479828448 ], [ -58.397278558434991, -34.564906587246824 ], [ -58.397106674289574, -34.564976136651097 ], [ -58.39703861577209, -34.565000904308427 ], [ -58.396924370759756, -34.565096243917168 ], [ -58.396883972567103, -34.565142014458942 ], [ -58.39683895011455, -34.565201138919683 ], [ -58.396805463201666, -34.565255499293201 ], [ -58.396776576928048, -34.565326080645988 ], [ -58.396751209709599, -34.565441044785636 ], [ -58.396746840354446, -34.565498283042444 ], [ -58.396749676899567, -34.565555525227047 ], [ -58.396766907785754, -34.565640203888712 ], [ -58.396802886272475, -34.565715351151901 ], [ -58.396833115556667, -34.565770223975505 ], [ -58.396877694087003, -34.565828527319105 ], [ -58.396945440694516, -34.565913386669983 ], [ -58.396981454484781, -34.565944411733994 ], [ -58.397049162143432, -34.566001689132023 ], [ -58.397130771449852, -34.566026437911042 ], [ -58.397200373427964, -34.566065416375793 ], [ -58.397203059351376, -34.566066920509407 ], [ -58.397266484852253, -34.566098034244469 ], [ -58.397331875195064, -34.566126226580955 ], [ -58.397392154412707, -34.566153843716641 ], [ -58.397428822462423, -34.566180481754252 ], [ -58.397470604790108, -34.566207932921863 ], [ -58.397502297923154, -34.566235377736049 ], [ -58.397532545541431, -34.566266399527954 ], [ -58.397552698170017, -34.566303377915638 ], [ -58.397567083354559, -34.566341546684015 ], [ -58.397587942476903, -34.566385000397794 ], [ -58.397607504594625, -34.566426088966104 ], [ -58.397634740030703, -34.566463218984637 ], [ -58.397659455676184, -34.566505141432046 ], [ -58.397688257133787, -34.566542124446165 ], [ -58.397727152868157, -34.566575536012671 ], [ -58.397780452674056, -34.566623265455455 ], [ -58.397827989733848, -34.566666221431227 ], [ -58.397876619399149, -34.566708278349452 ], [ -58.397925894908049, -34.566750823265991 ], [ -58.397973479977779, -34.566802246315675 ], [ -58.398025338430202, -34.566849973977156 ], [ -58.39809160682816, -34.566906058333004 ], [ -58.398152110450461, -34.56695856091018 ], [ -58.398219813069495, -34.567022993176451 ], [ -58.398277443941772, -34.567063569179211 ], [ -58.398384057839458, -34.567142332229196 ], [ -58.398561257401681, -34.56728672047678 ], [ -58.398653461994698, -34.567358320117997 ], [ -58.398728366197467, -34.56743229571498 ], [ -58.398762935047834, -34.56746928242238 ], [ -58.398780218103553, -34.56748956375224 ], [ -58.398816227731167, -34.567527743793754 ], [ -58.39887571449065, -34.567577424003531 ], [ -58.398875748244443, -34.567577458275572 ], [ -58.398884883702976, -34.567586529650065 ], [ -58.398911158769714, -34.5676126254031 ], [ -58.398911192524231, -34.567612658773719 ], [ -58.39891251982143, -34.567613993585887 ], [ -58.398947556561524, -34.567649230816812 ], [ -58.398981745122725, -34.567683614840625 ], [ -58.399008515240077, -34.567710772714236 ], [ -58.399030994274582, -34.567733569922929 ], [ -58.399034263963436, -34.567737001574265 ], [ -58.399034596049333, -34.567737350601369 ], [ -58.399067751338549, -34.567772151417394 ], [ -58.399112132179887, -34.567820283923375 ], [ -58.39915136226044, -34.567863970572397 ], [ -58.399171399757684, -34.567886279701057 ], [ -58.399208412523954, -34.567926941780193 ], [ -58.399208433210049, -34.567926965228146 ], [ -58.399231487648173, -34.567951268084421 ], [ -58.399265227677397, -34.567986838971244 ], [ -58.39931996418234, -34.568041945764143 ], [ -58.399410228396597, -34.568129259287133 ], [ -58.399410253441594, -34.568129282737345 ], [ -58.399418726111776, -34.568138843199108 ], [ -58.399724128967314, -34.568483432476761 ], [ -58.399920298657314, -34.568711305241621 ], [ -58.400144996126642, -34.568963042398458 ], [ -58.400189647875393, -34.569011957984088 ], [ -58.399953169809777, -34.56916345369234 ], [ -58.399925266331863, -34.569181328926362 ], [ -58.399925059187353, -34.569181461328569 ], [ -58.399916808927145, -34.569172976421214 ], [ -58.399894110647907, -34.569149633002112 ], [ -58.399564262068395, -34.568807267864749 ], [ -58.399540935310661, -34.568783818583604 ], [ -58.399530505077486, -34.568773331343245 ], [ -58.399530474589298, -34.568773300678792 ], [ -58.399510934699947, -34.568753945848179 ], [ -58.399468419549869, -34.56871182969158 ], [ -58.39936942336945, -34.568609657032447 ], [ -58.399369402681764, -34.568609635387368 ], [ -58.39921996249776, -34.568456332480139 ], [ -58.39921980243836, -34.568456168336411 ], [ -58.399087911563456, -34.56832086785883 ], [ -58.39900032789474, -34.568231021601058 ], [ -58.398922826990649, -34.568151518161812 ], [ -58.398922797593315, -34.568151486596363 ], [ -58.398887306371186, -34.568114681539754 ], [ -58.398825536518537, -34.568050625978856 ], [ -58.398658657897116, -34.567877564696389 ], [ -58.398432781844249, -34.567644588242644 ], [ -58.398432744823658, -34.567644551264443 ], [ -58.398392367912351, -34.567603504053316 ], [ -58.398392029288068, -34.567603159528147 ], [ -58.398391465276966, -34.567602585920625 ], [ -58.398358294241895, -34.567568864821418 ], [ -58.398289395349202, -34.567499271330249 ], [ -58.39818665370273, -34.567395491158258 ], [ -58.398098895258201, -34.567307279336752 ], [ -58.398063181753898, -34.56727138165423 ], [ -58.398036378375146, -34.567244133411123 ], [ -58.397992604750506, -34.567199633586213 ], [ -58.397931133494701, -34.567135894124533 ], [ -58.397855686581302, -34.567057660303966 ], [ -58.397606608499323, -34.566796563352071 ], [ -58.397606579105783, -34.566796528180582 ], [ -58.397595255816107, -34.566783288233928 ], [ -58.397577375509904, -34.566763696905866 ], [ -58.397564669403422, -34.566750494973185 ], [ -58.39755620699686, -34.566742187370089 ], [ -58.397536128929836, -34.566722478568124 ], [ -58.397535869788491, -34.566722223324625 ], [ -58.39753580772468, -34.566722162895545 ], [ -58.397528948083838, -34.566715429144438 ], [ -58.397518435892728, -34.566705885479024 ], [ -58.39750788341383, -34.566696306635308 ], [ -58.397500504741792, -34.566690018809304 ], [ -58.397497537377276, -34.56668748690366 ], [ -58.397497436105894, -34.566687400312048 ], [ -58.397491857457425, -34.566682644980581 ], [ -58.397491157268156, -34.566682047858343 ], [ -58.397491125688965, -34.566682020798496 ], [ -58.397484257507635, -34.56667645438845 ], [ -58.397477833622268, -34.566671257802724 ], [ -58.397451984595484, -34.566651663060448 ], [ -58.397442535736886, -34.566645143348829 ], [ -58.397424074752116, -34.566632396221486 ], [ -58.397424040987922, -34.566632376371871 ], [ -58.397415348225586, -34.566627416535248 ], [ -58.397410576521047, -34.566624691649629 ], [ -58.397392966271006, -34.566616479155627 ], [ -58.397382346359883, -34.566612295306413 ], [ -58.397369633376648, -34.566607875053371 ], [ -58.397352143983539, -34.56660255529868 ], [ -58.397352105854289, -34.56660254355954 ], [ -58.397342913115395, -34.566600121866664 ], [ -58.397332822187522, -34.566598080090017 ], [ -58.397329933930166, -34.566597494404377 ], [ -58.397329757431891, -34.566597458251913 ], [ -58.397315963303683, -34.566594665386553 ], [ -58.397304259057698, -34.566593389850077 ], [ -58.397304144652168, -34.566593377168246 ], [ -58.397292917641941, -34.566592153270015 ], [ -58.397292879507006, -34.566592148742266 ], [ -58.39727593329205, -34.566591694273058 ], [ -58.397267214618878, -34.566591959985416 ], [ -58.397256317640874, -34.56659229032288 ], [ -58.397241115885429, -34.566593346683177 ], [ -58.397235331432881, -34.566593947509119 ], [ -58.397234297249348, -34.566594055120682 ], [ -58.397229380247019, -34.566594565371652 ], [ -58.397207475208255, -34.566597898710384 ], [ -58.39720306568497, -34.56659879775016 ], [ -58.397202955610339, -34.56659882022624 ], [ -58.397197211022757, -34.566599992576819 ], [ -58.397171820840697, -34.566606546624229 ], [ -58.397153763462605, -34.566611212544139 ], [ -58.39709323081135, -34.566629447151996 ], [ -58.397046611245635, -34.566644713670335 ], [ -58.397022521554952, -34.566653337167907 ], [ -58.397007182235022, -34.566658830249075 ], [ -58.397007144085059, -34.566658844651187 ], [ -58.396982163943555, -34.566669067690491 ], [ -58.396973129240436, -34.56667347076101 ], [ -58.396954079835048, -34.566682755926735 ], [ -58.396893521913491, -34.566716211019809 ], [ -58.396881052166393, -34.566722467352001 ], [ -58.39688102055441, -34.566722481757644 ], [ -58.396781909056891, -34.566766594119059 ], [ -58.396690954609404, -34.566806793248162 ], [ -58.396690918637212, -34.566806809454249 ], [ -58.396571432353518, -34.566860272747576 ], [ -58.396571399651044, -34.566860288053981 ], [ -58.396559528743019, -34.566865727086046 ], [ -58.39654067917057, -34.566874371381445 ], [ -58.396540646466633, -34.566874388490675 ], [ -58.39653349406295, -34.566878196714505 ], [ -58.396533456995989, -34.56687821922992 ], [ -58.396524826885226, -34.566883523915557 ], [ -58.396520259664861, -34.566886738610741 ], [ -58.396520225860435, -34.566886769240774 ], [ -58.396511668388634, -34.566893896650939 ], [ -58.39650618091548, -34.566899181420339 ], [ -58.396495901716996, -34.566909079775854 ], [ -58.39646738973525, -34.56693845069514 ], [ -58.396453161001851, -34.566953107321496 ], [ -58.396453121739611, -34.566953149667071 ], [ -58.396367752207283, -34.567045538835451 ], [ -58.396320974254635, -34.567096165271025 ], [ -58.396320943714741, -34.567096201311365 ], [ -58.396300178042026, -34.567118892358373 ], [ -58.396262852139778, -34.567159695698393 ], [ -58.396250747881496, -34.567173400658739 ], [ -58.396250670443379, -34.567173488956087 ], [ -58.396242309364531, -34.567182953855408 ], [ -58.396231066294071, -34.567196225700357 ], [ -58.396218607076037, -34.56721093104651 ], [ -58.396203205295627, -34.567230232052317 ], [ -58.396203179115076, -34.567230267193594 ], [ -58.396187431705457, -34.567251165336231 ], [ -58.396186253593349, -34.567252730467459 ], [ -58.396172204621671, -34.56727137146688 ], [ -58.396131787384491, -34.567326807734801 ], [ -58.396131159035455, -34.567327669153372 ], [ -58.396059593666834, -34.567425826715343 ], [ -58.396010418070176, -34.56749802466063 ], [ -58.395965148130969, -34.567565777999867 ], [ -58.395938868095762, -34.567605112595267 ], [ -58.39593884845744, -34.567605142331502 ], [ -58.395872114403886, -34.567703162723475 ], [ -58.39585613531117, -34.567726026706055 ], [ -58.395855866938398, -34.567726410565726 ], [ -58.395851388602587, -34.567732817237655 ], [ -58.395841973161708, -34.567745322304731 ], [ -58.395841851244086, -34.567745484228944 ], [ -58.395834373426659, -34.567755408413824 ], [ -58.395806166190944, -34.567742777349984 ], [ -58.395805873171682, -34.567742645579621 ], [ -58.395805227220833, -34.56774235676582 ], [ -58.395785155917793, -34.567733369256189 ], [ -58.395750404089554, -34.567786709102997 ], [ -58.395752465189332, -34.567787632161739 ], [ -58.395795750231933, -34.567807017254772 ], [ -58.395798114036388, -34.567808075877721 ], [ -58.39579809003267, -34.567808113724368 ], [ -58.395797771070768, -34.567808580302163 ], [ -58.395754986585978, -34.567871165435236 ], [ -58.395754965855666, -34.567871197875121 ], [ -58.395735159512171, -34.567899698149432 ], [ -58.395711890447366, -34.567933185000271 ], [ -58.395688319167583, -34.567967107068355 ], [ -58.395599333550045, -34.568094081433394 ], [ -58.395521886129139, -34.568206641109036 ], [ -58.395521468284052, -34.568207248438831 ], [ -58.395521132262417, -34.568207736825677 ], [ -58.395409470315919, -34.568370023573237 ], [ -58.395409448495663, -34.568370056012476 ], [ -58.395252757305741, -34.56860634634436 ], [ -58.395246525315436, -34.568618394046553 ], [ -58.395238278093892, -34.568638929361938 ], [ -58.395238268266766, -34.568638953694993 ], [ -58.395233237883566, -34.568654075932116 ], [ -58.395233224775602, -34.568654114686176 ], [ -58.395231103931167, -34.568661158154782 ], [ -58.395225168591836, -34.568680909615459 ], [ -58.395219036205951, -34.568705773859172 ], [ -58.395216366889855, -34.568718595167972 ], [ -58.395215098943012, -34.568724711543652 ], [ -58.395215089100461, -34.568724754806645 ], [ -58.395212917199537, -34.568736946295338 ], [ -58.395209099917565, -34.568758414351691 ], [ -58.395208347972037, -34.56876382609925 ], [ -58.395207660700081, -34.568768770042347 ], [ -58.395206140609162, -34.568787435040839 ], [ -58.395206068064205, -34.568796222109576 ], [ -58.395207869305032, -34.568822999999668 ], [ -58.395212240394429, -34.568874771382973 ], [ -58.395216033935213, -34.568930568215919 ], [ -58.395216037182998, -34.568930594359088 ], [ -58.395217360084068, -34.568939950104856 ], [ -58.395217377862082, -34.568943540497941 ], [ -58.39521737674594, -34.568943572948683 ], [ -58.395216981819239, -34.568945467527676 ], [ -58.395216617535681, -34.568947200768356 ], [ -58.395216089084727, -34.568948470584033 ], [ -58.395215574827084, -34.568949707054877 ], [ -58.395213701154994, -34.568952961963625 ], [ -58.395213667337515, -34.568953007016098 ], [ -58.395210903137723, -34.568956557096122 ], [ -58.395208758932597, -34.56895882659434 ], [ -58.395208718582772, -34.568958864431771 ], [ -58.395205866928691, -34.568961418386216 ], [ -58.395204587773435, -34.568962564287609 ], [ -58.395204549605204, -34.568962599421972 ], [ -58.395201846549369, -34.568964663984431 ], [ -58.395199405185814, -34.568966527674625 ], [ -58.395192829089581, -34.568971555770489 ], [ -58.395192806189662, -34.568971575589103 ], [ -58.395189883714295, -34.56897411688368 ], [ -58.395189798657256, -34.568974190753224 ], [ -58.395183519701632, -34.568979644487833 ], [ -58.395093746758988, -34.56907434423772 ], [ -58.395093723853847, -34.569074370366295 ], [ -58.395050357331073, -34.569119191211314 ], [ -58.395021612787879, -34.569148905095041 ], [ -58.39496766585556, -34.569202183487981 ], [ -58.3949498827429, -34.569219746847864 ], [ -58.394949860931085, -34.569219768469878 ], [ -58.394928998619733, -34.569242268118572 ], [ -58.394928966990236, -34.569242302355086 ], [ -58.39491870058756, -34.569251962604156 ], [ -58.394916315584972, -34.569252848272093 ], [ -58.394916274164352, -34.569252862671739 ], [ -58.394914725535038, -34.569253110796282 ], [ -58.394914603425313, -34.569253130360941 ], [ -58.394902163822877, -34.569241890712021 ], [ -58.394889895187241, -34.56923079809021 ], [ -58.394876567429961, -34.569218290534813 ], [ -58.39486396040612, -34.569206452319072 ], [ -58.394863143862402, -34.569205685570111 ], [ -58.394858748436135, -34.569202480336351 ], [ -58.394854437965805, -34.56919932562996 ], [ -58.394842920749603, -34.569192819884286 ], [ -58.39482932749938, -34.569186493258456 ], [ -58.394799921356885, -34.569173740501192 ], [ -58.394773237428865, -34.569162167429873 ], [ -58.394770018265554, -34.569161051459133 ], [ -58.394769220828017, -34.569160775174865 ], [ -58.394767973470415, -34.569160342691134 ], [ -58.39476577506985, -34.569159581554104 ], [ -58.394758605753857, -34.569157103112168 ], [ -58.394754216337688, -34.569155877411298 ], [ -58.394745235472435, -34.569153959540266 ], [ -58.394739612112282, -34.569153219014915 ], [ -58.394739429061893, -34.569153194573587 ], [ -58.394738912597397, -34.569153126676504 ], [ -58.39473530824462, -34.569152649600134 ], [ -58.394724479283809, -34.569152006208469 ], [ -58.394721383446473, -34.56915198824359 ], [ -58.394719886198338, -34.56915198019103 ], [ -58.39471671953909, -34.569151951369115 ], [ -58.394714711163992, -34.569152010636337 ], [ -58.3947092701396, -34.569152165328873 ], [ -58.394704088308679, -34.569152510367879 ], [ -58.394702172503678, -34.569152636392488 ], [ -58.394697542095777, -34.569152942078304 ], [ -58.394690479020049, -34.569153790858508 ], [ -58.394685105150685, -34.569154440471038 ], [ -58.394677721163184, -34.569155944407406 ], [ -58.394674297827052, -34.569156641088689 ], [ -58.394668226059814, -34.569157882545554 ], [ -58.39465463178864, -34.569162103494904 ], [ -58.39465165483837, -34.569163278182813 ], [ -58.394650936490351, -34.569163560826851 ], [ -58.394648321444947, -34.569164586081349 ], [ -58.394642782453282, -34.569167262006637 ], [ -58.394634237952893, -34.569171386636818 ], [ -58.394634196524841, -34.569171410050629 ], [ -58.394628234020566, -34.569174944796785 ], [ -58.394627115436457, -34.569175609420505 ], [ -58.394621405868392, -34.569178991967476 ], [ -58.394613151908665, -34.569184938543252 ], [ -58.394607681339117, -34.569189215439458 ], [ -58.394601221771168, -34.569194264301608 ], [ -58.394601185785682, -34.569194294929893 ], [ -58.39459466691244, -34.569199903544359 ], [ -58.394589852454757, -34.569204045595015 ], [ -58.394586433565308, -34.569207281595681 ], [ -58.39457905051546, -34.569214260793061 ], [ -58.394565308208627, -34.569228859775947 ], [ -58.394565275489285, -34.569228894011729 ], [ -58.394565060517628, -34.569229258067111 ], [ -58.394150916731142, -34.569932076643035 ], [ -58.394129608333891, -34.569968237188732 ], [ -58.394001829940208, -34.57018507755501 ], [ -58.393882326323499, -34.570387878425997 ], [ -58.392987560832395, -34.571976008842348 ], [ -58.392937280697069, -34.572065249973278 ], [ -58.392918114740141, -34.572099267161981 ], [ -58.392881367659058, -34.572164488571879 ], [ -58.392842857481902, -34.57223283913158 ], [ -58.392843213582559, -34.572232818786247 ], [ -58.393020922315834, -34.572222665503297 ], [ -58.393211825859517, -34.572211758051637 ], [ -58.393314447615396, -34.572218997694655 ], [ -58.393535775962562, -34.572234611797363 ], [ -58.394322514229138, -34.572290109014368 ], [ -58.394326961223648, -34.572290422519302 ], [ -58.394823717308121, -34.572309364429877 ], [ -58.395209226839555, -34.572190634170965 ], [ -58.398368824804535, -34.570389644235071 ], [ -58.398703059974785, -34.570199118441245 ], [ -58.398800579331734, -34.570143529445083 ], [ -58.398821876338815, -34.57013279318307 ], [ -58.39899967397767, -34.570043161460198 ], [ -58.399182614172723, -34.56995093655933 ], [ -58.399220675461812, -34.569931238585497 ], [ -58.399230312059501, -34.569926656283123 ], [ -58.39923850444584, -34.569922760726293 ], [ -58.399273864389862, -34.56990493477705 ], [ -58.399299281612755, -34.569892121054018 ], [ -58.399341100710195, -34.569871038544463 ], [ -58.39934300842809, -34.569870076794714 ], [ -58.39934830821749, -34.569866566711354 ], [ -58.399436256539879, -34.569808321231719 ], [ -58.399578205560218, -34.569714312437689 ], [ -58.39980894834634, -34.569561497253567 ], [ -58.400013399765236, -34.569426093349819 ], [ -58.400129902870184, -34.569348935426028 ], [ -58.400129648698432, -34.569349292259538 ], [ -58.400111679985784, -34.569374472430766 ], [ -58.400051404240543, -34.569458938428774 ], [ -58.399912840609218, -34.569653110548792 ], [ -58.39980930393606, -34.569798197961489 ], [ -58.399701078576918, -34.570017777854858 ], [ -58.399654629665221, -34.570199081037494 ], [ -58.399632862640438, -34.570403382551333 ], [ -58.399638916319205, -34.570561727610745 ], [ -58.399719001962076, -34.570806944773224 ], [ -58.399888653448059, -34.571011345865699 ], [ -58.399921120155973, -34.571049593129629 ], [ -58.400305083150784, -34.571501912281796 ], [ -58.400451600529479, -34.5716493331796 ], [ -58.400544950992291, -34.57174325846529 ], [ -58.400665188152345, -34.571864235764004 ], [ -58.401748322189704, -34.573132113789498 ], [ -58.402030821814812, -34.57351723253003 ], [ -58.40241171984475, -34.573902844120276 ], [ -58.40250979309215, -34.574002130106784 ], [ -58.402649502404053, -34.574140308005951 ], [ -58.402412231206554, -34.574407722332339 ], [ -58.402137869188223, -34.574737394426293 ], [ -58.40165515762807, -34.575317410325937 ], [ -58.401239648467026, -34.575660680908683 ], [ -58.401147706290637, -34.575736637850888 ], [ -58.400660448857735, -34.576057570408572 ], [ -58.400511316085357, -34.576155796974845 ], [ -58.399943748520322, -34.576489668542791 ], [ -58.399877555817746, -34.576521736642363 ], [ -58.399049462463232, -34.576922905839076 ], [ -58.398613246718824, -34.577156438553466 ], [ -58.398585100518282, -34.577171507189135 ], [ -58.397897083200341, -34.577626174707135 ], [ -58.397820477471015, -34.577676727948237 ], [ -58.396815052478651, -34.578340215032036 ], [ -58.396645384161552, -34.578452178693318 ], [ -58.396563017412767, -34.578506532006564 ], [ -58.39675591395816, -34.578794572437076 ], [ -58.396927455646882, -34.579035726820152 ], [ -58.397963276884759, -34.580492017192014 ], [ -58.39811254169642, -34.580701890185601 ], [ -58.39936476065278, -34.582714772014342 ], [ -58.399278154459061, -34.582730149993928 ], [ -58.399942119888664, -34.583641569197347 ], [ -58.400546813455705, -34.584471543840358 ], [ -58.401129711150439, -34.583941551179997 ], [ -58.401218480294723, -34.583881172969313 ], [ -58.401348993722536, -34.583792504844766 ], [ -58.401351454738972, -34.583790994404765 ], [ -58.401946151163166, -34.583426109628611 ], [ -58.402046965511218, -34.583426935492028 ], [ -58.404029620721779, -34.583442350756343 ], [ -58.405362772238995, -34.58345271005949 ], [ -58.40617524845625, -34.583459008195 ], [ -58.406401076878893, -34.583808275151199 ], [ -58.407094624313679, -34.584798191310163 ], [ -58.407628511780615, -34.58556021094428 ], [ -58.408041014077803, -34.58614885909298 ], [ -58.408138845170342, -34.586288553815834 ], [ -58.408319450369099, -34.586545611560176 ], [ -58.409031419746036, -34.587558976038387 ], [ -58.409195808396255, -34.587793006455783 ], [ -58.40950051818924, -34.588226800976848 ], [ -58.410083710703333, -34.589056789539733 ], [ -58.411191433748442, -34.590346444298554 ], [ -58.412329567814673, -34.591675961499647 ], [ -58.412393389765171, -34.591750496206551 ], [ -58.412465464889195, -34.591834683155177 ], [ -58.412880395026093, -34.592319300125098 ], [ -58.413525520110625, -34.593072746606722 ], [ -58.41439610689951, -34.594053607377383 ], [ -58.414628440276765, -34.594603145646168 ], [ -58.415048807290972, -34.595597483991355 ], [ -58.415520211947609, -34.596712476342276 ], [ -58.416002854915654, -34.597854231564213 ], [ -58.416003575469809, -34.59785422128396 ], [ -58.416161429027483, -34.597851969057423 ], [ -58.416162149588743, -34.597851951544101 ], [ -58.417242677412503, -34.597825684414907 ], [ -58.417265234734849, -34.597825135954743 ], [ -58.417265955262046, -34.597825118406817 ], [ -58.417266656217663, -34.597825101335502 ], [ -58.417401897651693, -34.597821816114553 ], [ -58.417407267455047, -34.597821685625085 ], [ -58.417467923557332, -34.597820212060753 ], [ -58.41885206549442, -34.597790723841349 ], [ -58.418943039075316, -34.59778878553346 ], [ -58.419118592844669, -34.597785034401539 ], [ -58.420164878598605, -34.597762673961988 ], [ -58.420434846091069, -34.597756923369246 ], [ -58.42063732121229, -34.59775353737114 ], [ -58.421779656804809, -34.59773443003219 ], [ -58.422746057043184, -34.59771428913281 ], [ -58.422841452923024, -34.59771230071123 ], [ -58.422843321256686, -34.59771242482563 ], [ -58.423369282461657, -34.597747393890565 ], [ -58.423532909509142, -34.597635909783186 ], [ -58.423541263301608, -34.597630218217873 ], [ -58.424537022065458, -34.597195766952204 ], [ -58.424844961051733, -34.597061410073465 ], [ -58.426026012763401, -34.596613600819758 ], [ -58.426242112050183, -34.596511411025261 ], [ -58.42695032899401, -34.59621083904058 ], [ -58.426952144276854, -34.596210068864671 ], [ -58.426990670631312, -34.596186562209034 ], [ -58.427025744925203, -34.596165162041906 ], [ -58.428090784690788, -34.595514618622062 ], [ -58.429170884683224, -34.5948549142894 ], [ -58.429331840919581, -34.594756508463433 ], [ -58.429350616068128, -34.59474503316244 ], [ -58.430061276914664, -34.594301981874565 ], [ -58.430213049305678, -34.594207301562939 ], [ -58.430284021386441, -34.594163026648296 ], [ -58.430743894363175, -34.59385700160761 ], [ -58.431221178279351, -34.593539392499466 ], [ -58.4323603628456, -34.592781364175366 ], [ -58.433427353467579, -34.592071325399459 ], [ -58.433447228978558, -34.59205810187175 ], [ -58.433541102806316, -34.591995617382267 ], [ -58.434134262610783, -34.591600795506373 ], [ -58.434364832651895, -34.591448382689762 ], [ -58.43531240331248, -34.59082162110132 ], [ -58.436038253500982, -34.590341566284401 ], [ -58.436175467453758, -34.590249483057868 ], [ -58.437125909300349, -34.589611791651194 ], [ -58.438052915068916, -34.588989863748481 ], [ -58.438223951864408, -34.588875062091162 ], [ -58.438251362318468, -34.588856663344558 ], [ -58.438499208157658, -34.588690372370017 ], [ -58.438535725080143, -34.588668389544075 ], [ -58.438537236034477, -34.58866748031371 ], [ -58.43854708013172, -34.588661550940031 ], [ -58.438615803439163, -34.588620184083638 ], [ -58.439390502503123, -34.588108146400494 ], [ -58.440157952385718, -34.587600961056836 ], [ -58.441090616510706, -34.586984504216893 ], [ -58.441398918782092, -34.586780119584105 ], [ -58.442426523320506, -34.58609859741582 ], [ -58.443478553059059, -34.585400872785726 ], [ -58.444587027588319, -34.58466568265672 ], [ -58.444786905746156, -34.584513456190791 ], [ -58.444401511990577, -34.583193320822154 ], [ -58.444401054592021, -34.583191754074761 ], [ -58.44440818206666, -34.583188689431985 ], [ -58.444449849279088, -34.583170774645055 ], [ -58.444449832935838, -34.583170752106909 ], [ -58.443780975253141, -34.582251498130908 ], [ -58.443762770074798, -34.582227720131286 ], [ -58.443433004171418, -34.581796996622607 ], [ -58.443424465838774, -34.581789051873997 ], [ -58.442510745071743, -34.580938798886699 ], [ -58.442283885176963, -34.580727700315563 ], [ -58.441579188981727, -34.580071937824584 ], [ -58.441544665524532, -34.580039811184214 ], [ -58.440534599474383, -34.579099890902519 ], [ -58.439940367895673, -34.578546951433879 ], [ -58.440221970090448, -34.578324409658251 ], [ -58.440889996851425, -34.577796480763624 ], [ -58.441815571744783, -34.576817966476376 ], [ -58.441879609583253, -34.57677206180049 ], [ -58.442566833016748, -34.576279660266685 ], [ -58.442729297219785, -34.576163252363685 ], [ -58.442920551665658, -34.576040394842174 ], [ -58.44375560306392, -34.575504078342561 ], [ -58.443973041589913, -34.575364425272241 ], [ -58.443544920991371, -34.57493221574429 ], [ -58.443140495119899, -34.574523922537111 ], [ -58.442421849746715, -34.57379836450351 ], [ -58.441704494778747, -34.573074211312367 ], [ -58.440746025418903, -34.57210641340086 ], [ -58.441945338731806, -34.571445488551788 ], [ -58.442204868047483, -34.571302502500913 ], [ -58.442545538248119, -34.571127346078796 ], [ -58.442957644406981, -34.570915509852426 ], [ -58.443641105562776, -34.570564065384936 ], [ -58.443828934393331, -34.570471910173495 ], [ -58.444111954184429, -34.570332938743739 ], [ -58.444887015860971, -34.569952345877063 ], [ -58.445706260636683, -34.569550064304281 ], [ -58.446498167189674, -34.569161223638453 ], [ -58.446692374921895, -34.569065896360428 ], [ -58.447043413379006, -34.568886432526618 ], [ -58.44813440859874, -34.568328886122707 ], [ -58.448643886501074, -34.56806851973073 ], [ -58.449045576721311, -34.567854126775565 ], [ -58.449044554760377, -34.567853149509084 ], [ -58.448387278969577, -34.567222907509375 ], [ -58.447855729149722, -34.566713183398441 ], [ -58.447796994524708, -34.566678668410944 ], [ -58.447320997052969, -34.566399234841334 ], [ -58.446427489095086, -34.565874596496421 ], [ -58.446065816132361, -34.565662287730845 ], [ -58.445521309627317, -34.565340793923113 ], [ -58.444613781226387, -34.564804943539393 ], [ -58.44364761830208, -34.564234426957007 ], [ -58.442623334958007, -34.563626569226649 ], [ -58.442536744702799, -34.563689442643991 ], [ -58.441970808396604, -34.563053415645641 ], [ -58.441498832681553, -34.562522898698688 ], [ -58.441346075102715, -34.562351177228827 ], [ -58.441251953091189, -34.562239078505925 ], [ -58.441163991154063, -34.562134315745752 ], [ -58.44052299899203, -34.56223682992988 ], [ -58.439655767446105, -34.56234583880228 ], [ -58.439571856350469, -34.562356385455637 ], [ -58.438747603441001, -34.562443006550787 ], [ -58.438434622732693, -34.562475895807147 ], [ -58.437708586858214, -34.562509114832366 ], [ -58.437318084857779, -34.562526979780117 ], [ -58.436718492571835, -34.562561456520633 ], [ -58.436428985166778, -34.562578102911928 ], [ -58.435829380997248, -34.56254375936814 ], [ -58.435404250795017, -34.562537394435253 ], [ -58.434946515455955, -34.562160136005552 ], [ -58.434860307421381, -34.562089551263533 ], [ -58.434959664276725, -34.561792596181803 ], [ -58.435029379515314, -34.561802683100467 ], [ -58.435126247765204, -34.561816226915354 ], [ -58.435277083284738, -34.561836403141001 ], [ -58.435387572616548, -34.561850583578291 ], [ -58.435498061060414, -34.561864270834199 ], [ -58.435571946783199, -34.56187309098469 ], [ -58.435670434042912, -34.561884310853785 ], [ -58.435745427078459, -34.561892426233079 ], [ -58.435820591405864, -34.561899907900951 ], [ -58.435892025234551, -34.561906428664159 ], [ -58.435937380017805, -34.561910568280148 ], [ -58.43599817862858, -34.561915692989231 ], [ -58.436027015477755, -34.561918123374902 ], [ -58.436117672950239, -34.561922510111614 ], [ -58.436219141826534, -34.561926053640207 ], [ -58.436302053955707, -34.561928325574222 ], [ -58.436364450143586, -34.56192953735485 ], [ -58.436446426847546, -34.56193011880675 ], [ -58.436551897220127, -34.561928943962819 ], [ -58.436578008919049, -34.561928134790065 ], [ -58.436619573634566, -34.561926846725875 ], [ -58.43664454240993, -34.56192578759353 ], [ -58.436680695103476, -34.561924254039724 ], [ -58.436780889932223, -34.561918501297086 ], [ -58.436893087544995, -34.561910426286026 ], [ -58.437026739521151, -34.561899046648357 ], [ -58.43710675955279, -34.561891739739885 ], [ -58.437205083528475, -34.561882253433915 ], [ -58.437278719567374, -34.561874734113786 ], [ -58.437293088813277, -34.561872955052323 ], [ -58.437659160592183, -34.561827630257419 ], [ -58.437981893837694, -34.561757203231195 ], [ -58.438249806948733, -34.561684228397269 ], [ -58.43833867525062, -34.561655446872372 ], [ -58.438462709589388, -34.561615275686094 ], [ -58.438475155188449, -34.561611245227965 ], [ -58.438525112555531, -34.561592945567789 ], [ -58.438677500697686, -34.561537123909332 ], [ -58.438688247551333, -34.561533187736771 ], [ -58.43892577651151, -34.5614349941442 ], [ -58.439242400640758, -34.561286461921135 ], [ -58.43944299458488, -34.561182503513457 ], [ -58.439468627977128, -34.561169218763823 ], [ -58.439469221897404, -34.561168911492743 ], [ -58.439470739936446, -34.561168123940789 ], [ -58.439696106722494, -34.561024643221458 ], [ -58.439838510548491, -34.560928574814795 ], [ -58.439893975033144, -34.560891157258666 ], [ -58.439909028818498, -34.560879818373543 ], [ -58.440168048534979, -34.560684726534205 ], [ -58.440329480079633, -34.56055630348267 ], [ -58.440490828197042, -34.56042034425851 ], [ -58.440617635485424, -34.560309617497602 ], [ -58.440647180174281, -34.560283818695417 ], [ -58.440655241776376, -34.560276780035586 ], [ -58.440847085169928, -34.560060191415765 ], [ -58.440957481107837, -34.559917191941942 ], [ -58.440959827796569, -34.559914152754828 ], [ -58.441032905116018, -34.559763035321772 ], [ -58.441130344032821, -34.559546499294711 ], [ -58.441209567144263, -34.559324889352155 ], [ -58.441215637657955, -34.559306584240623 ], [ -58.441261363252181, -34.559168697379661 ], [ -58.441300980467766, -34.55903525163766 ], [ -58.441334454166807, -34.558957156994722 ], [ -58.441387096722927, -34.558816388554341 ], [ -58.441377496784085, -34.558744765626692 ], [ -58.441339066896511, -34.55857355759958 ], [ -58.441252483893486, -34.558298887510574 ], [ -58.441165974887404, -34.558071966038419 ], [ -58.441060130357698, -34.557896801913579 ], [ -58.440915810773888, -34.557721630643975 ], [ -58.440694551727816, -34.55751066997432 ], [ -58.440444435989768, -34.557303576036034 ], [ -58.440160613010299, -34.55710450422125 ], [ -58.44009869104061, -34.5570719454807 ], [ -58.439836775184141, -34.556934227412775 ], [ -58.439540848524778, -34.556798110315277 ], [ -58.439150445776342, -34.556641622286996 ], [ -58.438813408557394, -34.556505495281648 ], [ -58.438344862854827, -34.556366031388364 ], [ -58.437988070971926, -34.556260391597775 ], [ -58.437700570062333, -34.556147794560978 ], [ -58.437502700456854, -34.556035214915333 ], [ -58.437332665698442, -34.555922570558856 ], [ -58.437325481929975, -34.555917100061087 ], [ -58.437187671400821, -34.555812152442684 ], [ -58.437138140039707, -34.555774432359634 ], [ -58.437100855389495, -34.555746038365115 ], [ -58.436871689063203, -34.555552885750089 ], [ -58.436719013488855, -34.555409077377128 ], [ -58.43668899297468, -34.555380800219375 ], [ -58.436538455170506, -34.555262384438493 ], [ -58.43624520990717, -34.555029638423989 ], [ -58.435984035228003, -34.554859998916115 ], [ -58.435718938191222, -34.554716978063688 ], [ -58.435574878728112, -34.554645474722804 ], [ -58.435557205330419, -34.554636702506691 ], [ -58.435457752232168, -34.554587338339196 ], [ -58.435337244631803, -34.554527450492934 ], [ -58.435183544814883, -34.554455652416927 ], [ -58.434112546975349, -34.553957850910706 ], [ -58.434655425946765, -34.553594171631524 ], [ -58.434632202439126, -34.553310517014488 ], [ -58.434425016221851, -34.55305051038021 ], [ -58.43437981653107, -34.553024736830018 ], [ -58.433461292308905, -34.552500973702138 ], [ -58.433393081388076, -34.552462077458244 ], [ -58.432334238098392, -34.551858283003135 ], [ -58.432100401691713, -34.551692639874453 ], [ -58.43184259978316, -34.551510018906072 ], [ -58.431682375090539, -34.551414778438911 ], [ -58.431607001062062, -34.551382800512457 ], [ -58.431512619940946, -34.551342757909993 ], [ -58.430985962439756, -34.55111931660614 ], [ -58.430665429303765, -34.551038712951616 ], [ -58.429761022438321, -34.550936636967236 ], [ -58.429400382189023, -34.550950746608784 ], [ -58.429146398095298, -34.551011343850334 ], [ -58.42903744146183, -34.551053912295025 ], [ -58.428785503475659, -34.551152342254369 ], [ -58.428714804831571, -34.551183047479356 ], [ -58.428606121421389, -34.551230212798707 ], [ -58.428482863563566, -34.551283702803396 ], [ -58.428482464744299, -34.551283876665579 ], [ -58.427312802799278, -34.551792866887666 ], [ -58.426995033258947, -34.551931144956512 ], [ -58.426903898361353, -34.551970802358518 ], [ -58.426795469514772, -34.552011273622952 ], [ -58.426795098341174, -34.552011412163957 ], [ -58.426761561652604, -34.552023929766385 ], [ -58.426760489424844, -34.552024335990247 ], [ -58.426760424529441, -34.552024320491185 ], [ -58.426758748163174, -34.55202392012243 ], [ -58.426670098065294, -34.552002747665725 ], [ -58.426573660366984, -34.551819305674492 ], [ -58.426563718330527, -34.551824252936029 ], [ -58.426562116713249, -34.55182385953114 ], [ -58.42632158278203, -34.551918747413978 ], [ -58.426271041662957, -34.551938685239733 ], [ -58.425738212414153, -34.552142651201443 ], [ -58.425581531318684, -34.551848766619827 ], [ -58.42452127671784, -34.549759260266953 ], [ -58.424268564230651, -34.549268935294059 ], [ -58.424249548349358, -34.549251756973717 ], [ -58.42422014772918, -34.549248885527327 ], [ -58.424199389105389, -34.54925889647248 ], [ -58.424187271132752, -34.549284650951677 ], [ -58.424197638734995, -34.54930468855239 ], [ -58.424232224642296, -34.549313285743381 ], [ -58.425201327171088, -34.551198010211429 ] ] ] } },
{ "type": "Feature", "properties": { "id": 24.0, "comuna": 15.0, "perimetro_": 4531.25, "area_metro": 1385411.51, "nam": "Parque Chas", "cca": null, "cde": null, "fna": null, "gna": null, "ara3": null, "arl": null }, "geometry": { "type": "Polygon", "coordinates": [ [ [ -58.470815403202614, -34.58744528002174 ], [ -58.470818855321191, -34.587448229269548 ], [ -58.470877494367144, -34.587496829541131 ], [ -58.471116348596105, -34.587699667398006 ], [ -58.471234805120517, -34.587802337388574 ], [ -58.471893510888066, -34.588317231380849 ], [ -58.472117480351137, -34.588492289108977 ], [ -58.472896360033985, -34.589101043191981 ], [ -58.473086099031448, -34.5892493412303 ], [ -58.473219377400198, -34.589353557626453 ], [ -58.474059930487059, -34.590009272369059 ], [ -58.475033012205067, -34.590768350176425 ], [ -58.475395914425654, -34.591051463684323 ], [ -58.475724042053308, -34.591307445888475 ], [ -58.475758375502963, -34.591393146152477 ], [ -58.47587432000676, -34.591686378213765 ], [ -58.475888981732986, -34.59172346127297 ], [ -58.476482609690549, -34.591556669459806 ], [ -58.477203164772639, -34.591347681841825 ], [ -58.477824730865166, -34.591189324842112 ], [ -58.47808274019043, -34.591123658491689 ], [ -58.479544619619958, -34.590751213465701 ], [ -58.480870586646141, -34.590413347368148 ], [ -58.481181894846962, -34.590328653038156 ], [ -58.481288076820448, -34.590299763924513 ], [ -58.481457437281115, -34.590245794031624 ], [ -58.48186121270912, -34.590117139757666 ], [ -58.48201175423852, -34.59006443935688 ], [ -58.482501098747932, -34.589893234320108 ], [ -58.48365007305128, -34.589491068926755 ], [ -58.48398795748308, -34.589372452321975 ], [ -58.484705723708238, -34.589120472459783 ], [ -58.484709974192548, -34.589118979857325 ], [ -58.485077735845167, -34.588728626096604 ], [ -58.485433831530891, -34.588350597590953 ], [ -58.485489859079578, -34.58829115111179 ], [ -58.485560759126763, -34.588215924266741 ], [ -58.486110940631718, -34.587633277256195 ], [ -58.486439957729402, -34.587284758932356 ], [ -58.486543018401882, -34.587175585874341 ], [ -58.48669542204803, -34.587014142299118 ], [ -58.486802168216933, -34.586897217864063 ], [ -58.486893422203515, -34.586797339560661 ], [ -58.487442992300871, -34.58622278492853 ], [ -58.488085765327583, -34.585550743244809 ], [ -58.488193361338013, -34.585438324515984 ], [ -58.488792967971889, -34.584818330673862 ], [ -58.488103055200888, -34.584418817167219 ], [ -58.487032558901284, -34.583798808295604 ], [ -58.485959182206628, -34.583177099429307 ], [ -58.485823862309921, -34.583098671661162 ], [ -58.485094974596102, -34.582675063943782 ], [ -58.484746415427985, -34.582472516891876 ], [ -58.484120496490902, -34.582108745207975 ], [ -58.483133767803658, -34.581535237170279 ], [ -58.483013184720207, -34.581465114106891 ], [ -58.482145264855284, -34.580959749054081 ], [ -58.48112892959729, -34.580367918608978 ], [ -58.480993447578506, -34.580288993292683 ], [ -58.480483371581776, -34.579993708727351 ], [ -58.480310060061754, -34.579893421480151 ], [ -58.480183202462136, -34.579820014385291 ], [ -58.479232463116297, -34.57926963893923 ], [ -58.478987903717254, -34.579125161285333 ], [ -58.47722260940435, -34.579533200158025 ], [ -58.476668781997468, -34.57966414364919 ], [ -58.475499273170925, -34.57994064499475 ], [ -58.475424092725099, -34.579958470061214 ], [ -58.474996484826654, -34.580470916241758 ], [ -58.474920974484505, -34.580565784050812 ], [ -58.474682351549497, -34.580842431436011 ], [ -58.474461774504292, -34.58109802030031 ], [ -58.474310238865762, -34.581269726730831 ], [ -58.473994990410965, -34.581627086029862 ], [ -58.473857738065902, -34.581671742865225 ], [ -58.473570810003736, -34.581765081981452 ], [ -58.473630423928185, -34.581854938222378 ], [ -58.473656486414356, -34.581919655635581 ], [ -58.473630441494571, -34.581996912682094 ], [ -58.473647818820858, -34.582061630830452 ], [ -58.473538518008958, -34.58227861577771 ], [ -58.472981526385446, -34.583337553484306 ], [ -58.472460275125023, -34.584328597684326 ], [ -58.47212979459119, -34.584956943936447 ], [ -58.471114088339647, -34.58688776634461 ], [ -58.470837081694647, -34.587415645261252 ], [ -58.470834655779313, -34.587418961751197 ], [ -58.470815403202614, -34.58744528002174 ] ] ] } },
{ "type": "Feature", "properties": { "id": 26.0, "comuna": 15.0, "perimetro_": 7087.51, "area_metro": 2229829.03, "nam": "Paternal", "cca": null, "cde": null, "fna": null, "gna": null, "ara3": null, "arl": null }, "geometry": { "type": "Polygon", "coordinates": [ [ [ -58.466828452112026, -34.590592966556351 ], [ -58.466592590371633, -34.590735066393286 ], [ -58.466530939960833, -34.590772181463578 ], [ -58.466393153609943, -34.590862125498177 ], [ -58.466049307715259, -34.591086577440798 ], [ -58.465880001977574, -34.591208014639953 ], [ -58.465028398810446, -34.591936245728043 ], [ -58.464409488143268, -34.592467106707865 ], [ -58.464382153972863, -34.592551334170068 ], [ -58.464454385794369, -34.592793371142214 ], [ -58.464827041894651, -34.594042058470656 ], [ -58.465074006503826, -34.594900966397745 ], [ -58.465199148807734, -34.595336186055661 ], [ -58.465454971073193, -34.596145604765354 ], [ -58.465512119190258, -34.596338423536963 ], [ -58.465554725894435, -34.596482021244384 ], [ -58.465577102567387, -34.596557440185904 ], [ -58.46562039631953, -34.59670403598512 ], [ -58.465540507167638, -34.596646031811808 ], [ -58.465450878108477, -34.596618641884803 ], [ -58.465340185219546, -34.596611670377555 ], [ -58.465271374707257, -34.596601741433155 ], [ -58.46516168647333, -34.59657589755632 ], [ -58.465159579372532, -34.596575521695044 ], [ -58.464614354323437, -34.596478297696819 ], [ -58.463864084984259, -34.596429147974057 ], [ -58.463768193360032, -34.59642717606615 ], [ -58.462521073044563, -34.596501526551201 ], [ -58.462480642607701, -34.596503936691505 ], [ -58.462322498455102, -34.596510766510555 ], [ -58.461505292012987, -34.596546391379924 ], [ -58.461500646158655, -34.596546671654053 ], [ -58.461008971342935, -34.596576876407525 ], [ -58.460772223340271, -34.596590533699604 ], [ -58.45927593582843, -34.596677185180141 ], [ -58.459208743448727, -34.596693380615037 ], [ -58.458247343391157, -34.596925813458405 ], [ -58.458032088758983, -34.596977812852515 ], [ -58.457939759606987, -34.597000117246004 ], [ -58.457938968204687, -34.5970003083129 ], [ -58.457932028666292, -34.59700279413223 ], [ -58.45783047001121, -34.59703917736099 ], [ -58.457614919892436, -34.597116211223117 ], [ -58.457073958584047, -34.597302173601612 ], [ -58.456494671111201, -34.597501230019944 ], [ -58.456237048274978, -34.597589737806764 ], [ -58.456565602773054, -34.598657168013887 ], [ -58.456582716473235, -34.598706747203686 ], [ -58.456899871859086, -34.599731286905339 ], [ -58.456985695613682, -34.600021718884634 ], [ -58.45721388297698, -34.600763009789432 ], [ -58.457251943119722, -34.600886604798184 ], [ -58.457533097474645, -34.601794027024184 ], [ -58.457918566211596, -34.60303821807701 ], [ -58.458163459575012, -34.603828663011591 ], [ -58.45827809155508, -34.603906485732715 ], [ -58.458935314254532, -34.60437320865605 ], [ -58.460021402293407, -34.604094716846568 ], [ -58.460124457362348, -34.604068310615894 ], [ -58.460539573566138, -34.603961910565729 ], [ -58.461469792532519, -34.603724953261988 ], [ -58.461588687828353, -34.60369467261954 ], [ -58.462108899247539, -34.603562141838921 ], [ -58.462911526535066, -34.603357707238978 ], [ -58.463073345531114, -34.603316509958418 ], [ -58.464359635024422, -34.602991077802713 ], [ -58.464946012438979, -34.602842689121474 ], [ -58.465278759827015, -34.602758527416071 ], [ -58.465797170742761, -34.602629994951918 ], [ -58.466082904525038, -34.602559213614697 ], [ -58.467334168129177, -34.602249173286594 ], [ -58.46749308747912, -34.602209801922726 ], [ -58.467561683476276, -34.602192770780491 ], [ -58.468766142866286, -34.601893760698459 ], [ -58.468912371012124, -34.601860021038974 ], [ -58.469292236440552, -34.602164726035205 ], [ -58.470194547307727, -34.602805744543097 ], [ -58.470199099958577, -34.602808241224849 ], [ -58.47043413529029, -34.602937140976444 ], [ -58.471609620281022, -34.603820669239916 ], [ -58.47171004212035, -34.603883129995324 ], [ -58.471803477921931, -34.603941222864087 ], [ -58.47264917690751, -34.60446715506135 ], [ -58.472983405606598, -34.604673962926697 ], [ -58.473038514364561, -34.604708043100537 ], [ -58.474016507698096, -34.605310716586452 ], [ -58.474932268275907, -34.604173644214114 ], [ -58.475705033812581, -34.603209328792879 ], [ -58.475736113654882, -34.603170522116805 ], [ -58.476381389698354, -34.602365372074424 ], [ -58.476971214278102, -34.601583604927946 ], [ -58.477498519956974, -34.600824801348786 ], [ -58.476669305900153, -34.600355996736234 ], [ -58.476552883397822, -34.600290170445 ], [ -58.476392120151935, -34.600199279348338 ], [ -58.47772822433523, -34.599910674394103 ], [ -58.477793608672869, -34.599896547665104 ], [ -58.478542535833505, -34.59973472859582 ], [ -58.478830975396626, -34.599670676803555 ], [ -58.478579612187026, -34.598965275074463 ], [ -58.478347428517765, -34.598342265825607 ], [ -58.477879494691322, -34.597087866608128 ], [ -58.477115481331971, -34.595114813480961 ], [ -58.476903000242935, -34.594527228393666 ], [ -58.476711262623844, -34.593996998169366 ], [ -58.476708704277414, -34.593989922277188 ], [ -58.476686249423018, -34.593927229846422 ], [ -58.476205540862303, -34.592585093643422 ], [ -58.476126446152094, -34.592356654204373 ], [ -58.476035630241803, -34.592094353950401 ], [ -58.475977396164915, -34.591947076404097 ], [ -58.475888981732986, -34.59172346127297 ], [ -58.47587432000676, -34.591686378213765 ], [ -58.475758375502963, -34.591393146152477 ], [ -58.475724042053308, -34.591307445888475 ], [ -58.475395914425654, -34.591051463684323 ], [ -58.475033012205067, -34.590768350176425 ], [ -58.474059930487059, -34.590009272369059 ], [ -58.473219377400198, -34.589353557626453 ], [ -58.473086099031448, -34.5892493412303 ], [ -58.472896360033985, -34.589101043191981 ], [ -58.472117480351137, -34.588492289108977 ], [ -58.471893510888066, -34.588317231380849 ], [ -58.471234805120517, -34.587802337388574 ], [ -58.471116348596105, -34.587699667398006 ], [ -58.470877494367144, -34.587496829541131 ], [ -58.470818855321191, -34.587448229269548 ], [ -58.470815403202614, -34.58744528002174 ], [ -58.470804694728074, -34.587459918910454 ], [ -58.470230955774923, -34.587933527815139 ], [ -58.469211823942551, -34.588736482679373 ], [ -58.468895411907269, -34.588985726944223 ], [ -58.468190883942192, -34.589540837925952 ], [ -58.46807695327113, -34.589630562072522 ], [ -58.467892858361161, -34.589776064381709 ], [ -58.467661418367506, -34.589958963684104 ], [ -58.467118238202062, -34.590388285034052 ], [ -58.466959564043933, -34.590513664436934 ], [ -58.466957896425946, -34.590514982368646 ], [ -58.466828452112026, -34.590592966556351 ] ] ] } },
{ "type": "Feature", "properties": { "id": 28.0, "comuna": 2.0, "perimetro_": 21454.03, "area_metro": 6317194.61, "nam": "Recoleta", "cca": null, "cde": null, "fna": null, "gna": null, "ara3": null, "arl": null }, "geometry": { "type": "Polygon", "coordinates": [ [ [ -58.376045168990174, -34.577483799486814 ], [ -58.37638003033404, -34.577514386699569 ], [ -58.376715084803521, -34.577544991159243 ], [ -58.376694426090118, -34.577556734695996 ], [ -58.376694396648325, -34.577556750900769 ], [ -58.376590373475921, -34.577615884471882 ], [ -58.373975998438631, -34.579101985549777 ], [ -58.375125704623628, -34.580519726554755 ], [ -58.376164228362278, -34.579950152497759 ], [ -58.376937395252526, -34.579994633877867 ], [ -58.379840288175615, -34.58016159795671 ], [ -58.382860734226362, -34.578448383225229 ], [ -58.383069156580341, -34.578367109976782 ], [ -58.38323429826815, -34.578314329988082 ], [ -58.383403178203771, -34.578270285231532 ], [ -58.383575114138985, -34.578235044655983 ], [ -58.383749340799341, -34.578208890797519 ], [ -58.383925176079444, -34.578191751088859 ], [ -58.384102024790636, -34.578183837873375 ], [ -58.38427911982378, -34.578185079437517 ], [ -58.384454497377355, -34.578195474511652 ], [ -58.384455695025686, -34.578195545596493 ], [ -58.384631240549353, -34.578215096303026 ], [ -58.385067139955808, -34.578246996675134 ], [ -58.385290128537129, -34.578246082927372 ], [ -58.385512532829466, -34.578233619337553 ], [ -58.385622778736256, -34.578220244788589 ], [ -58.385733669422912, -34.578209604573004 ], [ -58.385953160525133, -34.578217067943228 ], [ -58.38612717045104, -34.578211145750309 ], [ -58.386299464232351, -34.578184750855407 ], [ -58.386412469225597, -34.578162075524553 ], [ -58.386523606129039, -34.57813355316997 ], [ -58.386540659155237, -34.578128181484324 ], [ -58.38654602808375, -34.578126490180821 ], [ -58.386584108767103, -34.578114497219175 ], [ -58.386900735170663, -34.578122358835081 ], [ -58.387585639077194, -34.578140615814064 ], [ -58.388251852192148, -34.578158370689302 ], [ -58.388398141021923, -34.578162269072131 ], [ -58.389490298438417, -34.578191367168543 ], [ -58.389665735108224, -34.578196040655179 ], [ -58.389868163904652, -34.578201432342169 ], [ -58.38989495084229, -34.578240904747865 ], [ -58.390390799473494, -34.578971555724905 ], [ -58.391198030648177, -34.580161188232097 ], [ -58.39121904973333, -34.580192444944615 ], [ -58.391647655798231, -34.580829967009677 ], [ -58.391648160847453, -34.580830718193255 ], [ -58.391638235711447, -34.580833029930027 ], [ -58.391629999102193, -34.580834947833353 ], [ -58.391535808222564, -34.580858977663482 ], [ -58.391461032013446, -34.580880483140987 ], [ -58.391396473665665, -34.580902699506993 ], [ -58.391342898572972, -34.580924006466702 ], [ -58.391300880373201, -34.580942720511011 ], [ -58.39129426238793, -34.580945667872449 ], [ -58.391173729009431, -34.581006725039188 ], [ -58.391164361777122, -34.581011641283936 ], [ -58.391098000613347, -34.581046469164981 ], [ -58.391047741402119, -34.581073271240157 ], [ -58.391002565106213, -34.581097745220376 ], [ -58.390925159531328, -34.581139678707522 ], [ -58.390802662291748, -34.58120629703464 ], [ -58.390720799266489, -34.581250404684923 ], [ -58.39067386221646, -34.581275376885003 ], [ -58.390613807233649, -34.581306961320479 ], [ -58.390553667318606, -34.581338405053302 ], [ -58.390432961584729, -34.581400869406892 ], [ -58.390190954220834, -34.581524881548944 ], [ -58.390029785069522, -34.581607744841861 ], [ -58.389937870599148, -34.581655436304459 ], [ -58.389775337777259, -34.581740480789286 ], [ -58.389613144290749, -34.58182594802939 ], [ -58.389505212983714, -34.581883067411681 ], [ -58.389361418449234, -34.581959601500351 ], [ -58.389170003726946, -34.582062022469387 ], [ -58.389060879140587, -34.58212075969039 ], [ -58.38893624982336, -34.582188079748853 ], [ -58.388793987132097, -34.582265247799434 ], [ -58.388631617741602, -34.582353811816148 ], [ -58.388446333569483, -34.582455461068882 ], [ -58.388395559612306, -34.582484373767166 ], [ -58.388345293927721, -34.582516456165841 ], [ -58.388094295285221, -34.582690037864857 ], [ -58.387843210589224, -34.582863618087352 ], [ -58.387417094317932, -34.583188570804012 ], [ -58.386967269050764, -34.583551043410125 ], [ -58.386646490918793, -34.583857045482993 ], [ -58.386425139830116, -34.584098037329021 ], [ -58.386169832932943, -34.584378798890341 ], [ -58.385979359191893, -34.584588256854573 ], [ -58.385849465138037, -34.584735210342423 ], [ -58.385849417131915, -34.584735264397423 ], [ -58.38560303024169, -34.585014011210546 ], [ -58.385328930174026, -34.585383068840002 ], [ -58.385062031793716, -34.585879174479871 ], [ -58.384997129081036, -34.58600578927382 ], [ -58.384890552764809, -34.586213699249619 ], [ -58.384801826842434, -34.586386787774124 ], [ -58.384800703243712, -34.586388979315068 ], [ -58.384502810242381, -34.58696042726752 ], [ -58.384094059066157, -34.587237977063928 ], [ -58.383782689317492, -34.587449401906945 ], [ -58.38369900154882, -34.587494813375223 ], [ -58.383690560995184, -34.58749941054063 ], [ -58.38368970166988, -34.58749988142484 ], [ -58.383847438924235, -34.587677998332261 ], [ -58.38495268971446, -34.58879154865032 ], [ -58.385939631660939, -34.589785927654205 ], [ -58.386921066228915, -34.590774661186089 ], [ -58.387875224599931, -34.591585307148101 ], [ -58.387881816207162, -34.591590906357233 ], [ -58.387953551096523, -34.591647711499725 ], [ -58.387913327776538, -34.591680504781188 ], [ -58.387570127612683, -34.592829888287632 ], [ -58.38731309387321, -34.594543897257168 ], [ -58.387312838342751, -34.594545601688935 ], [ -58.387293758135414, -34.594643971111303 ], [ -58.387273993015199, -34.59474628472929 ], [ -58.387181969820134, -34.595549268071345 ], [ -58.387159836034492, -34.595727637728643 ], [ -58.38713464099731, -34.595930204160744 ], [ -58.387134269834945, -34.595933188539931 ], [ -58.387065059567483, -34.596931260044371 ], [ -58.387066396066608, -34.597052881722121 ], [ -58.387067737136483, -34.597169504110497 ], [ -58.386975692672166, -34.598177702094816 ], [ -58.38696282385682, -34.598280583304302 ], [ -58.386948655775718, -34.59839402295998 ], [ -58.386947467599583, -34.598403533124475 ], [ -58.386867026021491, -34.599292158104205 ], [ -58.38795511957813, -34.599343117957673 ], [ -58.387971158495432, -34.599344005845467 ], [ -58.388116938908027, -34.599352073341386 ], [ -58.388150731391598, -34.599353942974822 ], [ -58.389393230838145, -34.599422969276716 ], [ -58.389483738500331, -34.599427997208963 ], [ -58.389606211746482, -34.599436092993699 ], [ -58.389667596078745, -34.599440150394024 ], [ -58.390143636170222, -34.599471493427146 ], [ -58.391378871649493, -34.599552792358544 ], [ -58.39148453619157, -34.599559272719418 ], [ -58.391556260031201, -34.599563671485036 ], [ -58.392934155259674, -34.599636447011676 ], [ -58.393082559830859, -34.599640184163107 ], [ -58.394399376974782, -34.599673340051062 ], [ -58.394688238685994, -34.599680528502915 ], [ -58.394714989281425, -34.599681194368529 ], [ -58.395819553164422, -34.599702725915996 ], [ -58.396643338317666, -34.599718897707575 ], [ -58.397188804864456, -34.599729602282103 ], [ -58.398658177780788, -34.599758324617895 ], [ -58.398726084824091, -34.599759651410032 ], [ -58.398726185130975, -34.599759639793142 ], [ -58.398779778378469, -34.599753432956369 ], [ -58.399923942732251, -34.599620911435345 ], [ -58.40047987207479, -34.599554621658591 ], [ -58.401072399579164, -34.59948396440037 ], [ -58.401073174709992, -34.599483871949168 ], [ -58.401211144647938, -34.599467485864359 ], [ -58.401466820592283, -34.599436038867623 ], [ -58.402011163481092, -34.599369086313544 ], [ -58.402477277439637, -34.599120231292488 ], [ -58.402539726093387, -34.599086880929235 ], [ -58.403085665672961, -34.59879545756035 ], [ -58.40344790027693, -34.598602089548528 ], [ -58.403635063797516, -34.598502177394977 ], [ -58.403724379341433, -34.598454497923122 ], [ -58.404509537775233, -34.598035364788565 ], [ -58.404510253950363, -34.598035368045437 ], [ -58.404734792732143, -34.598036388952359 ], [ -58.404735513266566, -34.598036392325291 ], [ -58.404872971100694, -34.598037035708614 ], [ -58.404873691635125, -34.598037039083081 ], [ -58.405589056877382, -34.598040387231599 ], [ -58.405589777411933, -34.598040390596907 ], [ -58.405884976200817, -34.598041768987173 ], [ -58.405885696735396, -34.598041772352005 ], [ -58.406628974629832, -34.598045241117099 ], [ -58.40662969515121, -34.598045252089264 ], [ -58.408059415323677, -34.598067015593394 ], [ -58.408060134755758, -34.59806702653907 ], [ -58.408150646692356, -34.598068403585273 ], [ -58.408151367208646, -34.598068415588983 ], [ -58.408579392228823, -34.598075545672351 ], [ -58.40858011165551, -34.59807555765817 ], [ -58.408724126389046, -34.598077956894251 ], [ -58.408724846912257, -34.59807796698302 ], [ -58.409102451424296, -34.5980832536085 ], [ -58.409430714934935, -34.598087848488767 ], [ -58.409431434383528, -34.598087852082664 ], [ -58.410296731834762, -34.598092171455058 ], [ -58.411921350793243, -34.598002513125124 ], [ -58.411989708858094, -34.597998765828905 ], [ -58.412048595967626, -34.59799553824341 ], [ -58.412093470691637, -34.597993078170717 ], [ -58.412986336280575, -34.59795809669334 ], [ -58.413255030887179, -34.5979482077055 ], [ -58.413923180197884, -34.597923536863135 ], [ -58.413956512305795, -34.59792230600732 ], [ -58.414630265426247, -34.597897424344609 ], [ -58.415664927285803, -34.597859240927875 ], [ -58.415665646742056, -34.597859230274508 ], [ -58.41569310064061, -34.597858823746961 ], [ -58.415693821186316, -34.597858813065592 ], [ -58.416002854915654, -34.597854231564213 ], [ -58.415520211947609, -34.596712476342276 ], [ -58.415048807290972, -34.595597483991355 ], [ -58.414628440276765, -34.594603145646168 ], [ -58.41439610689951, -34.594053607377383 ], [ -58.413525520110625, -34.593072746606722 ], [ -58.412880395026093, -34.592319300125098 ], [ -58.412465464889195, -34.591834683155177 ], [ -58.412393389765171, -34.591750496206551 ], [ -58.412329567814673, -34.591675961499647 ], [ -58.411191433748442, -34.590346444298554 ], [ -58.410083710703333, -34.589056789539733 ], [ -58.40950051818924, -34.588226800976848 ], [ -58.409195808396255, -34.587793006455783 ], [ -58.409031419746036, -34.587558976038387 ], [ -58.408319450369099, -34.586545611560176 ], [ -58.408138845170342, -34.586288553815834 ], [ -58.408041014077803, -34.58614885909298 ], [ -58.407628511780615, -34.58556021094428 ], [ -58.407094624313679, -34.584798191310163 ], [ -58.406401076878893, -34.583808275151199 ], [ -58.40617524845625, -34.583459008195 ], [ -58.405362772238995, -34.58345271005949 ], [ -58.404029620721779, -34.583442350756343 ], [ -58.402046965511218, -34.583426935492028 ], [ -58.401946151163166, -34.583426109628611 ], [ -58.401351454738972, -34.583790994404765 ], [ -58.401348993722536, -34.583792504844766 ], [ -58.401218480294723, -34.583881172969313 ], [ -58.401129711150439, -34.583941551179997 ], [ -58.400546813455705, -34.584471543840358 ], [ -58.399942119888664, -34.583641569197347 ], [ -58.399278154459061, -34.582730149993928 ], [ -58.39936476065278, -34.582714772014342 ], [ -58.39811254169642, -34.580701890185601 ], [ -58.397963276884759, -34.580492017192014 ], [ -58.396927455646882, -34.579035726820152 ], [ -58.39675591395816, -34.578794572437076 ], [ -58.396563017412767, -34.578506532006564 ], [ -58.396645384161552, -34.578452178693318 ], [ -58.396815052478651, -34.578340215032036 ], [ -58.397820477471015, -34.577676727948237 ], [ -58.397897083200341, -34.577626174707135 ], [ -58.398585100518282, -34.577171507189135 ], [ -58.398613246718824, -34.577156438553466 ], [ -58.399049462463232, -34.576922905839076 ], [ -58.399877555817746, -34.576521736642363 ], [ -58.399943748520322, -34.576489668542791 ], [ -58.400511316085357, -34.576155796974845 ], [ -58.400660448857735, -34.576057570408572 ], [ -58.401147706290637, -34.575736637850888 ], [ -58.401239648467026, -34.575660680908683 ], [ -58.40165515762807, -34.575317410325937 ], [ -58.402137869188223, -34.574737394426293 ], [ -58.402412231206554, -34.574407722332339 ], [ -58.402649502404053, -34.574140308005951 ], [ -58.40250979309215, -34.574002130106784 ], [ -58.40241171984475, -34.573902844120276 ], [ -58.402030821814812, -34.57351723253003 ], [ -58.401748322189704, -34.573132113789498 ], [ -58.400665188152345, -34.571864235764004 ], [ -58.400544950992291, -34.57174325846529 ], [ -58.400451600529479, -34.5716493331796 ], [ -58.400305083150784, -34.571501912281796 ], [ -58.399921120155973, -34.571049593129629 ], [ -58.399888653448059, -34.571011345865699 ], [ -58.399719001962076, -34.570806944773224 ], [ -58.399638916319205, -34.570561727610745 ], [ -58.399632862640438, -34.570403382551333 ], [ -58.399654629665221, -34.570199081037494 ], [ -58.399701078576918, -34.570017777854858 ], [ -58.39980930393606, -34.569798197961489 ], [ -58.399912840609218, -34.569653110548792 ], [ -58.400051404240543, -34.569458938428774 ], [ -58.400111679985784, -34.569374472430766 ], [ -58.400129648698432, -34.569349292259538 ], [ -58.400129902870184, -34.569348935426028 ], [ -58.400013399765236, -34.569426093349819 ], [ -58.39980894834634, -34.569561497253567 ], [ -58.399578205560218, -34.569714312437689 ], [ -58.399436256539879, -34.569808321231719 ], [ -58.39934830821749, -34.569866566711354 ], [ -58.39934300842809, -34.569870076794714 ], [ -58.399341100710195, -34.569871038544463 ], [ -58.399299281612755, -34.569892121054018 ], [ -58.399273864389862, -34.56990493477705 ], [ -58.39923850444584, -34.569922760726293 ], [ -58.399217249924924, -34.56993347572363 ], [ -58.399182614172723, -34.56995093655933 ], [ -58.39899967397767, -34.570043161460198 ], [ -58.398821876338815, -34.57013279318307 ], [ -58.398800579331734, -34.570143529445083 ], [ -58.398703059974785, -34.570199118441245 ], [ -58.398368824804535, -34.570389644235071 ], [ -58.395209226839555, -34.572190634170965 ], [ -58.394823717308121, -34.572309364429877 ], [ -58.394326961223648, -34.572290422519302 ], [ -58.394322514229138, -34.572290109014368 ], [ -58.393535775962562, -34.572234611797363 ], [ -58.393314447615396, -34.572218997694655 ], [ -58.393211825859517, -34.572211758051637 ], [ -58.393020922315834, -34.572222665503297 ], [ -58.392843213582559, -34.572232818786247 ], [ -58.392842857481902, -34.57223283913158 ], [ -58.392881367659058, -34.572164488571879 ], [ -58.392918114740141, -34.572099267161981 ], [ -58.392937280697069, -34.572065249973278 ], [ -58.392987560832395, -34.571976008842348 ], [ -58.392952320939592, -34.571996736002859 ], [ -58.392924659180473, -34.57201300589383 ], [ -58.391535815161163, -34.572829862155203 ], [ -58.390439883270794, -34.573474418632756 ], [ -58.389503012377574, -34.574025410504497 ], [ -58.388577081264387, -34.574529017466709 ], [ -58.386160938850267, -34.575843077900579 ], [ -58.385313590603594, -34.57630390176088 ], [ -58.383441438170742, -34.576169367678027 ], [ -58.383439594240734, -34.576167652810419 ], [ -58.383397982710626, -34.576164627486996 ], [ -58.383073589963757, -34.575827264356924 ], [ -58.382883321377733, -34.575650310967106 ], [ -58.382855439260631, -34.575619605356849 ], [ -58.382834055562512, -34.575585520071847 ], [ -58.382819752417035, -34.575548986672118 ], [ -58.382812920088092, -34.575511003295809 ], [ -58.382813747187861, -34.575472608510985 ], [ -58.382822209809994, -34.575434850659938 ], [ -58.382838075916219, -34.575398760819269 ], [ -58.38286091408024, -34.575365327565919 ], [ -58.382887196143088, -34.575350442133704 ], [ -58.382890752149933, -34.575345236415934 ], [ -58.3831026372455, -34.575228421847292 ], [ -58.38709880179529, -34.572964963115652 ], [ -58.391264358332286, -34.570605289248576 ], [ -58.391241402440421, -34.570477438084644 ], [ -58.391254281874957, -34.570401626694995 ], [ -58.391172587473484, -34.570270581331613 ], [ -58.391099176774709, -34.570152824233887 ], [ -58.391060092680462, -34.570090130323777 ], [ -58.391048709804963, -34.570071870695521 ], [ -58.391048396628086, -34.570071368318487 ], [ -58.390964218102226, -34.57001607633476 ], [ -58.390885667331766, -34.569956505933334 ], [ -58.390884986794219, -34.569955989834732 ], [ -58.390878744185173, -34.569950534302734 ], [ -58.390811100190597, -34.569891411041851 ], [ -58.390742930691609, -34.569822663799236 ], [ -58.390680821251813, -34.569750094468205 ], [ -58.390625083204441, -34.569674067419562 ], [ -58.390575997352236, -34.56959496413274 ], [ -58.390533808519187, -34.569513183192186 ], [ -58.390508942336389, -34.569453602004884 ], [ -58.390498731004115, -34.569429134881908 ], [ -58.390494885452696, -34.569424470226423 ], [ -58.390493910870362, -34.569423288057521 ], [ -58.390465778365531, -34.569413964945468 ], [ -58.390418341731817, -34.569394595620324 ], [ -58.390373439802275, -34.569371457122898 ], [ -58.390345659523632, -34.569354396346235 ], [ -58.39031926662593, -34.569335891405537 ], [ -58.39030654524948, -34.569342277619342 ], [ -58.390231001885383, -34.569380199617555 ], [ -58.384284792746691, -34.568893670603565 ], [ -58.384211044812787, -34.568876616527341 ], [ -58.384139601626281, -34.568853813699675 ], [ -58.384071119001923, -34.568825470779778 ], [ -58.384006220012104, -34.568791847788184 ], [ -58.383945500438941, -34.568753251602971 ], [ -58.383890641513958, -34.568710905752894 ], [ -58.383889513519321, -34.568710035048056 ], [ -58.383838772128115, -34.568662592387241 ], [ -58.383806247858587, -34.568634003192862 ], [ -58.383744936390769, -34.56857179454731 ], [ -58.383690050777638, -34.56850724017751 ], [ -58.38368911818651, -34.568506143298222 ], [ -58.383657870609177, -34.568492982816629 ], [ -58.383554508042749, -34.568456987167373 ], [ -58.383448267119931, -34.568427276999898 ], [ -58.383339703416532, -34.568404006814667 ], [ -58.383229388881375, -34.568387299574759 ], [ -58.383117902033199, -34.568377243093892 ], [ -58.382356720756498, -34.568405361046111 ], [ -58.382315041885832, -34.568404451807147 ], [ -58.382273937652236, -34.56839867072329 ], [ -58.381467097982437, -34.568422011308002 ], [ -58.381158692084149, -34.568483267059911 ], [ -58.381120265775948, -34.568493592281207 ], [ -58.381084259270658, -34.568508756176406 ], [ -58.381051558853677, -34.568528386154163 ], [ -58.381022965923925, -34.568552000493817 ], [ -58.380999182817433, -34.568579019152892 ], [ -58.380980793176832, -34.568608779979058 ], [ -58.380968248863191, -34.568640550419438 ], [ -58.380833723145344, -34.569105540834727 ], [ -58.380746943982935, -34.569391686058935 ], [ -58.38075965399608, -34.569660009708322 ], [ -58.380733591551348, -34.569774474166707 ], [ -58.380711691397657, -34.57005350767561 ], [ -58.380710602433467, -34.570112261021848 ], [ -58.380358533559267, -34.57009768946881 ], [ -58.380356766100945, -34.570097616314044 ], [ -58.380398565817323, -34.568652316998836 ], [ -58.380399238107081, -34.56860405867063 ], [ -58.38039155963277, -34.568556217439827 ], [ -58.380375685258791, -34.568509776866733 ], [ -58.380356392476074, -34.5684666791635 ], [ -58.380331058441541, -34.568425775931004 ], [ -58.380300042186164, -34.5683876461257 ], [ -58.380264391902955, -34.568353412783537 ], [ -58.380263781238419, -34.568352826389884 ], [ -58.380222786178123, -34.568321808344038 ], [ -58.380177634108136, -34.568295028667031 ], [ -58.380128964298308, -34.568272866389101 ], [ -58.380120445532071, -34.568270218502647 ], [ -58.380111510375293, -34.568268793568073 ], [ -58.380102412685623, -34.568268632322521 ], [ -58.380093411806811, -34.568269737646979 ], [ -58.380084762757058, -34.56827207906683 ], [ -58.380076714052429, -34.568275590045957 ], [ -58.380069492449365, -34.568280169779278 ], [ -58.38006330402812, -34.568285689503455 ], [ -58.380058326566726, -34.568291990688714 ], [ -58.380054699724809, -34.568298894046514 ], [ -58.380052527218375, -34.568306204038066 ], [ -58.380040189422651, -34.568339285199912 ], [ -58.380033723952842, -34.568373489036688 ], [ -58.380033773058102, -34.568413868484789 ], [ -58.380041990008436, -34.568453671181963 ], [ -58.380049321838669, -34.56846862093753 ], [ -58.380059375765725, -34.568482443962473 ], [ -58.380071908033742, -34.568494803857725 ], [ -58.380072933668608, -34.568495542942301 ], [ -58.380086612737664, -34.568505400238898 ], [ -58.380103131625098, -34.568513974151578 ], [ -58.380121062805891, -34.568520316190124 ], [ -58.380139969463329, -34.568524272813846 ], [ -58.380159389660847, -34.568525747254959 ], [ -58.380159977157156, -34.568527092464358 ], [ -58.380195076573749, -34.568607460654889 ], [ -58.380224084102025, -34.568690963337147 ], [ -58.380246282924318, -34.56877588202773 ], [ -58.380261574233685, -34.568861838965269 ], [ -58.380269889741648, -34.568948448295217 ], [ -58.380271191670616, -34.569035324182586 ], [ -58.380265473847558, -34.569122077207034 ], [ -58.380233044118363, -34.569839948634886 ], [ -58.380062864233764, -34.569911384348877 ], [ -58.380047768426543, -34.569919025363333 ], [ -58.380034327106031, -34.569928549683191 ], [ -58.380022880503716, -34.569939715958803 ], [ -58.380013718765987, -34.569952241340715 ], [ -58.380007072137836, -34.569965810487261 ], [ -58.380003108780699, -34.569980078267172 ], [ -58.380001930397086, -34.569994685982351 ], [ -58.380003564599875, -34.57000926406679 ], [ -58.380007971439625, -34.570023442908258 ], [ -58.380029052793908, -34.570366972923267 ], [ -58.379838539930276, -34.570351953951388 ], [ -58.379530787943068, -34.570327689480024 ], [ -58.37952904670145, -34.570327558479654 ], [ -58.379527532104348, -34.570327444761936 ], [ -58.379524276267468, -34.570327198240889 ], [ -58.37952238465455, -34.570327057221569 ], [ -58.379521020426978, -34.570326955325505 ], [ -58.3795177634968, -34.570326712409255 ], [ -58.379514506563019, -34.570326473098611 ], [ -58.379512217235089, -34.570326299354797 ], [ -58.379511257263637, -34.570326227483164 ], [ -58.379508000335314, -34.570325982763812 ], [ -58.37950796546702, -34.570325980035591 ], [ -58.379504744494959, -34.570325739847952 ], [ -58.379502868138175, -34.570325598838799 ], [ -58.379501489739795, -34.570325501439903 ], [ -58.379498732957501, -34.570325292219273 ], [ -58.379498234992781, -34.570325254918941 ], [ -58.37949497588329, -34.570325012000588 ], [ -58.379492820577354, -34.570324851869792 ], [ -58.379491718954164, -34.570324768182232 ], [ -58.379488464205409, -34.570324523463846 ], [ -58.379485209456668, -34.570324278745368 ], [ -58.379483399566503, -34.570324144091515 ], [ -58.379481952527598, -34.570324034926756 ], [ -58.37947869559855, -34.570323791108031 ], [ -58.379478660730243, -34.57032378837981 ], [ -58.379478233591875, -34.570323756536567 ], [ -58.379475439756526, -34.570323549994256 ], [ -58.37947391971187, -34.570323435370703 ], [ -58.379472183918161, -34.570323305274705 ], [ -58.379468930258334, -34.57032306145797 ], [ -58.379465672240549, -34.570322816736727 ], [ -58.379464649070897, -34.570322739412774 ], [ -58.379462413133069, -34.570322572014668 ], [ -58.379459159469668, -34.570322331803375 ], [ -58.379455904722917, -34.570322085281262 ], [ -58.379454726823077, -34.570321997935288 ], [ -58.379452647793116, -34.570321842363278 ], [ -58.379449390860643, -34.570321602149505 ], [ -58.379449358171748, -34.570321599422776 ], [ -58.379448413456508, -34.57032152756112 ], [ -58.379448304492691, -34.570321519373444 ], [ -58.379446140471011, -34.570321357432981 ], [ -58.379444959302006, -34.570321270084655 ], [ -58.379442884628276, -34.570321117219763 ], [ -58.379439629878895, -34.570320873401521 ], [ -58.379436371861281, -34.57032062867949 ], [ -58.379435223382977, -34.570320542254933 ], [ -58.379433116022227, -34.570320384860302 ], [ -58.379429859094373, -34.570320140138875 ], [ -58.379428280208622, -34.570320021868596 ], [ -58.379426605432073, -34.570319899025286 ], [ -58.37942554957182, -34.570319820777122 ], [ -58.379423348502449, -34.57031965610652 ], [ -58.37942009048222, -34.57031941408836 ], [ -58.379420054524203, -34.570319411359378 ], [ -58.379418817783197, -34.570319320366877 ], [ -58.37941683355718, -34.570319166662294 ], [ -58.379413579896749, -34.570318923745504 ], [ -58.379410327323377, -34.570318683533671 ], [ -58.379407066039491, -34.570318436104351 ], [ -58.3794038112867, -34.570318195890835 ], [ -58.379401385751542, -34.570318014839899 ], [ -58.379400554358114, -34.570317952070056 ], [ -58.379398733572842, -34.570317815604611 ], [ -58.379397300700518, -34.570317706448556 ], [ -58.379394075370207, -34.57031746625502 ], [ -58.379394043771967, -34.570317462627578 ], [ -58.37939202903118, -34.570317311605898 ], [ -58.379390786844368, -34.570317217905107 ], [ -58.379387528827024, -34.570316973181775 ], [ -58.379384280616321, -34.570316729366532 ], [ -58.379382561167759, -34.570316600181926 ], [ -58.379381024777565, -34.57031648554598 ], [ -58.379378520789942, -34.570316297229233 ], [ -58.37937830504179, -34.570316280855216 ], [ -58.379377804898674, -34.570316242651465 ], [ -58.379377768940643, -34.570316239922469 ], [ -58.379374512005867, -34.570316002410955 ], [ -58.379372735896467, -34.570315868680119 ], [ -58.379371256168085, -34.570315757688711 ], [ -58.379368000330309, -34.57031551296636 ], [ -58.379364743401034, -34.570315270046024 ], [ -58.379363157978041, -34.570315150869014 ], [ -58.379361487563294, -34.570315025323524 ], [ -58.379358229545261, -34.570314781500848 ], [ -58.379357723953525, -34.570314743293245 ], [ -58.379354974800009, -34.570314534074612 ], [ -58.379353599673863, -34.57031443397203 ], [ -58.379351720048433, -34.570314292958301 ], [ -58.379348502347327, -34.570314051867371 ], [ -58.379348463120145, -34.570314049136115 ], [ -58.379345207282512, -34.570313804413153 ], [ -58.379344210265437, -34.570313728007626 ], [ -58.37934195145214, -34.570313552478716 ], [ -58.37933869669974, -34.570313312263465 ], [ -58.379336879185644, -34.57031317399651 ], [ -58.37933544522194, -34.570313066641837 ], [ -58.379332188291954, -34.570312824622071 ], [ -58.379329971967806, -34.570312659037853 ], [ -58.379328932455323, -34.570312578997246 ], [ -58.379325675528079, -34.570312334273048 ], [ -58.379322419689672, -34.570312090450905 ], [ -58.379320430010871, -34.570311941248129 ], [ -58.379319163851285, -34.57031184662867 ], [ -58.379315908018384, -34.570311597397819 ], [ -58.379315870970636, -34.570311594668048 ], [ -58.379315384992097, -34.570311558276636 ], [ -58.379312652180026, -34.570311353575413 ], [ -58.379311339167984, -34.570311253515108 ], [ -58.379309395256513, -34.570311105245068 ], [ -58.379306144872238, -34.570310856017691 ], [ -58.379304419977132, -34.570310725025394 ], [ -58.379302924997404, -34.570310609515516 ], [ -58.379302889039387, -34.570310606786492 ], [ -58.3792996321123, -34.570310362061576 ], [ -58.379298021633232, -34.570310235655036 ], [ -58.379296376284934, -34.570310107421626 ], [ -58.379293121541856, -34.570309858190925 ], [ -58.379289872249217, -34.570309607161001 ], [ -58.379286614238858, -34.570309356125023 ], [ -58.379285029907628, -34.570309235144876 ], [ -58.379283357315494, -34.570309107793953 ], [ -58.379280100392158, -34.570308859462827 ], [ -58.379276846744347, -34.570308604823857 ], [ -58.37927358982013, -34.570308357393976 ], [ -58.379271974979531, -34.57030823368838 ], [ -58.379270338346359, -34.570308108164902 ], [ -58.379267080333378, -34.57030785983266 ], [ -58.379265724826013, -34.570307756136891 ], [ -58.37926382559138, -34.570307609699746 ], [ -58.379260570845787, -34.570307363172425 ], [ -58.379258555019398, -34.57030720854209 ], [ -58.379257315013213, -34.570307113940011 ], [ -58.379254055915155, -34.570306861099553 ], [ -58.379253470780341, -34.570306816526767 ], [ -58.379250800078076, -34.570306616374076 ], [ -58.379249661406732, -34.570306530855952 ], [ -58.379247546421361, -34.57030637074859 ], [ -58.379244298212349, -34.570306126028186 ], [ -58.379241034754578, -34.570305874085811 ], [ -58.379240992260051, -34.570305869549408 ], [ -58.379237783280999, -34.570305624855877 ], [ -58.379236470269134, -34.570305524794755 ], [ -58.379234526357926, -34.570305376523507 ], [ -58.37923127270313, -34.570305129094763 ], [ -58.379228014691321, -34.570304879860039 ], [ -58.379224758858918, -34.570304630626765 ], [ -58.379223113508132, -34.570304505096644 ], [ -58.379221503024731, -34.570304383196216 ], [ -58.379218247192384, -34.570304133962757 ], [ -58.379214995713525, -34.570303890140771 ], [ -58.379213875568411, -34.570303803733665 ], [ -58.379213691418542, -34.57030379098682 ], [ -58.379211776928933, -34.57030364363694 ], [ -58.379211739881221, -34.570303640907142 ], [ -58.379208484043495, -34.570303397081965 ], [ -58.379207096931694, -34.57030329606804 ], [ -58.379207054435383, -34.57030329333449 ], [ -58.379205227112436, -34.570303156861648 ], [ -58.379203959859787, -34.57030306584597 ], [ -58.379201971268387, -34.570302919346275 ], [ -58.379199170894331, -34.570302714595996 ], [ -58.37919871869444, -34.570302680931682 ], [ -58.379195458495182, -34.570302439807421 ], [ -58.379193307542927, -34.570302285984319 ], [ -58.379192201556059, -34.570302207699605 ], [ -58.379190981157699, -34.570302120321777 ], [ -58.379188943533542, -34.570301969280976 ], [ -58.379187218624295, -34.570301852709804 ], [ -58.379185685500168, -34.570301741679344 ], [ -58.379183828748516, -34.570301611495907 ], [ -58.379182825187982, -34.570301540493084 ], [ -58.379182429645347, -34.570301514980585 ], [ -58.379181356349129, -34.570301437619705 ], [ -58.379179168351016, -34.570301279263695 ], [ -58.379175912513482, -34.570301035437673 ], [ -58.379172656680531, -34.570300787104415 ], [ -58.379169399766923, -34.570300529756075 ], [ -58.379167896071621, -34.570300412435664 ], [ -58.379166136312293, -34.570300275107378 ], [ -58.379162882671515, -34.570300014155421 ], [ -58.37916039394824, -34.570299818633309 ], [ -58.379159629027143, -34.570299756809057 ], [ -58.379156496336158, -34.570299504954541 ], [ -58.37915640589673, -34.570299497680793 ], [ -58.379156365579838, -34.570299494948742 ], [ -58.379153106488744, -34.570299235795595 ], [ -58.379149852838069, -34.570298984758942 ], [ -58.379148234727772, -34.570298861950882 ], [ -58.379146591556648, -34.57029873642125 ], [ -58.379143544926293, -34.570298511668511 ], [ -58.379143372763387, -34.570298498929866 ], [ -58.37914333571657, -34.570298495298609 ], [ -58.379140074416114, -34.570298265890642 ], [ -58.379136812020533, -34.570298041890446 ], [ -58.379133557236628, -34.570297834121064 ], [ -58.379130294812903, -34.570297638064879 ], [ -58.379127033460733, -34.570297460037864 ], [ -58.379123772094076, -34.570297296433573 ], [ -58.379122566918333, -34.570297242418363 ], [ -58.379120516156021, -34.570297152664345 ], [ -58.379118196232163, -34.570297063626114 ], [ -58.379117254750298, -34.570297027821212 ], [ -58.379117213341864, -34.570297026891225 ], [ -58.379113991143363, -34.570296924610709 ], [ -58.37911072751551, -34.570296842132898 ], [ -58.379107464949236, -34.570296787599979 ], [ -58.37910478426933, -34.570296756905385 ], [ -58.379104195827388, -34.57029675018952 ], [ -58.379100931047141, -34.57029672990911 ], [ -58.379099265951808, -34.570296733267696 ], [ -58.379097664060211, -34.570296736669867 ], [ -58.379095625181222, -34.570296749686257 ], [ -58.379094390522233, -34.570296756045991 ], [ -58.379091124588648, -34.570296798864362 ], [ -58.379089055173026, -34.570296836198082 ], [ -58.379087852100419, -34.570296857903806 ], [ -58.37908457959945, -34.570296929563121 ], [ -58.379081307073918, -34.570297025560848 ], [ -58.379078035626307, -34.570297133277784 ], [ -58.379076770413363, -34.570297181081862 ], [ -58.379076320343003, -34.570297196997011 ], [ -58.379075911682882, -34.5702972120393 ], [ -58.379074764159597, -34.570297259924558 ], [ -58.379072884314162, -34.570297337953022 ], [ -58.37907284508244, -34.570297339728789 ], [ -58.379071495951102, -34.570297397390625 ], [ -58.379068222275848, -34.570297552881364 ], [ -58.379064958393499, -34.570297722801598 ], [ -58.379061694498397, -34.57029790534169 ], [ -58.379061657446144, -34.57029790711897 ], [ -58.379058427319606, -34.570298102302267 ], [ -58.379057054183519, -34.570298190595857 ], [ -58.379055171026145, -34.570298310988811 ], [ -58.379051947418802, -34.570298525106395 ], [ -58.379051909275901, -34.570298527784352 ], [ -58.379048657313106, -34.570298764417927 ], [ -58.379047385513616, -34.570298859992761 ], [ -58.37904541188044, -34.570299009168764 ], [ -58.379043734656314, -34.57029915314078 ], [ -58.379042159874864, -34.570299288169196 ], [ -58.379038918731027, -34.570299602332675 ], [ -58.379035682998442, -34.570299953458274 ], [ -58.379032448331898, -34.570300328021631 ], [ -58.379031310521455, -34.570300469661561 ], [ -58.379029821778673, -34.570300653426251 ], [ -58.379029212551998, -34.570300726021237 ], [ -58.379027484028249, -34.570300951987406 ], [ -58.379025983284897, -34.570301149265177 ], [ -58.379022758361174, -34.570301587836276 ], [ -58.379019527976119, -34.570302039023503 ], [ -58.379016304125656, -34.57030249382084 ], [ -58.379013079180936, -34.570302953124475 ], [ -58.379011696127179, -34.570303150483326 ], [ -58.379011657981536, -34.570303155865552 ], [ -58.379009853146435, -34.5703034124273 ], [ -58.379006623847296, -34.570303867220609 ], [ -58.379003398913355, -34.570304315706892 ], [ -58.379002000610789, -34.570304505843708 ], [ -58.379000168540806, -34.57030475427365 ], [ -58.378996937103082, -34.570305168501058 ], [ -58.378995987836653, -34.570305287735188 ], [ -58.378995956231144, -34.570305291319066 ], [ -58.37899370350042, -34.570305568304036 ], [ -58.378990465561614, -34.570305945568315 ], [ -58.378987225462431, -34.570306303901042 ], [ -58.378983979930098, -34.570306646905649 ], [ -58.378982283055286, -34.5703068260189 ], [ -58.378980739848146, -34.57030698811112 ], [ -58.378977489965997, -34.570307322098309 ], [ -58.378974246623947, -34.57030765428707 ], [ -58.378970997832376, -34.570307987373411 ], [ -58.378969184345713, -34.570308178124449 ], [ -58.378967756660622, -34.570308328577781 ], [ -58.378964515475161, -34.570308683303431 ], [ -58.378961955429752, -34.570308973596916 ], [ -58.378961275367587, -34.57030904974831 ], [ -58.378961231772436, -34.570309056028172 ], [ -58.378960984376128, -34.570309085604329 ], [ -58.378959131626758, -34.570309308779429 ], [ -58.378958039594266, -34.570309440534615 ], [ -58.378956782983238, -34.570309602824544 ], [ -58.378954814692641, -34.570309856568272 ], [ -58.378951589769144, -34.570310294236066 ], [ -58.378950339674532, -34.570310478164679 ], [ -58.378948370258698, -34.570310767063141 ], [ -58.378945656437104, -34.570311181646872 ], [ -58.37894515400005, -34.57031125701949 ], [ -58.378944604692329, -34.570311344979707 ], [ -58.378941947533391, -34.570311762306794 ], [ -58.378940332308133, -34.570312019899944 ], [ -58.378938739969676, -34.570312274804643 ], [ -58.378935528038866, -34.570312795412235 ], [ -58.378932370586689, -34.570313323268799 ], [ -58.378932325900898, -34.570313330449331 ], [ -58.378929123759285, -34.570313869092047 ], [ -58.378925918336598, -34.570314419450966 ], [ -58.378922720535549, -34.570314976125047 ], [ -58.378920662776657, -34.570315339780393 ], [ -58.378919520544102, -34.570315543614647 ], [ -58.378916366324454, -34.570316107530111 ], [ -58.378916322727484, -34.570316115612783 ], [ -58.378913130352132, -34.570316694826033 ], [ -58.378909981569151, -34.57031727046364 ], [ -58.378909937972175, -34.570317278546348 ], [ -58.378906744498813, -34.570317865871502 ], [ -58.378904661649848, -34.570318255650612 ], [ -58.378903556464905, -34.570318462214608 ], [ -58.37890036298235, -34.570319058553828 ], [ -58.378897176028964, -34.570319663911782 ], [ -58.378895587999949, -34.570319967495919 ], [ -58.378893991254976, -34.570320269271143 ], [ -58.378890811927697, -34.570320876437066 ], [ -58.378887621692272, -34.570321494412454 ], [ -58.378886257097548, -34.570321756685367 ], [ -58.378884442361247, -34.570322105183905 ], [ -58.378881253220904, -34.570322717751317 ], [ -58.378878070612458, -34.570323336633187 ], [ -58.378876502194586, -34.570323643836325 ], [ -58.378874889090937, -34.570323958219966 ], [ -58.378871703208688, -34.570324581606521 ], [ -58.378871561515986, -34.57032461035417 ], [ -58.37886852386103, -34.570325208603215 ], [ -58.378865346683675, -34.570325844615589 ], [ -58.378863688878631, -34.570326181503823 ], [ -58.378862169497154, -34.570326489642149 ], [ -58.378858992305119, -34.570327140077183 ], [ -58.37885585434384, -34.57032778963783 ], [ -58.378855819465521, -34.570327796825126 ], [ -58.3788526487944, -34.570328464391594 ], [ -58.378850728289407, -34.57032887771917 ], [ -58.378849485740311, -34.570329142780366 ], [ -58.378847675314276, -34.570329539056949 ], [ -58.378846324852859, -34.570329833790545 ], [ -58.378843165044138, -34.570330535618503 ], [ -58.378840015029162, -34.57033125097454 ], [ -58.378836869360235, -34.570331978953462 ], [ -58.378833729120707, -34.570332725866038 ], [ -58.37883059431789, -34.57033348450085 ], [ -58.378827462766864, -34.570334260264929 ], [ -58.378824335562797, -34.570335047750454 ], [ -58.378824290872437, -34.570335059438079 ], [ -58.378821217064548, -34.570335846960496 ], [ -58.378818093109466, -34.570336654279508 ], [ -58.378814980033297, -34.57033747963451 ], [ -58.378814940792438, -34.570337490424485 ], [ -58.378811866949746, -34.570338312200839 ], [ -58.37880875820769, -34.570339161897195 ], [ -58.378805661443394, -34.570340020616037 ], [ -58.378802563571966, -34.570340896461119 ], [ -58.378802529780636, -34.570340906353429 ], [ -58.378799471136297, -34.570341784929859 ], [ -58.378796384139143, -34.570342683317989 ], [ -58.378793302579581, -34.570343592526939 ], [ -58.37879326769761, -34.570343603319898 ], [ -58.378790228632475, -34.570344517065287 ], [ -58.378789134210962, -34.570344855243988 ], [ -58.378787165565178, -34.570345458738217 ], [ -58.378785015962023, -34.570346125207003 ], [ -58.378784104670864, -34.570346406722557 ], [ -58.378781048115272, -34.570347374541214 ], [ -58.378778005719603, -34.570348348679588 ], [ -58.378774972017936, -34.570349346260976 ], [ -58.378771944838036, -34.570350360072503 ], [ -58.378768925266989, -34.570351392819177 ], [ -58.378765914397178, -34.570352441797482 ], [ -58.378762911135269, -34.570353510612335 ], [ -58.378759913314582, -34.570354586642338 ], [ -58.378756918750213, -34.570355675294486 ], [ -58.378753931798279, -34.570356779276047 ], [ -58.378750951376375, -34.570357891374925 ], [ -58.37875090995152, -34.570357906670488 ], [ -58.378747968773126, -34.57035900527508 ], [ -58.378746656246697, -34.570359501953362 ], [ -58.378744994879376, -34.570360127294016 ], [ -58.378742018804246, -34.570361251114207 ], [ -58.378739043812381, -34.570362381245097 ], [ -58.378737093549589, -34.570363124472365 ], [ -58.378736074271778, -34.570363508675392 ], [ -58.378735077883519, -34.570363887485691 ], [ -58.378735034278293, -34.570363903681162 ], [ -58.378733098194587, -34.570364634298237 ], [ -58.378730124299494, -34.570365757218227 ], [ -58.378727147136068, -34.570366879234477 ], [ -58.378724178697645, -34.570367994045263 ], [ -58.378723427600342, -34.570368270262804 ], [ -58.378721185201968, -34.570369102528637 ], [ -58.378721147047159, -34.570369116925036 ], [ -58.378719246947711, -34.57036982412972 ], [ -58.378719151015837, -34.570369860120309 ], [ -58.378719109590953, -34.570369875415857 ], [ -58.378718204783752, -34.570370210119577 ], [ -58.378715218920505, -34.570371314100974 ], [ -58.378712235239384, -34.570372415379524 ], [ -58.378709242837658, -34.570373519356224 ], [ -58.378707530247468, -34.570374150069426 ], [ -58.378706255889952, -34.570374617928096 ], [ -58.378703267846959, -34.570375721907681 ], [ -58.378700284166435, -34.570376822284494 ], [ -58.378697298302718, -34.570377926265451 ], [ -58.378696158026308, -34.570378349145606 ], [ -58.378694312436203, -34.570379032950605 ], [ -58.378692216110878, -34.570379814837253 ], [ -58.378691332012707, -34.570380145048027 ], [ -58.378688350495764, -34.570381260750288 ], [ -58.378685367886284, -34.57038237915603 ], [ -58.378682400524603, -34.570383505685101 ], [ -58.378679428801213, -34.570384634915364 ], [ -58.378676464692994, -34.570385776770792 ], [ -58.378675140158684, -34.570386293271369 ], [ -58.3786735060269, -34.570386924939911 ], [ -58.378670551712325, -34.570388080323397 ], [ -58.378667638807016, -34.570389235735504 ], [ -58.378667607192341, -34.570389248333541 ], [ -58.378664664844415, -34.570390423556567 ], [ -58.378661732288357, -34.570391614110548 ], [ -58.378660634484199, -34.570392063161187 ], [ -58.378659809225191, -34.570392398821056 ], [ -58.378659711108348, -34.57039244021864 ], [ -58.378659605361648, -34.570392483413798 ], [ -58.378658804082889, -34.570392812780298 ], [ -58.378657912314388, -34.57039318445112 ], [ -58.37865758089783, -34.570393323942426 ], [ -58.378655882396458, -34.570394030384477 ], [ -58.378652975953251, -34.570395260619108 ], [ -58.37865008147768, -34.570396509791948 ], [ -58.37864718916596, -34.570397774290456 ], [ -58.378644343708466, -34.570399042427105 ], [ -58.378644309911593, -34.570399057727926 ], [ -58.37864144045183, -34.570400353792067 ], [ -58.378638581876416, -34.570401662483661 ], [ -58.378635726553604, -34.570402987403135 ], [ -58.378632881027229, -34.570404323146477 ], [ -58.378630043119671, -34.570405667909242 ], [ -58.37862721174119, -34.570407021690777 ], [ -58.378624383620831, -34.570408386291611 ], [ -58.378621569658499, -34.570409759015043 ], [ -58.378621140095689, -34.570409968749438 ], [ -58.378618751334493, -34.570411134439674 ], [ -58.378618716444244, -34.570411153345418 ], [ -58.378617928182379, -34.570411541313405 ], [ -58.378616719075445, -34.570412139021826 ], [ -58.378615941717158, -34.57041252068737 ], [ -58.378613136456792, -34.570413908740917 ], [ -58.378610331189947, -34.570415303104362 ], [ -58.378607532464059, -34.570416694767985 ], [ -58.378604741349676, -34.570418102662508 ], [ -58.378602964188204, -34.570419005560233 ], [ -58.378601957855921, -34.570419517773693 ], [ -58.378599184163185, -34.570420939201576 ], [ -58.378596409363254, -34.570422377755726 ], [ -58.378593642185777, -34.570423821723658 ], [ -58.378590922971462, -34.570425250400589 ], [ -58.378590883720491, -34.57042527110616 ], [ -58.378588132875848, -34.570426727705261 ], [ -58.378585380934062, -34.570428191514992 ], [ -58.378585340592458, -34.570428213121218 ], [ -58.378582637707233, -34.570429658034961 ], [ -58.378579886854062, -34.570431122746719 ], [ -58.37857985850485, -34.570431138952742 ], [ -58.37857846399212, -34.57043188707032 ], [ -58.378577144710334, -34.570432595577309 ], [ -58.378574396027282, -34.570434069304724 ], [ -58.37857165606372, -34.570435541235284 ], [ -58.378568916098224, -34.570437014968626 ], [ -58.37856887902759, -34.570437034774287 ], [ -58.378566173955043, -34.570438486897537 ], [ -58.378563426366803, -34.570439955216898 ], [ -58.378561557569093, -34.570440955404486 ], [ -58.378560679867263, -34.5704414244384 ], [ -58.378555350441317, -34.57044424941499 ], [ -58.376780905224521, -34.571443735788485 ], [ -58.376119285891797, -34.571816390640151 ], [ -58.375880890301595, -34.571950498403545 ], [ -58.375850727545263, -34.571969046179355 ], [ -58.375850691557417, -34.571969071393504 ], [ -58.375845735300707, -34.571972300357267 ], [ -58.375822238600826, -34.571987611372833 ], [ -58.37580095320304, -34.572001668282198 ], [ -58.374148180689602, -34.573069531330304 ], [ -58.37414815124793, -34.573069548435889 ], [ -58.3741118110988, -34.573090011303563 ], [ -58.374099585399264, -34.573096895575254 ], [ -58.374050497108705, -34.573124632630638 ], [ -58.374019197834642, -34.573142311045281 ], [ -58.373976494542887, -34.573165818742424 ], [ -58.373976464011385, -34.573165835847178 ], [ -58.373954257586746, -34.57317847291268 ], [ -58.371635730216965, -34.574497941383669 ], [ -58.371635686598331, -34.574497966590826 ], [ -58.371624563546774, -34.574504663042731 ], [ -58.371573743176555, -34.574535256214709 ], [ -58.371573699557857, -34.574535281421852 ], [ -58.371541760768793, -34.574553818675923 ], [ -58.371521485655592, -34.574565576054155 ], [ -58.371502150393312, -34.574575914390074 ], [ -58.371499404725512, -34.574577381649256 ], [ -58.371497985003508, -34.574578140483474 ], [ -58.371477959511516, -34.574588838866781 ], [ -58.371450351301554, -34.574604538961601 ], [ -58.371428276065728, -34.574617093632909 ], [ -58.371381669599479, -34.574642846534864 ], [ -58.37133283889721, -34.574671543602669 ], [ -58.371332810544175, -34.574671560708389 ], [ -58.371292089720399, -34.574695502538688 ], [ -58.371292048281099, -34.574695527747366 ], [ -58.371268620576124, -34.57471006721115 ], [ -58.371252668405461, -34.57471996365507 ], [ -58.371221392138906, -34.574739417172871 ], [ -58.371221368144944, -34.574739434281881 ], [ -58.371198797511425, -34.574755468942634 ], [ -58.3711828066537, -34.574766831967956 ], [ -58.371182773931558, -34.574766858084587 ], [ -58.37116623413862, -34.574779909063935 ], [ -58.371164450798275, -34.574781316646366 ], [ -58.371163774547583, -34.574781849779988 ], [ -58.37115147986492, -34.574791548854769 ], [ -58.371141121855956, -34.574800133425391 ], [ -58.371126844684902, -34.574811966478528 ], [ -58.371126816317876, -34.574811996204154 ], [ -58.371105250948183, -34.574834465082397 ], [ -58.37110518112479, -34.574834535340869 ], [ -58.371173737358937, -34.574897382226297 ], [ -58.371173820425938, -34.574897306689685 ], [ -58.371194420326695, -34.574878574261874 ], [ -58.371194451966041, -34.57487854183443 ], [ -58.371215464915615, -34.574859926119075 ], [ -58.371215495456241, -34.57485990180362 ], [ -58.37124786946297, -34.574835245184516 ], [ -58.371247900007553, -34.574835217263349 ], [ -58.3712588678465, -34.574827031573754 ], [ -58.371272797964494, -34.574816629707698 ], [ -58.371287155665449, -34.574806860061827 ], [ -58.371300742315363, -34.574797611758662 ], [ -58.371335648956482, -34.574775888461545 ], [ -58.371335690394829, -34.574775864154276 ], [ -58.371376425916502, -34.574751464396527 ], [ -58.371417464142247, -34.574727273983747 ], [ -58.371445208781836, -34.574712418635343 ], [ -58.371471034272396, -34.574698592166555 ], [ -58.371471082255276, -34.574698562455609 ], [ -58.371543917992383, -34.574654484322707 ], [ -58.371603386123155, -34.574622623044498 ], [ -58.371605033744558, -34.574621739983499 ], [ -58.373928576383051, -34.573291668663586 ], [ -58.373930208518487, -34.573290734345676 ], [ -58.374196753100883, -34.573138149996446 ], [ -58.374218644426271, -34.573125618123598 ], [ -58.374588610282927, -34.572888624100173 ], [ -58.375534109996536, -34.572282947052898 ], [ -58.375768283733549, -34.572132935968234 ], [ -58.375838861306079, -34.572087723964792 ], [ -58.375847013030167, -34.572081054744423 ], [ -58.375858590569038, -34.572071582738275 ], [ -58.375873737103404, -34.572062024947904 ], [ -58.375885126991285, -34.572054836117914 ], [ -58.375913627043495, -34.572037120061438 ], [ -58.375917517776891, -34.572034699812988 ], [ -58.375933656583108, -34.572024549586978 ], [ -58.375952431020238, -34.572012747127651 ], [ -58.375983417742688, -34.571995119371024 ], [ -58.376016637530306, -34.571975217101965 ], [ -58.37603421893909, -34.571966119618857 ], [ -58.376042469655566, -34.57196185029197 ], [ -58.376057650335611, -34.571953991691494 ], [ -58.376085835336234, -34.571938406340976 ], [ -58.376092852470684, -34.571934999459778 ], [ -58.376109541594928, -34.571926896738745 ], [ -58.376116115542345, -34.571925250021344 ], [ -58.376119836892222, -34.571924316998732 ], [ -58.376120072338225, -34.571924257672755 ], [ -58.376168887484404, -34.571896571440874 ], [ -58.376187762277176, -34.571885866312897 ], [ -58.377478578969288, -34.571153746350831 ], [ -58.378550761214491, -34.570545609835968 ], [ -58.378550797196375, -34.570545589128145 ], [ -58.378580733122803, -34.570528257448274 ], [ -58.378600634434335, -34.570516729393937 ], [ -58.378613697300501, -34.570509925475655 ], [ -58.37861470909796, -34.570509397941677 ], [ -58.378617908035281, -34.570507729817599 ], [ -58.378640579697134, -34.570495919729169 ], [ -58.37868355539225, -34.570475174350392 ], [ -58.378683582648982, -34.570475160847899 ], [ -58.378713919318521, -34.570461276467881 ], [ -58.378713955294849, -34.570461261168553 ], [ -58.378747537792158, -34.570445661811753 ], [ -58.378747586853322, -34.57044563840865 ], [ -58.378747631552869, -34.570445617706795 ], [ -58.378779635712107, -34.570434729905642 ], [ -58.378803904537364, -34.570426473414472 ], [ -58.378841917914322, -34.570416160359386 ], [ -58.378873496691874, -34.570407791726346 ], [ -58.378916737135157, -34.570398863248421 ], [ -58.378918422196257, -34.570398514659779 ], [ -58.378955505829857, -34.570391621840166 ], [ -58.378993121168669, -34.570385880498193 ], [ -58.379015655609294, -34.570383621760449 ], [ -58.37901647734202, -34.57038353939658 ], [ -58.37905711496731, -34.570379465056398 ], [ -58.379069535892377, -34.570379181565578 ], [ -58.37907151596211, -34.570379135156266 ], [ -58.379073854557035, -34.570379081782868 ], [ -58.379096547425085, -34.570378566498398 ], [ -58.37914344582348, -34.570378487964639 ], [ -58.379158368755668, -34.570379277985829 ], [ -58.379171984096558, -34.570379994989906 ], [ -58.379189135392707, -34.570380900122835 ], [ -58.379189175711453, -34.57038090105204 ], [ -58.379227720618431, -34.570383764394407 ], [ -58.379250109446531, -34.570385423112761 ], [ -58.379968140605754, -34.570442406897428 ], [ -58.380359935539779, -34.570473498013065 ], [ -58.380359818846998, -34.570474783373761 ], [ -58.380329437246615, -34.57080943263098 ], [ -58.380505761677831, -34.571037963900139 ], [ -58.380267109350413, -34.571175461330569 ], [ -58.378909051920793, -34.571957879404145 ], [ -58.378423008543017, -34.572237896792423 ], [ -58.378307790894468, -34.572304274271836 ], [ -58.37830205012321, -34.572312830217953 ], [ -58.378302022837374, -34.572312871664579 ], [ -58.378301947537601, -34.572312977079022 ], [ -58.378297698192263, -34.572318748656386 ], [ -58.37829675964668, -34.572322230212336 ], [ -58.378295853920037, -34.572325587394289 ], [ -58.378293270915783, -34.572331241143651 ], [ -58.378290561222656, -34.572337167936865 ], [ -58.378289665465253, -34.572342507361995 ], [ -58.378288913340633, -34.572346986025089 ], [ -58.378252909531902, -34.572655951817993 ], [ -58.378250647059332, -34.572675362454312 ], [ -58.37825067725381, -34.572675675270233 ], [ -58.378251370781406, -34.572682728511829 ], [ -58.378252179710863, -34.572690961800674 ], [ -58.378253806371404, -34.572696644623193 ], [ -58.378255669757898, -34.572703152415535 ], [ -58.378255735992198, -34.572703388635354 ], [ -58.378255883852233, -34.572703728576037 ], [ -58.378260186858299, -34.572713775264269 ], [ -58.37826020208729, -34.572713802317679 ], [ -58.378265090749039, -34.572722328707812 ], [ -58.378265226725603, -34.572722566779042 ], [ -58.378265477051642, -34.572722877945452 ], [ -58.378265522763336, -34.572722934767157 ], [ -58.378271951784654, -34.572730931290046 ], [ -58.378281668765851, -34.572740894310314 ], [ -58.378281913704711, -34.57274114507738 ], [ -58.37828195072229, -34.572741178455942 ], [ -58.378282938408738, -34.572741856143438 ], [ -58.378283052781342, -34.572741934618641 ], [ -58.378285783967385, -34.572743812388701 ], [ -58.378291218042094, -34.572747532753326 ], [ -58.378300465037817, -34.572753513845406 ], [ -58.378302135617972, -34.572754594015798 ], [ -58.378302346901265, -34.572754720362589 ], [ -58.378302398089275, -34.5727547501453 ], [ -58.378312792351586, -34.572760970913244 ], [ -58.378312834837224, -34.572760985365633 ], [ -58.378325776747509, -34.572765254515758 ], [ -58.378326000072214, -34.572765327686731 ], [ -58.378326039294087, -34.572765336728295 ], [ -58.378327051471281, -34.572765535746669 ], [ -58.378334259828797, -34.572766953299194 ], [ -58.37833435243931, -34.572766971392184 ], [ -58.378334418901311, -34.572766984058418 ], [ -58.378340081210055, -34.572768097655242 ], [ -58.378352650160849, -34.572770486167947 ], [ -58.378354377083028, -34.572770815488852 ], [ -58.37836134688402, -34.572772136421172 ], [ -58.37838213305924, -34.572772969378406 ], [ -58.37841287013503, -34.572775579653609 ], [ -58.378459097222098, -34.57278006844335 ], [ -58.383527983670639, -34.573184329803517 ], [ -58.38353379633574, -34.573184436364677 ], [ -58.383538059394979, -34.573184512165945 ], [ -58.383539505478282, -34.573184538350795 ], [ -58.383550729793534, -34.573184734984082 ], [ -58.383550761391319, -34.573184740413268 ], [ -58.38355087470709, -34.573184760318689 ], [ -58.383559047682631, -34.573186117797334 ], [ -58.383569244017785, -34.573187811026202 ], [ -58.383579204512451, -34.573192262464147 ], [ -58.383579391870633, -34.573192346419155 ], [ -58.383579435435976, -34.573192372588963 ], [ -58.383579644547993, -34.573192499826618 ], [ -58.383580198910785, -34.573192839124907 ], [ -58.38358786523748, -34.573197530646027 ], [ -58.383589359571722, -34.573198819428754 ], [ -58.383590203023104, -34.573199546860081 ], [ -58.383594106595204, -34.573202909925762 ], [ -58.383599759492476, -34.57320942281504 ], [ -58.383601770027184, -34.573212920759737 ], [ -58.383604012293269, -34.573216824497507 ], [ -58.383605476664592, -34.57322166881621 ], [ -58.38360630879189, -34.573224422314922 ], [ -58.383606038511964, -34.573234721833479 ], [ -58.383604319742581, -34.573247515553824 ], [ -58.383597214349479, -34.573327627865744 ], [ -58.383592544571492, -34.573380320384388 ], [ -58.383592540179755, -34.573380354635702 ], [ -58.383591417210404, -34.573385463185623 ], [ -58.3835903271126, -34.573390384260335 ], [ -58.383589374777813, -34.573394830373445 ], [ -58.383588757428697, -34.573397684786784 ], [ -58.383588750857442, -34.573397719036691 ], [ -58.383588734451699, -34.573397781224386 ], [ -58.383587488551221, -34.573403809148573 ], [ -58.383587480886767, -34.573403847003462 ], [ -58.383584506091523, -34.573411576592505 ], [ -58.383576250182124, -34.573419446059042 ], [ -58.383569340971874, -34.573424146089074 ], [ -58.383566080469812, -34.573426364171794 ], [ -58.383556649591398, -34.573431022891143 ], [ -58.383556284349602, -34.573431202937762 ], [ -58.383556237467552, -34.573431226344191 ], [ -58.383546941079587, -34.573436554008815 ], [ -58.382525935825903, -34.574016421752695 ], [ -58.382128554739801, -34.574242105073523 ], [ -58.381894817603275, -34.574374849348352 ], [ -58.381894715083831, -34.574374932211171 ], [ -58.38189463110723, -34.574374997959254 ], [ -58.38188464632173, -34.574383114950493 ], [ -58.381884609240466, -34.574383144672815 ], [ -58.381871971001885, -34.574388875621487 ], [ -58.381864617573761, -34.5743929749081 ], [ -58.3818645641459, -34.574393004619509 ], [ -58.381864353705531, -34.5743931216645 ], [ -58.381860424026357, -34.574395312212019 ], [ -58.381855014663977, -34.574398385169545 ], [ -58.381848312112474, -34.574402193728893 ], [ -58.38184577065654, -34.574403417972235 ], [ -58.381843693664415, -34.574404416267598 ], [ -58.381839602908819, -34.574406390364715 ], [ -58.381833461892612, -34.57440765367113 ], [ -58.38182621150419, -34.574408899109656 ], [ -58.381821288456862, -34.574409452904774 ], [ -58.381815639543348, -34.574410085540599 ], [ -58.381797667368069, -34.574407472927831 ], [ -58.381785087618013, -34.574405746409695 ], [ -58.381770839650748, -34.574403788912385 ], [ -58.380163440249419, -34.574275600032422 ], [ -58.379278744064905, -34.574205034592616 ], [ -58.379262830328699, -34.5742037652468 ], [ -58.379247888590768, -34.574202573189396 ], [ -58.376117537463983, -34.573952840519027 ], [ -58.376117504757715, -34.573952837930605 ], [ -58.375518434206455, -34.57390542521695 ], [ -58.375442743434007, -34.573925034466477 ], [ -58.374111640938743, -34.574689243590818 ], [ -58.373299365603259, -34.575155572414118 ], [ -58.372333633171721, -34.5757051688038 ], [ -58.372314925129416, -34.575715815120013 ], [ -58.371768067451626, -34.57602702582782 ], [ -58.370765263045605, -34.576597698372808 ], [ -58.370765225968391, -34.576597719978913 ], [ -58.370765075485956, -34.576597800993135 ], [ -58.370760430154448, -34.576600305237136 ], [ -58.370753816225104, -34.576605150793299 ], [ -58.37075257802406, -34.576606301876296 ], [ -58.370749756889069, -34.576608924688344 ], [ -58.370746761150443, -34.576614709568673 ], [ -58.370746717466467, -34.576614792466685 ], [ -58.370746667190751, -34.576614923135267 ], [ -58.370745894532256, -34.576616879544204 ], [ -58.370745874861896, -34.576616928206256 ], [ -58.370744210426778, -34.576621138404178 ], [ -58.370743639647195, -34.576627771561782 ], [ -58.370700221882721, -34.577015031585965 ], [ -58.370700221839748, -34.577015070347215 ], [ -58.370700221761773, -34.577015140658332 ], [ -58.370700117669585, -34.577023508511942 ], [ -58.370702037845952, -34.577030446437604 ], [ -58.370704224224362, -34.57703712405322 ], [ -58.370704235088454, -34.577037154709927 ], [ -58.37070789820676, -34.577041821464128 ], [ -58.370707923236338, -34.577041853934418 ], [ -58.370713150621086, -34.577049116177555 ], [ -58.370714664278609, -34.577050250342481 ], [ -58.370718015841057, -34.577052761626817 ], [ -58.370721684356866, -34.577055510151297 ], [ -58.370721751867947, -34.577055561583762 ], [ -58.370724797618351, -34.577056781719648 ], [ -58.370731040539717, -34.577059278895824 ], [ -58.370740368628447, -34.577061847821064 ], [ -58.370748703207575, -34.577062093920283 ], [ -58.370757259079468, -34.577063267753502 ], [ -58.370765685891861, -34.577063875393115 ], [ -58.370773603804388, -34.577064446589318 ], [ -58.376009270513748, -34.577478602341067 ], [ -58.3760136085588, -34.577479083198895 ], [ -58.376013886429007, -34.577479114046064 ], [ -58.376014912915778, -34.577479226556903 ], [ -58.376020609801891, -34.577479857121354 ], [ -58.376045168990174, -34.577483799486814 ] ] ] } },
{ "type": "Feature", "properties": { "id": 30.0, "comuna": 12.0, "perimetro_": 11132.14, "area_metro": 5538676.83, "nam": "Saavedra", "cca": null, "cde": null, "fna": null, "gna": null, "ara3": null, "arl": null }, "geometry": { "type": "Polygon", "coordinates": [ [ [ -58.473586405948652, -34.553534561776345 ], [ -58.473929282248953, -34.553725522752451 ], [ -58.474252242623955, -34.553906484090852 ], [ -58.475176268934419, -34.554424227358609 ], [ -58.476080471367986, -34.554930837521525 ], [ -58.476990645025694, -34.555440820634182 ], [ -58.477910108063675, -34.555955937557222 ], [ -58.478816898869255, -34.556463935946176 ], [ -58.479354321031579, -34.55676499960331 ], [ -58.479721230432538, -34.55697058926512 ], [ -58.480525715868566, -34.55742126312991 ], [ -58.480628298252967, -34.557478785009387 ], [ -58.480805456424676, -34.557578128736552 ], [ -58.481536227957839, -34.557986551972895 ], [ -58.482446297884408, -34.558495086131693 ], [ -58.48340754335922, -34.559032055931816 ], [ -58.483559505311746, -34.559104990631823 ], [ -58.483700485518312, -34.559172714917622 ], [ -58.484349883288644, -34.559484442145248 ], [ -58.484988680768069, -34.559791117983281 ], [ -58.485017673837, -34.55980503719401 ], [ -58.485165637019563, -34.559875575500996 ], [ -58.4853007460732, -34.55993991862465 ], [ -58.486254682918698, -34.560394541544269 ], [ -58.486388349764269, -34.560458246419799 ], [ -58.487174149177079, -34.560827755699833 ], [ -58.487319562435239, -34.560896108623098 ], [ -58.488130663011887, -34.561287574542547 ], [ -58.48827399805743, -34.561356791215758 ], [ -58.488291742636378, -34.561365360166526 ], [ -58.488309184197924, -34.561373557788393 ], [ -58.489085991554759, -34.561738653969954 ], [ -58.489276360918467, -34.561828122719753 ], [ -58.490042865592969, -34.562196275323402 ], [ -58.490400111077825, -34.562367890640665 ], [ -58.490517688202679, -34.562424274046542 ], [ -58.490990726098573, -34.562651285156306 ], [ -58.491833492099524, -34.56144233193703 ], [ -58.49192955052844, -34.561302306836488 ], [ -58.492883114439095, -34.561758075032778 ], [ -58.494128893214572, -34.562353413334534 ], [ -58.494288108039761, -34.562429924094218 ], [ -58.495416581593027, -34.562971827834048 ], [ -58.496592324151571, -34.563536383625568 ], [ -58.496822042131654, -34.563646675360232 ], [ -58.49785969878377, -34.564146678433751 ], [ -58.497990226732142, -34.564209600730955 ], [ -58.49905190953077, -34.564721418028142 ], [ -58.499138843225296, -34.56476329450031 ], [ -58.499711881857017, -34.56504165253925 ], [ -58.500234344070229, -34.565291500215864 ], [ -58.50086154175667, -34.565594343543502 ], [ -58.501436974657757, -34.565872129313846 ], [ -58.501876342789139, -34.566084248582214 ], [ -58.501997425312624, -34.566143085189466 ], [ -58.502559497829253, -34.566416503360955 ], [ -58.50271106421976, -34.566490187676756 ], [ -58.503331046033949, -34.566794077052677 ], [ -58.503956224817593, -34.56710049634583 ], [ -58.504093587553953, -34.567171998605815 ], [ -58.504100218849509, -34.567175450658922 ], [ -58.504240124747561, -34.567248362636704 ], [ -58.504656347629627, -34.567452733641986 ], [ -58.505070955066714, -34.567656329447303 ], [ -58.505207454414247, -34.567723396621822 ], [ -58.506261822766859, -34.568241702265546 ], [ -58.507315607945934, -34.568759647406772 ], [ -58.508416901682793, -34.569300929936553 ], [ -58.508603499481069, -34.569392640511531 ], [ -58.508816822372438, -34.569509534818003 ], [ -58.509039281539508, -34.569997727553861 ], [ -58.509232301438246, -34.569907731440509 ], [ -58.509253330813436, -34.569897925016008 ], [ -58.50931092999604, -34.569848684512081 ], [ -58.509393368312359, -34.569778207804291 ], [ -58.509483018067804, -34.569701567059354 ], [ -58.509520814297488, -34.569669254629225 ], [ -58.509572278994057, -34.569615744460876 ], [ -58.509675412936168, -34.56950851034189 ], [ -58.509684615448919, -34.569498541571093 ], [ -58.509803656563527, -34.569369594936255 ], [ -58.50984368894602, -34.569310525398706 ], [ -58.509849924571903, -34.569301323959252 ], [ -58.50987367263788, -34.569266283647679 ], [ -58.509874101629407, -34.569265650682297 ], [ -58.509810816293722, -34.569131456847167 ], [ -58.509395711998664, -34.568251232901687 ], [ -58.506364436504043, -34.561822832920271 ], [ -58.505785786554696, -34.560595573582333 ], [ -58.504942501737133, -34.558806979628635 ], [ -58.50490409771426, -34.558725523318273 ], [ -58.504453025284292, -34.557768769215215 ], [ -58.503954662233134, -34.556711680994795 ], [ -58.50357531454285, -34.555907019293443 ], [ -58.502920555851709, -34.554518123964073 ], [ -58.502129256233587, -34.552839526808462 ], [ -58.502000291140313, -34.552565944064774 ], [ -58.501878628664144, -34.552307851016423 ], [ -58.501725852901657, -34.551983752237092 ], [ -58.501496771021706, -34.551497772415829 ], [ -58.501392581521763, -34.551276740272705 ], [ -58.50130992835399, -34.551101395647848 ], [ -58.500995632931186, -34.550434626104803 ], [ -58.500842416468267, -34.550109577193204 ], [ -58.500735046484081, -34.549881790008634 ], [ -58.5006728854367, -34.549749913618115 ], [ -58.500671248558128, -34.549746440928587 ], [ -58.500550875448702, -34.54949106390287 ], [ -58.500550478638161, -34.549490222048433 ], [ -58.500550366395167, -34.549490172515924 ], [ -58.500521090434276, -34.549477253112912 ], [ -58.49828079188525, -34.548488582613864 ], [ -58.497511711653011, -34.548149163412852 ], [ -58.497511317316857, -34.548148989377992 ], [ -58.497462693760781, -34.548127530022967 ], [ -58.496448739820075, -34.547680028276631 ], [ -58.496448344187698, -34.547679853664341 ], [ -58.495932252342925, -34.54745207491252 ], [ -58.495931856712701, -34.547451900298562 ], [ -58.495419711861231, -34.547225860169107 ], [ -58.495091196038643, -34.547080865799977 ], [ -58.495086766788198, -34.547078910888061 ], [ -58.495014624231096, -34.547047069721309 ], [ -58.49501236660722, -34.547046073285095 ], [ -58.495010194984246, -34.547045114806608 ], [ -58.495007937360455, -34.547044118370302 ], [ -58.495002628710381, -34.547041775317275 ], [ -58.494998199464064, -34.547039820402127 ], [ -58.494978483313048, -34.547031118376317 ], [ -58.49497405406786, -34.547029163460294 ], [ -58.49491192512685, -34.547001741862417 ], [ -58.494907495884789, -34.546999786943964 ], [ -58.494850964163781, -34.546974835721876 ], [ -58.494810106430357, -34.54695680235799 ], [ -58.494805677198094, -34.546954847427955 ], [ -58.49469577943821, -34.546906341778104 ], [ -58.494301249421625, -34.546732206276559 ], [ -58.494293349957644, -34.54672871963384 ], [ -58.494109581956216, -34.546647608414773 ], [ -58.493479859295576, -34.546369659086103 ], [ -58.493421514410855, -34.546343906063044 ], [ -58.493399023340992, -34.546333978650758 ], [ -58.493049149653679, -34.546179545836573 ], [ -58.492999828955995, -34.546157776458976 ], [ -58.492977336524646, -34.546147848644331 ], [ -58.492870277250901, -34.546100594231532 ], [ -58.492502722963792, -34.54593835940215 ], [ -58.492494249942276, -34.545934619381775 ], [ -58.492485903008586, -34.545930935016081 ], [ -58.492469713090188, -34.545923788727002 ], [ -58.49246137989774, -34.545920110424113 ], [ -58.491991922586855, -34.545712888733782 ], [ -58.491969430987233, -34.545702960715516 ], [ -58.491482544855486, -34.545488042682472 ], [ -58.491460054224753, -34.545478114944245 ], [ -58.49087587843966, -34.545220247759893 ], [ -58.490853386652404, -34.545210319335325 ], [ -58.490466003949457, -34.545039318120317 ], [ -58.490281511969073, -34.54495787815555 ], [ -58.490259020746699, -34.544947949865531 ], [ -58.489285841866909, -34.544518353713279 ], [ -58.489263350880918, -34.544508425239037 ], [ -58.488028736759247, -34.543963404250142 ], [ -58.488006246919603, -34.543953475917625 ], [ -58.487700264707343, -34.543818396799196 ], [ -58.487153703260731, -34.543577107929593 ], [ -58.487136105601934, -34.543569339088833 ], [ -58.487113614677277, -34.543559410011518 ], [ -58.486599772302405, -34.543332562041449 ], [ -58.486582174656419, -34.543324793260247 ], [ -58.486581868505702, -34.543324658104758 ], [ -58.486559683861465, -34.543314864083221 ], [ -58.486056791843374, -34.543092846865115 ], [ -58.485890628693561, -34.543019488355483 ], [ -58.485868139360633, -34.543009559628864 ], [ -58.485156633303248, -34.542695436269781 ], [ -58.485134143296719, -34.542685507033056 ], [ -58.484383700791859, -34.542354186305495 ], [ -58.484361211816676, -34.54234425730013 ], [ -58.483649369667781, -34.542029971735388 ], [ -58.483579089116958, -34.541998941799392 ], [ -58.483556599485354, -34.541989012270299 ], [ -58.482580351977099, -34.541557977227789 ], [ -58.482557863430443, -34.541548047888305 ], [ -58.481960362607992, -34.541284231720887 ], [ -58.481937874208548, -34.541274302266729 ], [ -58.481445928082643, -34.541057088356588 ], [ -58.481423438957478, -34.54104715843291 ], [ -58.481244459920198, -34.540968131196777 ], [ -58.480862428545251, -34.540799446020891 ], [ -58.480780892953355, -34.540763443741753 ], [ -58.480758404852864, -34.540753514040105 ], [ -58.480744006845079, -34.540747156544583 ], [ -58.479750905653418, -34.540308644351043 ], [ -58.479748591637403, -34.540307622562956 ], [ -58.479675928614235, -34.540275537092093 ], [ -58.47950850911397, -34.540201610188383 ], [ -58.479265518390996, -34.540094312373455 ], [ -58.47912710375099, -34.540033192268979 ], [ -58.479054440773076, -34.540001106194268 ], [ -58.47860377529841, -34.539802102562454 ], [ -58.478133969277344, -34.539594644531732 ], [ -58.478120382098247, -34.539588644631387 ], [ -58.478061307106643, -34.53956255779341 ], [ -58.477848742568291, -34.539468691361932 ], [ -58.477468800193016, -34.539300912032679 ], [ -58.477414758824224, -34.539277047814963 ], [ -58.477342096184898, -34.539244960540209 ], [ -58.476090188219267, -34.538692116718394 ], [ -58.476054313775897, -34.538676274230312 ], [ -58.476026028185323, -34.538663783038572 ], [ -58.476023920199516, -34.538662852131139 ], [ -58.47598165218038, -34.538644186142648 ], [ -58.475953367506534, -34.538631694333517 ], [ -58.475906780582498, -34.538693339944203 ], [ -58.475845681426811, -34.538774187520488 ], [ -58.475761013033996, -34.538886223398123 ], [ -58.475680098538255, -34.538993291045323 ], [ -58.475544984645524, -34.539172074762796 ], [ -58.475486993097817, -34.539248810412687 ], [ -58.475452293088146, -34.539294725579062 ], [ -58.475419365019008, -34.539338296837563 ], [ -58.474927672569159, -34.53998890049413 ], [ -58.474356304859789, -34.540760945655812 ], [ -58.473786627884508, -34.541530803734162 ], [ -58.47323634199298, -34.542274460093068 ], [ -58.472692258011463, -34.543009662490171 ], [ -58.47209429821546, -34.543817684749726 ], [ -58.471537429367132, -34.544570277644453 ], [ -58.471012973452773, -34.545279906386256 ], [ -58.470431320473033, -34.546066932968522 ], [ -58.469939949369611, -34.546716343047613 ], [ -58.46940116561742, -34.547411387465289 ], [ -58.469129430507728, -34.547761973276948 ], [ -58.468975879125651, -34.547954635078163 ], [ -58.468848330689092, -34.548114670940535 ], [ -58.46866804700295, -34.548347846530312 ], [ -58.468553526661488, -34.548484621899583 ], [ -58.468509016881427, -34.548540470106616 ], [ -58.468226380189691, -34.548895138687918 ], [ -58.46818978417501, -34.548940845367198 ], [ -58.468373465767776, -34.549076615773785 ], [ -58.469303103589105, -34.549582290258769 ], [ -58.47015776482931, -34.550055073187785 ], [ -58.471008010119156, -34.550525456178327 ], [ -58.471863882587627, -34.550998860719055 ], [ -58.472703846540696, -34.551463528299756 ], [ -58.473573102706695, -34.551944385393199 ], [ -58.474436153968917, -34.552421714939989 ], [ -58.473586405948652, -34.553534561776345 ] ] ] } },
{ "type": "Feature", "properties": { "id": 36.0, "comuna": 15.0, "perimetro_": 8131.86, "area_metro": 3615977.56, "nam": "Villa Crespo", "cca": null, "cde": null, "fna": null, "gna": null, "ara3": null, "arl": null }, "geometry": { "type": "Polygon", "coordinates": [ [ [ -58.423369282461657, -34.597747393890565 ], [ -58.423755024700597, -34.597826836595814 ], [ -58.424956074043919, -34.597851316745839 ], [ -58.426304692262569, -34.597881520585155 ], [ -58.426441286790961, -34.597899169411271 ], [ -58.426566723963532, -34.597915334590141 ], [ -58.426787110584357, -34.597943779324389 ], [ -58.427775087919215, -34.598328442994706 ], [ -58.427854362607142, -34.598363539502309 ], [ -58.427989405531363, -34.598423438527377 ], [ -58.42854046714784, -34.598667893095396 ], [ -58.428549845644483, -34.59867205402908 ], [ -58.429163585695918, -34.598958639873146 ], [ -58.42922190569643, -34.598998797422709 ], [ -58.42943067386279, -34.599125687504198 ], [ -58.429648360741666, -34.599320189079286 ], [ -58.430151927725682, -34.599770052000842 ], [ -58.430189726779545, -34.599803865605175 ], [ -58.430276817198475, -34.599881705399419 ], [ -58.431039899861958, -34.600748756043721 ], [ -58.431156014164543, -34.600880690009213 ], [ -58.431874334237683, -34.60169687517449 ], [ -58.432200125926379, -34.602071894369708 ], [ -58.43224225861244, -34.602133242368652 ], [ -58.433143421090556, -34.602578054292501 ], [ -58.433335694565471, -34.602672891597088 ], [ -58.433867302865117, -34.602935278004267 ], [ -58.433915498569135, -34.60295909347095 ], [ -58.434973272729486, -34.603481039775339 ], [ -58.435149882072565, -34.603574393140065 ], [ -58.435339516885044, -34.603674577504151 ], [ -58.436617617509526, -34.604282832163584 ], [ -58.436853598056658, -34.604395116863046 ], [ -58.43702599279051, -34.604477145629552 ], [ -58.437053708305854, -34.604490333085103 ], [ -58.437054725279019, -34.604490817367349 ], [ -58.437058788770614, -34.604492883398613 ], [ -58.437175987020353, -34.604552464582369 ], [ -58.437190525362787, -34.604559851239891 ], [ -58.43797636922266, -34.604959117735909 ], [ -58.438512412409494, -34.605231442738585 ], [ -58.439202972701153, -34.605582261135339 ], [ -58.439286690896324, -34.605605236849108 ], [ -58.440142843206701, -34.605839983793587 ], [ -58.440336336320883, -34.605893049192311 ], [ -58.441466470769548, -34.606202909383839 ], [ -58.44160094723923, -34.6062384971572 ], [ -58.442825198680325, -34.606570896085067 ], [ -58.44298122272788, -34.606611768279016 ], [ -58.444168356901038, -34.606922316900338 ], [ -58.445132531314286, -34.607174509814854 ], [ -58.445678786378721, -34.60735684651533 ], [ -58.446248450324816, -34.607615029629478 ], [ -58.44704101846888, -34.607417599448105 ], [ -58.449062498185278, -34.606914042258893 ], [ -58.449290853076377, -34.606857096153156 ], [ -58.450237828074634, -34.606621211775604 ], [ -58.450656802746927, -34.606514563663701 ], [ -58.450739593006645, -34.606493515909946 ], [ -58.450989191148594, -34.606429985725136 ], [ -58.451014597937387, -34.60642351878387 ], [ -58.451050734792119, -34.606414320706428 ], [ -58.451508376736143, -34.606297885907338 ], [ -58.452015844293996, -34.606166734695201 ], [ -58.452429022265484, -34.606059939331182 ], [ -58.452959569105424, -34.605922588969236 ], [ -58.45306995391406, -34.605893795150408 ], [ -58.454002514362102, -34.605651261165491 ], [ -58.454983022143402, -34.605396257560223 ], [ -58.455525229062637, -34.605255234344163 ], [ -58.455803997022393, -34.60518292712112 ], [ -58.456563900354716, -34.604985785440888 ], [ -58.458080628460536, -34.604592333264421 ], [ -58.458474457518832, -34.604491361389265 ], [ -58.458476333723652, -34.604490880104208 ], [ -58.458935314254532, -34.60437320865605 ], [ -58.45827809155508, -34.603906485732715 ], [ -58.458163459575012, -34.603828663011591 ], [ -58.457918566211596, -34.60303821807701 ], [ -58.457533097474645, -34.601794027024184 ], [ -58.457251943119722, -34.600886604798184 ], [ -58.45721388297698, -34.600763009789432 ], [ -58.456985695613682, -34.600021718884634 ], [ -58.456899871859086, -34.599731286905339 ], [ -58.456582716473235, -34.598706747203686 ], [ -58.456565602773054, -34.598657168013887 ], [ -58.456237048274978, -34.597589737806764 ], [ -58.45605828782243, -34.597651207971026 ], [ -58.456010057092882, -34.597666613119358 ], [ -58.455921171836415, -34.597695002595437 ], [ -58.455484787493198, -34.597834414716935 ], [ -58.454795531215858, -34.597352388659203 ], [ -58.453817097977527, -34.596668150979674 ], [ -58.453768219033364, -34.596633921042923 ], [ -58.453655985299918, -34.596555390170856 ], [ -58.452820880710775, -34.595988339756033 ], [ -58.452608083302479, -34.595843812361132 ], [ -58.452084566904418, -34.595475449294668 ], [ -58.451887354602263, -34.59533669657911 ], [ -58.451705385674188, -34.595209212780766 ], [ -58.450957778508879, -34.594660259255136 ], [ -58.450632019810193, -34.594421057545581 ], [ -58.450601518583667, -34.594398660316571 ], [ -58.43864313041621, -34.588721451988192 ], [ -58.438584598548474, -34.58869162193993 ], [ -58.438537713363679, -34.588667727400782 ], [ -58.438537236034477, -34.58866748031371 ], [ -58.438535725080143, -34.588668389544075 ], [ -58.438499208157658, -34.588690372370017 ], [ -58.438251362318468, -34.588856663344558 ], [ -58.438223951864408, -34.588875062091162 ], [ -58.438052915068916, -34.588989863748481 ], [ -58.437125909300349, -34.589611791651194 ], [ -58.436175467453758, -34.590249483057868 ], [ -58.436038253500982, -34.590341566284401 ], [ -58.43531240331248, -34.59082162110132 ], [ -58.434364832651895, -34.591448382689762 ], [ -58.434134262610783, -34.591600795506373 ], [ -58.433541102806316, -34.591995617382267 ], [ -58.433447228978558, -34.59205810187175 ], [ -58.433427353467579, -34.592071325399459 ], [ -58.4323603628456, -34.592781364175366 ], [ -58.431221178279351, -34.593539392499466 ], [ -58.430743894363175, -34.59385700160761 ], [ -58.430284021386441, -34.594163026648296 ], [ -58.430213049305678, -34.594207301562939 ], [ -58.430061276914664, -34.594301981874565 ], [ -58.429350616068128, -34.59474503316244 ], [ -58.429331840919581, -34.594756508463433 ], [ -58.429170884683224, -34.5948549142894 ], [ -58.428090784690788, -34.595514618622062 ], [ -58.427025744925203, -34.596165162041906 ], [ -58.426990670631312, -34.596186562209034 ], [ -58.426952144276854, -34.596210068864671 ], [ -58.42695032899401, -34.59621083904058 ], [ -58.426242112050183, -34.596511411025261 ], [ -58.426026012763401, -34.596613600819758 ], [ -58.424844961051733, -34.597061410073465 ], [ -58.424537022065458, -34.597195766952204 ], [ -58.423541263301608, -34.597630218217873 ], [ -58.423532909509142, -34.597635909783186 ], [ -58.423369282461657, -34.597747393890565 ] ] ] } },
{ "type": "Feature", "properties": { "id": 38.0, "comuna": 11.0, "perimetro_": 11562.01, "area_metro": 6404445.2, "nam": "Villa Devoto", "cca": null, "cde": null, "fna": null, "gna": null, "ara3": null, "arl": null }, "geometry": { "type": "Polygon", "coordinates": [ [ [ -58.503470528931274, -34.593953552960159 ], [ -58.503082240397291, -34.594382208664953 ], [ -58.503542471562149, -34.594450087269095 ], [ -58.503179160444098, -34.594582149656851 ], [ -58.502875368596385, -34.594697984985011 ], [ -58.502756166573647, -34.594742320421517 ], [ -58.501791647143982, -34.595100803551382 ], [ -58.500708511352279, -34.595503330145384 ], [ -58.50012517560527, -34.595720130353435 ], [ -58.499785531356302, -34.595846430700341 ], [ -58.499632773069131, -34.595903238885931 ], [ -58.499549669825562, -34.595934109394989 ], [ -58.4983837484098, -34.596367555072021 ], [ -58.497174048784409, -34.596817270622779 ], [ -58.498003649637646, -34.597329228673495 ], [ -58.498221464535206, -34.597464098708777 ], [ -58.499542257818248, -34.598281613168979 ], [ -58.500641761057615, -34.598962208176111 ], [ -58.500879689253239, -34.599109461830352 ], [ -58.502213228193611, -34.599934760349406 ], [ -58.50309213027716, -34.600478640337002 ], [ -58.503403075419989, -34.600671147245059 ], [ -58.503558634563873, -34.600767224593554 ], [ -58.503646806759704, -34.600821702672512 ], [ -58.504860960040858, -34.601571870672934 ], [ -58.505542332350046, -34.601992839692571 ], [ -58.506166206981256, -34.602378332497914 ], [ -58.505976732432437, -34.602587838911347 ], [ -58.505372384597592, -34.603263480651634 ], [ -58.504618384038814, -34.604106356795377 ], [ -58.503732681341688, -34.605096456910019 ], [ -58.503605848187348, -34.605240726333562 ], [ -58.503468458679201, -34.605396900567023 ], [ -58.503413998147849, -34.605458996684355 ], [ -58.503076888675693, -34.6058433731421 ], [ -58.502953884271051, -34.605983275038376 ], [ -58.502819812387784, -34.606135784969453 ], [ -58.502264282836649, -34.606770198356251 ], [ -58.502133017779556, -34.606920171820448 ], [ -58.501734026998541, -34.607374529776912 ], [ -58.501595779345827, -34.607531407030955 ], [ -58.500958676266414, -34.608254432485573 ], [ -58.500191225724151, -34.609125382955312 ], [ -58.501326050132619, -34.609798072410598 ], [ -58.501458617568204, -34.609877116284991 ], [ -58.502110144175148, -34.610265723353024 ], [ -58.502205723950389, -34.610322732119393 ], [ -58.502368027721523, -34.610419019608472 ], [ -58.502430867263236, -34.610456305672933 ], [ -58.503100657907055, -34.610853718348459 ], [ -58.503251802023726, -34.610943740714163 ], [ -58.503406696926483, -34.611036014308645 ], [ -58.50353196054845, -34.611110982088867 ], [ -58.503720235377052, -34.611223660548468 ], [ -58.503859197173902, -34.611306854323608 ], [ -58.503937643021487, -34.611353363161967 ], [ -58.503989362298697, -34.611384026678849 ], [ -58.504138060884834, -34.611472186418474 ], [ -58.504277364486967, -34.61155481711269 ], [ -58.504525557238551, -34.611704101606236 ], [ -58.504663585089524, -34.611787083841151 ], [ -58.504900505025013, -34.611930254346831 ], [ -58.505248159565134, -34.612140340280092 ], [ -58.505331815260945, -34.61218485067846 ], [ -58.505410721653867, -34.612226834173796 ], [ -58.505562888890708, -34.612307909406262 ], [ -58.505603527740242, -34.612331886629612 ], [ -58.507053100008292, -34.613187114577336 ], [ -58.507520192490631, -34.613462724019563 ], [ -58.507623376607839, -34.613523602761191 ], [ -58.507759050893398, -34.613601967950984 ], [ -58.507866465200138, -34.613664009578926 ], [ -58.508013955760291, -34.613749167776874 ], [ -58.508095236989156, -34.613796381398537 ], [ -58.50830680615384, -34.61391927348761 ], [ -58.508466056044902, -34.61401182204834 ], [ -58.508723291549629, -34.614159685667872 ], [ -58.508752917552471, -34.614176717786613 ], [ -58.508846074200676, -34.614230275182173 ], [ -58.509054488156529, -34.614351325541293 ], [ -58.509204196544431, -34.614438312242321 ], [ -58.509579022834984, -34.614657891804754 ], [ -58.509742364887899, -34.614753675937273 ], [ -58.51001665167508, -34.614918784400423 ], [ -58.510116579034829, -34.614978997917646 ], [ -58.510136369293789, -34.614990923321244 ], [ -58.510146881303591, -34.614997440158312 ], [ -58.51033946906864, -34.615116823148675 ], [ -58.510342662600237, -34.615118803238694 ], [ -58.510356179424527, -34.615127074865264 ], [ -58.510426850219304, -34.615170320258223 ], [ -58.51057409262912, -34.615260405300049 ], [ -58.510701821485057, -34.615337892287883 ], [ -58.510839520386554, -34.615421149753097 ], [ -58.511001845130096, -34.615519326754075 ], [ -58.511248867411162, -34.615665992816389 ], [ -58.511676025628056, -34.615919489178339 ], [ -58.512135651130095, -34.616192337146465 ], [ -58.512572017077289, -34.616451391125572 ], [ -58.5130448564516, -34.61673120278661 ], [ -58.513648865304198, -34.617270327659256 ], [ -58.514331378076022, -34.61787941822454 ], [ -58.514941965588164, -34.61842430832688 ], [ -58.514976624069149, -34.618455273638922 ], [ -58.515011770232029, -34.618486674119865 ], [ -58.515148837818188, -34.618608998972569 ], [ -58.51569379127514, -34.61909533437403 ], [ -58.516031546789073, -34.619396765939356 ], [ -58.516410342169479, -34.619734820490017 ], [ -58.516525066019227, -34.619837166323087 ], [ -58.516632714002604, -34.619933231345684 ], [ -58.516948082453375, -34.620214661309198 ], [ -58.517739401423967, -34.619613388532166 ], [ -58.518206151308071, -34.619258808831859 ], [ -58.518537266385835, -34.619007176839595 ], [ -58.518671618843399, -34.618905142849826 ], [ -58.518897411481568, -34.618733066436022 ], [ -58.519339119525299, -34.618396662777592 ], [ -58.519478152628125, -34.61829075324146 ], [ -58.520120268241179, -34.617795449375748 ], [ -58.520329456342822, -34.617634058036153 ], [ -58.520888207798357, -34.617202969207554 ], [ -58.521011061543184, -34.617109177919481 ], [ -58.521955905450248, -34.616388013302462 ], [ -58.523117575029069, -34.615508142943312 ], [ -58.524118807829041, -34.614719679690545 ], [ -58.524268039773183, -34.614599392719185 ], [ -58.525058119468504, -34.613962225809665 ], [ -58.525079286766591, -34.613977485150812 ], [ -58.525111811157693, -34.614000931742801 ], [ -58.525113734540732, -34.613999609286267 ], [ -58.525423235959288, -34.613786686257804 ], [ -58.525426805988104, -34.613784330831621 ], [ -58.525611984063232, -34.61366215163941 ], [ -58.525713631266399, -34.613587591887558 ], [ -58.525846096692717, -34.613490339224612 ], [ -58.526534977760889, -34.612986034268502 ], [ -58.526941305494837, -34.612688635508199 ], [ -58.527346012200326, -34.612392434220418 ], [ -58.527754462186152, -34.612093412660819 ], [ -58.528156949997317, -34.611798758469938 ], [ -58.528551175029975, -34.611506713364903 ], [ -58.528887110361275, -34.611307858337803 ], [ -58.528937663767216, -34.611277933734165 ], [ -58.529005068697778, -34.611227990300939 ], [ -58.529337216126955, -34.610981887203373 ], [ -58.529399142259138, -34.610940436996628 ], [ -58.529466490537764, -34.61089536010676 ], [ -58.527831634527679, -34.607419512154799 ], [ -58.527828445348071, -34.607412731370815 ], [ -58.527817195012545, -34.607388811073371 ], [ -58.527779292064643, -34.607308222313343 ], [ -58.527333679985119, -34.606360754981097 ], [ -58.526775707584839, -34.605174352475245 ], [ -58.526234465152463, -34.604023487506232 ], [ -58.526231715805388, -34.604017641373979 ], [ -58.526225214032088, -34.604003816187507 ], [ -58.525767942341986, -34.603031474705112 ], [ -58.524868875736153, -34.601119629845471 ], [ -58.52367515904735, -34.598581071398726 ], [ -58.523506895787584, -34.598223229205345 ], [ -58.52337234447748, -34.597937079427972 ], [ -58.523283872425885, -34.597748924809011 ], [ -58.52262566862732, -34.59634908567012 ], [ -58.52176684118151, -34.5945224923301 ], [ -58.520953682259538, -34.592792948977483 ], [ -58.520051087330863, -34.59087308924159 ], [ -58.519511967364444, -34.589726311305192 ], [ -58.518889852005124, -34.588411097001632 ], [ -58.518652166905269, -34.587897333767415 ], [ -58.518122838630262, -34.586771297286496 ], [ -58.516977730872568, -34.584335204556631 ], [ -58.515656698054627, -34.581524658836543 ], [ -58.515576860716173, -34.581357157796504 ], [ -58.515534576240171, -34.581268446823778 ], [ -58.515457900823833, -34.581275002326848 ], [ -58.515297435703566, -34.58128872017442 ], [ -58.515160295645366, -34.581300443865587 ], [ -58.514997917816636, -34.581314324388558 ], [ -58.514969020514442, -34.581316794811642 ], [ -58.514901309460036, -34.581362663628802 ], [ -58.514854346727702, -34.581409559383204 ], [ -58.514853347937212, -34.581410556781272 ], [ -58.514739780835384, -34.581523961608063 ], [ -58.514653647083506, -34.581609971296729 ], [ -58.514582044182752, -34.581681470889649 ], [ -58.514582339817231, -34.58168192688651 ], [ -58.514571514798497, -34.581693629227438 ], [ -58.514515115914328, -34.581744582521004 ], [ -58.513919369077172, -34.582398621092779 ], [ -58.513812154926597, -34.582516414146475 ], [ -58.513399220876408, -34.58297514821394 ], [ -58.513270895881774, -34.58311770437497 ], [ -58.512466437914348, -34.584011497211314 ], [ -58.512355647915719, -34.58413464305648 ], [ -58.511808663453579, -34.584738041889814 ], [ -58.51115283443314, -34.585461622801731 ], [ -58.511039060972806, -34.585587092466135 ], [ -58.510491207722794, -34.586193090715099 ], [ -58.509786764680868, -34.586972178196739 ], [ -58.509020355246548, -34.587819806507255 ], [ -58.508242527302578, -34.588679969301232 ], [ -58.507502723948974, -34.58949807084332 ], [ -58.506722396264848, -34.590360971267039 ], [ -58.506070565095634, -34.591081847385446 ], [ -58.5054209351458, -34.591800113165561 ], [ -58.505283484029547, -34.591952135139124 ], [ -58.504767293285276, -34.592521968942684 ], [ -58.504115511672055, -34.593241566956415 ], [ -58.503470528931274, -34.593953552960159 ] ] ] } },
{ "type": "Feature", "properties": { "id": 42.0, "comuna": 15.0, "perimetro_": 5685.0, "area_metro": 1853802.05, "nam": "Villa Ortuzar", "cca": null, "cde": null, "fna": null, "gna": null, "ara3": null, "arl": null }, "geometry": { "type": "Polygon", "coordinates": [ [ [ -58.463356084528215, -34.575008624627031 ], [ -58.463187648819883, -34.575105325982705 ], [ -58.462376631860081, -34.576032092237035 ], [ -58.462247636563333, -34.57616687782032 ], [ -58.461605841583143, -34.576837451288128 ], [ -58.460633218645256, -34.577853619370806 ], [ -58.460547586447134, -34.577943087581595 ], [ -58.460225480429045, -34.57829541024887 ], [ -58.460523850461868, -34.578294792711944 ], [ -58.46052833291089, -34.578294783799542 ], [ -58.460529904691448, -34.579666923055818 ], [ -58.460531230343243, -34.580772224781008 ], [ -58.460532556832057, -34.581853301404962 ], [ -58.460533797815906, -34.58295029339417 ], [ -58.460535123880788, -34.584046159307299 ], [ -58.460536201498094, -34.584943921616471 ], [ -58.460471228753995, -34.585036105226209 ], [ -58.460426094078421, -34.585203219293291 ], [ -58.460446867146452, -34.58528772834277 ], [ -58.460414506849716, -34.585402377980003 ], [ -58.460379389687752, -34.585527642716876 ], [ -58.461464361419218, -34.585833217951397 ], [ -58.461870725839646, -34.586042142951371 ], [ -58.461953163425655, -34.586112155730049 ], [ -58.462975588667007, -34.586980477878953 ], [ -58.463074945009801, -34.587064857736294 ], [ -58.464533655666401, -34.588422048741393 ], [ -58.465783331812304, -34.589604284379099 ], [ -58.466828452112026, -34.590592966556351 ], [ -58.466957896425946, -34.590514982368646 ], [ -58.466959564043933, -34.590513664436934 ], [ -58.467118238202062, -34.590388285034052 ], [ -58.467661418367506, -34.589958963684104 ], [ -58.467892858361161, -34.589776064381709 ], [ -58.46807695327113, -34.589630562072522 ], [ -58.468190883942192, -34.589540837925952 ], [ -58.468895411907269, -34.588985726944223 ], [ -58.469211823942551, -34.588736482679373 ], [ -58.470230955774923, -34.587933527815139 ], [ -58.470804694728074, -34.587459918910454 ], [ -58.470815403202614, -34.58744528002174 ], [ -58.470834655779313, -34.587418961751197 ], [ -58.470837081694647, -34.587415645261252 ], [ -58.471114088339647, -34.58688776634461 ], [ -58.47212979459119, -34.584956943936447 ], [ -58.472460275125023, -34.584328597684326 ], [ -58.472981526385446, -34.583337553484306 ], [ -58.473538518008958, -34.58227861577771 ], [ -58.473647818820858, -34.582061630830452 ], [ -58.473630441494571, -34.581996912682094 ], [ -58.473656486414356, -34.581919655635581 ], [ -58.473630423928185, -34.581854938222378 ], [ -58.473570810003736, -34.581765081981452 ], [ -58.473857738065902, -34.581671742865225 ], [ -58.473994990410965, -34.581627086029862 ], [ -58.474310238865762, -34.581269726730831 ], [ -58.474461774504292, -34.58109802030031 ], [ -58.474682351549497, -34.580842431436011 ], [ -58.474920974484505, -34.580565784050812 ], [ -58.474996484826654, -34.580470916241758 ], [ -58.475424092725099, -34.579958470061214 ], [ -58.475499273170925, -34.57994064499475 ], [ -58.476668781997468, -34.57966414364919 ], [ -58.47722260940435, -34.579533200158025 ], [ -58.478987903717254, -34.579125161285333 ], [ -58.478655127722924, -34.57892858015046 ], [ -58.478198543877944, -34.578669054105653 ], [ -58.477773042325914, -34.578427199617025 ], [ -58.477333152930029, -34.578177175668976 ], [ -58.477150250323106, -34.578073391080167 ], [ -58.475594314798833, -34.577190512908352 ], [ -58.475006876708484, -34.576857183712463 ], [ -58.474978798894504, -34.576841201416698 ], [ -58.47485088596202, -34.576768394600784 ], [ -58.474619029551647, -34.576636370945373 ], [ -58.473829120695513, -34.576186644505015 ], [ -58.473734525307378, -34.57613504689089 ], [ -58.473684797791861, -34.576107922715984 ], [ -58.473547201842024, -34.576033003307082 ], [ -58.472886811299873, -34.575655303556552 ], [ -58.472742574696518, -34.575572073509136 ], [ -58.471958560769281, -34.575119798714788 ], [ -58.471806067266868, -34.575032836234257 ], [ -58.470865230521639, -34.574496408049235 ], [ -58.46992584768698, -34.573960754021854 ], [ -58.469134122526441, -34.573509300609992 ], [ -58.468287909717056, -34.573026793731167 ], [ -58.468081615458928, -34.572909123463177 ], [ -58.467364656881507, -34.57249646466105 ], [ -58.466037830029997, -34.573336166889781 ], [ -58.4649920138542, -34.573995283598038 ], [ -58.463356084528215, -34.575008624627031 ] ] ] } },
{ "type": "Feature", "properties": { "id": 43.0, "comuna": 12.0, "perimetro_": 7522.36, "area_metro": 3303239.51, "nam": "Villa Pueyrredon", "cca": null, "cde": null, "fna": null, "gna": null, "ara3": null, "arl": null }, "geometry": { "type": "Polygon", "coordinates": [ [ [ -58.509039281539508, -34.569997727553861 ], [ -58.507979122680922, -34.570651558154552 ], [ -58.507878949455716, -34.570708215194315 ], [ -58.507634600750379, -34.570846617297555 ], [ -58.507120538055233, -34.5711370902577 ], [ -58.506872874859411, -34.571289576808518 ], [ -58.506788362619488, -34.571341579600897 ], [ -58.506673802929186, -34.571405987630861 ], [ -58.5064846875309, -34.571512184145277 ], [ -58.505858738323859, -34.571855577991613 ], [ -58.505544794911309, -34.572027804529355 ], [ -58.505338654284451, -34.572145836372513 ], [ -58.505125875158626, -34.572267672357377 ], [ -58.504194745846043, -34.572805674323654 ], [ -58.50394698279851, -34.572948788211704 ], [ -58.502993461989561, -34.573518408646706 ], [ -58.502945629740097, -34.573549692868113 ], [ -58.502282390645462, -34.574061536212263 ], [ -58.501734465034623, -34.574484323821807 ], [ -58.50147462798612, -34.574684902374436 ], [ -58.501327645739956, -34.574798260225982 ], [ -58.500691367466693, -34.575292480671635 ], [ -58.500149810965816, -34.575713146193756 ], [ -58.499825708310006, -34.575964938874435 ], [ -58.49965591056143, -34.576097175572556 ], [ -58.498844877664645, -34.576728975977517 ], [ -58.498034002417796, -34.577360559051748 ], [ -58.497859092697162, -34.577496808725172 ], [ -58.497217158369359, -34.577998547472504 ], [ -58.49702266933209, -34.578150576322081 ], [ -58.496360893064036, -34.578670907898307 ], [ -58.495906539910294, -34.57902822000073 ], [ -58.495814974231045, -34.579098205865996 ], [ -58.49556297633913, -34.579290812719186 ], [ -58.495545042905533, -34.57930451912577 ], [ -58.495415663418086, -34.579405258690016 ], [ -58.495285005840472, -34.579504731947658 ], [ -58.494459686416455, -34.580133549046096 ], [ -58.494328260657142, -34.580233724576168 ], [ -58.493618181202848, -34.580774687908793 ], [ -58.493452699019599, -34.58088501287672 ], [ -58.493244739434886, -34.581023587897569 ], [ -58.492542745250603, -34.581593135227656 ], [ -58.492404763456747, -34.581705141439365 ], [ -58.491938896309222, -34.582107442291118 ], [ -58.49175086323082, -34.58226960215962 ], [ -58.491041795542543, -34.58288118485487 ], [ -58.490518968026144, -34.583332085357441 ], [ -58.490436909192567, -34.583402809597246 ], [ -58.490263681014319, -34.583552005866039 ], [ -58.489831758978795, -34.583923867064136 ], [ -58.489505047868406, -34.584205140723881 ], [ -58.488792967971889, -34.584818330673862 ], [ -58.488968239147184, -34.584930196797615 ], [ -58.48955886693647, -34.585302684041615 ], [ -58.490285001501753, -34.585760562014748 ], [ -58.490849578720002, -34.58611656887323 ], [ -58.491412629067369, -34.586471587291207 ], [ -58.491969380815277, -34.586822590526516 ], [ -58.492539338293199, -34.587182039791799 ], [ -58.493662660896796, -34.587890298493804 ], [ -58.493889644170544, -34.588033413216053 ], [ -58.49422445511231, -34.58824114947749 ], [ -58.494793494406906, -34.588594249544272 ], [ -58.495360237034006, -34.588945869203705 ], [ -58.49559139970107, -34.589089331191644 ], [ -58.495926985166619, -34.589296569459776 ], [ -58.497065350012562, -34.58999951201438 ], [ -58.498201433538377, -34.590700964377518 ], [ -58.499486172884247, -34.591494195526316 ], [ -58.500815913063143, -34.592315286552214 ], [ -58.501926930835225, -34.593001218882918 ], [ -58.502140738061648, -34.593133406962757 ], [ -58.503310044132242, -34.593856139289613 ], [ -58.503470528931274, -34.593953552960159 ], [ -58.504115511672055, -34.593241566956415 ], [ -58.504767293285276, -34.592521968942684 ], [ -58.505283484029547, -34.591952135139124 ], [ -58.5054209351458, -34.591800113165561 ], [ -58.506070565095634, -34.591081847385446 ], [ -58.506722396264848, -34.590360971267039 ], [ -58.507502723948974, -34.58949807084332 ], [ -58.508242527302578, -34.588679969301232 ], [ -58.509020355246548, -34.587819806507255 ], [ -58.509786764680868, -34.586972178196739 ], [ -58.510491207722794, -34.586193090715099 ], [ -58.511039060972806, -34.585587092466135 ], [ -58.51115283443314, -34.585461622801731 ], [ -58.511808663453579, -34.584738041889814 ], [ -58.512355647915719, -34.58413464305648 ], [ -58.512466437914348, -34.584011497211314 ], [ -58.513270895881774, -34.58311770437497 ], [ -58.513399220876408, -34.58297514821394 ], [ -58.513812154926597, -34.582516414146475 ], [ -58.513919369077172, -34.582398621092779 ], [ -58.514515115914328, -34.581744582521004 ], [ -58.514571514798497, -34.581693629227438 ], [ -58.514582339817231, -34.58168192688651 ], [ -58.514582044182752, -34.581681470889649 ], [ -58.514653647083506, -34.581609971296729 ], [ -58.514739780835384, -34.581523961608063 ], [ -58.514853347937212, -34.581410556781272 ], [ -58.514854346727702, -34.581409559383204 ], [ -58.514901309460036, -34.581362663628802 ], [ -58.514969020514442, -34.581316794811642 ], [ -58.514997917816636, -34.581314324388558 ], [ -58.515160295645366, -34.581300443865587 ], [ -58.515297435703566, -34.58128872017442 ], [ -58.515457900823833, -34.581275002326848 ], [ -58.515534576240171, -34.581268446823778 ], [ -58.515395044759508, -34.580975706446665 ], [ -58.513822701723527, -34.577676713223816 ], [ -58.512709806471229, -34.575341532088729 ], [ -58.511051098675509, -34.57186081996273 ], [ -58.510333098490769, -34.570354036855171 ], [ -58.510316991609756, -34.570319693291651 ], [ -58.510316875960889, -34.570319447246675 ], [ -58.510293655586679, -34.57026993811116 ], [ -58.509919841061311, -34.569375139466416 ], [ -58.509877978532671, -34.569274932097592 ], [ -58.509874101629407, -34.569265650682297 ], [ -58.50987367263788, -34.569266283647679 ], [ -58.509849924571903, -34.569301323959252 ], [ -58.50984368894602, -34.569310525398706 ], [ -58.509803656563527, -34.569369594936255 ], [ -58.509684615448919, -34.569498541571093 ], [ -58.509675412936168, -34.56950851034189 ], [ -58.509572278994057, -34.569615744460876 ], [ -58.509520814297488, -34.569669254629225 ], [ -58.509483018067804, -34.569701567059354 ], [ -58.509393368312359, -34.569778207804291 ], [ -58.50931092999604, -34.569848684512081 ], [ -58.509253330813436, -34.569897925016008 ], [ -58.509232301438246, -34.569907731440509 ], [ -58.509039281539508, -34.569997727553861 ] ] ] } },
{ "type": "Feature", "properties": { "id": 48.0, "comuna": 12.0, "perimetro_": 10021.46, "area_metro": 5449058.92, "nam": "Villa Urquiza", "cca": null, "cde": null, "fna": null, "gna": null, "ara3": null, "arl": null }, "geometry": { "type": "Polygon", "coordinates": [ [ [ -58.472988668166487, -34.56643597938784 ], [ -58.473368640419011, -34.566661983371738 ], [ -58.472783274753347, -34.567353593606946 ], [ -58.471961602741025, -34.568324590973113 ], [ -58.471176599068436, -34.569252198216823 ], [ -58.470416264146053, -34.570150643985947 ], [ -58.469585938798154, -34.571131695260064 ], [ -58.468840893512407, -34.572012031308233 ], [ -58.468081615458928, -34.572909123463177 ], [ -58.468287909717056, -34.573026793731167 ], [ -58.469134122526441, -34.573509300609992 ], [ -58.46992584768698, -34.573960754021854 ], [ -58.470865230521639, -34.574496408049235 ], [ -58.471806067266868, -34.575032836234257 ], [ -58.471958560769281, -34.575119798714788 ], [ -58.472742574696518, -34.575572073509136 ], [ -58.472886811299873, -34.575655303556552 ], [ -58.473547201842024, -34.576033003307082 ], [ -58.473684797791861, -34.576107922715984 ], [ -58.473734525307378, -34.57613504689089 ], [ -58.473829120695513, -34.576186644505015 ], [ -58.474619029551647, -34.576636370945373 ], [ -58.47485088596202, -34.576768394600784 ], [ -58.474978798894504, -34.576841201416698 ], [ -58.475006876708484, -34.576857183712463 ], [ -58.475594314798833, -34.577190512908352 ], [ -58.477150250323106, -34.578073391080167 ], [ -58.477333152930029, -34.578177175668976 ], [ -58.477773042325914, -34.578427199617025 ], [ -58.478198543877944, -34.578669054105653 ], [ -58.478655127722924, -34.57892858015046 ], [ -58.478987903717254, -34.579125161285333 ], [ -58.479232463116297, -34.57926963893923 ], [ -58.480183202462136, -34.579820014385291 ], [ -58.480310060061754, -34.579893421480151 ], [ -58.480483371581776, -34.579993708727351 ], [ -58.480993447578506, -34.580288993292683 ], [ -58.48112892959729, -34.580367918608978 ], [ -58.482145264855284, -34.580959749054081 ], [ -58.483013184720207, -34.581465114106891 ], [ -58.483133767803658, -34.581535237170279 ], [ -58.484120496490902, -34.582108745207975 ], [ -58.484746415427985, -34.582472516891876 ], [ -58.485094974596102, -34.582675063943782 ], [ -58.485823862309921, -34.583098671661162 ], [ -58.485959182206628, -34.583177099429307 ], [ -58.487032558901284, -34.583798808295604 ], [ -58.488103055200888, -34.584418817167219 ], [ -58.488792967971889, -34.584818330673862 ], [ -58.489505047868406, -34.584205140723881 ], [ -58.489831758978795, -34.583923867064136 ], [ -58.490263681014319, -34.583552005866039 ], [ -58.490436909192567, -34.583402809597246 ], [ -58.490518968026144, -34.583332085357441 ], [ -58.491041795542543, -34.58288118485487 ], [ -58.49175086323082, -34.58226960215962 ], [ -58.491938896309222, -34.582107442291118 ], [ -58.492404763456747, -34.581705141439365 ], [ -58.492542745250603, -34.581593135227656 ], [ -58.493244739434886, -34.581023587897569 ], [ -58.493452699019599, -34.58088501287672 ], [ -58.493618181202848, -34.580774687908793 ], [ -58.494328260657142, -34.580233724576168 ], [ -58.494459686416455, -34.580133549046096 ], [ -58.495285005840472, -34.579504731947658 ], [ -58.495415663418086, -34.579405258690016 ], [ -58.495545042905533, -34.57930451912577 ], [ -58.49556297633913, -34.579290812719186 ], [ -58.495814974231045, -34.579098205865996 ], [ -58.495906539910294, -34.57902822000073 ], [ -58.496360893064036, -34.578670907898307 ], [ -58.49702266933209, -34.578150576322081 ], [ -58.497217158369359, -34.577998547472504 ], [ -58.497859092697162, -34.577496808725172 ], [ -58.498034002417796, -34.577360559051748 ], [ -58.498844877664645, -34.576728975977517 ], [ -58.49965591056143, -34.576097175572556 ], [ -58.499825708310006, -34.575964938874435 ], [ -58.500149810965816, -34.575713146193756 ], [ -58.500691367466693, -34.575292480671635 ], [ -58.501327645739956, -34.574798260225982 ], [ -58.50147462798612, -34.574684902374436 ], [ -58.501734465034623, -34.574484323821807 ], [ -58.502282390645462, -34.574061536212263 ], [ -58.502945629740097, -34.573549692868113 ], [ -58.502993461989561, -34.573518408646706 ], [ -58.50394698279851, -34.572948788211704 ], [ -58.504194745846043, -34.572805674323654 ], [ -58.505125875158626, -34.572267672357377 ], [ -58.505338654284451, -34.572145836372513 ], [ -58.505544794911309, -34.572027804529355 ], [ -58.505858738323859, -34.571855577991613 ], [ -58.5064846875309, -34.571512184145277 ], [ -58.506673802929186, -34.571405987630861 ], [ -58.506788362619488, -34.571341579600897 ], [ -58.506872874859411, -34.571289576808518 ], [ -58.507120538055233, -34.5711370902577 ], [ -58.507634600750379, -34.570846617297555 ], [ -58.507878949455716, -34.570708215194315 ], [ -58.507979122680922, -34.570651558154552 ], [ -58.509039281539508, -34.569997727553861 ], [ -58.508816822372438, -34.569509534818003 ], [ -58.508603499481069, -34.569392640511531 ], [ -58.508416901682793, -34.569300929936553 ], [ -58.507315607945934, -34.568759647406772 ], [ -58.506261822766859, -34.568241702265546 ], [ -58.505207454414247, -34.567723396621822 ], [ -58.505070955066714, -34.567656329447303 ], [ -58.504656347629627, -34.567452733641986 ], [ -58.504240124747561, -34.567248362636704 ], [ -58.504100218849509, -34.567175450658922 ], [ -58.504093587553953, -34.567171998605815 ], [ -58.503956224817593, -34.56710049634583 ], [ -58.503331046033949, -34.566794077052677 ], [ -58.50271106421976, -34.566490187676756 ], [ -58.502559497829253, -34.566416503360955 ], [ -58.501997425312624, -34.566143085189466 ], [ -58.501876342789139, -34.566084248582214 ], [ -58.501436974657757, -34.565872129313846 ], [ -58.50086154175667, -34.565594343543502 ], [ -58.500234344070229, -34.565291500215864 ], [ -58.499711881857017, -34.56504165253925 ], [ -58.499138843225296, -34.56476329450031 ], [ -58.49905190953077, -34.564721418028142 ], [ -58.497990226732142, -34.564209600730955 ], [ -58.49785969878377, -34.564146678433751 ], [ -58.496822042131654, -34.563646675360232 ], [ -58.496592324151571, -34.563536383625568 ], [ -58.495416581593027, -34.562971827834048 ], [ -58.494288108039761, -34.562429924094218 ], [ -58.494128893214572, -34.562353413334534 ], [ -58.492883114439095, -34.561758075032778 ], [ -58.49192955052844, -34.561302306836488 ], [ -58.491833492099524, -34.56144233193703 ], [ -58.490990726098573, -34.562651285156306 ], [ -58.490517688202679, -34.562424274046542 ], [ -58.490400111077825, -34.562367890640665 ], [ -58.490042865592969, -34.562196275323402 ], [ -58.489276360918467, -34.561828122719753 ], [ -58.489085991554759, -34.561738653969954 ], [ -58.488309184197924, -34.561373557788393 ], [ -58.488291742636378, -34.561365360166526 ], [ -58.48827399805743, -34.561356791215758 ], [ -58.488130663011887, -34.561287574542547 ], [ -58.487319562435239, -34.560896108623098 ], [ -58.487174149177079, -34.560827755699833 ], [ -58.486388349764269, -34.560458246419799 ], [ -58.486254682918698, -34.560394541544269 ], [ -58.4853007460732, -34.55993991862465 ], [ -58.485165637019563, -34.559875575500996 ], [ -58.485017673837, -34.55980503719401 ], [ -58.484988680768069, -34.559791117983281 ], [ -58.484349883288644, -34.559484442145248 ], [ -58.483700485518312, -34.559172714917622 ], [ -58.483559505311746, -34.559104990631823 ], [ -58.481157601935323, -34.562500249948123 ], [ -58.480976593137171, -34.562643170660309 ], [ -58.480225376421103, -34.563236310351385 ], [ -58.480374298193546, -34.563316837606351 ], [ -58.480068048284053, -34.563507799778158 ], [ -58.479910071025806, -34.563605076427656 ], [ -58.479721531280013, -34.563696512127997 ], [ -58.479541415048196, -34.563770904020764 ], [ -58.479054855891029, -34.563932591088331 ], [ -58.479311882279696, -34.5640663637881 ], [ -58.479118249041619, -34.564238857406593 ], [ -58.478148110936047, -34.565103363695115 ], [ -58.477177527842933, -34.565968214662348 ], [ -58.476356052070599, -34.56670015170576 ], [ -58.476190241013988, -34.566849608862448 ], [ -58.475123717077153, -34.566219140385748 ], [ -58.474665787126753, -34.566735110469509 ], [ -58.474662739751636, -34.566738364004706 ], [ -58.474594601383885, -34.566811106505 ], [ -58.473607464232146, -34.566566566277068 ], [ -58.4735335391387, -34.566552105487702 ], [ -58.472988668166487, -34.56643597938784 ] ] ] } },
{ "type": "Feature", "properties": { "id": null, "comuna": null, "perimetro_": null, "area_metro": null, "nam": "La Matanza", "cca": "070", "cde": "06427", "fna": "Partido de La Matanza", "gna": "Partido", "ara3": 328.19, "arl": 329.22 }, "geometry": { "type": "MultiPolygon", "coordinates": [ [ [ [ -58.58, -34.65 ], [ -58.58, -34.65 ], [ -58.59, -34.65 ], [ -58.59, -34.65 ], [ -58.59, -34.66 ], [ -58.59, -34.66 ], [ -58.59, -34.66 ], [ -58.6, -34.66 ], [ -58.6, -34.66 ], [ -58.6, -34.66 ], [ -58.6, -34.67 ], [ -58.6, -34.67 ], [ -58.6, -34.67 ], [ -58.6, -34.67 ], [ -58.6, -34.67 ], [ -58.61, -34.67 ], [ -58.61, -34.68 ], [ -58.62, -34.68 ], [ -58.62, -34.68 ], [ -58.62, -34.68 ], [ -58.62, -34.68 ], [ -58.62, -34.69 ], [ -58.63, -34.69 ], [ -58.63, -34.69 ], [ -58.63, -34.69 ], [ -58.63, -34.7 ], [ -58.64, -34.7 ], [ -58.64, -34.7 ], [ -58.64, -34.7 ], [ -58.64, -34.7 ], [ -58.64, -34.7 ], [ -58.64, -34.7 ], [ -58.64, -34.7 ], [ -58.64, -34.7 ], [ -58.64, -34.7 ], [ -58.64, -34.71 ], [ -58.64, -34.71 ], [ -58.64, -34.71 ], [ -58.64, -34.71 ], [ -58.64, -34.71 ], [ -58.64, -34.72 ], [ -58.64, -34.72 ], [ -58.64, -34.72 ], [ -58.64, -34.72 ], [ -58.65, -34.72 ], [ -58.65, -34.73 ], [ -58.65, -34.73 ], [ -58.65, -34.72 ], [ -58.66, -34.72 ], [ -58.66, -34.72 ], [ -58.66, -34.73 ], [ -58.66, -34.73 ], [ -58.66, -34.73 ], [ -58.66, -34.73 ], [ -58.66, -34.73 ], [ -58.66, -34.73 ], [ -58.66, -34.73 ], [ -58.67, -34.73 ], [ -58.67, -34.73 ], [ -58.67, -34.73 ], [ -58.67, -34.73 ], [ -58.67, -34.73 ], [ -58.67, -34.73 ], [ -58.67, -34.73 ], [ -58.67, -34.73 ], [ -58.67, -34.73 ], [ -58.67, -34.73 ], [ -58.67, -34.74 ], [ -58.67, -34.74 ], [ -58.67, -34.74 ], [ -58.68, -34.74 ], [ -58.66, -34.75 ], [ -58.66, -34.75 ], [ -58.66, -34.76 ], [ -58.66, -34.76 ], [ -58.66, -34.76 ], [ -58.67, -34.76 ], [ -58.67, -34.76 ], [ -58.67, -34.76 ], [ -58.67, -34.76 ], [ -58.67, -34.76 ], [ -58.67, -34.77 ], [ -58.67, -34.77 ], [ -58.68, -34.76 ], [ -58.68, -34.76 ], [ -58.68, -34.76 ], [ -58.69, -34.76 ], [ -58.7, -34.78 ], [ -58.71, -34.78 ], [ -58.71, -34.77 ], [ -58.72, -34.76 ], [ -58.72, -34.76 ], [ -58.73, -34.76 ], [ -58.73, -34.76 ], [ -58.73, -34.76 ], [ -58.73, -34.76 ], [ -58.73, -34.76 ], [ -58.74, -34.77 ], [ -58.74, -34.77 ], [ -58.74, -34.77 ], [ -58.74, -34.77 ], [ -58.75, -34.77 ], [ -58.75, -34.78 ], [ -58.75, -34.78 ], [ -58.74, -34.78 ], [ -58.74, -34.79 ], [ -58.74, -34.79 ], [ -58.73, -34.79 ], [ -58.73, -34.79 ], [ -58.73, -34.8 ], [ -58.72, -34.8 ], [ -58.72, -34.8 ], [ -58.71, -34.81 ], [ -58.71, -34.81 ], [ -58.71, -34.81 ], [ -58.71, -34.81 ], [ -58.71, -34.81 ], [ -58.71, -34.81 ], [ -58.71, -34.81 ], [ -58.71, -34.81 ], [ -58.71, -34.81 ], [ -58.71, -34.81 ], [ -58.71, -34.81 ], [ -58.71, -34.81 ], [ -58.71, -34.81 ], [ -58.71, -34.81 ], [ -58.71, -34.81 ], [ -58.71, -34.81 ], [ -58.71, -34.81 ], [ -58.71, -34.82 ], [ -58.71, -34.82 ], [ -58.71, -34.82 ], [ -58.71, -34.82 ], [ -58.71, -34.82 ], [ -58.72, -34.82 ], [ -58.72, -34.82 ], [ -58.72, -34.82 ], [ -58.72, -34.82 ], [ -58.72, -34.82 ], [ -58.72, -34.82 ], [ -58.72, -34.82 ], [ -58.72, -34.82 ], [ -58.72, -34.82 ], [ -58.72, -34.82 ], [ -58.72, -34.82 ], [ -58.72, -34.82 ], [ -58.72, -34.82 ], [ -58.72, -34.82 ], [ -58.72, -34.82 ], [ -58.72, -34.82 ], [ -58.73, -34.82 ], [ -58.73, -34.82 ], [ -58.73, -34.82 ], [ -58.73, -34.82 ], [ -58.73, -34.82 ], [ -58.73, -34.82 ], [ -58.73, -34.82 ], [ -58.73, -34.82 ], [ -58.73, -34.82 ], [ -58.73, -34.82 ], [ -58.73, -34.82 ], [ -58.73, -34.82 ], [ -58.73, -34.82 ], [ -58.73, -34.82 ], [ -58.73, -34.82 ], [ -58.73, -34.82 ], [ -58.73, -34.82 ], [ -58.73, -34.82 ], [ -58.73, -34.82 ], [ -58.74, -34.82 ], [ -58.74, -34.82 ], [ -58.74, -34.82 ], [ -58.74, -34.82 ], [ -58.74, -34.82 ], [ -58.74, -34.82 ], [ -58.74, -34.82 ], [ -58.74, -34.82 ], [ -58.74, -34.82 ], [ -58.74, -34.82 ], [ -58.74, -34.83 ], [ -58.74, -34.83 ], [ -58.74, -34.83 ], [ -58.75, -34.82 ], [ -58.75, -34.82 ], [ -58.75, -34.82 ], [ -58.75, -34.82 ], [ -58.75, -34.83 ], [ -58.75, -34.83 ], [ -58.75, -34.83 ], [ -58.75, -34.83 ], [ -58.76, -34.83 ], [ -58.76, -34.83 ], [ -58.76, -34.83 ], [ -58.76, -34.83 ], [ -58.76, -34.83 ], [ -58.76, -34.83 ], [ -58.76, -34.83 ], [ -58.76, -34.83 ], [ -58.76, -34.83 ], [ -58.76, -34.83 ], [ -58.76, -34.83 ], [ -58.77, -34.83 ], [ -58.77, -34.83 ], [ -58.77, -34.83 ], [ -58.77, -34.83 ], [ -58.77, -34.83 ], [ -58.77, -34.83 ], [ -58.77, -34.83 ], [ -58.77, -34.83 ], [ -58.77, -34.83 ], [ -58.77, -34.83 ], [ -58.77, -34.83 ], [ -58.77, -34.83 ], [ -58.77, -34.83 ], [ -58.77, -34.83 ], [ -58.77, -34.83 ], [ -58.76, -34.84 ], [ -58.76, -34.84 ], [ -58.75, -34.85 ], [ -58.75, -34.85 ], [ -58.75, -34.85 ], [ -58.76, -34.85 ], [ -58.76, -34.86 ], [ -58.76, -34.86 ], [ -58.76, -34.86 ], [ -58.76, -34.86 ], [ -58.75, -34.87 ], [ -58.75, -34.87 ], [ -58.74, -34.87 ], [ -58.74, -34.88 ], [ -58.74, -34.88 ], [ -58.73, -34.88 ], [ -58.73, -34.88 ], [ -58.72, -34.89 ], [ -58.72, -34.89 ], [ -58.72, -34.89 ], [ -58.72, -34.89 ], [ -58.72, -34.89 ], [ -58.71, -34.9 ], [ -58.71, -34.9 ], [ -58.71, -34.9 ], [ -58.71, -34.9 ], [ -58.7, -34.91 ], [ -58.7, -34.91 ], [ -58.7, -34.91 ], [ -58.69, -34.91 ], [ -58.69, -34.91 ], [ -58.69, -34.91 ], [ -58.69, -34.91 ], [ -58.69, -34.91 ], [ -58.69, -34.91 ], [ -58.69, -34.91 ], [ -58.69, -34.91 ], [ -58.69, -34.91 ], [ -58.69, -34.91 ], [ -58.69, -34.91 ], [ -58.69, -34.91 ], [ -58.69, -34.91 ], [ -58.69, -34.91 ], [ -58.69, -34.91 ], [ -58.69, -34.91 ], [ -58.69, -34.91 ], [ -58.69, -34.91 ], [ -58.69, -34.91 ], [ -58.69, -34.91 ], [ -58.69, -34.91 ], [ -58.69, -34.91 ], [ -58.69, -34.91 ], [ -58.69, -34.91 ], [ -58.69, -34.91 ], [ -58.68, -34.91 ], [ -58.68, -34.91 ], [ -58.68, -34.91 ], [ -58.68, -34.91 ], [ -58.68, -34.91 ], [ -58.68, -34.91 ], [ -58.68, -34.91 ], [ -58.68, -34.91 ], [ -58.68, -34.91 ], [ -58.68, -34.91 ], [ -58.68, -34.91 ], [ -58.68, -34.91 ], [ -58.68, -34.91 ], [ -58.68, -34.91 ], [ -58.68, -34.91 ], [ -58.68, -34.91 ], [ -58.68, -34.91 ], [ -58.68, -34.91 ], [ -58.68, -34.91 ], [ -58.68, -34.91 ], [ -58.68, -34.91 ], [ -58.68, -34.91 ], [ -58.68, -34.91 ], [ -58.68, -34.91 ], [ -58.68, -34.91 ], [ -58.68, -34.91 ], [ -58.68, -34.91 ], [ -58.68, -34.91 ], [ -58.68, -34.91 ], [ -58.68, -34.91 ], [ -58.68, -34.91 ], [ -58.68, -34.91 ], [ -58.68, -34.91 ], [ -58.68, -34.91 ], [ -58.68, -34.91 ], [ -58.68, -34.91 ], [ -58.68, -34.91 ], [ -58.68, -34.91 ], [ -58.68, -34.91 ], [ -58.68, -34.91 ], [ -58.68, -34.91 ], [ -58.68, -34.91 ], [ -58.68, -34.91 ], [ -58.68, -34.91 ], [ -58.68, -34.91 ], [ -58.68, -34.91 ], [ -58.68, -34.91 ], [ -58.68, -34.91 ], [ -58.68, -34.91 ], [ -58.68, -34.91 ], [ -58.68, -34.91 ], [ -58.68, -34.91 ], [ -58.68, -34.91 ], [ -58.68, -34.91 ], [ -58.68, -34.91 ], [ -58.68, -34.91 ], [ -58.68, -34.91 ], [ -58.68, -34.91 ], [ -58.68, -34.91 ], [ -58.68, -34.91 ], [ -58.68, -34.91 ], [ -58.68, -34.91 ], [ -58.68, -34.91 ], [ -58.68, -34.91 ], [ -58.68, -34.9 ], [ -58.68, -34.9 ], [ -58.68, -34.9 ], [ -58.67, -34.9 ], [ -58.67, -34.9 ], [ -58.67, -34.9 ], [ -58.67, -34.9 ], [ -58.67, -34.9 ], [ -58.67, -34.9 ], [ -58.67, -34.9 ], [ -58.67, -34.9 ], [ -58.67, -34.9 ], [ -58.67, -34.9 ], [ -58.67, -34.9 ], [ -58.67, -34.9 ], [ -58.67, -34.9 ], [ -58.67, -34.9 ], [ -58.67, -34.9 ], [ -58.67, -34.9 ], [ -58.67, -34.9 ], [ -58.67, -34.9 ], [ -58.67, -34.9 ], [ -58.67, -34.9 ], [ -58.67, -34.9 ], [ -58.67, -34.9 ], [ -58.67, -34.9 ], [ -58.67, -34.9 ], [ -58.67, -34.9 ], [ -58.67, -34.9 ], [ -58.67, -34.9 ], [ -58.67, -34.9 ], [ -58.67, -34.9 ], [ -58.67, -34.9 ], [ -58.67, -34.9 ], [ -58.67, -34.9 ], [ -58.67, -34.9 ], [ -58.67, -34.9 ], [ -58.67, -34.9 ], [ -58.67, -34.9 ], [ -58.67, -34.9 ], [ -58.67, -34.9 ], [ -58.67, -34.9 ], [ -58.67, -34.9 ], [ -58.67, -34.9 ], [ -58.67, -34.9 ], [ -58.67, -34.9 ], [ -58.67, -34.9 ], [ -58.67, -34.9 ], [ -58.67, -34.9 ], [ -58.67, -34.9 ], [ -58.67, -34.9 ], [ -58.67, -34.9 ], [ -58.67, -34.9 ], [ -58.67, -34.9 ], [ -58.67, -34.9 ], [ -58.67, -34.9 ], [ -58.67, -34.9 ], [ -58.67, -34.9 ], [ -58.67, -34.9 ], [ -58.67, -34.9 ], [ -58.67, -34.9 ], [ -58.67, -34.9 ], [ -58.67, -34.9 ], [ -58.67, -34.9 ], [ -58.67, -34.9 ], [ -58.67, -34.9 ], [ -58.67, -34.9 ], [ -58.67, -34.9 ], [ -58.67, -34.9 ], [ -58.67, -34.9 ], [ -58.67, -34.9 ], [ -58.67, -34.9 ], [ -58.67, -34.9 ], [ -58.67, -34.9 ], [ -58.67, -34.9 ], [ -58.67, -34.9 ], [ -58.67, -34.9 ], [ -58.67, -34.9 ], [ -58.67, -34.9 ], [ -58.67, -34.9 ], [ -58.67, -34.9 ], [ -58.67, -34.9 ], [ -58.67, -34.9 ], [ -58.66, -34.9 ], [ -58.66, -34.9 ], [ -58.66, -34.9 ], [ -58.66, -34.9 ], [ -58.66, -34.9 ], [ -58.66, -34.9 ], [ -58.66, -34.9 ], [ -58.66, -34.9 ], [ -58.66, -34.9 ], [ -58.66, -34.9 ], [ -58.66, -34.9 ], [ -58.66, -34.9 ], [ -58.66, -34.9 ], [ -58.66, -34.9 ], [ -58.66, -34.9 ], [ -58.66, -34.9 ], [ -58.66, -34.9 ], [ -58.66, -34.9 ], [ -58.66, -34.9 ], [ -58.66, -34.9 ], [ -58.66, -34.89 ], [ -58.66, -34.89 ], [ -58.66, -34.89 ], [ -58.66, -34.89 ], [ -58.66, -34.89 ], [ -58.65, -34.89 ], [ -58.65, -34.89 ], [ -58.65, -34.89 ], [ -58.65, -34.89 ], [ -58.65, -34.89 ], [ -58.65, -34.89 ], [ -58.65, -34.89 ], [ -58.65, -34.89 ], [ -58.65, -34.89 ], [ -58.65, -34.89 ], [ -58.65, -34.89 ], [ -58.65, -34.89 ], [ -58.65, -34.89 ], [ -58.65, -34.89 ], [ -58.65, -34.89 ], [ -58.65, -34.89 ], [ -58.65, -34.89 ], [ -58.65, -34.89 ], [ -58.65, -34.89 ], [ -58.65, -34.89 ], [ -58.65, -34.89 ], [ -58.65, -34.89 ], [ -58.65, -34.89 ], [ -58.65, -34.89 ], [ -58.65, -34.89 ], [ -58.65, -34.89 ], [ -58.65, -34.89 ], [ -58.65, -34.89 ], [ -58.65, -34.89 ], [ -58.65, -34.89 ], [ -58.65, -34.89 ], [ -58.65, -34.89 ], [ -58.65, -34.89 ], [ -58.65, -34.89 ], [ -58.65, -34.89 ], [ -58.65, -34.89 ], [ -58.65, -34.89 ], [ -58.65, -34.89 ], [ -58.65, -34.89 ], [ -58.65, -34.89 ], [ -58.65, -34.89 ], [ -58.65, -34.89 ], [ -58.65, -34.89 ], [ -58.65, -34.89 ], [ -58.65, -34.89 ], [ -58.65, -34.89 ], [ -58.65, -34.89 ], [ -58.65, -34.89 ], [ -58.65, -34.89 ], [ -58.65, -34.89 ], [ -58.65, -34.89 ], [ -58.65, -34.89 ], [ -58.65, -34.89 ], [ -58.65, -34.89 ], [ -58.65, -34.88 ], [ -58.65, -34.88 ], [ -58.65, -34.88 ], [ -58.65, -34.88 ], [ -58.65, -34.88 ], [ -58.65, -34.88 ], [ -58.65, -34.88 ], [ -58.65, -34.88 ], [ -58.65, -34.88 ], [ -58.65, -34.88 ], [ -58.65, -34.88 ], [ -58.65, -34.88 ], [ -58.65, -34.88 ], [ -58.65, -34.88 ], [ -58.65, -34.88 ], [ -58.65, -34.88 ], [ -58.65, -34.88 ], [ -58.65, -34.88 ], [ -58.65, -34.88 ], [ -58.65, -34.88 ], [ -58.65, -34.88 ], [ -58.65, -34.88 ], [ -58.65, -34.88 ], [ -58.65, -34.88 ], [ -58.65, -34.88 ], [ -58.65, -34.88 ], [ -58.65, -34.88 ], [ -58.65, -34.88 ], [ -58.65, -34.88 ], [ -58.65, -34.88 ], [ -58.65, -34.88 ], [ -58.65, -34.88 ], [ -58.65, -34.88 ], [ -58.65, -34.88 ], [ -58.65, -34.88 ], [ -58.65, -34.88 ], [ -58.65, -34.88 ], [ -58.65, -34.88 ], [ -58.65, -34.88 ], [ -58.65, -34.88 ], [ -58.65, -34.88 ], [ -58.65, -34.88 ], [ -58.65, -34.88 ], [ -58.65, -34.88 ], [ -58.65, -34.88 ], [ -58.65, -34.88 ], [ -58.65, -34.88 ], [ -58.65, -34.88 ], [ -58.65, -34.88 ], [ -58.65, -34.88 ], [ -58.65, -34.88 ], [ -58.65, -34.88 ], [ -58.65, -34.88 ], [ -58.65, -34.88 ], [ -58.65, -34.88 ], [ -58.65, -34.88 ], [ -58.65, -34.88 ], [ -58.65, -34.88 ], [ -58.65, -34.88 ], [ -58.65, -34.88 ], [ -58.65, -34.88 ], [ -58.65, -34.88 ], [ -58.65, -34.88 ], [ -58.65, -34.88 ], [ -58.65, -34.88 ], [ -58.65, -34.88 ], [ -58.65, -34.88 ], [ -58.65, -34.88 ], [ -58.65, -34.88 ], [ -58.65, -34.88 ], [ -58.65, -34.88 ], [ -58.65, -34.88 ], [ -58.65, -34.88 ], [ -58.65, -34.88 ], [ -58.65, -34.88 ], [ -58.65, -34.88 ], [ -58.65, -34.88 ], [ -58.65, -34.88 ], [ -58.65, -34.88 ], [ -58.65, -34.88 ], [ -58.65, -34.88 ], [ -58.65, -34.88 ], [ -58.65, -34.88 ], [ -58.65, -34.88 ], [ -58.65, -34.88 ], [ -58.65, -34.88 ], [ -58.65, -34.88 ], [ -58.65, -34.88 ], [ -58.65, -34.88 ], [ -58.65, -34.88 ], [ -58.65, -34.88 ], [ -58.65, -34.88 ], [ -58.65, -34.88 ], [ -58.65, -34.88 ], [ -58.64, -34.88 ], [ -58.64, -34.88 ], [ -58.64, -34.88 ], [ -58.64, -34.88 ], [ -58.64, -34.88 ], [ -58.64, -34.88 ], [ -58.64, -34.88 ], [ -58.64, -34.88 ], [ -58.64, -34.88 ], [ -58.64, -34.88 ], [ -58.64, -34.88 ], [ -58.64, -34.88 ], [ -58.64, -34.88 ], [ -58.64, -34.88 ], [ -58.64, -34.88 ], [ -58.64, -34.88 ], [ -58.64, -34.88 ], [ -58.64, -34.88 ], [ -58.64, -34.88 ], [ -58.64, -34.88 ], [ -58.64, -34.88 ], [ -58.64, -34.88 ], [ -58.64, -34.88 ], [ -58.64, -34.88 ], [ -58.64, -34.88 ], [ -58.64, -34.88 ], [ -58.64, -34.88 ], [ -58.64, -34.88 ], [ -58.64, -34.88 ], [ -58.64, -34.88 ], [ -58.64, -34.88 ], [ -58.64, -34.88 ], [ -58.64, -34.88 ], [ -58.64, -34.88 ], [ -58.64, -34.88 ], [ -58.64, -34.88 ], [ -58.64, -34.88 ], [ -58.64, -34.88 ], [ -58.64, -34.88 ], [ -58.64, -34.88 ], [ -58.64, -34.88 ], [ -58.64, -34.88 ], [ -58.64, -34.88 ], [ -58.64, -34.88 ], [ -58.64, -34.88 ], [ -58.64, -34.88 ], [ -58.64, -34.88 ], [ -58.64, -34.88 ], [ -58.64, -34.88 ], [ -58.64, -34.88 ], [ -58.64, -34.88 ], [ -58.64, -34.88 ], [ -58.64, -34.88 ], [ -58.64, -34.88 ], [ -58.64, -34.88 ], [ -58.64, -34.88 ], [ -58.64, -34.88 ], [ -58.64, -34.88 ], [ -58.64, -34.88 ], [ -58.64, -34.88 ], [ -58.64, -34.88 ], [ -58.64, -34.88 ], [ -58.64, -34.88 ], [ -58.64, -34.88 ], [ -58.64, -34.88 ], [ -58.64, -34.88 ], [ -58.64, -34.88 ], [ -58.64, -34.88 ], [ -58.64, -34.88 ], [ -58.64, -34.88 ], [ -58.64, -34.88 ], [ -58.64, -34.88 ], [ -58.64, -34.88 ], [ -58.64, -34.88 ], [ -58.64, -34.88 ], [ -58.64, -34.88 ], [ -58.64, -34.88 ], [ -58.64, -34.88 ], [ -58.64, -34.88 ], [ -58.64, -34.88 ], [ -58.64, -34.88 ], [ -58.64, -34.88 ], [ -58.64, -34.88 ], [ -58.64, -34.88 ], [ -58.64, -34.88 ], [ -58.64, -34.88 ], [ -58.64, -34.88 ], [ -58.64, -34.88 ], [ -58.64, -34.88 ], [ -58.64, -34.88 ], [ -58.64, -34.88 ], [ -58.64, -34.88 ], [ -58.64, -34.88 ], [ -58.64, -34.88 ], [ -58.64, -34.88 ], [ -58.64, -34.88 ], [ -58.64, -34.88 ], [ -58.64, -34.88 ], [ -58.64, -34.88 ], [ -58.64, -34.88 ], [ -58.64, -34.88 ], [ -58.64, -34.88 ], [ -58.64, -34.87 ], [ -58.64, -34.87 ], [ -58.64, -34.87 ], [ -58.64, -34.87 ], [ -58.64, -34.87 ], [ -58.64, -34.87 ], [ -58.64, -34.87 ], [ -58.64, -34.87 ], [ -58.64, -34.87 ], [ -58.64, -34.87 ], [ -58.64, -34.87 ], [ -58.64, -34.87 ], [ -58.64, -34.87 ], [ -58.64, -34.87 ], [ -58.64, -34.87 ], [ -58.64, -34.87 ], [ -58.64, -34.87 ], [ -58.64, -34.87 ], [ -58.64, -34.87 ], [ -58.64, -34.87 ], [ -58.64, -34.87 ], [ -58.64, -34.87 ], [ -58.64, -34.87 ], [ -58.64, -34.87 ], [ -58.64, -34.87 ], [ -58.64, -34.87 ], [ -58.64, -34.87 ], [ -58.64, -34.87 ], [ -58.64, -34.87 ], [ -58.64, -34.87 ], [ -58.64, -34.87 ], [ -58.64, -34.87 ], [ -58.64, -34.87 ], [ -58.64, -34.87 ], [ -58.64, -34.87 ], [ -58.64, -34.87 ], [ -58.64, -34.87 ], [ -58.64, -34.87 ], [ -58.64, -34.87 ], [ -58.64, -34.87 ], [ -58.64, -34.87 ], [ -58.64, -34.87 ], [ -58.64, -34.87 ], [ -58.64, -34.87 ], [ -58.64, -34.87 ], [ -58.64, -34.87 ], [ -58.64, -34.87 ], [ -58.64, -34.87 ], [ -58.64, -34.87 ], [ -58.64, -34.87 ], [ -58.64, -34.87 ], [ -58.64, -34.87 ], [ -58.64, -34.87 ], [ -58.64, -34.87 ], [ -58.64, -34.87 ], [ -58.64, -34.87 ], [ -58.64, -34.87 ], [ -58.64, -34.87 ], [ -58.64, -34.87 ], [ -58.64, -34.87 ], [ -58.64, -34.87 ], [ -58.64, -34.87 ], [ -58.64, -34.87 ], [ -58.64, -34.87 ], [ -58.64, -34.87 ], [ -58.64, -34.87 ], [ -58.64, -34.87 ], [ -58.64, -34.87 ], [ -58.64, -34.87 ], [ -58.64, -34.87 ], [ -58.64, -34.87 ], [ -58.64, -34.87 ], [ -58.64, -34.87 ], [ -58.64, -34.87 ], [ -58.64, -34.87 ], [ -58.64, -34.87 ], [ -58.64, -34.87 ], [ -58.64, -34.87 ], [ -58.64, -34.87 ], [ -58.64, -34.87 ], [ -58.64, -34.87 ], [ -58.64, -34.87 ], [ -58.64, -34.87 ], [ -58.64, -34.87 ], [ -58.64, -34.87 ], [ -58.64, -34.87 ], [ -58.64, -34.87 ], [ -58.64, -34.87 ], [ -58.64, -34.87 ], [ -58.64, -34.87 ], [ -58.64, -34.87 ], [ -58.64, -34.87 ], [ -58.64, -34.87 ], [ -58.64, -34.87 ], [ -58.64, -34.87 ], [ -58.64, -34.87 ], [ -58.64, -34.87 ], [ -58.64, -34.87 ], [ -58.64, -34.87 ], [ -58.64, -34.87 ], [ -58.64, -34.87 ], [ -58.64, -34.87 ], [ -58.64, -34.87 ], [ -58.64, -34.87 ], [ -58.64, -34.87 ], [ -58.64, -34.87 ], [ -58.64, -34.87 ], [ -58.64, -34.87 ], [ -58.64, -34.87 ], [ -58.64, -34.87 ], [ -58.64, -34.87 ], [ -58.64, -34.87 ], [ -58.64, -34.87 ], [ -58.64, -34.87 ], [ -58.64, -34.87 ], [ -58.64, -34.87 ], [ -58.64, -34.87 ], [ -58.64, -34.87 ], [ -58.64, -34.87 ], [ -58.64, -34.87 ], [ -58.64, -34.87 ], [ -58.64, -34.87 ], [ -58.64, -34.87 ], [ -58.64, -34.87 ], [ -58.64, -34.87 ], [ -58.64, -34.87 ], [ -58.64, -34.87 ], [ -58.64, -34.87 ], [ -58.64, -34.87 ], [ -58.64, -34.87 ], [ -58.64, -34.87 ], [ -58.64, -34.87 ], [ -58.64, -34.87 ], [ -58.64, -34.87 ], [ -58.64, -34.87 ], [ -58.64, -34.87 ], [ -58.64, -34.87 ], [ -58.64, -34.87 ], [ -58.64, -34.87 ], [ -58.64, -34.87 ], [ -58.64, -34.87 ], [ -58.64, -34.87 ], [ -58.64, -34.87 ], [ -58.64, -34.87 ], [ -58.64, -34.87 ], [ -58.64, -34.87 ], [ -58.64, -34.87 ], [ -58.64, -34.87 ], [ -58.64, -34.87 ], [ -58.64, -34.87 ], [ -58.64, -34.87 ], [ -58.64, -34.87 ], [ -58.64, -34.87 ], [ -58.64, -34.87 ], [ -58.64, -34.87 ], [ -58.64, -34.87 ], [ -58.64, -34.87 ], [ -58.64, -34.87 ], [ -58.64, -34.87 ], [ -58.64, -34.87 ], [ -58.64, -34.87 ], [ -58.64, -34.87 ], [ -58.64, -34.87 ], [ -58.64, -34.87 ], [ -58.64, -34.87 ], [ -58.64, -34.87 ], [ -58.64, -34.87 ], [ -58.64, -34.87 ], [ -58.64, -34.87 ], [ -58.64, -34.87 ], [ -58.64, -34.87 ], [ -58.64, -34.87 ], [ -58.64, -34.87 ], [ -58.64, -34.87 ], [ -58.64, -34.87 ], [ -58.64, -34.87 ], [ -58.64, -34.87 ], [ -58.64, -34.87 ], [ -58.64, -34.87 ], [ -58.64, -34.87 ], [ -58.64, -34.87 ], [ -58.64, -34.87 ], [ -58.64, -34.87 ], [ -58.64, -34.87 ], [ -58.64, -34.87 ], [ -58.64, -34.87 ], [ -58.64, -34.87 ], [ -58.64, -34.87 ], [ -58.64, -34.87 ], [ -58.64, -34.87 ], [ -58.64, -34.87 ], [ -58.64, -34.87 ], [ -58.64, -34.87 ], [ -58.64, -34.87 ], [ -58.64, -34.87 ], [ -58.64, -34.87 ], [ -58.64, -34.87 ], [ -58.64, -34.87 ], [ -58.64, -34.87 ], [ -58.64, -34.87 ], [ -58.64, -34.87 ], [ -58.64, -34.87 ], [ -58.64, -34.87 ], [ -58.64, -34.87 ], [ -58.64, -34.87 ], [ -58.64, -34.87 ], [ -58.64, -34.87 ], [ -58.64, -34.87 ], [ -58.64, -34.87 ], [ -58.64, -34.87 ], [ -58.64, -34.87 ], [ -58.64, -34.87 ], [ -58.64, -34.87 ], [ -58.64, -34.87 ], [ -58.64, -34.87 ], [ -58.64, -34.87 ], [ -58.64, -34.87 ], [ -58.64, -34.86 ], [ -58.64, -34.86 ], [ -58.64, -34.86 ], [ -58.64, -34.86 ], [ -58.64, -34.86 ], [ -58.64, -34.86 ], [ -58.64, -34.86 ], [ -58.64, -34.86 ], [ -58.64, -34.86 ], [ -58.64, -34.86 ], [ -58.64, -34.86 ], [ -58.64, -34.86 ], [ -58.64, -34.86 ], [ -58.64, -34.86 ], [ -58.64, -34.86 ], [ -58.64, -34.86 ], [ -58.64, -34.86 ], [ -58.64, -34.86 ], [ -58.64, -34.86 ], [ -58.64, -34.86 ], [ -58.64, -34.86 ], [ -58.64, -34.86 ], [ -58.64, -34.86 ], [ -58.64, -34.86 ], [ -58.63, -34.86 ], [ -58.63, -34.86 ], [ -58.63, -34.86 ], [ -58.63, -34.86 ], [ -58.63, -34.86 ], [ -58.63, -34.86 ], [ -58.63, -34.85 ], [ -58.63, -34.85 ], [ -58.63, -34.85 ], [ -58.63, -34.85 ], [ -58.63, -34.85 ], [ -58.63, -34.85 ], [ -58.63, -34.85 ], [ -58.63, -34.85 ], [ -58.63, -34.85 ], [ -58.63, -34.85 ], [ -58.63, -34.85 ], [ -58.63, -34.85 ], [ -58.63, -34.85 ], [ -58.63, -34.85 ], [ -58.63, -34.85 ], [ -58.63, -34.85 ], [ -58.63, -34.85 ], [ -58.63, -34.85 ], [ -58.63, -34.85 ], [ -58.63, -34.85 ], [ -58.63, -34.85 ], [ -58.63, -34.85 ], [ -58.63, -34.85 ], [ -58.63, -34.85 ], [ -58.63, -34.85 ], [ -58.63, -34.85 ], [ -58.63, -34.85 ], [ -58.63, -34.85 ], [ -58.63, -34.85 ], [ -58.63, -34.85 ], [ -58.63, -34.85 ], [ -58.63, -34.85 ], [ -58.63, -34.85 ], [ -58.63, -34.85 ], [ -58.63, -34.84 ], [ -58.63, -34.84 ], [ -58.62, -34.84 ], [ -58.62, -34.84 ], [ -58.62, -34.84 ], [ -58.62, -34.84 ], [ -58.62, -34.84 ], [ -58.62, -34.84 ], [ -58.62, -34.84 ], [ -58.62, -34.84 ], [ -58.62, -34.84 ], [ -58.62, -34.84 ], [ -58.62, -34.84 ], [ -58.62, -34.84 ], [ -58.62, -34.84 ], [ -58.62, -34.84 ], [ -58.62, -34.84 ], [ -58.62, -34.84 ], [ -58.62, -34.84 ], [ -58.62, -34.84 ], [ -58.62, -34.84 ], [ -58.62, -34.84 ], [ -58.62, -34.84 ], [ -58.62, -34.84 ], [ -58.62, -34.84 ], [ -58.62, -34.84 ], [ -58.62, -34.84 ], [ -58.62, -34.84 ], [ -58.62, -34.84 ], [ -58.62, -34.84 ], [ -58.62, -34.84 ], [ -58.62, -34.84 ], [ -58.62, -34.84 ], [ -58.62, -34.84 ], [ -58.62, -34.83 ], [ -58.62, -34.83 ], [ -58.62, -34.83 ], [ -58.62, -34.83 ], [ -58.62, -34.83 ], [ -58.62, -34.83 ], [ -58.62, -34.83 ], [ -58.62, -34.83 ], [ -58.62, -34.83 ], [ -58.62, -34.83 ], [ -58.62, -34.83 ], [ -58.62, -34.83 ], [ -58.62, -34.83 ], [ -58.62, -34.83 ], [ -58.62, -34.83 ], [ -58.62, -34.83 ], [ -58.62, -34.83 ], [ -58.62, -34.83 ], [ -58.62, -34.83 ], [ -58.62, -34.83 ], [ -58.62, -34.83 ], [ -58.62, -34.83 ], [ -58.62, -34.83 ], [ -58.62, -34.83 ], [ -58.62, -34.83 ], [ -58.62, -34.83 ], [ -58.62, -34.83 ], [ -58.62, -34.83 ], [ -58.62, -34.83 ], [ -58.62, -34.83 ], [ -58.62, -34.83 ], [ -58.62, -34.83 ], [ -58.62, -34.82 ], [ -58.62, -34.82 ], [ -58.62, -34.82 ], [ -58.62, -34.82 ], [ -58.62, -34.82 ], [ -58.62, -34.82 ], [ -58.62, -34.82 ], [ -58.62, -34.82 ], [ -58.62, -34.82 ], [ -58.62, -34.82 ], [ -58.62, -34.82 ], [ -58.62, -34.82 ], [ -58.62, -34.82 ], [ -58.62, -34.82 ], [ -58.62, -34.82 ], [ -58.62, -34.82 ], [ -58.62, -34.82 ], [ -58.62, -34.82 ], [ -58.61, -34.82 ], [ -58.61, -34.82 ], [ -58.61, -34.82 ], [ -58.61, -34.82 ], [ -58.61, -34.82 ], [ -58.61, -34.82 ], [ -58.61, -34.82 ], [ -58.61, -34.82 ], [ -58.61, -34.82 ], [ -58.61, -34.82 ], [ -58.61, -34.82 ], [ -58.61, -34.82 ], [ -58.61, -34.82 ], [ -58.61, -34.82 ], [ -58.61, -34.82 ], [ -58.61, -34.82 ], [ -58.61, -34.82 ], [ -58.61, -34.81 ], [ -58.61, -34.81 ], [ -58.61, -34.81 ], [ -58.61, -34.81 ], [ -58.61, -34.81 ], [ -58.61, -34.81 ], [ -58.61, -34.81 ], [ -58.61, -34.81 ], [ -58.61, -34.81 ], [ -58.61, -34.81 ], [ -58.61, -34.81 ], [ -58.61, -34.81 ], [ -58.61, -34.81 ], [ -58.61, -34.81 ], [ -58.61, -34.81 ], [ -58.61, -34.81 ], [ -58.61, -34.81 ], [ -58.61, -34.81 ], [ -58.61, -34.81 ], [ -58.61, -34.81 ], [ -58.61, -34.81 ], [ -58.61, -34.81 ], [ -58.61, -34.81 ], [ -58.61, -34.81 ], [ -58.61, -34.81 ], [ -58.61, -34.81 ], [ -58.61, -34.81 ], [ -58.61, -34.81 ], [ -58.61, -34.81 ], [ -58.6, -34.81 ], [ -58.6, -34.81 ], [ -58.6, -34.81 ], [ -58.6, -34.81 ], [ -58.6, -34.81 ], [ -58.6, -34.81 ], [ -58.6, -34.81 ], [ -58.6, -34.81 ], [ -58.6, -34.81 ], [ -58.6, -34.81 ], [ -58.6, -34.81 ], [ -58.6, -34.81 ], [ -58.6, -34.81 ], [ -58.6, -34.81 ], [ -58.6, -34.81 ], [ -58.6, -34.81 ], [ -58.6, -34.81 ], [ -58.6, -34.81 ], [ -58.6, -34.81 ], [ -58.6, -34.81 ], [ -58.6, -34.81 ], [ -58.6, -34.81 ], [ -58.6, -34.81 ], [ -58.6, -34.81 ], [ -58.6, -34.81 ], [ -58.6, -34.81 ], [ -58.6, -34.81 ], [ -58.6, -34.81 ], [ -58.6, -34.81 ], [ -58.6, -34.81 ], [ -58.6, -34.81 ], [ -58.6, -34.81 ], [ -58.6, -34.81 ], [ -58.6, -34.81 ], [ -58.6, -34.81 ], [ -58.6, -34.81 ], [ -58.6, -34.81 ], [ -58.6, -34.81 ], [ -58.6, -34.81 ], [ -58.6, -34.81 ], [ -58.6, -34.81 ], [ -58.6, -34.81 ], [ -58.6, -34.81 ], [ -58.6, -34.81 ], [ -58.6, -34.81 ], [ -58.6, -34.81 ], [ -58.6, -34.81 ], [ -58.6, -34.8 ], [ -58.6, -34.8 ], [ -58.6, -34.8 ], [ -58.6, -34.8 ], [ -58.6, -34.8 ], [ -58.6, -34.8 ], [ -58.6, -34.8 ], [ -58.6, -34.8 ], [ -58.6, -34.81 ], [ -58.6, -34.81 ], [ -58.6, -34.81 ], [ -58.6, -34.81 ], [ -58.6, -34.81 ], [ -58.6, -34.81 ], [ -58.6, -34.81 ], [ -58.6, -34.81 ], [ -58.59, -34.81 ], [ -58.59, -34.81 ], [ -58.59, -34.81 ], [ -58.59, -34.81 ], [ -58.59, -34.81 ], [ -58.59, -34.81 ], [ -58.59, -34.81 ], [ -58.59, -34.81 ], [ -58.59, -34.8 ], [ -58.59, -34.8 ], [ -58.59, -34.8 ], [ -58.59, -34.8 ], [ -58.6, -34.8 ], [ -58.6, -34.8 ], [ -58.6, -34.8 ], [ -58.6, -34.8 ], [ -58.6, -34.8 ], [ -58.6, -34.8 ], [ -58.6, -34.8 ], [ -58.6, -34.8 ], [ -58.6, -34.8 ], [ -58.6, -34.8 ], [ -58.59, -34.8 ], [ -58.59, -34.8 ], [ -58.59, -34.8 ], [ -58.59, -34.8 ], [ -58.59, -34.8 ], [ -58.59, -34.8 ], [ -58.59, -34.8 ], [ -58.59, -34.8 ], [ -58.59, -34.8 ], [ -58.59, -34.8 ], [ -58.59, -34.8 ], [ -58.59, -34.8 ], [ -58.59, -34.8 ], [ -58.59, -34.8 ], [ -58.59, -34.8 ], [ -58.59, -34.8 ], [ -58.59, -34.8 ], [ -58.59, -34.8 ], [ -58.59, -34.8 ], [ -58.59, -34.8 ], [ -58.59, -34.8 ], [ -58.59, -34.8 ], [ -58.59, -34.8 ], [ -58.59, -34.8 ], [ -58.59, -34.8 ], [ -58.59, -34.8 ], [ -58.59, -34.8 ], [ -58.59, -34.8 ], [ -58.59, -34.8 ], [ -58.59, -34.8 ], [ -58.59, -34.8 ], [ -58.59, -34.8 ], [ -58.59, -34.8 ], [ -58.59, -34.8 ], [ -58.59, -34.8 ], [ -58.59, -34.8 ], [ -58.59, -34.8 ], [ -58.59, -34.8 ], [ -58.59, -34.8 ], [ -58.59, -34.79 ], [ -58.59, -34.79 ], [ -58.59, -34.79 ], [ -58.59, -34.79 ], [ -58.59, -34.79 ], [ -58.59, -34.79 ], [ -58.59, -34.79 ], [ -58.59, -34.79 ], [ -58.59, -34.79 ], [ -58.59, -34.79 ], [ -58.59, -34.79 ], [ -58.59, -34.79 ], [ -58.59, -34.79 ], [ -58.59, -34.79 ], [ -58.59, -34.79 ], [ -58.59, -34.79 ], [ -58.59, -34.79 ], [ -58.59, -34.79 ], [ -58.59, -34.79 ], [ -58.59, -34.79 ], [ -58.59, -34.79 ], [ -58.59, -34.79 ], [ -58.59, -34.79 ], [ -58.59, -34.79 ], [ -58.59, -34.79 ], [ -58.59, -34.79 ], [ -58.59, -34.78 ], [ -58.59, -34.78 ], [ -58.58, -34.78 ], [ -58.58, -34.78 ], [ -58.58, -34.78 ], [ -58.58, -34.78 ], [ -58.58, -34.78 ], [ -58.59, -34.78 ], [ -58.59, -34.78 ], [ -58.59, -34.78 ], [ -58.59, -34.78 ], [ -58.59, -34.78 ], [ -58.59, -34.78 ], [ -58.59, -34.78 ], [ -58.59, -34.78 ], [ -58.59, -34.78 ], [ -58.58, -34.78 ], [ -58.58, -34.78 ], [ -58.58, -34.78 ], [ -58.58, -34.78 ], [ -58.58, -34.78 ], [ -58.58, -34.78 ], [ -58.58, -34.78 ], [ -58.58, -34.78 ], [ -58.58, -34.78 ], [ -58.58, -34.78 ], [ -58.58, -34.78 ], [ -58.58, -34.78 ], [ -58.58, -34.78 ], [ -58.58, -34.78 ], [ -58.58, -34.78 ], [ -58.58, -34.78 ], [ -58.58, -34.78 ], [ -58.58, -34.78 ], [ -58.58, -34.78 ], [ -58.58, -34.78 ], [ -58.58, -34.78 ], [ -58.58, -34.78 ], [ -58.58, -34.78 ], [ -58.58, -34.78 ], [ -58.58, -34.78 ], [ -58.58, -34.78 ], [ -58.57, -34.78 ], [ -58.57, -34.78 ], [ -58.57, -34.78 ], [ -58.57, -34.78 ], [ -58.57, -34.78 ], [ -58.57, -34.78 ], [ -58.57, -34.77 ], [ -58.57, -34.77 ], [ -58.57, -34.77 ], [ -58.57, -34.77 ], [ -58.57, -34.77 ], [ -58.57, -34.77 ], [ -58.57, -34.77 ], [ -58.57, -34.77 ], [ -58.57, -34.77 ], [ -58.57, -34.77 ], [ -58.57, -34.77 ], [ -58.57, -34.77 ], [ -58.58, -34.77 ], [ -58.58, -34.77 ], [ -58.57, -34.77 ], [ -58.57, -34.77 ], [ -58.57, -34.77 ], [ -58.57, -34.77 ], [ -58.57, -34.77 ], [ -58.57, -34.77 ], [ -58.57, -34.77 ], [ -58.57, -34.77 ], [ -58.57, -34.77 ], [ -58.57, -34.77 ], [ -58.57, -34.77 ], [ -58.57, -34.77 ], [ -58.57, -34.77 ], [ -58.57, -34.77 ], [ -58.57, -34.77 ], [ -58.57, -34.77 ], [ -58.57, -34.77 ], [ -58.57, -34.77 ], [ -58.57, -34.77 ], [ -58.57, -34.77 ], [ -58.57, -34.77 ], [ -58.57, -34.77 ], [ -58.57, -34.77 ], [ -58.57, -34.77 ], [ -58.57, -34.77 ], [ -58.57, -34.77 ], [ -58.57, -34.77 ], [ -58.57, -34.77 ], [ -58.57, -34.77 ], [ -58.57, -34.77 ], [ -58.57, -34.77 ], [ -58.57, -34.77 ], [ -58.57, -34.77 ], [ -58.57, -34.77 ], [ -58.57, -34.77 ], [ -58.57, -34.77 ], [ -58.57, -34.77 ], [ -58.57, -34.77 ], [ -58.57, -34.77 ], [ -58.57, -34.77 ], [ -58.57, -34.77 ], [ -58.57, -34.77 ], [ -58.57, -34.77 ], [ -58.57, -34.77 ], [ -58.57, -34.77 ], [ -58.57, -34.77 ], [ -58.57, -34.77 ], [ -58.57, -34.77 ], [ -58.57, -34.77 ], [ -58.57, -34.77 ], [ -58.57, -34.76 ], [ -58.57, -34.76 ], [ -58.57, -34.76 ], [ -58.57, -34.76 ], [ -58.57, -34.76 ], [ -58.57, -34.76 ], [ -58.57, -34.76 ], [ -58.57, -34.76 ], [ -58.57, -34.76 ], [ -58.57, -34.76 ], [ -58.57, -34.76 ], [ -58.57, -34.76 ], [ -58.57, -34.76 ], [ -58.57, -34.76 ], [ -58.57, -34.76 ], [ -58.57, -34.76 ], [ -58.57, -34.76 ], [ -58.57, -34.76 ], [ -58.57, -34.76 ], [ -58.57, -34.76 ], [ -58.57, -34.76 ], [ -58.57, -34.76 ], [ -58.57, -34.76 ], [ -58.57, -34.76 ], [ -58.57, -34.76 ], [ -58.57, -34.76 ], [ -58.57, -34.76 ], [ -58.57, -34.76 ], [ -58.57, -34.76 ], [ -58.57, -34.76 ], [ -58.57, -34.76 ], [ -58.57, -34.76 ], [ -58.57, -34.76 ], [ -58.57, -34.76 ], [ -58.57, -34.76 ], [ -58.57, -34.76 ], [ -58.57, -34.76 ], [ -58.57, -34.76 ], [ -58.57, -34.76 ], [ -58.57, -34.76 ], [ -58.57, -34.76 ], [ -58.56, -34.76 ], [ -58.56, -34.76 ], [ -58.56, -34.76 ], [ -58.56, -34.76 ], [ -58.56, -34.76 ], [ -58.56, -34.76 ], [ -58.56, -34.76 ], [ -58.56, -34.76 ], [ -58.56, -34.76 ], [ -58.56, -34.76 ], [ -58.56, -34.76 ], [ -58.56, -34.76 ], [ -58.56, -34.76 ], [ -58.56, -34.76 ], [ -58.56, -34.76 ], [ -58.56, -34.76 ], [ -58.56, -34.76 ], [ -58.56, -34.76 ], [ -58.56, -34.76 ], [ -58.56, -34.76 ], [ -58.56, -34.76 ], [ -58.56, -34.76 ], [ -58.56, -34.76 ], [ -58.56, -34.76 ], [ -58.56, -34.76 ], [ -58.56, -34.76 ], [ -58.56, -34.76 ], [ -58.56, -34.76 ], [ -58.56, -34.76 ], [ -58.56, -34.76 ], [ -58.56, -34.76 ], [ -58.56, -34.76 ], [ -58.56, -34.76 ], [ -58.56, -34.76 ], [ -58.56, -34.76 ], [ -58.55, -34.76 ], [ -58.55, -34.76 ], [ -58.55, -34.75 ], [ -58.55, -34.75 ], [ -58.55, -34.75 ], [ -58.55, -34.75 ], [ -58.55, -34.75 ], [ -58.55, -34.75 ], [ -58.55, -34.75 ], [ -58.55, -34.75 ], [ -58.55, -34.75 ], [ -58.55, -34.75 ], [ -58.55, -34.75 ], [ -58.55, -34.75 ], [ -58.55, -34.75 ], [ -58.55, -34.75 ], [ -58.55, -34.75 ], [ -58.55, -34.75 ], [ -58.55, -34.75 ], [ -58.55, -34.75 ], [ -58.55, -34.75 ], [ -58.55, -34.75 ], [ -58.55, -34.75 ], [ -58.55, -34.75 ], [ -58.55, -34.75 ], [ -58.55, -34.75 ], [ -58.55, -34.75 ], [ -58.55, -34.75 ], [ -58.55, -34.75 ], [ -58.55, -34.75 ], [ -58.55, -34.75 ], [ -58.55, -34.75 ], [ -58.55, -34.75 ], [ -58.55, -34.75 ], [ -58.55, -34.75 ], [ -58.55, -34.75 ], [ -58.55, -34.75 ], [ -58.55, -34.75 ], [ -58.55, -34.75 ], [ -58.55, -34.75 ], [ -58.55, -34.75 ], [ -58.55, -34.76 ], [ -58.55, -34.76 ], [ -58.55, -34.76 ], [ -58.55, -34.76 ], [ -58.55, -34.76 ], [ -58.55, -34.76 ], [ -58.55, -34.76 ], [ -58.55, -34.76 ], [ -58.55, -34.76 ], [ -58.55, -34.76 ], [ -58.55, -34.76 ], [ -58.55, -34.76 ], [ -58.55, -34.76 ], [ -58.55, -34.76 ], [ -58.55, -34.76 ], [ -58.55, -34.76 ], [ -58.55, -34.76 ], [ -58.55, -34.76 ], [ -58.55, -34.76 ], [ -58.54, -34.76 ], [ -58.54, -34.76 ], [ -58.54, -34.76 ], [ -58.54, -34.76 ], [ -58.54, -34.76 ], [ -58.54, -34.76 ], [ -58.54, -34.76 ], [ -58.54, -34.76 ], [ -58.54, -34.76 ], [ -58.54, -34.76 ], [ -58.54, -34.76 ], [ -58.54, -34.76 ], [ -58.54, -34.76 ], [ -58.54, -34.76 ], [ -58.54, -34.76 ], [ -58.54, -34.76 ], [ -58.54, -34.76 ], [ -58.54, -34.76 ], [ -58.54, -34.76 ], [ -58.54, -34.76 ], [ -58.54, -34.76 ], [ -58.54, -34.76 ], [ -58.54, -34.76 ], [ -58.54, -34.76 ], [ -58.54, -34.76 ], [ -58.54, -34.76 ], [ -58.54, -34.76 ], [ -58.54, -34.76 ], [ -58.54, -34.75 ], [ -58.54, -34.75 ], [ -58.54, -34.75 ], [ -58.54, -34.75 ], [ -58.54, -34.75 ], [ -58.54, -34.75 ], [ -58.54, -34.75 ], [ -58.54, -34.75 ], [ -58.54, -34.75 ], [ -58.54, -34.75 ], [ -58.54, -34.75 ], [ -58.54, -34.75 ], [ -58.54, -34.75 ], [ -58.54, -34.75 ], [ -58.54, -34.75 ], [ -58.54, -34.75 ], [ -58.54, -34.75 ], [ -58.54, -34.75 ], [ -58.54, -34.75 ], [ -58.54, -34.75 ], [ -58.54, -34.75 ], [ -58.54, -34.75 ], [ -58.54, -34.75 ], [ -58.54, -34.75 ], [ -58.54, -34.75 ], [ -58.54, -34.75 ], [ -58.54, -34.75 ], [ -58.54, -34.75 ], [ -58.54, -34.75 ], [ -58.54, -34.75 ], [ -58.54, -34.75 ], [ -58.54, -34.75 ], [ -58.54, -34.75 ], [ -58.54, -34.75 ], [ -58.54, -34.75 ], [ -58.54, -34.75 ], [ -58.54, -34.75 ], [ -58.54, -34.75 ], [ -58.54, -34.75 ], [ -58.54, -34.75 ], [ -58.54, -34.75 ], [ -58.54, -34.75 ], [ -58.53, -34.75 ], [ -58.53, -34.75 ], [ -58.53, -34.75 ], [ -58.53, -34.75 ], [ -58.53, -34.75 ], [ -58.53, -34.75 ], [ -58.53, -34.75 ], [ -58.53, -34.75 ], [ -58.53, -34.75 ], [ -58.53, -34.75 ], [ -58.53, -34.75 ], [ -58.53, -34.75 ], [ -58.53, -34.75 ], [ -58.53, -34.74 ], [ -58.53, -34.74 ], [ -58.53, -34.74 ], [ -58.53, -34.74 ], [ -58.53, -34.74 ], [ -58.53, -34.74 ], [ -58.53, -34.74 ], [ -58.53, -34.74 ], [ -58.53, -34.74 ], [ -58.53, -34.74 ], [ -58.53, -34.74 ], [ -58.53, -34.74 ], [ -58.53, -34.74 ], [ -58.52, -34.74 ], [ -58.52, -34.74 ], [ -58.52, -34.74 ], [ -58.52, -34.74 ], [ -58.52, -34.74 ], [ -58.52, -34.74 ], [ -58.52, -34.74 ], [ -58.52, -34.74 ], [ -58.52, -34.74 ], [ -58.52, -34.74 ], [ -58.52, -34.74 ], [ -58.52, -34.74 ], [ -58.52, -34.74 ], [ -58.52, -34.74 ], [ -58.52, -34.74 ], [ -58.52, -34.74 ], [ -58.52, -34.74 ], [ -58.52, -34.74 ], [ -58.52, -34.74 ], [ -58.52, -34.74 ], [ -58.52, -34.74 ], [ -58.52, -34.74 ], [ -58.52, -34.74 ], [ -58.52, -34.74 ], [ -58.52, -34.74 ], [ -58.52, -34.74 ], [ -58.52, -34.74 ], [ -58.51, -34.74 ], [ -58.51, -34.74 ], [ -58.51, -34.74 ], [ -58.51, -34.74 ], [ -58.51, -34.74 ], [ -58.51, -34.74 ], [ -58.51, -34.74 ], [ -58.51, -34.74 ], [ -58.51, -34.74 ], [ -58.51, -34.74 ], [ -58.51, -34.74 ], [ -58.51, -34.74 ], [ -58.51, -34.74 ], [ -58.51, -34.74 ], [ -58.51, -34.74 ], [ -58.51, -34.74 ], [ -58.51, -34.74 ], [ -58.51, -34.74 ], [ -58.51, -34.74 ], [ -58.51, -34.74 ], [ -58.51, -34.74 ], [ -58.51, -34.74 ], [ -58.51, -34.74 ], [ -58.51, -34.74 ], [ -58.51, -34.74 ], [ -58.51, -34.74 ], [ -58.51, -34.74 ], [ -58.51, -34.74 ], [ -58.51, -34.74 ], [ -58.51, -34.74 ], [ -58.51, -34.74 ], [ -58.51, -34.74 ], [ -58.51, -34.74 ], [ -58.51, -34.73 ], [ -58.51, -34.73 ], [ -58.51, -34.73 ], [ -58.51, -34.73 ], [ -58.51, -34.73 ], [ -58.51, -34.73 ], [ -58.51, -34.73 ], [ -58.51, -34.73 ], [ -58.51, -34.73 ], [ -58.51, -34.73 ], [ -58.51, -34.73 ], [ -58.51, -34.73 ], [ -58.51, -34.73 ], [ -58.51, -34.73 ], [ -58.51, -34.73 ], [ -58.51, -34.73 ], [ -58.51, -34.73 ], [ -58.51, -34.73 ], [ -58.51, -34.73 ], [ -58.51, -34.73 ], [ -58.51, -34.73 ], [ -58.51, -34.73 ], [ -58.51, -34.73 ], [ -58.51, -34.73 ], [ -58.51, -34.73 ], [ -58.51, -34.73 ], [ -58.51, -34.73 ], [ -58.51, -34.73 ], [ -58.51, -34.73 ], [ -58.51, -34.73 ], [ -58.51, -34.73 ], [ -58.51, -34.73 ], [ -58.51, -34.73 ], [ -58.51, -34.73 ], [ -58.51, -34.73 ], [ -58.5, -34.72 ], [ -58.5, -34.72 ], [ -58.5, -34.72 ], [ -58.5, -34.72 ], [ -58.5, -34.72 ], [ -58.5, -34.72 ], [ -58.5, -34.72 ], [ -58.5, -34.72 ], [ -58.5, -34.72 ], [ -58.5, -34.72 ], [ -58.5, -34.72 ], [ -58.5, -34.72 ], [ -58.5, -34.72 ], [ -58.5, -34.72 ], [ -58.5, -34.72 ], [ -58.5, -34.72 ], [ -58.5, -34.72 ], [ -58.5, -34.72 ], [ -58.5, -34.72 ], [ -58.5, -34.72 ], [ -58.5, -34.72 ], [ -58.5, -34.72 ], [ -58.5, -34.72 ], [ -58.5, -34.72 ], [ -58.5, -34.72 ], [ -58.5, -34.72 ], [ -58.5, -34.72 ], [ -58.5, -34.72 ], [ -58.5, -34.72 ], [ -58.5, -34.72 ], [ -58.5, -34.72 ], [ -58.5, -34.72 ], [ -58.5, -34.72 ], [ -58.5, -34.72 ], [ -58.5, -34.72 ], [ -58.5, -34.72 ], [ -58.5, -34.72 ], [ -58.5, -34.72 ], [ -58.5, -34.72 ], [ -58.5, -34.73 ], [ -58.5, -34.73 ], [ -58.5, -34.73 ], [ -58.49, -34.73 ], [ -58.49, -34.73 ], [ -58.49, -34.73 ], [ -58.49, -34.73 ], [ -58.49, -34.73 ], [ -58.49, -34.73 ], [ -58.49, -34.73 ], [ -58.49, -34.73 ], [ -58.49, -34.73 ], [ -58.49, -34.73 ], [ -58.49, -34.73 ], [ -58.49, -34.73 ], [ -58.49, -34.73 ], [ -58.49, -34.73 ], [ -58.49, -34.73 ], [ -58.49, -34.73 ], [ -58.49, -34.73 ], [ -58.49, -34.73 ], [ -58.49, -34.73 ], [ -58.49, -34.73 ], [ -58.49, -34.73 ], [ -58.49, -34.73 ], [ -58.49, -34.73 ], [ -58.49, -34.73 ], [ -58.49, -34.73 ], [ -58.49, -34.73 ], [ -58.49, -34.73 ], [ -58.49, -34.73 ], [ -58.49, -34.73 ], [ -58.49, -34.73 ], [ -58.49, -34.73 ], [ -58.49, -34.73 ], [ -58.49, -34.73 ], [ -58.49, -34.73 ], [ -58.49, -34.73 ], [ -58.49, -34.73 ], [ -58.49, -34.73 ], [ -58.49, -34.73 ], [ -58.49, -34.73 ], [ -58.49, -34.73 ], [ -58.48, -34.73 ], [ -58.48, -34.73 ], [ -58.48, -34.73 ], [ -58.48, -34.73 ], [ -58.48, -34.73 ], [ -58.48, -34.73 ], [ -58.48, -34.73 ], [ -58.48, -34.73 ], [ -58.48, -34.73 ], [ -58.48, -34.73 ], [ -58.48, -34.73 ], [ -58.48, -34.73 ], [ -58.48, -34.73 ], [ -58.48, -34.73 ], [ -58.48, -34.73 ], [ -58.48, -34.73 ], [ -58.48, -34.73 ], [ -58.48, -34.73 ], [ -58.48, -34.73 ], [ -58.48, -34.73 ], [ -58.48, -34.73 ], [ -58.48, -34.73 ], [ -58.48, -34.73 ], [ -58.48, -34.73 ], [ -58.48, -34.72 ], [ -58.48, -34.72 ], [ -58.48, -34.72 ], [ -58.48, -34.72 ], [ -58.48, -34.72 ], [ -58.48, -34.72 ], [ -58.48, -34.72 ], [ -58.48, -34.72 ], [ -58.47, -34.72 ], [ -58.47, -34.72 ], [ -58.47, -34.71 ], [ -58.46, -34.71 ], [ -58.46, -34.7 ], [ -58.46, -34.7 ], [ -58.47, -34.7 ], [ -58.47, -34.7 ], [ -58.47, -34.7 ], [ -58.47, -34.7 ], [ -58.47, -34.7 ], [ -58.47, -34.7 ], [ -58.47, -34.7 ], [ -58.48, -34.69 ], [ -58.48, -34.69 ], [ -58.48, -34.69 ], [ -58.48, -34.69 ], [ -58.48, -34.69 ], [ -58.49, -34.69 ], [ -58.49, -34.69 ], [ -58.49, -34.69 ], [ -58.49, -34.68 ], [ -58.49, -34.68 ], [ -58.49, -34.68 ], [ -58.5, -34.68 ], [ -58.5, -34.68 ], [ -58.5, -34.68 ], [ -58.5, -34.67 ], [ -58.51, -34.67 ], [ -58.51, -34.67 ], [ -58.51, -34.67 ], [ -58.52, -34.66 ], [ -58.52, -34.66 ], [ -58.53, -34.66 ], [ -58.53, -34.66 ], [ -58.53, -34.66 ], [ -58.53, -34.65 ], [ -58.53, -34.65 ], [ -58.54, -34.65 ], [ -58.54, -34.65 ], [ -58.54, -34.65 ], [ -58.54, -34.65 ], [ -58.55, -34.64 ], [ -58.55, -34.64 ], [ -58.55, -34.64 ], [ -58.55, -34.64 ], [ -58.55, -34.64 ], [ -58.56, -34.63 ], [ -58.56, -34.64 ], [ -58.56, -34.64 ], [ -58.56, -34.64 ], [ -58.56, -34.64 ], [ -58.56, -34.64 ], [ -58.56, -34.64 ], [ -58.57, -34.64 ], [ -58.57, -34.64 ], [ -58.57, -34.64 ], [ -58.57, -34.64 ], [ -58.57, -34.64 ], [ -58.57, -34.64 ], [ -58.57, -34.64 ], [ -58.57, -34.64 ], [ -58.58, -34.64 ], [ -58.58, -34.64 ], [ -58.58, -34.64 ], [ -58.58, -34.65 ], [ -58.58, -34.65 ], [ -58.58, -34.65 ], [ -58.58, -34.65 ], [ -58.58, -34.65 ] ] ] ] } },
{ "type": "Feature", "properties": { "id": null, "comuna": null, "perimetro_": null, "area_metro": null, "nam": "Moreno", "cca": "074", "cde": "06560", "fna": "Partido de Moreno", "gna": "Partido", "ara3": 186.05, "arl": 186.13 }, "geometry": { "type": "MultiPolygon", "coordinates": [ [ [ [ -58.78, -34.56 ], [ -58.77, -34.56 ], [ -58.76, -34.57 ], [ -58.76, -34.57 ], [ -58.76, -34.57 ], [ -58.75, -34.58 ], [ -58.73, -34.59 ], [ -58.74, -34.59 ], [ -58.74, -34.59 ], [ -58.73, -34.59 ], [ -58.73, -34.59 ], [ -58.73, -34.59 ], [ -58.73, -34.59 ], [ -58.73, -34.59 ], [ -58.73, -34.59 ], [ -58.73, -34.6 ], [ -58.73, -34.6 ], [ -58.73, -34.6 ], [ -58.73, -34.6 ], [ -58.73, -34.6 ], [ -58.73, -34.6 ], [ -58.73, -34.6 ], [ -58.73, -34.6 ], [ -58.73, -34.6 ], [ -58.73, -34.6 ], [ -58.73, -34.6 ], [ -58.73, -34.6 ], [ -58.73, -34.6 ], [ -58.73, -34.6 ], [ -58.73, -34.6 ], [ -58.73, -34.6 ], [ -58.73, -34.6 ], [ -58.73, -34.6 ], [ -58.73, -34.6 ], [ -58.73, -34.6 ], [ -58.73, -34.6 ], [ -58.73, -34.6 ], [ -58.73, -34.6 ], [ -58.73, -34.6 ], [ -58.73, -34.6 ], [ -58.73, -34.6 ], [ -58.73, -34.6 ], [ -58.73, -34.6 ], [ -58.73, -34.6 ], [ -58.73, -34.6 ], [ -58.73, -34.6 ], [ -58.72, -34.6 ], [ -58.72, -34.6 ], [ -58.72, -34.6 ], [ -58.72, -34.6 ], [ -58.72, -34.6 ], [ -58.72, -34.6 ], [ -58.72, -34.6 ], [ -58.72, -34.6 ], [ -58.72, -34.6 ], [ -58.72, -34.6 ], [ -58.72, -34.6 ], [ -58.72, -34.6 ], [ -58.72, -34.6 ], [ -58.72, -34.6 ], [ -58.72, -34.6 ], [ -58.72, -34.6 ], [ -58.72, -34.6 ], [ -58.72, -34.6 ], [ -58.72, -34.6 ], [ -58.72, -34.6 ], [ -58.72, -34.6 ], [ -58.72, -34.6 ], [ -58.72, -34.6 ], [ -58.72, -34.6 ], [ -58.72, -34.6 ], [ -58.72, -34.6 ], [ -58.72, -34.6 ], [ -58.72, -34.6 ], [ -58.72, -34.6 ], [ -58.72, -34.6 ], [ -58.72, -34.6 ], [ -58.72, -34.6 ], [ -58.72, -34.6 ], [ -58.72, -34.6 ], [ -58.72, -34.6 ], [ -58.72, -34.6 ], [ -58.72, -34.6 ], [ -58.72, -34.6 ], [ -58.72, -34.6 ], [ -58.72, -34.6 ], [ -58.72, -34.6 ], [ -58.72, -34.6 ], [ -58.72, -34.6 ], [ -58.72, -34.6 ], [ -58.72, -34.6 ], [ -58.72, -34.6 ], [ -58.72, -34.6 ], [ -58.72, -34.6 ], [ -58.72, -34.6 ], [ -58.72, -34.6 ], [ -58.72, -34.6 ], [ -58.72, -34.6 ], [ -58.72, -34.6 ], [ -58.72, -34.6 ], [ -58.72, -34.6 ], [ -58.72, -34.6 ], [ -58.72, -34.6 ], [ -58.72, -34.6 ], [ -58.72, -34.6 ], [ -58.72, -34.6 ], [ -58.72, -34.6 ], [ -58.72, -34.6 ], [ -58.72, -34.6 ], [ -58.72, -34.6 ], [ -58.72, -34.6 ], [ -58.72, -34.6 ], [ -58.72, -34.6 ], [ -58.72, -34.6 ], [ -58.72, -34.6 ], [ -58.72, -34.6 ], [ -58.72, -34.6 ], [ -58.72, -34.6 ], [ -58.72, -34.6 ], [ -58.72, -34.6 ], [ -58.72, -34.6 ], [ -58.72, -34.6 ], [ -58.72, -34.6 ], [ -58.72, -34.6 ], [ -58.72, -34.6 ], [ -58.72, -34.6 ], [ -58.72, -34.6 ], [ -58.72, -34.6 ], [ -58.72, -34.6 ], [ -58.72, -34.6 ], [ -58.72, -34.6 ], [ -58.72, -34.6 ], [ -58.72, -34.6 ], [ -58.71, -34.61 ], [ -58.71, -34.61 ], [ -58.71, -34.61 ], [ -58.71, -34.61 ], [ -58.72, -34.61 ], [ -58.72, -34.61 ], [ -58.72, -34.61 ], [ -58.72, -34.61 ], [ -58.72, -34.61 ], [ -58.72, -34.61 ], [ -58.72, -34.61 ], [ -58.72, -34.61 ], [ -58.72, -34.61 ], [ -58.72, -34.61 ], [ -58.72, -34.61 ], [ -58.72, -34.61 ], [ -58.72, -34.61 ], [ -58.72, -34.61 ], [ -58.72, -34.61 ], [ -58.72, -34.61 ], [ -58.72, -34.61 ], [ -58.72, -34.61 ], [ -58.72, -34.61 ], [ -58.72, -34.61 ], [ -58.72, -34.61 ], [ -58.72, -34.61 ], [ -58.72, -34.61 ], [ -58.72, -34.61 ], [ -58.72, -34.61 ], [ -58.72, -34.61 ], [ -58.72, -34.61 ], [ -58.72, -34.61 ], [ -58.72, -34.61 ], [ -58.72, -34.61 ], [ -58.72, -34.62 ], [ -58.72, -34.62 ], [ -58.72, -34.62 ], [ -58.72, -34.62 ], [ -58.72, -34.62 ], [ -58.72, -34.62 ], [ -58.72, -34.62 ], [ -58.72, -34.62 ], [ -58.72, -34.62 ], [ -58.72, -34.62 ], [ -58.72, -34.62 ], [ -58.72, -34.62 ], [ -58.72, -34.62 ], [ -58.72, -34.62 ], [ -58.72, -34.62 ], [ -58.72, -34.62 ], [ -58.72, -34.62 ], [ -58.72, -34.62 ], [ -58.72, -34.62 ], [ -58.72, -34.62 ], [ -58.72, -34.62 ], [ -58.72, -34.62 ], [ -58.72, -34.62 ], [ -58.72, -34.62 ], [ -58.72, -34.62 ], [ -58.72, -34.62 ], [ -58.72, -34.62 ], [ -58.72, -34.62 ], [ -58.72, -34.62 ], [ -58.72, -34.63 ], [ -58.72, -34.63 ], [ -58.72, -34.63 ], [ -58.72, -34.63 ], [ -58.72, -34.63 ], [ -58.72, -34.63 ], [ -58.72, -34.63 ], [ -58.72, -34.63 ], [ -58.72, -34.63 ], [ -58.72, -34.63 ], [ -58.72, -34.63 ], [ -58.72, -34.63 ], [ -58.72, -34.63 ], [ -58.73, -34.63 ], [ -58.73, -34.63 ], [ -58.73, -34.63 ], [ -58.73, -34.63 ], [ -58.73, -34.63 ], [ -58.73, -34.63 ], [ -58.73, -34.63 ], [ -58.73, -34.63 ], [ -58.73, -34.63 ], [ -58.73, -34.63 ], [ -58.73, -34.63 ], [ -58.73, -34.63 ], [ -58.73, -34.63 ], [ -58.73, -34.64 ], [ -58.73, -34.64 ], [ -58.73, -34.64 ], [ -58.73, -34.64 ], [ -58.73, -34.64 ], [ -58.73, -34.64 ], [ -58.73, -34.64 ], [ -58.73, -34.64 ], [ -58.73, -34.64 ], [ -58.73, -34.64 ], [ -58.73, -34.64 ], [ -58.73, -34.64 ], [ -58.73, -34.64 ], [ -58.73, -34.64 ], [ -58.73, -34.64 ], [ -58.73, -34.64 ], [ -58.73, -34.64 ], [ -58.73, -34.64 ], [ -58.73, -34.64 ], [ -58.73, -34.64 ], [ -58.73, -34.64 ], [ -58.73, -34.64 ], [ -58.73, -34.64 ], [ -58.73, -34.64 ], [ -58.73, -34.64 ], [ -58.73, -34.64 ], [ -58.73, -34.64 ], [ -58.74, -34.64 ], [ -58.74, -34.64 ], [ -58.74, -34.64 ], [ -58.74, -34.64 ], [ -58.74, -34.65 ], [ -58.74, -34.65 ], [ -58.74, -34.65 ], [ -58.74, -34.65 ], [ -58.74, -34.65 ], [ -58.74, -34.65 ], [ -58.74, -34.65 ], [ -58.74, -34.65 ], [ -58.74, -34.65 ], [ -58.74, -34.65 ], [ -58.74, -34.65 ], [ -58.74, -34.65 ], [ -58.74, -34.65 ], [ -58.74, -34.65 ], [ -58.74, -34.65 ], [ -58.74, -34.65 ], [ -58.75, -34.65 ], [ -58.75, -34.65 ], [ -58.75, -34.65 ], [ -58.75, -34.65 ], [ -58.75, -34.65 ], [ -58.75, -34.65 ], [ -58.75, -34.65 ], [ -58.75, -34.65 ], [ -58.75, -34.65 ], [ -58.75, -34.65 ], [ -58.75, -34.65 ], [ -58.75, -34.65 ], [ -58.75, -34.65 ], [ -58.75, -34.65 ], [ -58.75, -34.65 ], [ -58.75, -34.65 ], [ -58.75, -34.65 ], [ -58.75, -34.66 ], [ -58.75, -34.66 ], [ -58.75, -34.66 ], [ -58.75, -34.66 ], [ -58.75, -34.66 ], [ -58.75, -34.66 ], [ -58.75, -34.66 ], [ -58.75, -34.66 ], [ -58.75, -34.66 ], [ -58.75, -34.66 ], [ -58.75, -34.66 ], [ -58.75, -34.66 ], [ -58.75, -34.66 ], [ -58.76, -34.66 ], [ -58.76, -34.66 ], [ -58.76, -34.66 ], [ -58.76, -34.66 ], [ -58.76, -34.66 ], [ -58.76, -34.66 ], [ -58.76, -34.66 ], [ -58.76, -34.66 ], [ -58.76, -34.66 ], [ -58.76, -34.66 ], [ -58.76, -34.66 ], [ -58.76, -34.66 ], [ -58.76, -34.66 ], [ -58.76, -34.66 ], [ -58.76, -34.66 ], [ -58.76, -34.66 ], [ -58.76, -34.66 ], [ -58.76, -34.66 ], [ -58.76, -34.66 ], [ -58.76, -34.66 ], [ -58.76, -34.66 ], [ -58.76, -34.66 ], [ -58.76, -34.66 ], [ -58.76, -34.66 ], [ -58.76, -34.66 ], [ -58.77, -34.66 ], [ -58.77, -34.66 ], [ -58.77, -34.66 ], [ -58.77, -34.66 ], [ -58.77, -34.66 ], [ -58.77, -34.66 ], [ -58.77, -34.66 ], [ -58.77, -34.66 ], [ -58.77, -34.66 ], [ -58.77, -34.66 ], [ -58.77, -34.66 ], [ -58.77, -34.66 ], [ -58.77, -34.66 ], [ -58.77, -34.66 ], [ -58.77, -34.66 ], [ -58.77, -34.66 ], [ -58.77, -34.66 ], [ -58.77, -34.66 ], [ -58.77, -34.66 ], [ -58.77, -34.66 ], [ -58.77, -34.66 ], [ -58.77, -34.66 ], [ -58.77, -34.66 ], [ -58.77, -34.66 ], [ -58.77, -34.66 ], [ -58.77, -34.66 ], [ -58.77, -34.66 ], [ -58.77, -34.66 ], [ -58.77, -34.66 ], [ -58.77, -34.66 ], [ -58.78, -34.66 ], [ -58.78, -34.66 ], [ -58.78, -34.66 ], [ -58.78, -34.66 ], [ -58.78, -34.67 ], [ -58.78, -34.67 ], [ -58.78, -34.67 ], [ -58.78, -34.67 ], [ -58.78, -34.67 ], [ -58.78, -34.67 ], [ -58.78, -34.67 ], [ -58.78, -34.67 ], [ -58.78, -34.67 ], [ -58.78, -34.67 ], [ -58.78, -34.67 ], [ -58.78, -34.67 ], [ -58.78, -34.67 ], [ -58.78, -34.67 ], [ -58.78, -34.67 ], [ -58.78, -34.67 ], [ -58.78, -34.67 ], [ -58.78, -34.67 ], [ -58.78, -34.67 ], [ -58.78, -34.67 ], [ -58.78, -34.67 ], [ -58.78, -34.67 ], [ -58.78, -34.67 ], [ -58.78, -34.67 ], [ -58.78, -34.67 ], [ -58.78, -34.67 ], [ -58.78, -34.67 ], [ -58.78, -34.67 ], [ -58.78, -34.67 ], [ -58.78, -34.67 ], [ -58.78, -34.67 ], [ -58.78, -34.67 ], [ -58.78, -34.67 ], [ -58.78, -34.67 ], [ -58.78, -34.67 ], [ -58.78, -34.67 ], [ -58.78, -34.67 ], [ -58.78, -34.67 ], [ -58.78, -34.67 ], [ -58.78, -34.67 ], [ -58.78, -34.67 ], [ -58.78, -34.67 ], [ -58.78, -34.67 ], [ -58.78, -34.67 ], [ -58.78, -34.67 ], [ -58.78, -34.67 ], [ -58.78, -34.67 ], [ -58.78, -34.67 ], [ -58.78, -34.67 ], [ -58.78, -34.67 ], [ -58.78, -34.67 ], [ -58.78, -34.67 ], [ -58.78, -34.67 ], [ -58.78, -34.67 ], [ -58.78, -34.67 ], [ -58.78, -34.67 ], [ -58.78, -34.67 ], [ -58.78, -34.67 ], [ -58.78, -34.67 ], [ -58.78, -34.67 ], [ -58.78, -34.67 ], [ -58.78, -34.67 ], [ -58.78, -34.67 ], [ -58.78, -34.67 ], [ -58.78, -34.67 ], [ -58.78, -34.67 ], [ -58.78, -34.67 ], [ -58.78, -34.67 ], [ -58.78, -34.67 ], [ -58.78, -34.67 ], [ -58.78, -34.67 ], [ -58.78, -34.67 ], [ -58.78, -34.67 ], [ -58.78, -34.67 ], [ -58.78, -34.67 ], [ -58.78, -34.67 ], [ -58.78, -34.67 ], [ -58.78, -34.67 ], [ -58.78, -34.67 ], [ -58.78, -34.67 ], [ -58.78, -34.67 ], [ -58.78, -34.67 ], [ -58.78, -34.67 ], [ -58.78, -34.67 ], [ -58.78, -34.67 ], [ -58.78, -34.67 ], [ -58.78, -34.67 ], [ -58.78, -34.67 ], [ -58.78, -34.67 ], [ -58.78, -34.67 ], [ -58.78, -34.67 ], [ -58.78, -34.67 ], [ -58.78, -34.67 ], [ -58.78, -34.67 ], [ -58.78, -34.67 ], [ -58.78, -34.67 ], [ -58.78, -34.67 ], [ -58.78, -34.67 ], [ -58.78, -34.67 ], [ -58.78, -34.67 ], [ -58.78, -34.67 ], [ -58.79, -34.67 ], [ -58.79, -34.67 ], [ -58.79, -34.67 ], [ -58.79, -34.67 ], [ -58.79, -34.67 ], [ -58.79, -34.67 ], [ -58.79, -34.67 ], [ -58.79, -34.67 ], [ -58.79, -34.67 ], [ -58.79, -34.67 ], [ -58.79, -34.67 ], [ -58.79, -34.67 ], [ -58.79, -34.67 ], [ -58.79, -34.67 ], [ -58.79, -34.67 ], [ -58.79, -34.67 ], [ -58.79, -34.67 ], [ -58.79, -34.67 ], [ -58.79, -34.67 ], [ -58.79, -34.67 ], [ -58.79, -34.67 ], [ -58.79, -34.67 ], [ -58.79, -34.67 ], [ -58.79, -34.67 ], [ -58.79, -34.67 ], [ -58.79, -34.67 ], [ -58.79, -34.67 ], [ -58.79, -34.67 ], [ -58.79, -34.67 ], [ -58.79, -34.67 ], [ -58.79, -34.67 ], [ -58.79, -34.67 ], [ -58.79, -34.67 ], [ -58.79, -34.67 ], [ -58.79, -34.67 ], [ -58.79, -34.67 ], [ -58.79, -34.67 ], [ -58.79, -34.67 ], [ -58.79, -34.67 ], [ -58.79, -34.67 ], [ -58.79, -34.67 ], [ -58.79, -34.67 ], [ -58.79, -34.67 ], [ -58.79, -34.67 ], [ -58.79, -34.67 ], [ -58.79, -34.67 ], [ -58.79, -34.67 ], [ -58.79, -34.67 ], [ -58.79, -34.67 ], [ -58.79, -34.67 ], [ -58.79, -34.67 ], [ -58.79, -34.67 ], [ -58.79, -34.67 ], [ -58.79, -34.67 ], [ -58.79, -34.67 ], [ -58.79, -34.67 ], [ -58.79, -34.67 ], [ -58.79, -34.67 ], [ -58.79, -34.67 ], [ -58.79, -34.67 ], [ -58.79, -34.67 ], [ -58.79, -34.67 ], [ -58.79, -34.67 ], [ -58.79, -34.67 ], [ -58.79, -34.67 ], [ -58.79, -34.67 ], [ -58.79, -34.67 ], [ -58.79, -34.67 ], [ -58.79, -34.67 ], [ -58.79, -34.67 ], [ -58.79, -34.67 ], [ -58.79, -34.67 ], [ -58.79, -34.67 ], [ -58.79, -34.67 ], [ -58.79, -34.67 ], [ -58.79, -34.67 ], [ -58.79, -34.67 ], [ -58.79, -34.67 ], [ -58.79, -34.67 ], [ -58.79, -34.67 ], [ -58.79, -34.67 ], [ -58.79, -34.67 ], [ -58.79, -34.67 ], [ -58.79, -34.67 ], [ -58.79, -34.67 ], [ -58.79, -34.67 ], [ -58.79, -34.67 ], [ -58.79, -34.67 ], [ -58.79, -34.67 ], [ -58.79, -34.67 ], [ -58.79, -34.67 ], [ -58.79, -34.67 ], [ -58.79, -34.67 ], [ -58.79, -34.67 ], [ -58.79, -34.67 ], [ -58.79, -34.67 ], [ -58.79, -34.67 ], [ -58.79, -34.67 ], [ -58.79, -34.67 ], [ -58.79, -34.67 ], [ -58.79, -34.67 ], [ -58.79, -34.67 ], [ -58.79, -34.67 ], [ -58.79, -34.67 ], [ -58.79, -34.67 ], [ -58.79, -34.67 ], [ -58.79, -34.67 ], [ -58.79, -34.67 ], [ -58.79, -34.67 ], [ -58.79, -34.67 ], [ -58.79, -34.67 ], [ -58.79, -34.67 ], [ -58.79, -34.67 ], [ -58.79, -34.67 ], [ -58.79, -34.67 ], [ -58.79, -34.67 ], [ -58.79, -34.67 ], [ -58.79, -34.67 ], [ -58.79, -34.67 ], [ -58.79, -34.67 ], [ -58.79, -34.67 ], [ -58.79, -34.67 ], [ -58.79, -34.67 ], [ -58.79, -34.67 ], [ -58.79, -34.67 ], [ -58.79, -34.67 ], [ -58.79, -34.67 ], [ -58.79, -34.67 ], [ -58.79, -34.67 ], [ -58.79, -34.67 ], [ -58.79, -34.67 ], [ -58.79, -34.67 ], [ -58.79, -34.67 ], [ -58.79, -34.67 ], [ -58.79, -34.67 ], [ -58.79, -34.67 ], [ -58.79, -34.67 ], [ -58.79, -34.67 ], [ -58.79, -34.67 ], [ -58.79, -34.67 ], [ -58.79, -34.67 ], [ -58.79, -34.67 ], [ -58.79, -34.67 ], [ -58.79, -34.67 ], [ -58.79, -34.67 ], [ -58.79, -34.67 ], [ -58.79, -34.67 ], [ -58.79, -34.67 ], [ -58.79, -34.67 ], [ -58.79, -34.67 ], [ -58.79, -34.67 ], [ -58.79, -34.67 ], [ -58.79, -34.67 ], [ -58.79, -34.67 ], [ -58.79, -34.67 ], [ -58.79, -34.67 ], [ -58.79, -34.67 ], [ -58.79, -34.67 ], [ -58.79, -34.67 ], [ -58.79, -34.67 ], [ -58.79, -34.67 ], [ -58.79, -34.67 ], [ -58.79, -34.67 ], [ -58.79, -34.67 ], [ -58.79, -34.67 ], [ -58.79, -34.67 ], [ -58.79, -34.67 ], [ -58.79, -34.67 ], [ -58.79, -34.67 ], [ -58.79, -34.67 ], [ -58.79, -34.67 ], [ -58.79, -34.67 ], [ -58.79, -34.67 ], [ -58.79, -34.67 ], [ -58.79, -34.67 ], [ -58.79, -34.67 ], [ -58.79, -34.67 ], [ -58.79, -34.67 ], [ -58.79, -34.67 ], [ -58.79, -34.67 ], [ -58.79, -34.67 ], [ -58.79, -34.67 ], [ -58.79, -34.67 ], [ -58.79, -34.67 ], [ -58.79, -34.67 ], [ -58.79, -34.67 ], [ -58.79, -34.67 ], [ -58.79, -34.67 ], [ -58.79, -34.67 ], [ -58.79, -34.67 ], [ -58.79, -34.67 ], [ -58.79, -34.67 ], [ -58.79, -34.67 ], [ -58.79, -34.67 ], [ -58.79, -34.67 ], [ -58.79, -34.67 ], [ -58.79, -34.67 ], [ -58.79, -34.67 ], [ -58.79, -34.67 ], [ -58.79, -34.67 ], [ -58.79, -34.67 ], [ -58.79, -34.67 ], [ -58.79, -34.67 ], [ -58.79, -34.67 ], [ -58.79, -34.67 ], [ -58.79, -34.67 ], [ -58.79, -34.67 ], [ -58.79, -34.67 ], [ -58.79, -34.67 ], [ -58.79, -34.67 ], [ -58.79, -34.67 ], [ -58.79, -34.67 ], [ -58.79, -34.67 ], [ -58.79, -34.67 ], [ -58.79, -34.67 ], [ -58.79, -34.67 ], [ -58.79, -34.67 ], [ -58.79, -34.67 ], [ -58.79, -34.67 ], [ -58.79, -34.67 ], [ -58.79, -34.67 ], [ -58.79, -34.67 ], [ -58.79, -34.67 ], [ -58.79, -34.67 ], [ -58.79, -34.67 ], [ -58.79, -34.67 ], [ -58.79, -34.67 ], [ -58.79, -34.67 ], [ -58.79, -34.67 ], [ -58.79, -34.67 ], [ -58.79, -34.67 ], [ -58.79, -34.67 ], [ -58.79, -34.67 ], [ -58.79, -34.67 ], [ -58.79, -34.67 ], [ -58.79, -34.67 ], [ -58.79, -34.67 ], [ -58.79, -34.67 ], [ -58.79, -34.67 ], [ -58.79, -34.67 ], [ -58.79, -34.67 ], [ -58.79, -34.67 ], [ -58.79, -34.67 ], [ -58.79, -34.67 ], [ -58.79, -34.67 ], [ -58.79, -34.67 ], [ -58.79, -34.67 ], [ -58.79, -34.67 ], [ -58.79, -34.67 ], [ -58.79, -34.67 ], [ -58.79, -34.67 ], [ -58.79, -34.67 ], [ -58.79, -34.67 ], [ -58.79, -34.67 ], [ -58.79, -34.67 ], [ -58.79, -34.67 ], [ -58.79, -34.67 ], [ -58.79, -34.67 ], [ -58.79, -34.67 ], [ -58.79, -34.67 ], [ -58.79, -34.67 ], [ -58.79, -34.67 ], [ -58.79, -34.67 ], [ -58.79, -34.67 ], [ -58.79, -34.67 ], [ -58.79, -34.67 ], [ -58.79, -34.67 ], [ -58.79, -34.67 ], [ -58.79, -34.67 ], [ -58.79, -34.67 ], [ -58.79, -34.67 ], [ -58.79, -34.67 ], [ -58.79, -34.67 ], [ -58.79, -34.67 ], [ -58.79, -34.67 ], [ -58.79, -34.67 ], [ -58.79, -34.67 ], [ -58.79, -34.67 ], [ -58.79, -34.67 ], [ -58.79, -34.67 ], [ -58.79, -34.67 ], [ -58.79, -34.67 ], [ -58.79, -34.67 ], [ -58.79, -34.67 ], [ -58.79, -34.67 ], [ -58.79, -34.67 ], [ -58.79, -34.67 ], [ -58.79, -34.67 ], [ -58.79, -34.67 ], [ -58.79, -34.67 ], [ -58.79, -34.67 ], [ -58.79, -34.67 ], [ -58.79, -34.67 ], [ -58.79, -34.67 ], [ -58.79, -34.67 ], [ -58.79, -34.67 ], [ -58.79, -34.67 ], [ -58.79, -34.67 ], [ -58.79, -34.67 ], [ -58.79, -34.67 ], [ -58.79, -34.67 ], [ -58.79, -34.67 ], [ -58.79, -34.67 ], [ -58.79, -34.67 ], [ -58.79, -34.67 ], [ -58.79, -34.67 ], [ -58.79, -34.67 ], [ -58.79, -34.67 ], [ -58.79, -34.67 ], [ -58.79, -34.67 ], [ -58.79, -34.67 ], [ -58.79, -34.67 ], [ -58.79, -34.67 ], [ -58.79, -34.67 ], [ -58.79, -34.67 ], [ -58.79, -34.67 ], [ -58.79, -34.67 ], [ -58.79, -34.67 ], [ -58.79, -34.67 ], [ -58.79, -34.67 ], [ -58.79, -34.67 ], [ -58.79, -34.67 ], [ -58.79, -34.67 ], [ -58.79, -34.67 ], [ -58.79, -34.67 ], [ -58.79, -34.67 ], [ -58.79, -34.67 ], [ -58.79, -34.67 ], [ -58.79, -34.67 ], [ -58.79, -34.67 ], [ -58.79, -34.67 ], [ -58.79, -34.67 ], [ -58.79, -34.67 ], [ -58.79, -34.67 ], [ -58.79, -34.67 ], [ -58.79, -34.67 ], [ -58.79, -34.67 ], [ -58.79, -34.67 ], [ -58.79, -34.67 ], [ -58.79, -34.67 ], [ -58.79, -34.67 ], [ -58.79, -34.67 ], [ -58.79, -34.67 ], [ -58.79, -34.67 ], [ -58.79, -34.67 ], [ -58.79, -34.67 ], [ -58.79, -34.67 ], [ -58.79, -34.67 ], [ -58.79, -34.67 ], [ -58.79, -34.67 ], [ -58.79, -34.67 ], [ -58.79, -34.67 ], [ -58.79, -34.67 ], [ -58.79, -34.67 ], [ -58.79, -34.67 ], [ -58.79, -34.67 ], [ -58.79, -34.67 ], [ -58.79, -34.67 ], [ -58.8, -34.67 ], [ -58.8, -34.67 ], [ -58.8, -34.67 ], [ -58.8, -34.67 ], [ -58.8, -34.67 ], [ -58.8, -34.67 ], [ -58.8, -34.67 ], [ -58.8, -34.67 ], [ -58.8, -34.67 ], [ -58.8, -34.67 ], [ -58.8, -34.67 ], [ -58.8, -34.67 ], [ -58.8, -34.67 ], [ -58.8, -34.67 ], [ -58.8, -34.67 ], [ -58.8, -34.67 ], [ -58.8, -34.67 ], [ -58.8, -34.67 ], [ -58.8, -34.67 ], [ -58.8, -34.67 ], [ -58.8, -34.67 ], [ -58.8, -34.67 ], [ -58.8, -34.67 ], [ -58.8, -34.67 ], [ -58.8, -34.67 ], [ -58.8, -34.67 ], [ -58.8, -34.67 ], [ -58.8, -34.67 ], [ -58.8, -34.67 ], [ -58.8, -34.67 ], [ -58.8, -34.67 ], [ -58.8, -34.67 ], [ -58.8, -34.67 ], [ -58.8, -34.67 ], [ -58.8, -34.67 ], [ -58.8, -34.67 ], [ -58.8, -34.67 ], [ -58.8, -34.67 ], [ -58.8, -34.67 ], [ -58.8, -34.67 ], [ -58.8, -34.67 ], [ -58.8, -34.67 ], [ -58.8, -34.67 ], [ -58.8, -34.67 ], [ -58.8, -34.67 ], [ -58.8, -34.67 ], [ -58.8, -34.67 ], [ -58.8, -34.67 ], [ -58.8, -34.67 ], [ -58.8, -34.67 ], [ -58.8, -34.67 ], [ -58.8, -34.67 ], [ -58.8, -34.67 ], [ -58.8, -34.67 ], [ -58.8, -34.67 ], [ -58.8, -34.67 ], [ -58.8, -34.67 ], [ -58.8, -34.67 ], [ -58.8, -34.67 ], [ -58.8, -34.67 ], [ -58.8, -34.67 ], [ -58.8, -34.67 ], [ -58.8, -34.67 ], [ -58.8, -34.67 ], [ -58.8, -34.67 ], [ -58.8, -34.67 ], [ -58.8, -34.67 ], [ -58.8, -34.67 ], [ -58.8, -34.67 ], [ -58.8, -34.67 ], [ -58.8, -34.67 ], [ -58.8, -34.67 ], [ -58.8, -34.67 ], [ -58.8, -34.67 ], [ -58.8, -34.67 ], [ -58.8, -34.67 ], [ -58.8, -34.67 ], [ -58.8, -34.67 ], [ -58.8, -34.67 ], [ -58.8, -34.67 ], [ -58.8, -34.67 ], [ -58.8, -34.67 ], [ -58.8, -34.67 ], [ -58.8, -34.67 ], [ -58.8, -34.67 ], [ -58.8, -34.67 ], [ -58.8, -34.67 ], [ -58.8, -34.67 ], [ -58.8, -34.67 ], [ -58.8, -34.67 ], [ -58.8, -34.67 ], [ -58.8, -34.67 ], [ -58.8, -34.67 ], [ -58.8, -34.67 ], [ -58.8, -34.67 ], [ -58.8, -34.67 ], [ -58.8, -34.67 ], [ -58.8, -34.67 ], [ -58.8, -34.67 ], [ -58.8, -34.67 ], [ -58.8, -34.67 ], [ -58.8, -34.67 ], [ -58.8, -34.67 ], [ -58.8, -34.67 ], [ -58.8, -34.67 ], [ -58.8, -34.67 ], [ -58.8, -34.67 ], [ -58.8, -34.67 ], [ -58.8, -34.67 ], [ -58.8, -34.67 ], [ -58.8, -34.67 ], [ -58.8, -34.67 ], [ -58.8, -34.67 ], [ -58.8, -34.67 ], [ -58.8, -34.67 ], [ -58.8, -34.67 ], [ -58.8, -34.67 ], [ -58.8, -34.67 ], [ -58.8, -34.67 ], [ -58.8, -34.67 ], [ -58.8, -34.67 ], [ -58.8, -34.67 ], [ -58.8, -34.67 ], [ -58.8, -34.67 ], [ -58.8, -34.67 ], [ -58.8, -34.67 ], [ -58.8, -34.67 ], [ -58.8, -34.67 ], [ -58.8, -34.67 ], [ -58.8, -34.67 ], [ -58.8, -34.67 ], [ -58.8, -34.67 ], [ -58.8, -34.67 ], [ -58.8, -34.67 ], [ -58.8, -34.67 ], [ -58.8, -34.67 ], [ -58.8, -34.67 ], [ -58.8, -34.67 ], [ -58.8, -34.67 ], [ -58.8, -34.67 ], [ -58.8, -34.67 ], [ -58.8, -34.67 ], [ -58.8, -34.67 ], [ -58.8, -34.67 ], [ -58.8, -34.67 ], [ -58.8, -34.67 ], [ -58.8, -34.67 ], [ -58.8, -34.67 ], [ -58.8, -34.67 ], [ -58.8, -34.67 ], [ -58.8, -34.67 ], [ -58.8, -34.67 ], [ -58.8, -34.67 ], [ -58.8, -34.67 ], [ -58.8, -34.67 ], [ -58.8, -34.67 ], [ -58.8, -34.67 ], [ -58.8, -34.67 ], [ -58.8, -34.67 ], [ -58.8, -34.67 ], [ -58.8, -34.67 ], [ -58.8, -34.67 ], [ -58.8, -34.67 ], [ -58.8, -34.67 ], [ -58.8, -34.67 ], [ -58.8, -34.67 ], [ -58.8, -34.67 ], [ -58.8, -34.67 ], [ -58.8, -34.67 ], [ -58.8, -34.67 ], [ -58.8, -34.67 ], [ -58.8, -34.67 ], [ -58.8, -34.67 ], [ -58.8, -34.67 ], [ -58.8, -34.67 ], [ -58.8, -34.67 ], [ -58.8, -34.67 ], [ -58.8, -34.67 ], [ -58.8, -34.67 ], [ -58.8, -34.67 ], [ -58.8, -34.67 ], [ -58.8, -34.67 ], [ -58.8, -34.67 ], [ -58.8, -34.67 ], [ -58.8, -34.67 ], [ -58.8, -34.67 ], [ -58.8, -34.67 ], [ -58.8, -34.67 ], [ -58.8, -34.67 ], [ -58.8, -34.67 ], [ -58.8, -34.67 ], [ -58.8, -34.67 ], [ -58.8, -34.67 ], [ -58.8, -34.67 ], [ -58.8, -34.67 ], [ -58.8, -34.67 ], [ -58.8, -34.67 ], [ -58.8, -34.67 ], [ -58.8, -34.67 ], [ -58.8, -34.67 ], [ -58.8, -34.67 ], [ -58.8, -34.67 ], [ -58.8, -34.67 ], [ -58.8, -34.67 ], [ -58.8, -34.67 ], [ -58.8, -34.67 ], [ -58.8, -34.67 ], [ -58.8, -34.67 ], [ -58.8, -34.67 ], [ -58.8, -34.67 ], [ -58.8, -34.67 ], [ -58.8, -34.67 ], [ -58.8, -34.67 ], [ -58.8, -34.67 ], [ -58.8, -34.67 ], [ -58.8, -34.67 ], [ -58.8, -34.67 ], [ -58.8, -34.67 ], [ -58.8, -34.67 ], [ -58.8, -34.67 ], [ -58.8, -34.67 ], [ -58.8, -34.67 ], [ -58.8, -34.67 ], [ -58.8, -34.67 ], [ -58.8, -34.67 ], [ -58.8, -34.67 ], [ -58.8, -34.67 ], [ -58.8, -34.67 ], [ -58.8, -34.67 ], [ -58.8, -34.67 ], [ -58.8, -34.67 ], [ -58.8, -34.67 ], [ -58.8, -34.67 ], [ -58.8, -34.67 ], [ -58.8, -34.67 ], [ -58.8, -34.67 ], [ -58.8, -34.67 ], [ -58.8, -34.67 ], [ -58.8, -34.67 ], [ -58.8, -34.67 ], [ -58.8, -34.67 ], [ -58.8, -34.67 ], [ -58.8, -34.67 ], [ -58.8, -34.67 ], [ -58.8, -34.67 ], [ -58.8, -34.67 ], [ -58.8, -34.67 ], [ -58.8, -34.67 ], [ -58.8, -34.67 ], [ -58.8, -34.67 ], [ -58.8, -34.67 ], [ -58.8, -34.67 ], [ -58.8, -34.67 ], [ -58.8, -34.67 ], [ -58.8, -34.67 ], [ -58.8, -34.67 ], [ -58.8, -34.67 ], [ -58.8, -34.67 ], [ -58.8, -34.67 ], [ -58.8, -34.67 ], [ -58.8, -34.67 ], [ -58.8, -34.67 ], [ -58.8, -34.67 ], [ -58.8, -34.67 ], [ -58.8, -34.67 ], [ -58.8, -34.68 ], [ -58.8, -34.68 ], [ -58.8, -34.68 ], [ -58.8, -34.68 ], [ -58.8, -34.68 ], [ -58.8, -34.68 ], [ -58.8, -34.68 ], [ -58.8, -34.68 ], [ -58.8, -34.68 ], [ -58.8, -34.68 ], [ -58.8, -34.68 ], [ -58.8, -34.68 ], [ -58.8, -34.68 ], [ -58.8, -34.68 ], [ -58.8, -34.68 ], [ -58.8, -34.68 ], [ -58.8, -34.68 ], [ -58.8, -34.68 ], [ -58.8, -34.68 ], [ -58.8, -34.68 ], [ -58.8, -34.68 ], [ -58.8, -34.68 ], [ -58.8, -34.68 ], [ -58.8, -34.68 ], [ -58.8, -34.68 ], [ -58.8, -34.68 ], [ -58.8, -34.68 ], [ -58.8, -34.68 ], [ -58.8, -34.68 ], [ -58.8, -34.68 ], [ -58.8, -34.68 ], [ -58.8, -34.68 ], [ -58.8, -34.68 ], [ -58.8, -34.68 ], [ -58.8, -34.68 ], [ -58.8, -34.68 ], [ -58.8, -34.68 ], [ -58.8, -34.68 ], [ -58.8, -34.68 ], [ -58.8, -34.68 ], [ -58.8, -34.68 ], [ -58.8, -34.68 ], [ -58.8, -34.68 ], [ -58.8, -34.68 ], [ -58.8, -34.68 ], [ -58.8, -34.68 ], [ -58.8, -34.68 ], [ -58.8, -34.68 ], [ -58.8, -34.68 ], [ -58.8, -34.68 ], [ -58.8, -34.68 ], [ -58.8, -34.68 ], [ -58.8, -34.68 ], [ -58.8, -34.68 ], [ -58.8, -34.68 ], [ -58.8, -34.68 ], [ -58.8, -34.68 ], [ -58.8, -34.68 ], [ -58.8, -34.68 ], [ -58.8, -34.68 ], [ -58.8, -34.68 ], [ -58.8, -34.68 ], [ -58.8, -34.68 ], [ -58.8, -34.68 ], [ -58.8, -34.68 ], [ -58.8, -34.68 ], [ -58.8, -34.68 ], [ -58.8, -34.68 ], [ -58.8, -34.68 ], [ -58.8, -34.68 ], [ -58.8, -34.68 ], [ -58.8, -34.68 ], [ -58.8, -34.68 ], [ -58.8, -34.68 ], [ -58.8, -34.68 ], [ -58.8, -34.68 ], [ -58.8, -34.68 ], [ -58.8, -34.68 ], [ -58.8, -34.68 ], [ -58.8, -34.68 ], [ -58.8, -34.68 ], [ -58.8, -34.68 ], [ -58.8, -34.68 ], [ -58.8, -34.68 ], [ -58.8, -34.68 ], [ -58.8, -34.68 ], [ -58.8, -34.68 ], [ -58.8, -34.68 ], [ -58.8, -34.68 ], [ -58.8, -34.68 ], [ -58.8, -34.68 ], [ -58.8, -34.68 ], [ -58.8, -34.68 ], [ -58.8, -34.68 ], [ -58.8, -34.68 ], [ -58.8, -34.68 ], [ -58.8, -34.68 ], [ -58.8, -34.68 ], [ -58.8, -34.68 ], [ -58.8, -34.68 ], [ -58.8, -34.68 ], [ -58.8, -34.68 ], [ -58.8, -34.68 ], [ -58.8, -34.68 ], [ -58.8, -34.68 ], [ -58.8, -34.68 ], [ -58.8, -34.68 ], [ -58.8, -34.68 ], [ -58.8, -34.68 ], [ -58.8, -34.68 ], [ -58.8, -34.68 ], [ -58.8, -34.68 ], [ -58.8, -34.68 ], [ -58.8, -34.68 ], [ -58.8, -34.68 ], [ -58.8, -34.68 ], [ -58.8, -34.68 ], [ -58.8, -34.68 ], [ -58.8, -34.68 ], [ -58.8, -34.68 ], [ -58.8, -34.68 ], [ -58.8, -34.68 ], [ -58.8, -34.68 ], [ -58.8, -34.68 ], [ -58.8, -34.68 ], [ -58.8, -34.68 ], [ -58.8, -34.68 ], [ -58.8, -34.68 ], [ -58.8, -34.68 ], [ -58.8, -34.68 ], [ -58.8, -34.68 ], [ -58.8, -34.68 ], [ -58.8, -34.68 ], [ -58.8, -34.68 ], [ -58.8, -34.68 ], [ -58.8, -34.68 ], [ -58.8, -34.68 ], [ -58.8, -34.68 ], [ -58.8, -34.68 ], [ -58.8, -34.68 ], [ -58.8, -34.68 ], [ -58.8, -34.68 ], [ -58.8, -34.68 ], [ -58.8, -34.68 ], [ -58.8, -34.68 ], [ -58.8, -34.68 ], [ -58.8, -34.68 ], [ -58.8, -34.68 ], [ -58.8, -34.68 ], [ -58.8, -34.68 ], [ -58.8, -34.68 ], [ -58.8, -34.68 ], [ -58.8, -34.68 ], [ -58.8, -34.68 ], [ -58.8, -34.68 ], [ -58.8, -34.68 ], [ -58.8, -34.68 ], [ -58.8, -34.68 ], [ -58.8, -34.68 ], [ -58.8, -34.68 ], [ -58.8, -34.68 ], [ -58.8, -34.68 ], [ -58.81, -34.68 ], [ -58.81, -34.68 ], [ -58.81, -34.68 ], [ -58.81, -34.68 ], [ -58.81, -34.68 ], [ -58.81, -34.68 ], [ -58.81, -34.68 ], [ -58.81, -34.68 ], [ -58.81, -34.68 ], [ -58.81, -34.68 ], [ -58.81, -34.68 ], [ -58.81, -34.68 ], [ -58.81, -34.68 ], [ -58.81, -34.68 ], [ -58.81, -34.68 ], [ -58.81, -34.68 ], [ -58.81, -34.68 ], [ -58.81, -34.68 ], [ -58.81, -34.68 ], [ -58.81, -34.68 ], [ -58.81, -34.68 ], [ -58.81, -34.68 ], [ -58.81, -34.68 ], [ -58.81, -34.68 ], [ -58.81, -34.68 ], [ -58.81, -34.68 ], [ -58.81, -34.68 ], [ -58.81, -34.68 ], [ -58.81, -34.68 ], [ -58.81, -34.68 ], [ -58.81, -34.68 ], [ -58.81, -34.68 ], [ -58.81, -34.68 ], [ -58.81, -34.68 ], [ -58.81, -34.68 ], [ -58.81, -34.68 ], [ -58.81, -34.68 ], [ -58.81, -34.68 ], [ -58.81, -34.68 ], [ -58.81, -34.68 ], [ -58.81, -34.68 ], [ -58.81, -34.68 ], [ -58.81, -34.68 ], [ -58.81, -34.68 ], [ -58.81, -34.68 ], [ -58.81, -34.68 ], [ -58.81, -34.68 ], [ -58.81, -34.68 ], [ -58.81, -34.68 ], [ -58.81, -34.68 ], [ -58.81, -34.68 ], [ -58.81, -34.68 ], [ -58.81, -34.68 ], [ -58.81, -34.68 ], [ -58.81, -34.68 ], [ -58.81, -34.68 ], [ -58.81, -34.68 ], [ -58.81, -34.68 ], [ -58.81, -34.68 ], [ -58.81, -34.68 ], [ -58.81, -34.68 ], [ -58.81, -34.68 ], [ -58.81, -34.68 ], [ -58.81, -34.68 ], [ -58.81, -34.68 ], [ -58.81, -34.68 ], [ -58.81, -34.68 ], [ -58.81, -34.68 ], [ -58.81, -34.68 ], [ -58.81, -34.68 ], [ -58.81, -34.68 ], [ -58.81, -34.68 ], [ -58.81, -34.68 ], [ -58.81, -34.68 ], [ -58.81, -34.68 ], [ -58.81, -34.68 ], [ -58.81, -34.68 ], [ -58.81, -34.68 ], [ -58.81, -34.68 ], [ -58.81, -34.68 ], [ -58.81, -34.68 ], [ -58.81, -34.68 ], [ -58.81, -34.68 ], [ -58.81, -34.68 ], [ -58.81, -34.68 ], [ -58.81, -34.68 ], [ -58.81, -34.68 ], [ -58.81, -34.68 ], [ -58.81, -34.68 ], [ -58.81, -34.68 ], [ -58.81, -34.68 ], [ -58.81, -34.68 ], [ -58.81, -34.68 ], [ -58.81, -34.68 ], [ -58.81, -34.68 ], [ -58.81, -34.68 ], [ -58.81, -34.68 ], [ -58.81, -34.68 ], [ -58.81, -34.68 ], [ -58.81, -34.68 ], [ -58.81, -34.68 ], [ -58.81, -34.68 ], [ -58.81, -34.68 ], [ -58.81, -34.68 ], [ -58.81, -34.68 ], [ -58.81, -34.68 ], [ -58.81, -34.68 ], [ -58.81, -34.68 ], [ -58.81, -34.68 ], [ -58.81, -34.68 ], [ -58.81, -34.68 ], [ -58.81, -34.68 ], [ -58.81, -34.68 ], [ -58.81, -34.68 ], [ -58.81, -34.68 ], [ -58.81, -34.68 ], [ -58.81, -34.68 ], [ -58.81, -34.68 ], [ -58.81, -34.68 ], [ -58.81, -34.68 ], [ -58.81, -34.68 ], [ -58.81, -34.68 ], [ -58.81, -34.68 ], [ -58.81, -34.68 ], [ -58.81, -34.68 ], [ -58.81, -34.68 ], [ -58.81, -34.68 ], [ -58.81, -34.68 ], [ -58.81, -34.68 ], [ -58.81, -34.68 ], [ -58.81, -34.68 ], [ -58.81, -34.68 ], [ -58.81, -34.68 ], [ -58.81, -34.68 ], [ -58.81, -34.68 ], [ -58.81, -34.68 ], [ -58.81, -34.68 ], [ -58.81, -34.68 ], [ -58.81, -34.68 ], [ -58.81, -34.68 ], [ -58.81, -34.68 ], [ -58.81, -34.68 ], [ -58.81, -34.68 ], [ -58.81, -34.68 ], [ -58.81, -34.68 ], [ -58.81, -34.68 ], [ -58.81, -34.68 ], [ -58.81, -34.68 ], [ -58.81, -34.68 ], [ -58.81, -34.68 ], [ -58.81, -34.68 ], [ -58.81, -34.68 ], [ -58.81, -34.68 ], [ -58.81, -34.68 ], [ -58.81, -34.68 ], [ -58.81, -34.68 ], [ -58.81, -34.68 ], [ -58.81, -34.68 ], [ -58.81, -34.68 ], [ -58.81, -34.68 ], [ -58.81, -34.68 ], [ -58.81, -34.68 ], [ -58.82, -34.68 ], [ -58.82, -34.68 ], [ -58.82, -34.68 ], [ -58.82, -34.68 ], [ -58.82, -34.68 ], [ -58.82, -34.68 ], [ -58.82, -34.68 ], [ -58.82, -34.68 ], [ -58.82, -34.68 ], [ -58.82, -34.68 ], [ -58.82, -34.69 ], [ -58.82, -34.69 ], [ -58.82, -34.69 ], [ -58.82, -34.69 ], [ -58.82, -34.69 ], [ -58.82, -34.69 ], [ -58.82, -34.69 ], [ -58.82, -34.69 ], [ -58.82, -34.69 ], [ -58.82, -34.68 ], [ -58.82, -34.68 ], [ -58.82, -34.68 ], [ -58.82, -34.68 ], [ -58.82, -34.68 ], [ -58.82, -34.68 ], [ -58.82, -34.68 ], [ -58.82, -34.68 ], [ -58.82, -34.68 ], [ -58.82, -34.68 ], [ -58.82, -34.68 ], [ -58.82, -34.68 ], [ -58.82, -34.68 ], [ -58.82, -34.68 ], [ -58.83, -34.68 ], [ -58.83, -34.68 ], [ -58.83, -34.68 ], [ -58.83, -34.68 ], [ -58.83, -34.68 ], [ -58.83, -34.68 ], [ -58.83, -34.68 ], [ -58.83, -34.68 ], [ -58.83, -34.68 ], [ -58.83, -34.68 ], [ -58.83, -34.68 ], [ -58.83, -34.69 ], [ -58.83, -34.69 ], [ -58.83, -34.69 ], [ -58.83, -34.69 ], [ -58.83, -34.69 ], [ -58.83, -34.69 ], [ -58.83, -34.69 ], [ -58.83, -34.69 ], [ -58.83, -34.69 ], [ -58.83, -34.69 ], [ -58.83, -34.69 ], [ -58.84, -34.69 ], [ -58.84, -34.69 ], [ -58.84, -34.69 ], [ -58.84, -34.69 ], [ -58.84, -34.69 ], [ -58.84, -34.69 ], [ -58.84, -34.69 ], [ -58.84, -34.69 ], [ -58.84, -34.69 ], [ -58.84, -34.69 ], [ -58.84, -34.69 ], [ -58.84, -34.69 ], [ -58.84, -34.69 ], [ -58.85, -34.69 ], [ -58.85, -34.68 ], [ -58.85, -34.68 ], [ -58.85, -34.68 ], [ -58.85, -34.68 ], [ -58.85, -34.68 ], [ -58.85, -34.68 ], [ -58.85, -34.68 ], [ -58.85, -34.68 ], [ -58.85, -34.68 ], [ -58.85, -34.68 ], [ -58.85, -34.68 ], [ -58.85, -34.68 ], [ -58.85, -34.68 ], [ -58.86, -34.68 ], [ -58.86, -34.68 ], [ -58.86, -34.68 ], [ -58.86, -34.68 ], [ -58.86, -34.68 ], [ -58.86, -34.68 ], [ -58.86, -34.68 ], [ -58.86, -34.68 ], [ -58.87, -34.68 ], [ -58.87, -34.68 ], [ -58.87, -34.68 ], [ -58.87, -34.68 ], [ -58.87, -34.68 ], [ -58.87, -34.68 ], [ -58.88, -34.67 ], [ -58.88, -34.67 ], [ -58.88, -34.67 ], [ -58.88, -34.67 ], [ -58.88, -34.67 ], [ -58.88, -34.67 ], [ -58.88, -34.67 ], [ -58.88, -34.67 ], [ -58.88, -34.67 ], [ -58.88, -34.67 ], [ -58.88, -34.67 ], [ -58.88, -34.67 ], [ -58.88, -34.67 ], [ -58.88, -34.67 ], [ -58.88, -34.67 ], [ -58.88, -34.67 ], [ -58.88, -34.67 ], [ -58.88, -34.67 ], [ -58.88, -34.67 ], [ -58.88, -34.66 ], [ -58.88, -34.66 ], [ -58.88, -34.66 ], [ -58.88, -34.66 ], [ -58.88, -34.66 ], [ -58.88, -34.66 ], [ -58.88, -34.66 ], [ -58.88, -34.66 ], [ -58.88, -34.66 ], [ -58.88, -34.66 ], [ -58.88, -34.66 ], [ -58.88, -34.66 ], [ -58.88, -34.66 ], [ -58.88, -34.66 ], [ -58.88, -34.66 ], [ -58.88, -34.66 ], [ -58.88, -34.66 ], [ -58.88, -34.66 ], [ -58.88, -34.66 ], [ -58.88, -34.66 ], [ -58.88, -34.66 ], [ -58.88, -34.66 ], [ -58.88, -34.66 ], [ -58.88, -34.66 ], [ -58.88, -34.66 ], [ -58.88, -34.66 ], [ -58.88, -34.66 ], [ -58.88, -34.66 ], [ -58.88, -34.66 ], [ -58.88, -34.66 ], [ -58.88, -34.66 ], [ -58.88, -34.66 ], [ -58.88, -34.66 ], [ -58.88, -34.66 ], [ -58.88, -34.66 ], [ -58.88, -34.66 ], [ -58.88, -34.66 ], [ -58.88, -34.66 ], [ -58.88, -34.66 ], [ -58.88, -34.66 ], [ -58.88, -34.66 ], [ -58.88, -34.66 ], [ -58.88, -34.66 ], [ -58.88, -34.66 ], [ -58.88, -34.66 ], [ -58.88, -34.66 ], [ -58.88, -34.66 ], [ -58.88, -34.66 ], [ -58.88, -34.66 ], [ -58.88, -34.66 ], [ -58.88, -34.66 ], [ -58.88, -34.66 ], [ -58.88, -34.66 ], [ -58.88, -34.66 ], [ -58.88, -34.66 ], [ -58.88, -34.65 ], [ -58.88, -34.65 ], [ -58.88, -34.65 ], [ -58.88, -34.65 ], [ -58.88, -34.65 ], [ -58.88, -34.65 ], [ -58.88, -34.65 ], [ -58.88, -34.65 ], [ -58.88, -34.65 ], [ -58.88, -34.65 ], [ -58.88, -34.65 ], [ -58.88, -34.65 ], [ -58.88, -34.65 ], [ -58.88, -34.65 ], [ -58.88, -34.65 ], [ -58.88, -34.65 ], [ -58.88, -34.65 ], [ -58.88, -34.65 ], [ -58.88, -34.65 ], [ -58.88, -34.65 ], [ -58.88, -34.65 ], [ -58.88, -34.65 ], [ -58.88, -34.65 ], [ -58.88, -34.65 ], [ -58.88, -34.65 ], [ -58.88, -34.65 ], [ -58.88, -34.65 ], [ -58.88, -34.65 ], [ -58.88, -34.65 ], [ -58.88, -34.65 ], [ -58.88, -34.65 ], [ -58.88, -34.65 ], [ -58.88, -34.65 ], [ -58.88, -34.65 ], [ -58.88, -34.65 ], [ -58.88, -34.65 ], [ -58.88, -34.65 ], [ -58.88, -34.65 ], [ -58.88, -34.65 ], [ -58.88, -34.65 ], [ -58.88, -34.65 ], [ -58.88, -34.65 ], [ -58.88, -34.65 ], [ -58.88, -34.65 ], [ -58.88, -34.65 ], [ -58.88, -34.65 ], [ -58.88, -34.65 ], [ -58.88, -34.65 ], [ -58.88, -34.65 ], [ -58.88, -34.64 ], [ -58.88, -34.64 ], [ -58.88, -34.64 ], [ -58.88, -34.64 ], [ -58.88, -34.64 ], [ -58.88, -34.64 ], [ -58.88, -34.64 ], [ -58.88, -34.64 ], [ -58.88, -34.64 ], [ -58.88, -34.64 ], [ -58.88, -34.64 ], [ -58.88, -34.64 ], [ -58.88, -34.64 ], [ -58.88, -34.64 ], [ -58.88, -34.64 ], [ -58.88, -34.64 ], [ -58.88, -34.64 ], [ -58.88, -34.64 ], [ -58.88, -34.64 ], [ -58.88, -34.64 ], [ -58.88, -34.64 ], [ -58.88, -34.64 ], [ -58.88, -34.64 ], [ -58.88, -34.64 ], [ -58.88, -34.64 ], [ -58.88, -34.63 ], [ -58.88, -34.63 ], [ -58.88, -34.63 ], [ -58.88, -34.63 ], [ -58.88, -34.63 ], [ -58.88, -34.63 ], [ -58.88, -34.63 ], [ -58.88, -34.63 ], [ -58.88, -34.62 ], [ -58.87, -34.62 ], [ -58.87, -34.62 ], [ -58.86, -34.62 ], [ -58.86, -34.62 ], [ -58.87, -34.61 ], [ -58.87, -34.61 ], [ -58.87, -34.61 ], [ -58.87, -34.61 ], [ -58.87, -34.6 ], [ -58.87, -34.6 ], [ -58.87, -34.6 ], [ -58.88, -34.6 ], [ -58.88, -34.6 ], [ -58.88, -34.59 ], [ -58.88, -34.59 ], [ -58.89, -34.59 ], [ -58.89, -34.59 ], [ -58.89, -34.58 ], [ -58.89, -34.58 ], [ -58.89, -34.58 ], [ -58.89, -34.58 ], [ -58.88, -34.57 ], [ -58.87, -34.57 ], [ -58.87, -34.57 ], [ -58.87, -34.57 ], [ -58.86, -34.56 ], [ -58.86, -34.56 ], [ -58.85, -34.56 ], [ -58.85, -34.55 ], [ -58.85, -34.55 ], [ -58.85, -34.55 ], [ -58.85, -34.55 ], [ -58.85, -34.55 ], [ -58.85, -34.55 ], [ -58.85, -34.55 ], [ -58.85, -34.55 ], [ -58.85, -34.55 ], [ -58.85, -34.55 ], [ -58.85, -34.55 ], [ -58.85, -34.55 ], [ -58.85, -34.55 ], [ -58.85, -34.55 ], [ -58.85, -34.55 ], [ -58.85, -34.55 ], [ -58.85, -34.55 ], [ -58.85, -34.55 ], [ -58.85, -34.55 ], [ -58.85, -34.55 ], [ -58.85, -34.55 ], [ -58.85, -34.54 ], [ -58.85, -34.54 ], [ -58.85, -34.54 ], [ -58.84, -34.54 ], [ -58.84, -34.54 ], [ -58.84, -34.54 ], [ -58.84, -34.54 ], [ -58.84, -34.54 ], [ -58.84, -34.54 ], [ -58.84, -34.54 ], [ -58.84, -34.54 ], [ -58.84, -34.54 ], [ -58.84, -34.54 ], [ -58.84, -34.54 ], [ -58.84, -34.54 ], [ -58.84, -34.54 ], [ -58.84, -34.54 ], [ -58.84, -34.54 ], [ -58.84, -34.54 ], [ -58.84, -34.54 ], [ -58.84, -34.54 ], [ -58.84, -34.54 ], [ -58.84, -34.54 ], [ -58.84, -34.54 ], [ -58.84, -34.54 ], [ -58.84, -34.54 ], [ -58.84, -34.54 ], [ -58.84, -34.54 ], [ -58.84, -34.54 ], [ -58.84, -34.54 ], [ -58.84, -34.54 ], [ -58.84, -34.54 ], [ -58.84, -34.54 ], [ -58.84, -34.54 ], [ -58.84, -34.54 ], [ -58.84, -34.54 ], [ -58.84, -34.54 ], [ -58.84, -34.54 ], [ -58.84, -34.54 ], [ -58.84, -34.54 ], [ -58.84, -34.54 ], [ -58.84, -34.54 ], [ -58.84, -34.54 ], [ -58.84, -34.54 ], [ -58.84, -34.54 ], [ -58.84, -34.54 ], [ -58.84, -34.54 ], [ -58.84, -34.54 ], [ -58.84, -34.54 ], [ -58.84, -34.54 ], [ -58.84, -34.54 ], [ -58.84, -34.54 ], [ -58.84, -34.54 ], [ -58.84, -34.54 ], [ -58.84, -34.54 ], [ -58.84, -34.54 ], [ -58.84, -34.54 ], [ -58.84, -34.54 ], [ -58.84, -34.54 ], [ -58.84, -34.54 ], [ -58.84, -34.54 ], [ -58.84, -34.54 ], [ -58.84, -34.54 ], [ -58.84, -34.54 ], [ -58.84, -34.54 ], [ -58.84, -34.54 ], [ -58.84, -34.54 ], [ -58.84, -34.54 ], [ -58.84, -34.54 ], [ -58.84, -34.54 ], [ -58.84, -34.54 ], [ -58.84, -34.54 ], [ -58.84, -34.54 ], [ -58.84, -34.54 ], [ -58.84, -34.54 ], [ -58.84, -34.54 ], [ -58.84, -34.54 ], [ -58.84, -34.54 ], [ -58.84, -34.54 ], [ -58.84, -34.54 ], [ -58.84, -34.54 ], [ -58.84, -34.54 ], [ -58.84, -34.54 ], [ -58.84, -34.54 ], [ -58.84, -34.54 ], [ -58.84, -34.54 ], [ -58.84, -34.54 ], [ -58.84, -34.54 ], [ -58.84, -34.54 ], [ -58.84, -34.54 ], [ -58.84, -34.54 ], [ -58.84, -34.54 ], [ -58.84, -34.54 ], [ -58.84, -34.54 ], [ -58.84, -34.54 ], [ -58.84, -34.54 ], [ -58.84, -34.54 ], [ -58.84, -34.54 ], [ -58.84, -34.54 ], [ -58.84, -34.54 ], [ -58.84, -34.54 ], [ -58.84, -34.54 ], [ -58.84, -34.54 ], [ -58.84, -34.54 ], [ -58.84, -34.54 ], [ -58.84, -34.54 ], [ -58.84, -34.54 ], [ -58.84, -34.54 ], [ -58.84, -34.54 ], [ -58.84, -34.54 ], [ -58.84, -34.54 ], [ -58.84, -34.54 ], [ -58.84, -34.54 ], [ -58.84, -34.54 ], [ -58.84, -34.53 ], [ -58.84, -34.53 ], [ -58.84, -34.53 ], [ -58.84, -34.53 ], [ -58.84, -34.53 ], [ -58.84, -34.53 ], [ -58.84, -34.53 ], [ -58.84, -34.53 ], [ -58.84, -34.53 ], [ -58.84, -34.53 ], [ -58.84, -34.53 ], [ -58.84, -34.53 ], [ -58.84, -34.53 ], [ -58.84, -34.53 ], [ -58.84, -34.53 ], [ -58.84, -34.53 ], [ -58.84, -34.53 ], [ -58.84, -34.53 ], [ -58.84, -34.53 ], [ -58.84, -34.53 ], [ -58.84, -34.53 ], [ -58.84, -34.53 ], [ -58.84, -34.53 ], [ -58.84, -34.53 ], [ -58.84, -34.53 ], [ -58.84, -34.53 ], [ -58.84, -34.53 ], [ -58.84, -34.53 ], [ -58.84, -34.53 ], [ -58.84, -34.53 ], [ -58.84, -34.53 ], [ -58.84, -34.53 ], [ -58.84, -34.53 ], [ -58.84, -34.53 ], [ -58.84, -34.53 ], [ -58.84, -34.53 ], [ -58.84, -34.53 ], [ -58.83, -34.53 ], [ -58.83, -34.53 ], [ -58.83, -34.53 ], [ -58.83, -34.53 ], [ -58.83, -34.53 ], [ -58.83, -34.53 ], [ -58.83, -34.53 ], [ -58.83, -34.53 ], [ -58.83, -34.53 ], [ -58.83, -34.53 ], [ -58.83, -34.53 ], [ -58.83, -34.52 ], [ -58.83, -34.52 ], [ -58.83, -34.52 ], [ -58.83, -34.52 ], [ -58.83, -34.52 ], [ -58.83, -34.52 ], [ -58.83, -34.52 ], [ -58.83, -34.52 ], [ -58.83, -34.52 ], [ -58.83, -34.52 ], [ -58.83, -34.52 ], [ -58.83, -34.52 ], [ -58.83, -34.52 ], [ -58.83, -34.52 ], [ -58.83, -34.52 ], [ -58.83, -34.52 ], [ -58.83, -34.52 ], [ -58.83, -34.52 ], [ -58.83, -34.52 ], [ -58.83, -34.52 ], [ -58.83, -34.52 ], [ -58.83, -34.52 ], [ -58.83, -34.52 ], [ -58.83, -34.52 ], [ -58.83, -34.52 ], [ -58.83, -34.52 ], [ -58.83, -34.52 ], [ -58.83, -34.52 ], [ -58.83, -34.52 ], [ -58.83, -34.52 ], [ -58.83, -34.52 ], [ -58.83, -34.52 ], [ -58.83, -34.52 ], [ -58.83, -34.52 ], [ -58.83, -34.52 ], [ -58.83, -34.52 ], [ -58.83, -34.52 ], [ -58.83, -34.52 ], [ -58.83, -34.52 ], [ -58.83, -34.52 ], [ -58.83, -34.52 ], [ -58.83, -34.52 ], [ -58.83, -34.52 ], [ -58.83, -34.52 ], [ -58.83, -34.52 ], [ -58.83, -34.52 ], [ -58.83, -34.52 ], [ -58.83, -34.52 ], [ -58.83, -34.52 ], [ -58.83, -34.52 ], [ -58.83, -34.52 ], [ -58.83, -34.52 ], [ -58.83, -34.52 ], [ -58.83, -34.52 ], [ -58.83, -34.52 ], [ -58.83, -34.52 ], [ -58.83, -34.52 ], [ -58.83, -34.52 ], [ -58.83, -34.52 ], [ -58.83, -34.52 ], [ -58.83, -34.52 ], [ -58.83, -34.52 ], [ -58.83, -34.52 ], [ -58.83, -34.52 ], [ -58.83, -34.52 ], [ -58.83, -34.52 ], [ -58.83, -34.52 ], [ -58.83, -34.52 ], [ -58.83, -34.52 ], [ -58.83, -34.52 ], [ -58.83, -34.52 ], [ -58.83, -34.52 ], [ -58.83, -34.52 ], [ -58.83, -34.52 ], [ -58.83, -34.52 ], [ -58.83, -34.52 ], [ -58.83, -34.52 ], [ -58.83, -34.52 ], [ -58.83, -34.52 ], [ -58.83, -34.52 ], [ -58.83, -34.52 ], [ -58.83, -34.52 ], [ -58.83, -34.52 ], [ -58.83, -34.52 ], [ -58.83, -34.52 ], [ -58.83, -34.52 ], [ -58.83, -34.52 ], [ -58.83, -34.52 ], [ -58.83, -34.52 ], [ -58.83, -34.52 ], [ -58.83, -34.52 ], [ -58.83, -34.52 ], [ -58.83, -34.52 ], [ -58.83, -34.52 ], [ -58.83, -34.52 ], [ -58.83, -34.52 ], [ -58.83, -34.52 ], [ -58.83, -34.52 ], [ -58.83, -34.51 ], [ -58.83, -34.51 ], [ -58.83, -34.51 ], [ -58.83, -34.51 ], [ -58.83, -34.51 ], [ -58.83, -34.51 ], [ -58.83, -34.51 ], [ -58.83, -34.51 ], [ -58.83, -34.51 ], [ -58.83, -34.51 ], [ -58.83, -34.51 ], [ -58.83, -34.51 ], [ -58.83, -34.51 ], [ -58.83, -34.51 ], [ -58.83, -34.51 ], [ -58.83, -34.51 ], [ -58.83, -34.51 ], [ -58.83, -34.51 ], [ -58.83, -34.51 ], [ -58.83, -34.51 ], [ -58.83, -34.51 ], [ -58.83, -34.51 ], [ -58.83, -34.51 ], [ -58.83, -34.51 ], [ -58.83, -34.51 ], [ -58.83, -34.51 ], [ -58.83, -34.51 ], [ -58.83, -34.51 ], [ -58.83, -34.51 ], [ -58.82, -34.51 ], [ -58.82, -34.51 ], [ -58.82, -34.51 ], [ -58.82, -34.51 ], [ -58.82, -34.51 ], [ -58.82, -34.51 ], [ -58.82, -34.51 ], [ -58.82, -34.51 ], [ -58.82, -34.51 ], [ -58.82, -34.51 ], [ -58.82, -34.51 ], [ -58.82, -34.51 ], [ -58.82, -34.51 ], [ -58.82, -34.51 ], [ -58.82, -34.51 ], [ -58.82, -34.51 ], [ -58.82, -34.51 ], [ -58.82, -34.51 ], [ -58.82, -34.51 ], [ -58.82, -34.51 ], [ -58.82, -34.51 ], [ -58.82, -34.51 ], [ -58.82, -34.51 ], [ -58.81, -34.52 ], [ -58.81, -34.52 ], [ -58.81, -34.53 ], [ -58.8, -34.53 ], [ -58.8, -34.54 ], [ -58.79, -34.54 ], [ -58.78, -34.55 ], [ -58.78, -34.55 ], [ -58.78, -34.56 ], [ -58.78, -34.56 ] ] ] ] } },
{ "type": "Feature", "properties": { "id": null, "comuna": null, "perimetro_": null, "area_metro": null, "nam": "Escobar", "cca": "118", "cde": "06252", "fna": "Partido de Escobar", "gna": "Partido", "ara3": 301.23, "arl": 303.75 }, "geometry": { "type": "MultiPolygon", "coordinates": [ [ [ [ -58.79, -34.23 ], [ -58.79, -34.23 ], [ -58.8, -34.23 ], [ -58.8, -34.23 ], [ -58.8, -34.23 ], [ -58.8, -34.23 ], [ -58.8, -34.23 ], [ -58.8, -34.23 ], [ -58.8, -34.23 ], [ -58.8, -34.23 ], [ -58.8, -34.23 ], [ -58.8, -34.23 ], [ -58.8, -34.23 ], [ -58.8, -34.23 ], [ -58.8, -34.23 ], [ -58.8, -34.23 ], [ -58.8, -34.23 ], [ -58.8, -34.23 ], [ -58.8, -34.23 ], [ -58.8, -34.24 ], [ -58.8, -34.24 ], [ -58.8, -34.24 ], [ -58.8, -34.24 ], [ -58.8, -34.24 ], [ -58.8, -34.24 ], [ -58.8, -34.24 ], [ -58.8, -34.24 ], [ -58.8, -34.24 ], [ -58.8, -34.24 ], [ -58.8, -34.24 ], [ -58.8, -34.24 ], [ -58.8, -34.24 ], [ -58.8, -34.24 ], [ -58.8, -34.24 ], [ -58.8, -34.24 ], [ -58.8, -34.24 ], [ -58.8, -34.24 ], [ -58.8, -34.24 ], [ -58.8, -34.24 ], [ -58.8, -34.24 ], [ -58.8, -34.24 ], [ -58.8, -34.24 ], [ -58.8, -34.24 ], [ -58.8, -34.24 ], [ -58.8, -34.24 ], [ -58.8, -34.24 ], [ -58.8, -34.24 ], [ -58.8, -34.25 ], [ -58.8, -34.25 ], [ -58.8, -34.25 ], [ -58.8, -34.25 ], [ -58.8, -34.25 ], [ -58.8, -34.25 ], [ -58.79, -34.25 ], [ -58.79, -34.25 ], [ -58.79, -34.25 ], [ -58.79, -34.25 ], [ -58.79, -34.25 ], [ -58.79, -34.25 ], [ -58.79, -34.25 ], [ -58.79, -34.25 ], [ -58.79, -34.25 ], [ -58.79, -34.25 ], [ -58.79, -34.25 ], [ -58.79, -34.25 ], [ -58.79, -34.25 ], [ -58.79, -34.25 ], [ -58.79, -34.25 ], [ -58.79, -34.25 ], [ -58.79, -34.25 ], [ -58.79, -34.25 ], [ -58.79, -34.25 ], [ -58.79, -34.25 ], [ -58.79, -34.25 ], [ -58.79, -34.25 ], [ -58.79, -34.26 ], [ -58.79, -34.26 ], [ -58.79, -34.26 ], [ -58.79, -34.26 ], [ -58.79, -34.26 ], [ -58.79, -34.26 ], [ -58.79, -34.26 ], [ -58.79, -34.26 ], [ -58.79, -34.26 ], [ -58.79, -34.26 ], [ -58.79, -34.26 ], [ -58.78, -34.26 ], [ -58.78, -34.26 ], [ -58.78, -34.27 ], [ -58.78, -34.27 ], [ -58.78, -34.27 ], [ -58.78, -34.27 ], [ -58.78, -34.27 ], [ -58.78, -34.27 ], [ -58.78, -34.27 ], [ -58.78, -34.27 ], [ -58.78, -34.27 ], [ -58.78, -34.27 ], [ -58.78, -34.27 ], [ -58.78, -34.27 ], [ -58.78, -34.27 ], [ -58.78, -34.27 ], [ -58.78, -34.27 ], [ -58.78, -34.27 ], [ -58.78, -34.27 ], [ -58.78, -34.27 ], [ -58.78, -34.27 ], [ -58.78, -34.27 ], [ -58.78, -34.27 ], [ -58.78, -34.27 ], [ -58.78, -34.27 ], [ -58.78, -34.27 ], [ -58.78, -34.27 ], [ -58.78, -34.27 ], [ -58.78, -34.27 ], [ -58.78, -34.27 ], [ -58.78, -34.27 ], [ -58.78, -34.27 ], [ -58.78, -34.27 ], [ -58.78, -34.27 ], [ -58.78, -34.27 ], [ -58.78, -34.28 ], [ -58.78, -34.28 ], [ -58.78, -34.28 ], [ -58.78, -34.28 ], [ -58.78, -34.28 ], [ -58.78, -34.28 ], [ -58.78, -34.28 ], [ -58.77, -34.28 ], [ -58.77, -34.28 ], [ -58.77, -34.28 ], [ -58.77, -34.28 ], [ -58.77, -34.28 ], [ -58.77, -34.28 ], [ -58.77, -34.28 ], [ -58.77, -34.28 ], [ -58.77, -34.28 ], [ -58.78, -34.28 ], [ -58.78, -34.28 ], [ -58.78, -34.28 ], [ -58.78, -34.28 ], [ -58.78, -34.29 ], [ -58.78, -34.29 ], [ -58.78, -34.29 ], [ -58.78, -34.29 ], [ -58.78, -34.29 ], [ -58.78, -34.29 ], [ -58.78, -34.29 ], [ -58.78, -34.29 ], [ -58.78, -34.29 ], [ -58.78, -34.29 ], [ -58.78, -34.29 ], [ -58.78, -34.29 ], [ -58.78, -34.29 ], [ -58.78, -34.28 ], [ -58.79, -34.28 ], [ -58.79, -34.28 ], [ -58.79, -34.28 ], [ -58.79, -34.28 ], [ -58.79, -34.28 ], [ -58.79, -34.28 ], [ -58.79, -34.28 ], [ -58.79, -34.28 ], [ -58.79, -34.28 ], [ -58.79, -34.28 ], [ -58.79, -34.28 ], [ -58.79, -34.28 ], [ -58.79, -34.28 ], [ -58.8, -34.28 ], [ -58.8, -34.28 ], [ -58.8, -34.28 ], [ -58.8, -34.28 ], [ -58.8, -34.28 ], [ -58.8, -34.28 ], [ -58.8, -34.28 ], [ -58.8, -34.28 ], [ -58.8, -34.28 ], [ -58.8, -34.28 ], [ -58.8, -34.28 ], [ -58.8, -34.28 ], [ -58.8, -34.28 ], [ -58.8, -34.28 ], [ -58.8, -34.28 ], [ -58.8, -34.28 ], [ -58.8, -34.28 ], [ -58.8, -34.28 ], [ -58.8, -34.28 ], [ -58.8, -34.28 ], [ -58.8, -34.28 ], [ -58.8, -34.28 ], [ -58.8, -34.28 ], [ -58.8, -34.28 ], [ -58.8, -34.28 ], [ -58.8, -34.28 ], [ -58.8, -34.28 ], [ -58.81, -34.28 ], [ -58.81, -34.28 ], [ -58.81, -34.28 ], [ -58.81, -34.28 ], [ -58.81, -34.28 ], [ -58.81, -34.28 ], [ -58.81, -34.28 ], [ -58.81, -34.28 ], [ -58.81, -34.28 ], [ -58.81, -34.28 ], [ -58.81, -34.28 ], [ -58.81, -34.28 ], [ -58.81, -34.28 ], [ -58.81, -34.28 ], [ -58.81, -34.28 ], [ -58.81, -34.28 ], [ -58.81, -34.28 ], [ -58.82, -34.28 ], [ -58.82, -34.28 ], [ -58.82, -34.28 ], [ -58.82, -34.28 ], [ -58.82, -34.28 ], [ -58.82, -34.28 ], [ -58.82, -34.28 ], [ -58.82, -34.28 ], [ -58.82, -34.28 ], [ -58.82, -34.28 ], [ -58.82, -34.27 ], [ -58.82, -34.27 ], [ -58.82, -34.27 ], [ -58.82, -34.27 ], [ -58.82, -34.27 ], [ -58.82, -34.27 ], [ -58.82, -34.27 ], [ -58.82, -34.27 ], [ -58.82, -34.27 ], [ -58.82, -34.27 ], [ -58.82, -34.27 ], [ -58.82, -34.27 ], [ -58.82, -34.27 ], [ -58.82, -34.27 ], [ -58.82, -34.27 ], [ -58.82, -34.27 ], [ -58.82, -34.27 ], [ -58.82, -34.27 ], [ -58.82, -34.27 ], [ -58.82, -34.27 ], [ -58.82, -34.27 ], [ -58.82, -34.27 ], [ -58.82, -34.27 ], [ -58.82, -34.27 ], [ -58.82, -34.27 ], [ -58.83, -34.27 ], [ -58.83, -34.27 ], [ -58.83, -34.27 ], [ -58.83, -34.27 ], [ -58.83, -34.27 ], [ -58.83, -34.27 ], [ -58.83, -34.27 ], [ -58.83, -34.27 ], [ -58.83, -34.27 ], [ -58.83, -34.27 ], [ -58.83, -34.27 ], [ -58.83, -34.27 ], [ -58.83, -34.27 ], [ -58.83, -34.27 ], [ -58.83, -34.27 ], [ -58.83, -34.27 ], [ -58.83, -34.27 ], [ -58.83, -34.27 ], [ -58.83, -34.27 ], [ -58.83, -34.27 ], [ -58.83, -34.27 ], [ -58.83, -34.27 ], [ -58.83, -34.27 ], [ -58.83, -34.27 ], [ -58.83, -34.27 ], [ -58.83, -34.27 ], [ -58.83, -34.27 ], [ -58.83, -34.27 ], [ -58.83, -34.27 ], [ -58.83, -34.27 ], [ -58.83, -34.27 ], [ -58.83, -34.27 ], [ -58.83, -34.27 ], [ -58.83, -34.27 ], [ -58.83, -34.27 ], [ -58.83, -34.27 ], [ -58.84, -34.27 ], [ -58.84, -34.27 ], [ -58.84, -34.27 ], [ -58.84, -34.27 ], [ -58.84, -34.27 ], [ -58.84, -34.27 ], [ -58.84, -34.27 ], [ -58.84, -34.27 ], [ -58.84, -34.27 ], [ -58.84, -34.27 ], [ -58.84, -34.27 ], [ -58.84, -34.27 ], [ -58.84, -34.27 ], [ -58.84, -34.27 ], [ -58.84, -34.27 ], [ -58.84, -34.27 ], [ -58.84, -34.27 ], [ -58.84, -34.27 ], [ -58.84, -34.27 ], [ -58.84, -34.27 ], [ -58.84, -34.27 ], [ -58.84, -34.27 ], [ -58.84, -34.27 ], [ -58.84, -34.27 ], [ -58.84, -34.27 ], [ -58.84, -34.27 ], [ -58.84, -34.27 ], [ -58.84, -34.27 ], [ -58.84, -34.27 ], [ -58.84, -34.27 ], [ -58.84, -34.27 ], [ -58.84, -34.27 ], [ -58.84, -34.27 ], [ -58.84, -34.27 ], [ -58.84, -34.27 ], [ -58.84, -34.27 ], [ -58.84, -34.27 ], [ -58.84, -34.27 ], [ -58.84, -34.27 ], [ -58.84, -34.27 ], [ -58.84, -34.27 ], [ -58.84, -34.27 ], [ -58.85, -34.27 ], [ -58.85, -34.27 ], [ -58.85, -34.27 ], [ -58.85, -34.27 ], [ -58.85, -34.27 ], [ -58.85, -34.27 ], [ -58.85, -34.27 ], [ -58.85, -34.27 ], [ -58.85, -34.27 ], [ -58.85, -34.27 ], [ -58.85, -34.27 ], [ -58.85, -34.27 ], [ -58.85, -34.27 ], [ -58.85, -34.27 ], [ -58.85, -34.27 ], [ -58.85, -34.27 ], [ -58.85, -34.26 ], [ -58.85, -34.26 ], [ -58.85, -34.26 ], [ -58.85, -34.26 ], [ -58.85, -34.26 ], [ -58.85, -34.26 ], [ -58.85, -34.26 ], [ -58.85, -34.26 ], [ -58.85, -34.26 ], [ -58.85, -34.26 ], [ -58.85, -34.26 ], [ -58.85, -34.26 ], [ -58.85, -34.26 ], [ -58.85, -34.26 ], [ -58.85, -34.26 ], [ -58.85, -34.26 ], [ -58.85, -34.26 ], [ -58.85, -34.26 ], [ -58.85, -34.26 ], [ -58.86, -34.26 ], [ -58.86, -34.26 ], [ -58.86, -34.26 ], [ -58.86, -34.26 ], [ -58.86, -34.26 ], [ -58.86, -34.26 ], [ -58.86, -34.26 ], [ -58.86, -34.26 ], [ -58.86, -34.26 ], [ -58.86, -34.26 ], [ -58.86, -34.26 ], [ -58.86, -34.26 ], [ -58.86, -34.26 ], [ -58.86, -34.26 ], [ -58.86, -34.26 ], [ -58.86, -34.26 ], [ -58.86, -34.26 ], [ -58.86, -34.26 ], [ -58.86, -34.26 ], [ -58.86, -34.26 ], [ -58.86, -34.26 ], [ -58.86, -34.26 ], [ -58.86, -34.26 ], [ -58.86, -34.26 ], [ -58.86, -34.26 ], [ -58.86, -34.26 ], [ -58.86, -34.27 ], [ -58.86, -34.27 ], [ -58.86, -34.27 ], [ -58.86, -34.27 ], [ -58.86, -34.27 ], [ -58.86, -34.27 ], [ -58.86, -34.27 ], [ -58.86, -34.27 ], [ -58.86, -34.27 ], [ -58.86, -34.27 ], [ -58.86, -34.27 ], [ -58.86, -34.27 ], [ -58.86, -34.27 ], [ -58.86, -34.27 ], [ -58.86, -34.27 ], [ -58.86, -34.27 ], [ -58.86, -34.27 ], [ -58.86, -34.27 ], [ -58.86, -34.27 ], [ -58.86, -34.27 ], [ -58.86, -34.27 ], [ -58.86, -34.27 ], [ -58.86, -34.27 ], [ -58.86, -34.27 ], [ -58.86, -34.27 ], [ -58.86, -34.27 ], [ -58.86, -34.27 ], [ -58.86, -34.27 ], [ -58.86, -34.27 ], [ -58.86, -34.27 ], [ -58.86, -34.27 ], [ -58.86, -34.27 ], [ -58.86, -34.27 ], [ -58.86, -34.27 ], [ -58.86, -34.27 ], [ -58.86, -34.27 ], [ -58.86, -34.28 ], [ -58.86, -34.28 ], [ -58.86, -34.28 ], [ -58.86, -34.28 ], [ -58.86, -34.28 ], [ -58.86, -34.28 ], [ -58.86, -34.28 ], [ -58.86, -34.28 ], [ -58.86, -34.28 ], [ -58.86, -34.28 ], [ -58.86, -34.28 ], [ -58.87, -34.28 ], [ -58.87, -34.28 ], [ -58.87, -34.28 ], [ -58.87, -34.28 ], [ -58.87, -34.28 ], [ -58.87, -34.28 ], [ -58.87, -34.28 ], [ -58.87, -34.28 ], [ -58.87, -34.28 ], [ -58.87, -34.27 ], [ -58.87, -34.27 ], [ -58.87, -34.27 ], [ -58.87, -34.27 ], [ -58.87, -34.27 ], [ -58.87, -34.27 ], [ -58.87, -34.27 ], [ -58.87, -34.27 ], [ -58.87, -34.27 ], [ -58.87, -34.27 ], [ -58.87, -34.27 ], [ -58.87, -34.27 ], [ -58.87, -34.27 ], [ -58.87, -34.27 ], [ -58.87, -34.27 ], [ -58.87, -34.27 ], [ -58.87, -34.27 ], [ -58.87, -34.27 ], [ -58.87, -34.27 ], [ -58.87, -34.27 ], [ -58.87, -34.27 ], [ -58.87, -34.27 ], [ -58.87, -34.27 ], [ -58.87, -34.27 ], [ -58.87, -34.27 ], [ -58.87, -34.27 ], [ -58.88, -34.27 ], [ -58.88, -34.27 ], [ -58.88, -34.27 ], [ -58.88, -34.27 ], [ -58.88, -34.27 ], [ -58.88, -34.27 ], [ -58.88, -34.27 ], [ -58.88, -34.27 ], [ -58.88, -34.27 ], [ -58.87, -34.27 ], [ -58.87, -34.27 ], [ -58.87, -34.28 ], [ -58.87, -34.28 ], [ -58.87, -34.28 ], [ -58.87, -34.28 ], [ -58.88, -34.28 ], [ -58.88, -34.28 ], [ -58.88, -34.28 ], [ -58.88, -34.28 ], [ -58.88, -34.28 ], [ -58.88, -34.28 ], [ -58.88, -34.27 ], [ -58.88, -34.27 ], [ -58.88, -34.27 ], [ -58.88, -34.27 ], [ -58.88, -34.27 ], [ -58.88, -34.27 ], [ -58.88, -34.27 ], [ -58.88, -34.27 ], [ -58.88, -34.27 ], [ -58.88, -34.27 ], [ -58.88, -34.28 ], [ -58.88, -34.28 ], [ -58.88, -34.28 ], [ -58.88, -34.28 ], [ -58.88, -34.28 ], [ -58.88, -34.28 ], [ -58.88, -34.28 ], [ -58.88, -34.28 ], [ -58.88, -34.28 ], [ -58.88, -34.28 ], [ -58.88, -34.28 ], [ -58.88, -34.28 ], [ -58.88, -34.28 ], [ -58.88, -34.28 ], [ -58.88, -34.28 ], [ -58.88, -34.28 ], [ -58.88, -34.28 ], [ -58.88, -34.28 ], [ -58.88, -34.28 ], [ -58.88, -34.28 ], [ -58.88, -34.28 ], [ -58.88, -34.28 ], [ -58.88, -34.28 ], [ -58.88, -34.28 ], [ -58.88, -34.28 ], [ -58.88, -34.28 ], [ -58.88, -34.28 ], [ -58.88, -34.28 ], [ -58.88, -34.28 ], [ -58.88, -34.28 ], [ -58.88, -34.28 ], [ -58.88, -34.28 ], [ -58.88, -34.28 ], [ -58.88, -34.28 ], [ -58.88, -34.28 ], [ -58.88, -34.28 ], [ -58.88, -34.28 ], [ -58.88, -34.28 ], [ -58.88, -34.28 ], [ -58.88, -34.28 ], [ -58.88, -34.28 ], [ -58.88, -34.28 ], [ -58.88, -34.28 ], [ -58.88, -34.28 ], [ -58.88, -34.28 ], [ -58.88, -34.28 ], [ -58.88, -34.28 ], [ -58.88, -34.28 ], [ -58.88, -34.28 ], [ -58.88, -34.28 ], [ -58.88, -34.28 ], [ -58.88, -34.28 ], [ -58.88, -34.28 ], [ -58.88, -34.28 ], [ -58.88, -34.28 ], [ -58.88, -34.28 ], [ -58.88, -34.28 ], [ -58.88, -34.28 ], [ -58.88, -34.28 ], [ -58.88, -34.28 ], [ -58.88, -34.28 ], [ -58.88, -34.28 ], [ -58.88, -34.28 ], [ -58.88, -34.28 ], [ -58.88, -34.28 ], [ -58.88, -34.28 ], [ -58.88, -34.28 ], [ -58.88, -34.28 ], [ -58.88, -34.28 ], [ -58.88, -34.28 ], [ -58.88, -34.28 ], [ -58.88, -34.28 ], [ -58.88, -34.28 ], [ -58.88, -34.28 ], [ -58.88, -34.28 ], [ -58.88, -34.28 ], [ -58.88, -34.28 ], [ -58.88, -34.28 ], [ -58.88, -34.28 ], [ -58.88, -34.28 ], [ -58.88, -34.28 ], [ -58.88, -34.28 ], [ -58.88, -34.28 ], [ -58.88, -34.28 ], [ -58.88, -34.28 ], [ -58.88, -34.28 ], [ -58.88, -34.28 ], [ -58.88, -34.28 ], [ -58.88, -34.28 ], [ -58.88, -34.29 ], [ -58.88, -34.29 ], [ -58.88, -34.29 ], [ -58.88, -34.29 ], [ -58.88, -34.29 ], [ -58.88, -34.29 ], [ -58.88, -34.29 ], [ -58.88, -34.29 ], [ -58.88, -34.29 ], [ -58.88, -34.29 ], [ -58.88, -34.29 ], [ -58.88, -34.29 ], [ -58.88, -34.29 ], [ -58.88, -34.29 ], [ -58.88, -34.29 ], [ -58.88, -34.29 ], [ -58.88, -34.29 ], [ -58.88, -34.29 ], [ -58.88, -34.29 ], [ -58.88, -34.29 ], [ -58.88, -34.29 ], [ -58.88, -34.29 ], [ -58.88, -34.29 ], [ -58.88, -34.29 ], [ -58.88, -34.29 ], [ -58.88, -34.29 ], [ -58.88, -34.29 ], [ -58.88, -34.29 ], [ -58.88, -34.29 ], [ -58.88, -34.29 ], [ -58.88, -34.29 ], [ -58.88, -34.29 ], [ -58.88, -34.29 ], [ -58.88, -34.29 ], [ -58.88, -34.29 ], [ -58.88, -34.29 ], [ -58.88, -34.29 ], [ -58.88, -34.29 ], [ -58.88, -34.29 ], [ -58.88, -34.29 ], [ -58.88, -34.29 ], [ -58.88, -34.29 ], [ -58.88, -34.29 ], [ -58.88, -34.29 ], [ -58.88, -34.29 ], [ -58.88, -34.29 ], [ -58.88, -34.29 ], [ -58.88, -34.29 ], [ -58.88, -34.29 ], [ -58.88, -34.29 ], [ -58.88, -34.29 ], [ -58.88, -34.29 ], [ -58.88, -34.29 ], [ -58.88, -34.29 ], [ -58.88, -34.29 ], [ -58.88, -34.29 ], [ -58.88, -34.29 ], [ -58.88, -34.29 ], [ -58.88, -34.29 ], [ -58.88, -34.29 ], [ -58.88, -34.29 ], [ -58.88, -34.29 ], [ -58.88, -34.29 ], [ -58.88, -34.29 ], [ -58.88, -34.29 ], [ -58.88, -34.29 ], [ -58.88, -34.29 ], [ -58.88, -34.29 ], [ -58.88, -34.29 ], [ -58.88, -34.29 ], [ -58.88, -34.29 ], [ -58.88, -34.29 ], [ -58.88, -34.29 ], [ -58.88, -34.29 ], [ -58.88, -34.29 ], [ -58.88, -34.29 ], [ -58.88, -34.29 ], [ -58.88, -34.29 ], [ -58.88, -34.29 ], [ -58.88, -34.29 ], [ -58.88, -34.29 ], [ -58.88, -34.29 ], [ -58.88, -34.29 ], [ -58.88, -34.29 ], [ -58.88, -34.29 ], [ -58.88, -34.29 ], [ -58.88, -34.29 ], [ -58.88, -34.29 ], [ -58.88, -34.29 ], [ -58.88, -34.29 ], [ -58.88, -34.29 ], [ -58.88, -34.29 ], [ -58.88, -34.29 ], [ -58.88, -34.29 ], [ -58.88, -34.29 ], [ -58.88, -34.29 ], [ -58.88, -34.29 ], [ -58.88, -34.29 ], [ -58.88, -34.29 ], [ -58.88, -34.29 ], [ -58.88, -34.29 ], [ -58.88, -34.29 ], [ -58.88, -34.29 ], [ -58.88, -34.29 ], [ -58.88, -34.29 ], [ -58.88, -34.29 ], [ -58.88, -34.29 ], [ -58.88, -34.29 ], [ -58.88, -34.29 ], [ -58.88, -34.29 ], [ -58.88, -34.29 ], [ -58.88, -34.29 ], [ -58.88, -34.29 ], [ -58.88, -34.29 ], [ -58.88, -34.3 ], [ -58.88, -34.3 ], [ -58.88, -34.3 ], [ -58.88, -34.3 ], [ -58.88, -34.3 ], [ -58.88, -34.3 ], [ -58.88, -34.3 ], [ -58.88, -34.3 ], [ -58.88, -34.3 ], [ -58.88, -34.3 ], [ -58.88, -34.3 ], [ -58.88, -34.3 ], [ -58.88, -34.3 ], [ -58.88, -34.3 ], [ -58.88, -34.3 ], [ -58.88, -34.3 ], [ -58.88, -34.3 ], [ -58.88, -34.3 ], [ -58.88, -34.3 ], [ -58.88, -34.3 ], [ -58.88, -34.3 ], [ -58.88, -34.3 ], [ -58.88, -34.3 ], [ -58.88, -34.3 ], [ -58.88, -34.3 ], [ -58.88, -34.3 ], [ -58.88, -34.3 ], [ -58.88, -34.3 ], [ -58.88, -34.3 ], [ -58.88, -34.3 ], [ -58.88, -34.3 ], [ -58.88, -34.3 ], [ -58.88, -34.3 ], [ -58.88, -34.3 ], [ -58.88, -34.3 ], [ -58.88, -34.3 ], [ -58.88, -34.3 ], [ -58.88, -34.3 ], [ -58.89, -34.3 ], [ -58.89, -34.3 ], [ -58.89, -34.3 ], [ -58.89, -34.3 ], [ -58.89, -34.3 ], [ -58.88, -34.3 ], [ -58.88, -34.3 ], [ -58.88, -34.3 ], [ -58.88, -34.3 ], [ -58.88, -34.3 ], [ -58.88, -34.3 ], [ -58.89, -34.3 ], [ -58.89, -34.3 ], [ -58.89, -34.3 ], [ -58.89, -34.3 ], [ -58.89, -34.3 ], [ -58.89, -34.3 ], [ -58.89, -34.3 ], [ -58.89, -34.3 ], [ -58.89, -34.3 ], [ -58.89, -34.3 ], [ -58.89, -34.3 ], [ -58.89, -34.3 ], [ -58.89, -34.3 ], [ -58.89, -34.3 ], [ -58.89, -34.3 ], [ -58.89, -34.3 ], [ -58.89, -34.3 ], [ -58.89, -34.3 ], [ -58.89, -34.3 ], [ -58.89, -34.3 ], [ -58.89, -34.3 ], [ -58.89, -34.3 ], [ -58.89, -34.3 ], [ -58.89, -34.3 ], [ -58.89, -34.3 ], [ -58.89, -34.3 ], [ -58.89, -34.3 ], [ -58.89, -34.3 ], [ -58.89, -34.3 ], [ -58.89, -34.3 ], [ -58.89, -34.3 ], [ -58.89, -34.3 ], [ -58.89, -34.3 ], [ -58.89, -34.3 ], [ -58.89, -34.3 ], [ -58.89, -34.3 ], [ -58.89, -34.3 ], [ -58.89, -34.3 ], [ -58.89, -34.3 ], [ -58.89, -34.3 ], [ -58.89, -34.3 ], [ -58.89, -34.3 ], [ -58.89, -34.3 ], [ -58.89, -34.31 ], [ -58.89, -34.31 ], [ -58.89, -34.3 ], [ -58.89, -34.3 ], [ -58.89, -34.3 ], [ -58.89, -34.3 ], [ -58.89, -34.3 ], [ -58.89, -34.3 ], [ -58.89, -34.3 ], [ -58.89, -34.3 ], [ -58.89, -34.3 ], [ -58.89, -34.3 ], [ -58.89, -34.3 ], [ -58.89, -34.3 ], [ -58.89, -34.3 ], [ -58.89, -34.3 ], [ -58.89, -34.3 ], [ -58.89, -34.3 ], [ -58.89, -34.3 ], [ -58.89, -34.3 ], [ -58.89, -34.3 ], [ -58.89, -34.3 ], [ -58.89, -34.3 ], [ -58.89, -34.3 ], [ -58.89, -34.3 ], [ -58.89, -34.3 ], [ -58.89, -34.3 ], [ -58.89, -34.3 ], [ -58.89, -34.3 ], [ -58.89, -34.3 ], [ -58.89, -34.3 ], [ -58.89, -34.3 ], [ -58.89, -34.31 ], [ -58.89, -34.31 ], [ -58.89, -34.31 ], [ -58.89, -34.31 ], [ -58.89, -34.31 ], [ -58.89, -34.31 ], [ -58.89, -34.31 ], [ -58.89, -34.31 ], [ -58.89, -34.31 ], [ -58.89, -34.31 ], [ -58.89, -34.31 ], [ -58.89, -34.31 ], [ -58.89, -34.31 ], [ -58.89, -34.31 ], [ -58.89, -34.31 ], [ -58.89, -34.31 ], [ -58.89, -34.31 ], [ -58.89, -34.31 ], [ -58.89, -34.31 ], [ -58.89, -34.31 ], [ -58.9, -34.31 ], [ -58.9, -34.31 ], [ -58.9, -34.31 ], [ -58.9, -34.31 ], [ -58.9, -34.31 ], [ -58.9, -34.31 ], [ -58.9, -34.31 ], [ -58.9, -34.31 ], [ -58.9, -34.31 ], [ -58.9, -34.31 ], [ -58.9, -34.31 ], [ -58.9, -34.31 ], [ -58.9, -34.31 ], [ -58.9, -34.31 ], [ -58.9, -34.31 ], [ -58.9, -34.31 ], [ -58.9, -34.31 ], [ -58.9, -34.31 ], [ -58.9, -34.31 ], [ -58.9, -34.31 ], [ -58.9, -34.31 ], [ -58.9, -34.31 ], [ -58.9, -34.31 ], [ -58.9, -34.31 ], [ -58.9, -34.31 ], [ -58.9, -34.31 ], [ -58.9, -34.31 ], [ -58.9, -34.31 ], [ -58.9, -34.31 ], [ -58.9, -34.31 ], [ -58.9, -34.31 ], [ -58.9, -34.31 ], [ -58.9, -34.31 ], [ -58.9, -34.31 ], [ -58.9, -34.31 ], [ -58.9, -34.31 ], [ -58.9, -34.31 ], [ -58.9, -34.31 ], [ -58.9, -34.31 ], [ -58.9, -34.31 ], [ -58.9, -34.31 ], [ -58.9, -34.31 ], [ -58.9, -34.31 ], [ -58.89, -34.33 ], [ -58.88, -34.34 ], [ -58.88, -34.34 ], [ -58.87, -34.35 ], [ -58.87, -34.35 ], [ -58.86, -34.36 ], [ -58.85, -34.37 ], [ -58.85, -34.37 ], [ -58.84, -34.39 ], [ -58.84, -34.39 ], [ -58.84, -34.39 ], [ -58.84, -34.39 ], [ -58.84, -34.39 ], [ -58.84, -34.39 ], [ -58.84, -34.39 ], [ -58.84, -34.39 ], [ -58.83, -34.4 ], [ -58.83, -34.4 ], [ -58.82, -34.41 ], [ -58.82, -34.41 ], [ -58.82, -34.42 ], [ -58.82, -34.42 ], [ -58.82, -34.42 ], [ -58.82, -34.42 ], [ -58.82, -34.41 ], [ -58.82, -34.41 ], [ -58.82, -34.41 ], [ -58.81, -34.41 ], [ -58.81, -34.41 ], [ -58.81, -34.41 ], [ -58.81, -34.41 ], [ -58.81, -34.41 ], [ -58.81, -34.41 ], [ -58.81, -34.41 ], [ -58.81, -34.41 ], [ -58.81, -34.41 ], [ -58.81, -34.41 ], [ -58.81, -34.41 ], [ -58.81, -34.41 ], [ -58.81, -34.41 ], [ -58.81, -34.41 ], [ -58.81, -34.41 ], [ -58.81, -34.41 ], [ -58.81, -34.41 ], [ -58.81, -34.41 ], [ -58.81, -34.41 ], [ -58.81, -34.41 ], [ -58.81, -34.41 ], [ -58.81, -34.41 ], [ -58.81, -34.41 ], [ -58.81, -34.41 ], [ -58.81, -34.41 ], [ -58.81, -34.41 ], [ -58.81, -34.41 ], [ -58.81, -34.41 ], [ -58.81, -34.41 ], [ -58.81, -34.41 ], [ -58.81, -34.41 ], [ -58.81, -34.41 ], [ -58.81, -34.41 ], [ -58.81, -34.41 ], [ -58.81, -34.41 ], [ -58.81, -34.41 ], [ -58.81, -34.41 ], [ -58.81, -34.41 ], [ -58.81, -34.41 ], [ -58.81, -34.41 ], [ -58.81, -34.41 ], [ -58.81, -34.41 ], [ -58.81, -34.41 ], [ -58.81, -34.41 ], [ -58.81, -34.41 ], [ -58.81, -34.41 ], [ -58.81, -34.41 ], [ -58.81, -34.41 ], [ -58.81, -34.41 ], [ -58.81, -34.41 ], [ -58.81, -34.41 ], [ -58.81, -34.41 ], [ -58.81, -34.41 ], [ -58.81, -34.41 ], [ -58.81, -34.41 ], [ -58.81, -34.41 ], [ -58.81, -34.41 ], [ -58.81, -34.41 ], [ -58.81, -34.41 ], [ -58.81, -34.41 ], [ -58.81, -34.41 ], [ -58.81, -34.41 ], [ -58.81, -34.41 ], [ -58.81, -34.41 ], [ -58.81, -34.41 ], [ -58.81, -34.41 ], [ -58.81, -34.41 ], [ -58.81, -34.41 ], [ -58.81, -34.41 ], [ -58.81, -34.41 ], [ -58.81, -34.41 ], [ -58.81, -34.41 ], [ -58.81, -34.41 ], [ -58.81, -34.41 ], [ -58.81, -34.41 ], [ -58.81, -34.41 ], [ -58.81, -34.41 ], [ -58.81, -34.41 ], [ -58.81, -34.41 ], [ -58.81, -34.41 ], [ -58.81, -34.41 ], [ -58.81, -34.41 ], [ -58.81, -34.41 ], [ -58.81, -34.41 ], [ -58.81, -34.41 ], [ -58.81, -34.41 ], [ -58.81, -34.41 ], [ -58.81, -34.41 ], [ -58.81, -34.41 ], [ -58.81, -34.41 ], [ -58.8, -34.41 ], [ -58.8, -34.41 ], [ -58.8, -34.41 ], [ -58.8, -34.41 ], [ -58.8, -34.41 ], [ -58.8, -34.41 ], [ -58.8, -34.41 ], [ -58.8, -34.41 ], [ -58.8, -34.41 ], [ -58.8, -34.41 ], [ -58.8, -34.41 ], [ -58.8, -34.41 ], [ -58.8, -34.41 ], [ -58.8, -34.41 ], [ -58.8, -34.41 ], [ -58.8, -34.41 ], [ -58.8, -34.41 ], [ -58.8, -34.41 ], [ -58.8, -34.41 ], [ -58.8, -34.41 ], [ -58.8, -34.41 ], [ -58.8, -34.41 ], [ -58.8, -34.41 ], [ -58.8, -34.41 ], [ -58.8, -34.41 ], [ -58.8, -34.41 ], [ -58.8, -34.41 ], [ -58.8, -34.41 ], [ -58.8, -34.41 ], [ -58.8, -34.41 ], [ -58.8, -34.41 ], [ -58.8, -34.41 ], [ -58.79, -34.41 ], [ -58.79, -34.41 ], [ -58.79, -34.41 ], [ -58.79, -34.41 ], [ -58.79, -34.41 ], [ -58.79, -34.41 ], [ -58.79, -34.41 ], [ -58.79, -34.41 ], [ -58.79, -34.41 ], [ -58.79, -34.41 ], [ -58.79, -34.41 ], [ -58.79, -34.41 ], [ -58.79, -34.41 ], [ -58.79, -34.41 ], [ -58.79, -34.41 ], [ -58.79, -34.41 ], [ -58.79, -34.41 ], [ -58.79, -34.41 ], [ -58.79, -34.41 ], [ -58.79, -34.41 ], [ -58.79, -34.41 ], [ -58.79, -34.41 ], [ -58.79, -34.4 ], [ -58.79, -34.4 ], [ -58.79, -34.4 ], [ -58.79, -34.4 ], [ -58.79, -34.4 ], [ -58.79, -34.4 ], [ -58.79, -34.4 ], [ -58.79, -34.4 ], [ -58.79, -34.4 ], [ -58.79, -34.4 ], [ -58.79, -34.4 ], [ -58.79, -34.4 ], [ -58.79, -34.4 ], [ -58.79, -34.4 ], [ -58.79, -34.4 ], [ -58.79, -34.4 ], [ -58.79, -34.4 ], [ -58.79, -34.4 ], [ -58.79, -34.4 ], [ -58.79, -34.4 ], [ -58.79, -34.4 ], [ -58.79, -34.4 ], [ -58.79, -34.4 ], [ -58.79, -34.4 ], [ -58.79, -34.4 ], [ -58.79, -34.4 ], [ -58.79, -34.4 ], [ -58.78, -34.4 ], [ -58.78, -34.4 ], [ -58.78, -34.4 ], [ -58.77, -34.41 ], [ -58.77, -34.42 ], [ -58.76, -34.42 ], [ -58.76, -34.43 ], [ -58.76, -34.43 ], [ -58.75, -34.44 ], [ -58.75, -34.44 ], [ -58.74, -34.45 ], [ -58.74, -34.46 ], [ -58.74, -34.46 ], [ -58.73, -34.46 ], [ -58.73, -34.45 ], [ -58.73, -34.45 ], [ -58.73, -34.45 ], [ -58.73, -34.45 ], [ -58.72, -34.45 ], [ -58.72, -34.45 ], [ -58.72, -34.45 ], [ -58.71, -34.44 ], [ -58.71, -34.44 ], [ -58.71, -34.44 ], [ -58.71, -34.44 ], [ -58.71, -34.44 ], [ -58.71, -34.44 ], [ -58.71, -34.43 ], [ -58.71, -34.43 ], [ -58.71, -34.43 ], [ -58.71, -34.43 ], [ -58.72, -34.43 ], [ -58.72, -34.43 ], [ -58.72, -34.42 ], [ -58.72, -34.42 ], [ -58.73, -34.41 ], [ -58.73, -34.41 ], [ -58.73, -34.41 ], [ -58.73, -34.41 ], [ -58.73, -34.4 ], [ -58.73, -34.4 ], [ -58.72, -34.39 ], [ -58.72, -34.39 ], [ -58.72, -34.39 ], [ -58.72, -34.39 ], [ -58.72, -34.39 ], [ -58.72, -34.39 ], [ -58.72, -34.39 ], [ -58.72, -34.39 ], [ -58.72, -34.39 ], [ -58.72, -34.39 ], [ -58.72, -34.39 ], [ -58.72, -34.39 ], [ -58.72, -34.39 ], [ -58.72, -34.39 ], [ -58.72, -34.39 ], [ -58.71, -34.39 ], [ -58.71, -34.39 ], [ -58.71, -34.39 ], [ -58.71, -34.39 ], [ -58.71, -34.39 ], [ -58.71, -34.38 ], [ -58.71, -34.38 ], [ -58.71, -34.37 ], [ -58.71, -34.37 ], [ -58.71, -34.37 ], [ -58.71, -34.37 ], [ -58.72, -34.37 ], [ -58.72, -34.36 ], [ -58.72, -34.36 ], [ -58.72, -34.36 ], [ -58.72, -34.36 ], [ -58.72, -34.36 ], [ -58.7, -34.35 ], [ -58.69, -34.35 ], [ -58.69, -34.35 ], [ -58.69, -34.35 ], [ -58.69, -34.35 ], [ -58.69, -34.35 ], [ -58.69, -34.35 ], [ -58.69, -34.35 ], [ -58.69, -34.35 ], [ -58.68, -34.35 ], [ -58.68, -34.35 ], [ -58.68, -34.35 ], [ -58.68, -34.35 ], [ -58.68, -34.35 ], [ -58.68, -34.34 ], [ -58.68, -34.34 ], [ -58.68, -34.34 ], [ -58.68, -34.34 ], [ -58.68, -34.34 ], [ -58.68, -34.34 ], [ -58.68, -34.33 ], [ -58.68, -34.33 ], [ -58.67, -34.33 ], [ -58.67, -34.33 ], [ -58.67, -34.33 ], [ -58.67, -34.32 ], [ -58.67, -34.32 ], [ -58.67, -34.32 ], [ -58.67, -34.32 ], [ -58.67, -34.32 ], [ -58.67, -34.32 ], [ -58.67, -34.31 ], [ -58.67, -34.31 ], [ -58.67, -34.31 ], [ -58.67, -34.31 ], [ -58.67, -34.31 ], [ -58.67, -34.31 ], [ -58.67, -34.3 ], [ -58.66, -34.3 ], [ -58.66, -34.3 ], [ -58.66, -34.3 ], [ -58.66, -34.3 ], [ -58.66, -34.3 ], [ -58.66, -34.3 ], [ -58.66, -34.29 ], [ -58.66, -34.29 ], [ -58.66, -34.29 ], [ -58.66, -34.29 ], [ -58.66, -34.29 ], [ -58.66, -34.29 ], [ -58.66, -34.29 ], [ -58.66, -34.28 ], [ -58.66, -34.28 ], [ -58.66, -34.28 ], [ -58.66, -34.28 ], [ -58.66, -34.27 ], [ -58.65, -34.27 ], [ -58.65, -34.27 ], [ -58.65, -34.27 ], [ -58.65, -34.27 ], [ -58.65, -34.27 ], [ -58.65, -34.26 ], [ -58.66, -34.26 ], [ -58.68, -34.26 ], [ -58.69, -34.25 ], [ -58.71, -34.25 ], [ -58.72, -34.25 ], [ -58.73, -34.24 ], [ -58.74, -34.24 ], [ -58.75, -34.24 ], [ -58.76, -34.24 ], [ -58.77, -34.24 ], [ -58.78, -34.24 ], [ -58.79, -34.23 ], [ -58.79, -34.23 ] ] ] ] } },
{ "type": "Feature", "properties": { "id": null, "comuna": null, "perimetro_": null, "area_metro": null, "nam": "Malvinas Argentinas", "cca": "133", "cde": "06515", "fna": "Partido de Malvinas Argentinas", "gna": "Partido", "ara3": 62.93, "arl": 63.09 }, "geometry": { "type": "MultiPolygon", "coordinates": [ [ [ [ -58.75, -34.47 ], [ -58.76, -34.46 ], [ -58.76, -34.46 ], [ -58.76, -34.47 ], [ -58.76, -34.47 ], [ -58.77, -34.46 ], [ -58.77, -34.47 ], [ -58.77, -34.47 ], [ -58.77, -34.47 ], [ -58.78, -34.47 ], [ -58.78, -34.47 ], [ -58.78, -34.47 ], [ -58.78, -34.48 ], [ -58.78, -34.48 ], [ -58.78, -34.48 ], [ -58.78, -34.48 ], [ -58.78, -34.48 ], [ -58.77, -34.49 ], [ -58.77, -34.49 ], [ -58.77, -34.49 ], [ -58.77, -34.49 ], [ -58.77, -34.49 ], [ -58.77, -34.49 ], [ -58.77, -34.49 ], [ -58.76, -34.5 ], [ -58.75, -34.5 ], [ -58.75, -34.5 ], [ -58.74, -34.5 ], [ -58.74, -34.51 ], [ -58.73, -34.51 ], [ -58.73, -34.51 ], [ -58.73, -34.51 ], [ -58.73, -34.51 ], [ -58.72, -34.52 ], [ -58.72, -34.52 ], [ -58.7, -34.53 ], [ -58.69, -34.53 ], [ -58.69, -34.53 ], [ -58.69, -34.53 ], [ -58.67, -34.51 ], [ -58.65, -34.5 ], [ -58.65, -34.5 ], [ -58.65, -34.5 ], [ -58.65, -34.5 ], [ -58.65, -34.5 ], [ -58.66, -34.49 ], [ -58.66, -34.49 ], [ -58.67, -34.49 ], [ -58.67, -34.48 ], [ -58.67, -34.48 ], [ -58.67, -34.48 ], [ -58.68, -34.47 ], [ -58.68, -34.47 ], [ -58.68, -34.47 ], [ -58.68, -34.47 ], [ -58.68, -34.47 ], [ -58.68, -34.47 ], [ -58.68, -34.47 ], [ -58.69, -34.45 ], [ -58.7, -34.45 ], [ -58.7, -34.45 ], [ -58.7, -34.45 ], [ -58.7, -34.45 ], [ -58.71, -34.44 ], [ -58.71, -34.44 ], [ -58.72, -34.45 ], [ -58.72, -34.45 ], [ -58.73, -34.45 ], [ -58.73, -34.45 ], [ -58.74, -34.46 ], [ -58.74, -34.46 ], [ -58.74, -34.46 ], [ -58.74, -34.46 ], [ -58.74, -34.46 ], [ -58.75, -34.47 ], [ -58.75, -34.47 ] ] ] ] } },
{ "type": "Feature", "properties": { "id": null, "comuna": null, "perimetro_": null, "area_metro": null, "nam": "Ituzaingó", "cca": "136", "cde": "06410", "fna": "Partido de Ituzaingó", "gna": "Partido", "ara3": 38.17, "arl": 38.24 }, "geometry": { "type": "MultiPolygon", "coordinates": [ [ [ [ -58.72, -34.63 ], [ -58.72, -34.63 ], [ -58.72, -34.63 ], [ -58.72, -34.63 ], [ -58.72, -34.63 ], [ -58.72, -34.63 ], [ -58.72, -34.63 ], [ -58.72, -34.63 ], [ -58.72, -34.63 ], [ -58.72, -34.63 ], [ -58.72, -34.63 ], [ -58.72, -34.63 ], [ -58.72, -34.63 ], [ -58.72, -34.63 ], [ -58.72, -34.63 ], [ -58.72, -34.63 ], [ -58.72, -34.63 ], [ -58.72, -34.63 ], [ -58.72, -34.63 ], [ -58.72, -34.63 ], [ -58.72, -34.62 ], [ -58.72, -34.62 ], [ -58.72, -34.62 ], [ -58.72, -34.62 ], [ -58.72, -34.62 ], [ -58.72, -34.62 ], [ -58.72, -34.62 ], [ -58.72, -34.62 ], [ -58.72, -34.62 ], [ -58.72, -34.62 ], [ -58.72, -34.62 ], [ -58.72, -34.62 ], [ -58.72, -34.62 ], [ -58.72, -34.62 ], [ -58.72, -34.62 ], [ -58.72, -34.62 ], [ -58.72, -34.62 ], [ -58.72, -34.62 ], [ -58.72, -34.62 ], [ -58.72, -34.62 ], [ -58.72, -34.62 ], [ -58.72, -34.62 ], [ -58.72, -34.62 ], [ -58.72, -34.62 ], [ -58.72, -34.62 ], [ -58.72, -34.62 ], [ -58.72, -34.62 ], [ -58.72, -34.62 ], [ -58.72, -34.62 ], [ -58.72, -34.62 ], [ -58.72, -34.62 ], [ -58.72, -34.62 ], [ -58.72, -34.62 ], [ -58.72, -34.62 ], [ -58.72, -34.62 ], [ -58.72, -34.62 ], [ -58.72, -34.62 ], [ -58.72, -34.62 ], [ -58.72, -34.62 ], [ -58.72, -34.62 ], [ -58.72, -34.62 ], [ -58.72, -34.62 ], [ -58.72, -34.62 ], [ -58.72, -34.62 ], [ -58.72, -34.62 ], [ -58.72, -34.62 ], [ -58.72, -34.62 ], [ -58.72, -34.62 ], [ -58.72, -34.62 ], [ -58.72, -34.62 ], [ -58.72, -34.62 ], [ -58.72, -34.62 ], [ -58.72, -34.62 ], [ -58.72, -34.62 ], [ -58.72, -34.62 ], [ -58.72, -34.62 ], [ -58.72, -34.61 ], [ -58.72, -34.61 ], [ -58.72, -34.61 ], [ -58.72, -34.61 ], [ -58.72, -34.61 ], [ -58.72, -34.61 ], [ -58.72, -34.61 ], [ -58.72, -34.61 ], [ -58.72, -34.61 ], [ -58.72, -34.61 ], [ -58.72, -34.61 ], [ -58.72, -34.61 ], [ -58.72, -34.61 ], [ -58.72, -34.61 ], [ -58.72, -34.61 ], [ -58.72, -34.61 ], [ -58.72, -34.61 ], [ -58.72, -34.61 ], [ -58.72, -34.61 ], [ -58.72, -34.61 ], [ -58.72, -34.61 ], [ -58.72, -34.61 ], [ -58.72, -34.61 ], [ -58.72, -34.61 ], [ -58.72, -34.61 ], [ -58.72, -34.61 ], [ -58.72, -34.61 ], [ -58.72, -34.61 ], [ -58.72, -34.61 ], [ -58.72, -34.61 ], [ -58.72, -34.61 ], [ -58.72, -34.61 ], [ -58.72, -34.61 ], [ -58.72, -34.61 ], [ -58.72, -34.61 ], [ -58.72, -34.61 ], [ -58.72, -34.61 ], [ -58.72, -34.61 ], [ -58.72, -34.61 ], [ -58.72, -34.61 ], [ -58.72, -34.61 ], [ -58.72, -34.61 ], [ -58.72, -34.61 ], [ -58.72, -34.61 ], [ -58.72, -34.61 ], [ -58.72, -34.61 ], [ -58.72, -34.61 ], [ -58.72, -34.61 ], [ -58.72, -34.61 ], [ -58.72, -34.61 ], [ -58.72, -34.61 ], [ -58.72, -34.61 ], [ -58.72, -34.61 ], [ -58.72, -34.61 ], [ -58.72, -34.61 ], [ -58.72, -34.61 ], [ -58.72, -34.61 ], [ -58.72, -34.61 ], [ -58.72, -34.61 ], [ -58.72, -34.61 ], [ -58.72, -34.61 ], [ -58.72, -34.61 ], [ -58.72, -34.61 ], [ -58.72, -34.61 ], [ -58.72, -34.61 ], [ -58.72, -34.61 ], [ -58.71, -34.61 ], [ -58.71, -34.61 ], [ -58.71, -34.61 ], [ -58.71, -34.61 ], [ -58.71, -34.61 ], [ -58.71, -34.61 ], [ -58.71, -34.61 ], [ -58.71, -34.61 ], [ -58.71, -34.61 ], [ -58.71, -34.61 ], [ -58.71, -34.61 ], [ -58.71, -34.6 ], [ -58.71, -34.6 ], [ -58.71, -34.6 ], [ -58.71, -34.6 ], [ -58.71, -34.6 ], [ -58.71, -34.6 ], [ -58.71, -34.6 ], [ -58.71, -34.6 ], [ -58.71, -34.6 ], [ -58.71, -34.6 ], [ -58.71, -34.6 ], [ -58.71, -34.6 ], [ -58.71, -34.6 ], [ -58.71, -34.6 ], [ -58.71, -34.6 ], [ -58.71, -34.6 ], [ -58.71, -34.6 ], [ -58.71, -34.6 ], [ -58.71, -34.6 ], [ -58.71, -34.6 ], [ -58.71, -34.6 ], [ -58.71, -34.6 ], [ -58.71, -34.6 ], [ -58.71, -34.6 ], [ -58.71, -34.6 ], [ -58.71, -34.6 ], [ -58.71, -34.6 ], [ -58.71, -34.6 ], [ -58.71, -34.6 ], [ -58.71, -34.6 ], [ -58.71, -34.6 ], [ -58.71, -34.6 ], [ -58.71, -34.6 ], [ -58.71, -34.6 ], [ -58.71, -34.6 ], [ -58.71, -34.6 ], [ -58.71, -34.6 ], [ -58.71, -34.6 ], [ -58.71, -34.6 ], [ -58.71, -34.6 ], [ -58.71, -34.6 ], [ -58.71, -34.6 ], [ -58.71, -34.6 ], [ -58.71, -34.6 ], [ -58.71, -34.6 ], [ -58.71, -34.6 ], [ -58.71, -34.6 ], [ -58.71, -34.6 ], [ -58.7, -34.6 ], [ -58.7, -34.6 ], [ -58.7, -34.6 ], [ -58.7, -34.6 ], [ -58.7, -34.6 ], [ -58.7, -34.6 ], [ -58.7, -34.6 ], [ -58.7, -34.6 ], [ -58.7, -34.6 ], [ -58.7, -34.6 ], [ -58.7, -34.6 ], [ -58.7, -34.6 ], [ -58.7, -34.6 ], [ -58.7, -34.6 ], [ -58.7, -34.6 ], [ -58.7, -34.6 ], [ -58.7, -34.6 ], [ -58.7, -34.6 ], [ -58.7, -34.6 ], [ -58.7, -34.6 ], [ -58.7, -34.6 ], [ -58.7, -34.6 ], [ -58.7, -34.6 ], [ -58.7, -34.6 ], [ -58.7, -34.6 ], [ -58.7, -34.6 ], [ -58.7, -34.6 ], [ -58.7, -34.6 ], [ -58.7, -34.6 ], [ -58.7, -34.6 ], [ -58.7, -34.6 ], [ -58.7, -34.6 ], [ -58.7, -34.6 ], [ -58.7, -34.6 ], [ -58.7, -34.6 ], [ -58.7, -34.6 ], [ -58.7, -34.6 ], [ -58.7, -34.6 ], [ -58.7, -34.59 ], [ -58.7, -34.59 ], [ -58.7, -34.59 ], [ -58.7, -34.59 ], [ -58.69, -34.59 ], [ -58.69, -34.59 ], [ -58.69, -34.59 ], [ -58.69, -34.59 ], [ -58.69, -34.59 ], [ -58.69, -34.59 ], [ -58.69, -34.59 ], [ -58.69, -34.6 ], [ -58.69, -34.6 ], [ -58.69, -34.6 ], [ -58.68, -34.6 ], [ -58.68, -34.6 ], [ -58.68, -34.6 ], [ -58.68, -34.61 ], [ -58.68, -34.61 ], [ -58.68, -34.61 ], [ -58.68, -34.61 ], [ -58.68, -34.61 ], [ -58.67, -34.61 ], [ -58.67, -34.62 ], [ -58.67, -34.62 ], [ -58.67, -34.62 ], [ -58.66, -34.62 ], [ -58.66, -34.63 ], [ -58.66, -34.63 ], [ -58.65, -34.63 ], [ -58.65, -34.63 ], [ -58.65, -34.63 ], [ -58.65, -34.63 ], [ -58.65, -34.63 ], [ -58.65, -34.63 ], [ -58.65, -34.63 ], [ -58.65, -34.63 ], [ -58.65, -34.63 ], [ -58.65, -34.63 ], [ -58.65, -34.63 ], [ -58.65, -34.63 ], [ -58.65, -34.63 ], [ -58.65, -34.63 ], [ -58.65, -34.63 ], [ -58.65, -34.63 ], [ -58.65, -34.63 ], [ -58.65, -34.63 ], [ -58.65, -34.63 ], [ -58.65, -34.64 ], [ -58.66, -34.64 ], [ -58.66, -34.64 ], [ -58.66, -34.64 ], [ -58.66, -34.64 ], [ -58.66, -34.65 ], [ -58.66, -34.65 ], [ -58.66, -34.65 ], [ -58.66, -34.65 ], [ -58.66, -34.66 ], [ -58.66, -34.66 ], [ -58.66, -34.66 ], [ -58.66, -34.66 ], [ -58.66, -34.66 ], [ -58.66, -34.67 ], [ -58.66, -34.67 ], [ -58.66, -34.67 ], [ -58.66, -34.67 ], [ -58.66, -34.67 ], [ -58.66, -34.68 ], [ -58.67, -34.68 ], [ -58.67, -34.68 ], [ -58.67, -34.68 ], [ -58.67, -34.68 ], [ -58.67, -34.69 ], [ -58.67, -34.69 ], [ -58.67, -34.69 ], [ -58.67, -34.68 ], [ -58.67, -34.68 ], [ -58.68, -34.68 ], [ -58.68, -34.67 ], [ -58.68, -34.67 ], [ -58.69, -34.67 ], [ -58.69, -34.67 ], [ -58.69, -34.67 ], [ -58.69, -34.67 ], [ -58.69, -34.67 ], [ -58.69, -34.67 ], [ -58.69, -34.67 ], [ -58.69, -34.67 ], [ -58.69, -34.66 ], [ -58.7, -34.66 ], [ -58.7, -34.66 ], [ -58.7, -34.66 ], [ -58.7, -34.66 ], [ -58.71, -34.65 ], [ -58.71, -34.65 ], [ -58.71, -34.65 ], [ -58.71, -34.65 ], [ -58.72, -34.65 ], [ -58.72, -34.64 ], [ -58.72, -34.64 ], [ -58.72, -34.64 ], [ -58.72, -34.64 ], [ -58.73, -34.64 ], [ -58.73, -34.64 ], [ -58.73, -34.64 ], [ -58.73, -34.63 ], [ -58.73, -34.63 ], [ -58.73, -34.63 ], [ -58.73, -34.63 ], [ -58.73, -34.63 ], [ -58.73, -34.63 ], [ -58.73, -34.63 ], [ -58.73, -34.63 ], [ -58.73, -34.63 ], [ -58.73, -34.63 ], [ -58.73, -34.63 ], [ -58.73, -34.63 ], [ -58.73, -34.63 ], [ -58.73, -34.63 ], [ -58.73, -34.63 ], [ -58.73, -34.63 ], [ -58.73, -34.63 ], [ -58.73, -34.63 ], [ -58.73, -34.63 ], [ -58.73, -34.63 ], [ -58.73, -34.63 ], [ -58.73, -34.63 ], [ -58.73, -34.63 ], [ -58.73, -34.63 ], [ -58.73, -34.63 ], [ -58.72, -34.63 ], [ -58.72, -34.63 ], [ -58.72, -34.63 ], [ -58.72, -34.63 ], [ -58.72, -34.63 ], [ -58.72, -34.63 ], [ -58.73, -34.63 ], [ -58.73, -34.63 ], [ -58.73, -34.63 ], [ -58.72, -34.63 ] ] ] ] } },
{ "type": "Feature", "properties": { "id": null, "comuna": null, "perimetro_": null, "area_metro": null, "nam": "Morón", "cca": "101", "cde": "06568", "fna": "Partido de Morón", "gna": "Partido", "ara3": 55.0, "arl": 55.66 }, "geometry": { "type": "MultiPolygon", "coordinates": [ [ [ [ -58.62, -34.59 ], [ -58.62, -34.59 ], [ -58.61, -34.59 ], [ -58.6, -34.6 ], [ -58.59, -34.61 ], [ -58.59, -34.61 ], [ -58.59, -34.61 ], [ -58.58, -34.61 ], [ -58.58, -34.62 ], [ -58.58, -34.62 ], [ -58.57, -34.63 ], [ -58.57, -34.63 ], [ -58.56, -34.63 ], [ -58.56, -34.63 ], [ -58.56, -34.63 ], [ -58.56, -34.64 ], [ -58.56, -34.64 ], [ -58.56, -34.64 ], [ -58.56, -34.64 ], [ -58.56, -34.64 ], [ -58.57, -34.64 ], [ -58.57, -34.64 ], [ -58.57, -34.64 ], [ -58.57, -34.64 ], [ -58.58, -34.64 ], [ -58.58, -34.64 ], [ -58.58, -34.65 ], [ -58.58, -34.65 ], [ -58.58, -34.65 ], [ -58.59, -34.65 ], [ -58.59, -34.66 ], [ -58.6, -34.66 ], [ -58.6, -34.67 ], [ -58.61, -34.67 ], [ -58.61, -34.68 ], [ -58.62, -34.68 ], [ -58.62, -34.68 ], [ -58.62, -34.69 ], [ -58.62, -34.69 ], [ -58.63, -34.69 ], [ -58.63, -34.7 ], [ -58.64, -34.7 ], [ -58.64, -34.7 ], [ -58.64, -34.7 ], [ -58.65, -34.7 ], [ -58.65, -34.7 ], [ -58.66, -34.7 ], [ -58.66, -34.69 ], [ -58.66, -34.69 ], [ -58.66, -34.69 ], [ -58.67, -34.69 ], [ -58.67, -34.68 ], [ -58.66, -34.67 ], [ -58.66, -34.66 ], [ -58.66, -34.66 ], [ -58.66, -34.65 ], [ -58.66, -34.64 ], [ -58.65, -34.63 ], [ -58.65, -34.63 ], [ -58.65, -34.63 ], [ -58.65, -34.63 ], [ -58.65, -34.63 ], [ -58.64, -34.63 ], [ -58.63, -34.63 ], [ -58.62, -34.63 ], [ -58.62, -34.63 ], [ -58.62, -34.63 ], [ -58.62, -34.63 ], [ -58.62, -34.63 ], [ -58.62, -34.63 ], [ -58.62, -34.63 ], [ -58.62, -34.63 ], [ -58.62, -34.63 ], [ -58.62, -34.63 ], [ -58.62, -34.63 ], [ -58.62, -34.62 ], [ -58.62, -34.62 ], [ -58.62, -34.62 ], [ -58.62, -34.62 ], [ -58.62, -34.62 ], [ -58.62, -34.62 ], [ -58.62, -34.62 ], [ -58.62, -34.61 ], [ -58.62, -34.61 ], [ -58.62, -34.61 ], [ -58.62, -34.61 ], [ -58.62, -34.61 ], [ -58.62, -34.61 ], [ -58.62, -34.61 ], [ -58.62, -34.6 ], [ -58.62, -34.6 ], [ -58.62, -34.6 ], [ -58.62, -34.6 ], [ -58.62, -34.6 ], [ -58.62, -34.6 ], [ -58.62, -34.6 ], [ -58.62, -34.6 ], [ -58.62, -34.6 ], [ -58.62, -34.6 ], [ -58.62, -34.59 ], [ -58.62, -34.59 ], [ -58.62, -34.59 ], [ -58.62, -34.59 ], [ -58.62, -34.59 ], [ -58.62, -34.59 ] ] ] ] } },
{ "type": "Feature", "properties": { "id": null, "comuna": null, "perimetro_": null, "area_metro": null, "nam": "General San Martín", "cca": "047", "cde": "06371", "fna": "Partido de General San Martín", "gna": "Partido", "ara3": 56.56, "arl": 55.75 }, "geometry": { "type": "MultiPolygon", "coordinates": [ [ [ [ -58.6, -34.49 ], [ -58.6, -34.49 ], [ -58.6, -34.49 ], [ -58.6, -34.49 ], [ -58.6, -34.49 ], [ -58.59, -34.5 ], [ -58.59, -34.5 ], [ -58.59, -34.5 ], [ -58.59, -34.5 ], [ -58.58, -34.5 ], [ -58.58, -34.51 ], [ -58.58, -34.51 ], [ -58.57, -34.52 ], [ -58.57, -34.52 ], [ -58.56, -34.52 ], [ -58.56, -34.53 ], [ -58.55, -34.53 ], [ -58.55, -34.53 ], [ -58.55, -34.54 ], [ -58.54, -34.54 ], [ -58.54, -34.54 ], [ -58.54, -34.54 ], [ -58.54, -34.54 ], [ -58.53, -34.54 ], [ -58.53, -34.54 ], [ -58.53, -34.54 ], [ -58.53, -34.54 ], [ -58.53, -34.54 ], [ -58.53, -34.54 ], [ -58.53, -34.55 ], [ -58.53, -34.55 ], [ -58.52, -34.55 ], [ -58.52, -34.55 ], [ -58.52, -34.56 ], [ -58.52, -34.56 ], [ -58.52, -34.56 ], [ -58.52, -34.56 ], [ -58.51, -34.56 ], [ -58.51, -34.57 ], [ -58.51, -34.57 ], [ -58.51, -34.57 ], [ -58.52, -34.58 ], [ -58.52, -34.58 ], [ -58.52, -34.59 ], [ -58.52, -34.6 ], [ -58.52, -34.6 ], [ -58.53, -34.6 ], [ -58.53, -34.6 ], [ -58.53, -34.6 ], [ -58.53, -34.6 ], [ -58.53, -34.6 ], [ -58.53, -34.6 ], [ -58.53, -34.6 ], [ -58.53, -34.6 ], [ -58.53, -34.6 ], [ -58.54, -34.6 ], [ -58.54, -34.6 ], [ -58.54, -34.6 ], [ -58.54, -34.6 ], [ -58.54, -34.6 ], [ -58.54, -34.6 ], [ -58.54, -34.59 ], [ -58.54, -34.59 ], [ -58.54, -34.6 ], [ -58.54, -34.59 ], [ -58.54, -34.59 ], [ -58.55, -34.59 ], [ -58.55, -34.59 ], [ -58.55, -34.59 ], [ -58.55, -34.59 ], [ -58.56, -34.59 ], [ -58.56, -34.59 ], [ -58.56, -34.59 ], [ -58.56, -34.59 ], [ -58.56, -34.59 ], [ -58.56, -34.59 ], [ -58.56, -34.59 ], [ -58.56, -34.59 ], [ -58.56, -34.59 ], [ -58.56, -34.59 ], [ -58.56, -34.59 ], [ -58.57, -34.59 ], [ -58.57, -34.58 ], [ -58.57, -34.58 ], [ -58.58, -34.58 ], [ -58.58, -34.58 ], [ -58.58, -34.58 ], [ -58.58, -34.57 ], [ -58.58, -34.57 ], [ -58.58, -34.57 ], [ -58.59, -34.57 ], [ -58.59, -34.57 ], [ -58.59, -34.57 ], [ -58.59, -34.57 ], [ -58.6, -34.56 ], [ -58.6, -34.56 ], [ -58.6, -34.56 ], [ -58.6, -34.56 ], [ -58.6, -34.56 ], [ -58.6, -34.56 ], [ -58.6, -34.56 ], [ -58.61, -34.56 ], [ -58.61, -34.56 ], [ -58.61, -34.55 ], [ -58.61, -34.55 ], [ -58.61, -34.55 ], [ -58.61, -34.55 ], [ -58.62, -34.55 ], [ -58.62, -34.55 ], [ -58.62, -34.55 ], [ -58.62, -34.55 ], [ -58.62, -34.55 ], [ -58.62, -34.55 ], [ -58.62, -34.55 ], [ -58.62, -34.55 ], [ -58.62, -34.55 ], [ -58.62, -34.55 ], [ -58.62, -34.55 ], [ -58.62, -34.55 ], [ -58.62, -34.55 ], [ -58.62, -34.55 ], [ -58.62, -34.55 ], [ -58.62, -34.55 ], [ -58.62, -34.55 ], [ -58.62, -34.55 ], [ -58.62, -34.55 ], [ -58.62, -34.55 ], [ -58.62, -34.55 ], [ -58.62, -34.55 ], [ -58.62, -34.54 ], [ -58.61, -34.54 ], [ -58.61, -34.54 ], [ -58.61, -34.54 ], [ -58.61, -34.54 ], [ -58.61, -34.54 ], [ -58.61, -34.54 ], [ -58.61, -34.54 ], [ -58.61, -34.54 ], [ -58.61, -34.54 ], [ -58.61, -34.54 ], [ -58.61, -34.54 ], [ -58.61, -34.54 ], [ -58.61, -34.54 ], [ -58.61, -34.54 ], [ -58.61, -34.54 ], [ -58.61, -34.54 ], [ -58.61, -34.54 ], [ -58.61, -34.54 ], [ -58.61, -34.54 ], [ -58.61, -34.54 ], [ -58.61, -34.54 ], [ -58.61, -34.54 ], [ -58.61, -34.54 ], [ -58.61, -34.54 ], [ -58.61, -34.54 ], [ -58.61, -34.54 ], [ -58.61, -34.54 ], [ -58.61, -34.54 ], [ -58.61, -34.54 ], [ -58.61, -34.54 ], [ -58.61, -34.54 ], [ -58.61, -34.53 ], [ -58.61, -34.53 ], [ -58.61, -34.53 ], [ -58.61, -34.53 ], [ -58.61, -34.53 ], [ -58.61, -34.53 ], [ -58.61, -34.53 ], [ -58.61, -34.53 ], [ -58.61, -34.53 ], [ -58.61, -34.53 ], [ -58.61, -34.53 ], [ -58.61, -34.53 ], [ -58.61, -34.53 ], [ -58.61, -34.53 ], [ -58.61, -34.53 ], [ -58.6, -34.53 ], [ -58.6, -34.53 ], [ -58.6, -34.53 ], [ -58.6, -34.53 ], [ -58.6, -34.53 ], [ -58.6, -34.53 ], [ -58.6, -34.53 ], [ -58.6, -34.53 ], [ -58.6, -34.53 ], [ -58.6, -34.53 ], [ -58.6, -34.53 ], [ -58.6, -34.53 ], [ -58.6, -34.53 ], [ -58.6, -34.53 ], [ -58.6, -34.52 ], [ -58.6, -34.52 ], [ -58.6, -34.52 ], [ -58.6, -34.52 ], [ -58.6, -34.52 ], [ -58.6, -34.52 ], [ -58.6, -34.52 ], [ -58.6, -34.52 ], [ -58.6, -34.52 ], [ -58.6, -34.52 ], [ -58.6, -34.52 ], [ -58.6, -34.52 ], [ -58.6, -34.52 ], [ -58.6, -34.52 ], [ -58.6, -34.52 ], [ -58.6, -34.52 ], [ -58.6, -34.52 ], [ -58.6, -34.52 ], [ -58.6, -34.52 ], [ -58.6, -34.52 ], [ -58.6, -34.52 ], [ -58.6, -34.52 ], [ -58.6, -34.52 ], [ -58.6, -34.52 ], [ -58.6, -34.51 ], [ -58.6, -34.51 ], [ -58.6, -34.51 ], [ -58.6, -34.51 ], [ -58.6, -34.51 ], [ -58.6, -34.51 ], [ -58.6, -34.51 ], [ -58.6, -34.51 ], [ -58.6, -34.51 ], [ -58.6, -34.51 ], [ -58.6, -34.51 ], [ -58.6, -34.51 ], [ -58.6, -34.51 ], [ -58.6, -34.51 ], [ -58.6, -34.51 ], [ -58.6, -34.51 ], [ -58.6, -34.51 ], [ -58.6, -34.51 ], [ -58.6, -34.51 ], [ -58.6, -34.51 ], [ -58.6, -34.51 ], [ -58.6, -34.51 ], [ -58.6, -34.51 ], [ -58.6, -34.51 ], [ -58.6, -34.51 ], [ -58.6, -34.51 ], [ -58.6, -34.51 ], [ -58.6, -34.5 ], [ -58.6, -34.5 ], [ -58.6, -34.5 ], [ -58.6, -34.5 ], [ -58.6, -34.5 ], [ -58.6, -34.5 ], [ -58.6, -34.5 ], [ -58.6, -34.5 ], [ -58.6, -34.5 ], [ -58.6, -34.5 ], [ -58.6, -34.5 ], [ -58.6, -34.5 ], [ -58.6, -34.5 ], [ -58.6, -34.5 ], [ -58.6, -34.5 ], [ -58.6, -34.5 ], [ -58.6, -34.5 ], [ -58.6, -34.5 ], [ -58.6, -34.49 ], [ -58.6, -34.49 ], [ -58.6, -34.49 ], [ -58.6, -34.49 ], [ -58.6, -34.49 ], [ -58.6, -34.49 ], [ -58.6, -34.49 ], [ -58.6, -34.49 ] ] ] ] } },
{ "type": "Feature", "properties": { "id": null, "comuna": null, "perimetro_": null, "area_metro": null, "nam": "Pilar", "cca": "084", "cde": "06638", "fna": "Partido de Pilar", "gna": "Partido", "ara3": 384.79, "arl": 383.01 }, "geometry": { "type": "MultiPolygon", "coordinates": [ [ [ [ -58.92, -34.4 ], [ -58.92, -34.4 ], [ -58.92, -34.4 ], [ -58.92, -34.4 ], [ -58.92, -34.4 ], [ -58.92, -34.4 ], [ -58.92, -34.4 ], [ -58.92, -34.4 ], [ -58.92, -34.4 ], [ -58.92, -34.4 ], [ -58.92, -34.4 ], [ -58.92, -34.4 ], [ -58.92, -34.4 ], [ -58.92, -34.4 ], [ -58.92, -34.4 ], [ -58.92, -34.4 ], [ -58.92, -34.4 ], [ -58.92, -34.4 ], [ -58.92, -34.4 ], [ -58.92, -34.4 ], [ -58.92, -34.4 ], [ -58.92, -34.4 ], [ -58.92, -34.4 ], [ -58.92, -34.4 ], [ -58.92, -34.4 ], [ -58.92, -34.4 ], [ -58.92, -34.4 ], [ -58.92, -34.4 ], [ -58.92, -34.4 ], [ -58.92, -34.4 ], [ -58.92, -34.4 ], [ -58.92, -34.4 ], [ -58.92, -34.4 ], [ -58.92, -34.4 ], [ -58.92, -34.4 ], [ -58.92, -34.4 ], [ -58.92, -34.4 ], [ -58.92, -34.4 ], [ -58.92, -34.4 ], [ -58.92, -34.4 ], [ -58.92, -34.4 ], [ -58.92, -34.4 ], [ -58.92, -34.4 ], [ -58.92, -34.4 ], [ -58.92, -34.4 ], [ -58.92, -34.4 ], [ -58.92, -34.4 ], [ -58.92, -34.41 ], [ -58.92, -34.41 ], [ -58.92, -34.41 ], [ -58.92, -34.41 ], [ -58.92, -34.41 ], [ -58.92, -34.41 ], [ -58.92, -34.41 ], [ -58.92, -34.41 ], [ -58.92, -34.41 ], [ -58.92, -34.41 ], [ -58.92, -34.41 ], [ -58.92, -34.41 ], [ -58.92, -34.41 ], [ -58.92, -34.41 ], [ -58.92, -34.41 ], [ -58.92, -34.41 ], [ -58.92, -34.41 ], [ -58.92, -34.41 ], [ -58.92, -34.41 ], [ -58.92, -34.41 ], [ -58.92, -34.41 ], [ -58.92, -34.41 ], [ -58.92, -34.41 ], [ -58.92, -34.41 ], [ -58.92, -34.41 ], [ -58.92, -34.41 ], [ -58.92, -34.41 ], [ -58.92, -34.41 ], [ -58.92, -34.41 ], [ -58.92, -34.41 ], [ -58.92, -34.41 ], [ -58.92, -34.41 ], [ -58.92, -34.41 ], [ -58.92, -34.41 ], [ -58.92, -34.41 ], [ -58.92, -34.41 ], [ -58.92, -34.41 ], [ -58.92, -34.41 ], [ -58.92, -34.41 ], [ -58.92, -34.41 ], [ -58.92, -34.41 ], [ -58.92, -34.41 ], [ -58.92, -34.41 ], [ -58.92, -34.41 ], [ -58.92, -34.41 ], [ -58.92, -34.41 ], [ -58.92, -34.41 ], [ -58.92, -34.41 ], [ -58.92, -34.41 ], [ -58.92, -34.41 ], [ -58.92, -34.41 ], [ -58.92, -34.42 ], [ -58.92, -34.42 ], [ -58.92, -34.42 ], [ -58.92, -34.42 ], [ -58.92, -34.42 ], [ -58.92, -34.42 ], [ -58.92, -34.42 ], [ -58.92, -34.42 ], [ -58.92, -34.42 ], [ -58.92, -34.42 ], [ -58.92, -34.42 ], [ -58.92, -34.42 ], [ -58.92, -34.42 ], [ -58.92, -34.42 ], [ -58.92, -34.42 ], [ -58.92, -34.42 ], [ -58.92, -34.42 ], [ -58.93, -34.42 ], [ -58.93, -34.41 ], [ -58.93, -34.41 ], [ -58.93, -34.41 ], [ -58.93, -34.41 ], [ -58.93, -34.41 ], [ -58.93, -34.41 ], [ -58.93, -34.41 ], [ -58.93, -34.41 ], [ -58.93, -34.41 ], [ -58.93, -34.41 ], [ -58.93, -34.41 ], [ -58.93, -34.41 ], [ -58.93, -34.41 ], [ -58.93, -34.4 ], [ -58.94, -34.4 ], [ -58.94, -34.4 ], [ -58.94, -34.4 ], [ -58.94, -34.4 ], [ -58.94, -34.4 ], [ -58.94, -34.4 ], [ -58.94, -34.4 ], [ -58.94, -34.4 ], [ -58.94, -34.4 ], [ -58.94, -34.4 ], [ -58.94, -34.4 ], [ -58.94, -34.4 ], [ -58.94, -34.39 ], [ -58.94, -34.39 ], [ -58.94, -34.39 ], [ -58.95, -34.39 ], [ -58.95, -34.39 ], [ -58.95, -34.39 ], [ -58.95, -34.39 ], [ -58.95, -34.39 ], [ -58.95, -34.39 ], [ -58.95, -34.39 ], [ -58.95, -34.39 ], [ -58.95, -34.38 ], [ -58.95, -34.38 ], [ -58.95, -34.38 ], [ -58.95, -34.38 ], [ -58.95, -34.38 ], [ -58.95, -34.38 ], [ -58.96, -34.38 ], [ -58.96, -34.38 ], [ -58.96, -34.38 ], [ -58.96, -34.38 ], [ -58.96, -34.38 ], [ -58.96, -34.37 ], [ -58.96, -34.37 ], [ -58.96, -34.37 ], [ -58.96, -34.37 ], [ -58.96, -34.37 ], [ -58.96, -34.37 ], [ -58.96, -34.37 ], [ -58.97, -34.37 ], [ -58.97, -34.37 ], [ -58.97, -34.37 ], [ -58.97, -34.37 ], [ -58.97, -34.37 ], [ -58.97, -34.36 ], [ -58.97, -34.36 ], [ -58.97, -34.36 ], [ -58.97, -34.36 ], [ -58.97, -34.36 ], [ -58.97, -34.36 ], [ -58.97, -34.36 ], [ -58.97, -34.36 ], [ -58.97, -34.36 ], [ -58.98, -34.36 ], [ -58.98, -34.36 ], [ -58.98, -34.35 ], [ -58.98, -34.35 ], [ -58.98, -34.35 ], [ -58.98, -34.35 ], [ -58.98, -34.35 ], [ -58.98, -34.35 ], [ -58.98, -34.35 ], [ -58.98, -34.35 ], [ -58.98, -34.35 ], [ -58.98, -34.35 ], [ -58.99, -34.35 ], [ -58.99, -34.35 ], [ -58.99, -34.35 ], [ -58.99, -34.36 ], [ -58.99, -34.36 ], [ -58.99, -34.36 ], [ -58.99, -34.36 ], [ -58.99, -34.36 ], [ -58.99, -34.36 ], [ -58.99, -34.36 ], [ -58.99, -34.36 ], [ -58.99, -34.36 ], [ -58.99, -34.36 ], [ -58.99, -34.36 ], [ -58.99, -34.36 ], [ -58.99, -34.36 ], [ -58.99, -34.36 ], [ -58.99, -34.37 ], [ -58.99, -34.37 ], [ -58.99, -34.37 ], [ -58.98, -34.37 ], [ -58.98, -34.37 ], [ -58.98, -34.37 ], [ -58.99, -34.37 ], [ -58.99, -34.37 ], [ -58.99, -34.37 ], [ -58.99, -34.37 ], [ -58.99, -34.37 ], [ -58.99, -34.37 ], [ -58.99, -34.37 ], [ -58.99, -34.37 ], [ -58.99, -34.37 ], [ -58.99, -34.37 ], [ -58.99, -34.37 ], [ -58.99, -34.38 ], [ -58.99, -34.38 ], [ -58.99, -34.38 ], [ -58.99, -34.38 ], [ -58.99, -34.38 ], [ -58.99, -34.38 ], [ -58.99, -34.38 ], [ -58.99, -34.38 ], [ -58.99, -34.38 ], [ -59.0, -34.38 ], [ -59.0, -34.38 ], [ -59.0, -34.38 ], [ -59.0, -34.38 ], [ -59.0, -34.38 ], [ -59.0, -34.38 ], [ -59.0, -34.38 ], [ -59.0, -34.38 ], [ -59.01, -34.39 ], [ -59.01, -34.39 ], [ -59.01, -34.39 ], [ -59.01, -34.39 ], [ -59.01, -34.39 ], [ -59.01, -34.39 ], [ -59.01, -34.39 ], [ -59.01, -34.39 ], [ -59.02, -34.39 ], [ -59.02, -34.39 ], [ -59.02, -34.39 ], [ -59.02, -34.39 ], [ -59.02, -34.39 ], [ -59.02, -34.39 ], [ -59.02, -34.39 ], [ -59.02, -34.39 ], [ -59.02, -34.4 ], [ -59.03, -34.4 ], [ -59.03, -34.4 ], [ -59.03, -34.4 ], [ -59.03, -34.4 ], [ -59.03, -34.4 ], [ -59.03, -34.4 ], [ -59.03, -34.4 ], [ -59.03, -34.4 ], [ -59.03, -34.4 ], [ -59.03, -34.4 ], [ -59.03, -34.4 ], [ -59.03, -34.4 ], [ -59.03, -34.4 ], [ -59.03, -34.4 ], [ -59.03, -34.4 ], [ -59.03, -34.41 ], [ -59.03, -34.41 ], [ -59.03, -34.41 ], [ -59.04, -34.41 ], [ -59.03, -34.41 ], [ -59.03, -34.41 ], [ -59.03, -34.41 ], [ -59.04, -34.41 ], [ -59.04, -34.41 ], [ -59.04, -34.41 ], [ -59.04, -34.41 ], [ -59.04, -34.41 ], [ -59.04, -34.41 ], [ -59.04, -34.41 ], [ -59.04, -34.42 ], [ -59.04, -34.42 ], [ -59.04, -34.42 ], [ -59.04, -34.42 ], [ -59.04, -34.42 ], [ -59.04, -34.42 ], [ -59.04, -34.42 ], [ -59.04, -34.42 ], [ -59.04, -34.42 ], [ -59.04, -34.42 ], [ -59.04, -34.42 ], [ -59.04, -34.42 ], [ -59.04, -34.42 ], [ -59.04, -34.42 ], [ -59.05, -34.42 ], [ -59.05, -34.42 ], [ -59.05, -34.42 ], [ -59.05, -34.42 ], [ -59.05, -34.42 ], [ -59.05, -34.42 ], [ -59.05, -34.43 ], [ -59.05, -34.43 ], [ -59.05, -34.43 ], [ -59.05, -34.43 ], [ -59.06, -34.43 ], [ -59.06, -34.43 ], [ -59.06, -34.43 ], [ -59.06, -34.43 ], [ -59.06, -34.43 ], [ -59.05, -34.43 ], [ -59.05, -34.43 ], [ -59.05, -34.43 ], [ -59.05, -34.43 ], [ -59.05, -34.43 ], [ -59.05, -34.43 ], [ -59.05, -34.44 ], [ -59.05, -34.44 ], [ -59.05, -34.44 ], [ -59.05, -34.44 ], [ -59.05, -34.44 ], [ -59.05, -34.44 ], [ -59.05, -34.44 ], [ -59.05, -34.44 ], [ -59.05, -34.44 ], [ -59.05, -34.44 ], [ -59.04, -34.44 ], [ -59.04, -34.44 ], [ -59.04, -34.44 ], [ -59.04, -34.45 ], [ -59.04, -34.45 ], [ -59.04, -34.45 ], [ -59.04, -34.45 ], [ -59.04, -34.45 ], [ -59.04, -34.45 ], [ -59.04, -34.45 ], [ -59.04, -34.45 ], [ -59.04, -34.45 ], [ -59.04, -34.45 ], [ -59.04, -34.45 ], [ -59.04, -34.46 ], [ -59.03, -34.46 ], [ -59.03, -34.46 ], [ -59.03, -34.46 ], [ -59.03, -34.46 ], [ -59.03, -34.46 ], [ -59.03, -34.46 ], [ -59.03, -34.46 ], [ -59.03, -34.46 ], [ -59.03, -34.46 ], [ -59.03, -34.47 ], [ -59.03, -34.47 ], [ -59.03, -34.47 ], [ -59.03, -34.47 ], [ -59.03, -34.47 ], [ -59.02, -34.47 ], [ -59.02, -34.47 ], [ -59.02, -34.47 ], [ -59.02, -34.47 ], [ -59.02, -34.47 ], [ -59.02, -34.47 ], [ -59.02, -34.47 ], [ -59.02, -34.48 ], [ -59.02, -34.48 ], [ -59.02, -34.48 ], [ -59.02, -34.48 ], [ -59.02, -34.48 ], [ -59.02, -34.48 ], [ -59.02, -34.48 ], [ -59.02, -34.48 ], [ -59.02, -34.48 ], [ -59.02, -34.48 ], [ -59.02, -34.48 ], [ -59.01, -34.48 ], [ -59.01, -34.48 ], [ -59.01, -34.48 ], [ -59.01, -34.49 ], [ -59.01, -34.49 ], [ -59.01, -34.49 ], [ -59.01, -34.49 ], [ -59.01, -34.49 ], [ -59.01, -34.49 ], [ -59.01, -34.49 ], [ -59.01, -34.49 ], [ -59.0, -34.49 ], [ -59.0, -34.49 ], [ -59.0, -34.49 ], [ -59.0, -34.49 ], [ -59.0, -34.49 ], [ -59.0, -34.49 ], [ -59.0, -34.49 ], [ -59.0, -34.48 ], [ -59.0, -34.48 ], [ -59.0, -34.48 ], [ -59.0, -34.48 ], [ -59.0, -34.48 ], [ -59.0, -34.48 ], [ -59.0, -34.48 ], [ -59.0, -34.48 ], [ -59.0, -34.48 ], [ -59.0, -34.48 ], [ -59.0, -34.48 ], [ -59.0, -34.49 ], [ -59.0, -34.49 ], [ -59.0, -34.49 ], [ -59.0, -34.49 ], [ -59.0, -34.49 ], [ -59.0, -34.49 ], [ -59.0, -34.49 ], [ -58.99, -34.49 ], [ -58.99, -34.49 ], [ -58.99, -34.49 ], [ -58.99, -34.49 ], [ -58.99, -34.49 ], [ -58.99, -34.5 ], [ -58.99, -34.5 ], [ -58.99, -34.5 ], [ -58.99, -34.5 ], [ -58.99, -34.5 ], [ -58.99, -34.5 ], [ -58.99, -34.5 ], [ -58.99, -34.5 ], [ -58.99, -34.5 ], [ -58.99, -34.5 ], [ -58.99, -34.5 ], [ -58.98, -34.5 ], [ -58.98, -34.51 ], [ -58.98, -34.51 ], [ -58.98, -34.51 ], [ -58.98, -34.51 ], [ -58.98, -34.51 ], [ -58.98, -34.51 ], [ -58.98, -34.51 ], [ -58.98, -34.51 ], [ -58.98, -34.51 ], [ -58.98, -34.51 ], [ -58.98, -34.51 ], [ -58.98, -34.51 ], [ -58.98, -34.52 ], [ -58.98, -34.52 ], [ -58.98, -34.52 ], [ -58.97, -34.52 ], [ -58.97, -34.52 ], [ -58.97, -34.52 ], [ -58.97, -34.52 ], [ -58.97, -34.52 ], [ -58.97, -34.52 ], [ -58.97, -34.52 ], [ -58.97, -34.52 ], [ -58.97, -34.52 ], [ -58.97, -34.52 ], [ -58.97, -34.53 ], [ -58.97, -34.53 ], [ -58.97, -34.53 ], [ -58.97, -34.53 ], [ -58.97, -34.53 ], [ -58.97, -34.53 ], [ -58.96, -34.53 ], [ -58.96, -34.53 ], [ -58.96, -34.53 ], [ -58.96, -34.53 ], [ -58.96, -34.53 ], [ -58.96, -34.53 ], [ -58.95, -34.53 ], [ -58.94, -34.52 ], [ -58.93, -34.52 ], [ -58.93, -34.52 ], [ -58.93, -34.52 ], [ -58.93, -34.52 ], [ -58.92, -34.53 ], [ -58.91, -34.54 ], [ -58.91, -34.54 ], [ -58.9, -34.55 ], [ -58.9, -34.56 ], [ -58.89, -34.58 ], [ -58.88, -34.58 ], [ -58.88, -34.58 ], [ -58.88, -34.58 ], [ -58.88, -34.57 ], [ -58.88, -34.57 ], [ -58.88, -34.57 ], [ -58.88, -34.57 ], [ -58.88, -34.57 ], [ -58.88, -34.57 ], [ -58.88, -34.57 ], [ -58.87, -34.57 ], [ -58.87, -34.57 ], [ -58.87, -34.57 ], [ -58.87, -34.57 ], [ -58.87, -34.57 ], [ -58.87, -34.57 ], [ -58.87, -34.57 ], [ -58.87, -34.57 ], [ -58.87, -34.57 ], [ -58.87, -34.57 ], [ -58.86, -34.57 ], [ -58.86, -34.56 ], [ -58.86, -34.56 ], [ -58.86, -34.56 ], [ -58.86, -34.56 ], [ -58.86, -34.56 ], [ -58.85, -34.56 ], [ -58.85, -34.55 ], [ -58.85, -34.55 ], [ -58.85, -34.55 ], [ -58.85, -34.55 ], [ -58.85, -34.55 ], [ -58.85, -34.55 ], [ -58.85, -34.55 ], [ -58.85, -34.55 ], [ -58.85, -34.55 ], [ -58.85, -34.55 ], [ -58.85, -34.55 ], [ -58.85, -34.55 ], [ -58.85, -34.55 ], [ -58.85, -34.55 ], [ -58.85, -34.55 ], [ -58.85, -34.55 ], [ -58.85, -34.55 ], [ -58.85, -34.55 ], [ -58.85, -34.55 ], [ -58.85, -34.55 ], [ -58.85, -34.55 ], [ -58.85, -34.55 ], [ -58.85, -34.55 ], [ -58.85, -34.55 ], [ -58.85, -34.55 ], [ -58.85, -34.55 ], [ -58.85, -34.55 ], [ -58.85, -34.55 ], [ -58.85, -34.55 ], [ -58.85, -34.55 ], [ -58.85, -34.55 ], [ -58.85, -34.55 ], [ -58.85, -34.55 ], [ -58.85, -34.55 ], [ -58.85, -34.55 ], [ -58.85, -34.55 ], [ -58.85, -34.55 ], [ -58.85, -34.55 ], [ -58.85, -34.55 ], [ -58.85, -34.55 ], [ -58.85, -34.55 ], [ -58.85, -34.54 ], [ -58.84, -34.54 ], [ -58.84, -34.54 ], [ -58.84, -34.54 ], [ -58.84, -34.54 ], [ -58.84, -34.54 ], [ -58.84, -34.54 ], [ -58.84, -34.54 ], [ -58.84, -34.54 ], [ -58.84, -34.54 ], [ -58.84, -34.54 ], [ -58.84, -34.54 ], [ -58.84, -34.54 ], [ -58.84, -34.54 ], [ -58.84, -34.54 ], [ -58.84, -34.54 ], [ -58.84, -34.54 ], [ -58.84, -34.54 ], [ -58.84, -34.54 ], [ -58.84, -34.54 ], [ -58.84, -34.54 ], [ -58.84, -34.54 ], [ -58.84, -34.54 ], [ -58.84, -34.54 ], [ -58.84, -34.54 ], [ -58.84, -34.54 ], [ -58.84, -34.54 ], [ -58.84, -34.54 ], [ -58.84, -34.54 ], [ -58.84, -34.54 ], [ -58.84, -34.54 ], [ -58.84, -34.54 ], [ -58.84, -34.54 ], [ -58.84, -34.54 ], [ -58.84, -34.54 ], [ -58.84, -34.54 ], [ -58.84, -34.54 ], [ -58.84, -34.54 ], [ -58.84, -34.54 ], [ -58.84, -34.54 ], [ -58.84, -34.54 ], [ -58.84, -34.54 ], [ -58.84, -34.54 ], [ -58.84, -34.54 ], [ -58.84, -34.54 ], [ -58.84, -34.54 ], [ -58.84, -34.54 ], [ -58.84, -34.54 ], [ -58.84, -34.54 ], [ -58.84, -34.54 ], [ -58.84, -34.54 ], [ -58.84, -34.54 ], [ -58.84, -34.54 ], [ -58.84, -34.54 ], [ -58.84, -34.54 ], [ -58.84, -34.54 ], [ -58.84, -34.54 ], [ -58.84, -34.54 ], [ -58.84, -34.54 ], [ -58.84, -34.54 ], [ -58.84, -34.54 ], [ -58.84, -34.54 ], [ -58.84, -34.54 ], [ -58.84, -34.54 ], [ -58.84, -34.54 ], [ -58.84, -34.54 ], [ -58.84, -34.54 ], [ -58.84, -34.54 ], [ -58.84, -34.54 ], [ -58.84, -34.54 ], [ -58.84, -34.54 ], [ -58.84, -34.54 ], [ -58.84, -34.54 ], [ -58.84, -34.54 ], [ -58.84, -34.54 ], [ -58.84, -34.54 ], [ -58.84, -34.54 ], [ -58.84, -34.54 ], [ -58.84, -34.54 ], [ -58.84, -34.54 ], [ -58.84, -34.54 ], [ -58.84, -34.54 ], [ -58.84, -34.54 ], [ -58.84, -34.54 ], [ -58.84, -34.54 ], [ -58.84, -34.54 ], [ -58.84, -34.54 ], [ -58.84, -34.54 ], [ -58.84, -34.54 ], [ -58.84, -34.54 ], [ -58.84, -34.54 ], [ -58.84, -34.54 ], [ -58.84, -34.54 ], [ -58.84, -34.54 ], [ -58.84, -34.54 ], [ -58.84, -34.54 ], [ -58.84, -34.54 ], [ -58.84, -34.54 ], [ -58.84, -34.54 ], [ -58.84, -34.54 ], [ -58.84, -34.54 ], [ -58.84, -34.54 ], [ -58.84, -34.54 ], [ -58.84, -34.54 ], [ -58.84, -34.54 ], [ -58.84, -34.54 ], [ -58.84, -34.54 ], [ -58.84, -34.54 ], [ -58.84, -34.54 ], [ -58.84, -34.54 ], [ -58.84, -34.54 ], [ -58.84, -34.54 ], [ -58.84, -34.54 ], [ -58.84, -34.53 ], [ -58.84, -34.53 ], [ -58.84, -34.53 ], [ -58.84, -34.53 ], [ -58.84, -34.53 ], [ -58.84, -34.53 ], [ -58.84, -34.53 ], [ -58.84, -34.53 ], [ -58.84, -34.53 ], [ -58.84, -34.53 ], [ -58.84, -34.53 ], [ -58.84, -34.53 ], [ -58.84, -34.53 ], [ -58.84, -34.53 ], [ -58.84, -34.53 ], [ -58.84, -34.53 ], [ -58.84, -34.53 ], [ -58.84, -34.53 ], [ -58.84, -34.53 ], [ -58.84, -34.53 ], [ -58.84, -34.53 ], [ -58.84, -34.53 ], [ -58.84, -34.53 ], [ -58.84, -34.53 ], [ -58.84, -34.53 ], [ -58.84, -34.53 ], [ -58.84, -34.53 ], [ -58.84, -34.53 ], [ -58.84, -34.53 ], [ -58.84, -34.53 ], [ -58.84, -34.53 ], [ -58.84, -34.53 ], [ -58.84, -34.53 ], [ -58.84, -34.53 ], [ -58.84, -34.53 ], [ -58.84, -34.53 ], [ -58.84, -34.53 ], [ -58.84, -34.53 ], [ -58.84, -34.53 ], [ -58.83, -34.53 ], [ -58.83, -34.53 ], [ -58.83, -34.53 ], [ -58.83, -34.53 ], [ -58.83, -34.53 ], [ -58.83, -34.53 ], [ -58.83, -34.53 ], [ -58.83, -34.53 ], [ -58.83, -34.53 ], [ -58.83, -34.53 ], [ -58.83, -34.53 ], [ -58.83, -34.53 ], [ -58.83, -34.53 ], [ -58.83, -34.53 ], [ -58.83, -34.53 ], [ -58.83, -34.53 ], [ -58.83, -34.53 ], [ -58.83, -34.53 ], [ -58.83, -34.53 ], [ -58.83, -34.53 ], [ -58.83, -34.53 ], [ -58.83, -34.53 ], [ -58.83, -34.53 ], [ -58.83, -34.53 ], [ -58.83, -34.53 ], [ -58.83, -34.53 ], [ -58.83, -34.53 ], [ -58.83, -34.53 ], [ -58.83, -34.53 ], [ -58.83, -34.53 ], [ -58.83, -34.53 ], [ -58.83, -34.53 ], [ -58.83, -34.53 ], [ -58.83, -34.53 ], [ -58.83, -34.53 ], [ -58.83, -34.53 ], [ -58.83, -34.53 ], [ -58.83, -34.53 ], [ -58.83, -34.53 ], [ -58.83, -34.53 ], [ -58.83, -34.53 ], [ -58.83, -34.53 ], [ -58.83, -34.52 ], [ -58.83, -34.52 ], [ -58.83, -34.52 ], [ -58.83, -34.52 ], [ -58.83, -34.52 ], [ -58.83, -34.52 ], [ -58.83, -34.52 ], [ -58.83, -34.52 ], [ -58.83, -34.52 ], [ -58.83, -34.52 ], [ -58.83, -34.52 ], [ -58.83, -34.52 ], [ -58.83, -34.52 ], [ -58.83, -34.52 ], [ -58.83, -34.52 ], [ -58.83, -34.52 ], [ -58.83, -34.52 ], [ -58.83, -34.52 ], [ -58.83, -34.52 ], [ -58.83, -34.52 ], [ -58.83, -34.52 ], [ -58.83, -34.52 ], [ -58.83, -34.52 ], [ -58.83, -34.52 ], [ -58.83, -34.52 ], [ -58.83, -34.52 ], [ -58.83, -34.52 ], [ -58.83, -34.52 ], [ -58.83, -34.52 ], [ -58.83, -34.52 ], [ -58.83, -34.52 ], [ -58.83, -34.52 ], [ -58.83, -34.52 ], [ -58.83, -34.52 ], [ -58.83, -34.52 ], [ -58.83, -34.52 ], [ -58.83, -34.52 ], [ -58.83, -34.52 ], [ -58.83, -34.52 ], [ -58.83, -34.52 ], [ -58.83, -34.52 ], [ -58.83, -34.52 ], [ -58.83, -34.52 ], [ -58.83, -34.52 ], [ -58.83, -34.52 ], [ -58.83, -34.52 ], [ -58.83, -34.52 ], [ -58.83, -34.52 ], [ -58.83, -34.52 ], [ -58.83, -34.52 ], [ -58.83, -34.52 ], [ -58.83, -34.52 ], [ -58.83, -34.52 ], [ -58.83, -34.52 ], [ -58.83, -34.52 ], [ -58.83, -34.52 ], [ -58.83, -34.52 ], [ -58.83, -34.52 ], [ -58.83, -34.52 ], [ -58.83, -34.52 ], [ -58.83, -34.52 ], [ -58.83, -34.51 ], [ -58.83, -34.51 ], [ -58.83, -34.51 ], [ -58.83, -34.51 ], [ -58.83, -34.51 ], [ -58.83, -34.51 ], [ -58.83, -34.51 ], [ -58.83, -34.51 ], [ -58.83, -34.51 ], [ -58.83, -34.51 ], [ -58.83, -34.51 ], [ -58.83, -34.51 ], [ -58.83, -34.51 ], [ -58.83, -34.51 ], [ -58.83, -34.51 ], [ -58.83, -34.51 ], [ -58.83, -34.51 ], [ -58.82, -34.51 ], [ -58.82, -34.51 ], [ -58.82, -34.51 ], [ -58.82, -34.51 ], [ -58.82, -34.51 ], [ -58.82, -34.51 ], [ -58.82, -34.51 ], [ -58.82, -34.51 ], [ -58.82, -34.51 ], [ -58.82, -34.51 ], [ -58.82, -34.51 ], [ -58.82, -34.51 ], [ -58.82, -34.51 ], [ -58.82, -34.51 ], [ -58.82, -34.51 ], [ -58.82, -34.51 ], [ -58.82, -34.51 ], [ -58.82, -34.51 ], [ -58.82, -34.51 ], [ -58.82, -34.51 ], [ -58.82, -34.51 ], [ -58.82, -34.51 ], [ -58.82, -34.51 ], [ -58.82, -34.51 ], [ -58.82, -34.51 ], [ -58.82, -34.51 ], [ -58.82, -34.51 ], [ -58.82, -34.51 ], [ -58.82, -34.51 ], [ -58.82, -34.51 ], [ -58.82, -34.51 ], [ -58.82, -34.51 ], [ -58.82, -34.51 ], [ -58.82, -34.51 ], [ -58.82, -34.51 ], [ -58.82, -34.51 ], [ -58.82, -34.51 ], [ -58.82, -34.51 ], [ -58.82, -34.51 ], [ -58.82, -34.51 ], [ -58.82, -34.51 ], [ -58.82, -34.51 ], [ -58.82, -34.51 ], [ -58.82, -34.51 ], [ -58.82, -34.51 ], [ -58.82, -34.51 ], [ -58.82, -34.51 ], [ -58.82, -34.51 ], [ -58.82, -34.51 ], [ -58.82, -34.51 ], [ -58.82, -34.51 ], [ -58.82, -34.51 ], [ -58.82, -34.51 ], [ -58.82, -34.51 ], [ -58.82, -34.51 ], [ -58.82, -34.51 ], [ -58.82, -34.51 ], [ -58.82, -34.51 ], [ -58.82, -34.51 ], [ -58.82, -34.51 ], [ -58.82, -34.51 ], [ -58.82, -34.51 ], [ -58.82, -34.51 ], [ -58.82, -34.51 ], [ -58.82, -34.51 ], [ -58.82, -34.51 ], [ -58.82, -34.51 ], [ -58.82, -34.51 ], [ -58.82, -34.51 ], [ -58.82, -34.51 ], [ -58.82, -34.51 ], [ -58.82, -34.51 ], [ -58.82, -34.51 ], [ -58.82, -34.51 ], [ -58.82, -34.51 ], [ -58.82, -34.51 ], [ -58.82, -34.51 ], [ -58.82, -34.51 ], [ -58.82, -34.51 ], [ -58.82, -34.51 ], [ -58.82, -34.51 ], [ -58.82, -34.5 ], [ -58.82, -34.5 ], [ -58.82, -34.5 ], [ -58.82, -34.5 ], [ -58.82, -34.5 ], [ -58.82, -34.5 ], [ -58.82, -34.5 ], [ -58.82, -34.5 ], [ -58.82, -34.5 ], [ -58.82, -34.5 ], [ -58.82, -34.5 ], [ -58.82, -34.5 ], [ -58.82, -34.5 ], [ -58.82, -34.5 ], [ -58.82, -34.5 ], [ -58.82, -34.5 ], [ -58.82, -34.5 ], [ -58.82, -34.5 ], [ -58.82, -34.5 ], [ -58.82, -34.5 ], [ -58.82, -34.5 ], [ -58.82, -34.5 ], [ -58.82, -34.5 ], [ -58.82, -34.5 ], [ -58.82, -34.5 ], [ -58.82, -34.5 ], [ -58.82, -34.5 ], [ -58.82, -34.5 ], [ -58.82, -34.5 ], [ -58.82, -34.5 ], [ -58.82, -34.5 ], [ -58.82, -34.5 ], [ -58.82, -34.5 ], [ -58.82, -34.5 ], [ -58.82, -34.5 ], [ -58.82, -34.5 ], [ -58.82, -34.5 ], [ -58.82, -34.5 ], [ -58.82, -34.5 ], [ -58.82, -34.5 ], [ -58.82, -34.5 ], [ -58.82, -34.5 ], [ -58.82, -34.5 ], [ -58.82, -34.5 ], [ -58.82, -34.5 ], [ -58.82, -34.5 ], [ -58.82, -34.5 ], [ -58.82, -34.5 ], [ -58.82, -34.5 ], [ -58.82, -34.5 ], [ -58.82, -34.5 ], [ -58.82, -34.5 ], [ -58.82, -34.5 ], [ -58.82, -34.5 ], [ -58.82, -34.5 ], [ -58.82, -34.5 ], [ -58.82, -34.5 ], [ -58.82, -34.5 ], [ -58.82, -34.5 ], [ -58.82, -34.5 ], [ -58.82, -34.5 ], [ -58.82, -34.5 ], [ -58.82, -34.5 ], [ -58.82, -34.5 ], [ -58.82, -34.5 ], [ -58.82, -34.5 ], [ -58.82, -34.5 ], [ -58.82, -34.5 ], [ -58.82, -34.5 ], [ -58.82, -34.5 ], [ -58.82, -34.5 ], [ -58.82, -34.5 ], [ -58.82, -34.5 ], [ -58.82, -34.5 ], [ -58.82, -34.5 ], [ -58.82, -34.5 ], [ -58.82, -34.5 ], [ -58.82, -34.5 ], [ -58.82, -34.5 ], [ -58.82, -34.5 ], [ -58.82, -34.5 ], [ -58.82, -34.5 ], [ -58.82, -34.5 ], [ -58.82, -34.5 ], [ -58.82, -34.5 ], [ -58.82, -34.5 ], [ -58.82, -34.5 ], [ -58.82, -34.5 ], [ -58.82, -34.5 ], [ -58.82, -34.5 ], [ -58.82, -34.5 ], [ -58.82, -34.5 ], [ -58.82, -34.5 ], [ -58.82, -34.5 ], [ -58.82, -34.5 ], [ -58.82, -34.5 ], [ -58.82, -34.5 ], [ -58.82, -34.5 ], [ -58.82, -34.5 ], [ -58.82, -34.49 ], [ -58.82, -34.49 ], [ -58.82, -34.49 ], [ -58.82, -34.49 ], [ -58.82, -34.49 ], [ -58.82, -34.49 ], [ -58.82, -34.49 ], [ -58.82, -34.49 ], [ -58.82, -34.49 ], [ -58.82, -34.49 ], [ -58.82, -34.49 ], [ -58.82, -34.49 ], [ -58.82, -34.49 ], [ -58.82, -34.49 ], [ -58.82, -34.49 ], [ -58.82, -34.49 ], [ -58.82, -34.49 ], [ -58.82, -34.49 ], [ -58.82, -34.49 ], [ -58.82, -34.49 ], [ -58.82, -34.49 ], [ -58.82, -34.49 ], [ -58.82, -34.49 ], [ -58.82, -34.49 ], [ -58.82, -34.49 ], [ -58.82, -34.49 ], [ -58.82, -34.49 ], [ -58.82, -34.49 ], [ -58.82, -34.49 ], [ -58.82, -34.49 ], [ -58.82, -34.49 ], [ -58.82, -34.49 ], [ -58.82, -34.49 ], [ -58.81, -34.49 ], [ -58.81, -34.49 ], [ -58.81, -34.49 ], [ -58.81, -34.49 ], [ -58.81, -34.49 ], [ -58.81, -34.49 ], [ -58.81, -34.49 ], [ -58.81, -34.49 ], [ -58.81, -34.49 ], [ -58.81, -34.49 ], [ -58.81, -34.49 ], [ -58.81, -34.49 ], [ -58.81, -34.49 ], [ -58.81, -34.49 ], [ -58.81, -34.49 ], [ -58.81, -34.49 ], [ -58.81, -34.49 ], [ -58.81, -34.49 ], [ -58.81, -34.49 ], [ -58.81, -34.49 ], [ -58.81, -34.49 ], [ -58.81, -34.49 ], [ -58.81, -34.49 ], [ -58.81, -34.49 ], [ -58.81, -34.49 ], [ -58.81, -34.49 ], [ -58.81, -34.49 ], [ -58.81, -34.49 ], [ -58.81, -34.49 ], [ -58.81, -34.49 ], [ -58.81, -34.49 ], [ -58.81, -34.49 ], [ -58.81, -34.49 ], [ -58.81, -34.49 ], [ -58.81, -34.49 ], [ -58.81, -34.49 ], [ -58.81, -34.49 ], [ -58.81, -34.49 ], [ -58.81, -34.49 ], [ -58.81, -34.49 ], [ -58.81, -34.49 ], [ -58.81, -34.49 ], [ -58.81, -34.49 ], [ -58.81, -34.49 ], [ -58.81, -34.49 ], [ -58.81, -34.49 ], [ -58.81, -34.49 ], [ -58.81, -34.49 ], [ -58.81, -34.49 ], [ -58.81, -34.49 ], [ -58.81, -34.49 ], [ -58.81, -34.49 ], [ -58.81, -34.49 ], [ -58.81, -34.49 ], [ -58.81, -34.49 ], [ -58.81, -34.49 ], [ -58.81, -34.49 ], [ -58.81, -34.49 ], [ -58.81, -34.49 ], [ -58.81, -34.49 ], [ -58.81, -34.49 ], [ -58.81, -34.49 ], [ -58.81, -34.49 ], [ -58.81, -34.49 ], [ -58.81, -34.49 ], [ -58.81, -34.49 ], [ -58.81, -34.49 ], [ -58.81, -34.49 ], [ -58.81, -34.49 ], [ -58.81, -34.49 ], [ -58.81, -34.49 ], [ -58.81, -34.49 ], [ -58.81, -34.49 ], [ -58.81, -34.48 ], [ -58.81, -34.48 ], [ -58.81, -34.48 ], [ -58.81, -34.48 ], [ -58.81, -34.48 ], [ -58.81, -34.48 ], [ -58.81, -34.48 ], [ -58.81, -34.48 ], [ -58.81, -34.48 ], [ -58.81, -34.48 ], [ -58.81, -34.48 ], [ -58.81, -34.48 ], [ -58.81, -34.48 ], [ -58.81, -34.48 ], [ -58.81, -34.48 ], [ -58.81, -34.48 ], [ -58.81, -34.48 ], [ -58.81, -34.48 ], [ -58.81, -34.48 ], [ -58.81, -34.48 ], [ -58.81, -34.48 ], [ -58.81, -34.48 ], [ -58.81, -34.48 ], [ -58.81, -34.48 ], [ -58.81, -34.48 ], [ -58.81, -34.48 ], [ -58.81, -34.48 ], [ -58.81, -34.48 ], [ -58.81, -34.48 ], [ -58.81, -34.48 ], [ -58.81, -34.48 ], [ -58.81, -34.48 ], [ -58.81, -34.48 ], [ -58.81, -34.48 ], [ -58.81, -34.48 ], [ -58.81, -34.48 ], [ -58.81, -34.48 ], [ -58.81, -34.48 ], [ -58.81, -34.48 ], [ -58.81, -34.48 ], [ -58.81, -34.48 ], [ -58.81, -34.48 ], [ -58.81, -34.48 ], [ -58.81, -34.48 ], [ -58.81, -34.48 ], [ -58.81, -34.48 ], [ -58.81, -34.48 ], [ -58.81, -34.48 ], [ -58.81, -34.48 ], [ -58.81, -34.48 ], [ -58.81, -34.48 ], [ -58.81, -34.48 ], [ -58.81, -34.48 ], [ -58.81, -34.48 ], [ -58.81, -34.48 ], [ -58.81, -34.48 ], [ -58.81, -34.48 ], [ -58.81, -34.48 ], [ -58.81, -34.48 ], [ -58.81, -34.48 ], [ -58.81, -34.48 ], [ -58.81, -34.48 ], [ -58.81, -34.47 ], [ -58.81, -34.47 ], [ -58.81, -34.47 ], [ -58.81, -34.47 ], [ -58.81, -34.47 ], [ -58.81, -34.47 ], [ -58.81, -34.47 ], [ -58.81, -34.47 ], [ -58.81, -34.47 ], [ -58.81, -34.47 ], [ -58.81, -34.47 ], [ -58.81, -34.47 ], [ -58.81, -34.47 ], [ -58.81, -34.47 ], [ -58.81, -34.47 ], [ -58.81, -34.47 ], [ -58.81, -34.47 ], [ -58.81, -34.47 ], [ -58.81, -34.47 ], [ -58.81, -34.47 ], [ -58.81, -34.47 ], [ -58.81, -34.47 ], [ -58.81, -34.47 ], [ -58.81, -34.47 ], [ -58.81, -34.47 ], [ -58.81, -34.47 ], [ -58.81, -34.47 ], [ -58.81, -34.47 ], [ -58.81, -34.47 ], [ -58.81, -34.47 ], [ -58.81, -34.47 ], [ -58.81, -34.47 ], [ -58.81, -34.47 ], [ -58.81, -34.47 ], [ -58.81, -34.47 ], [ -58.81, -34.47 ], [ -58.81, -34.47 ], [ -58.81, -34.47 ], [ -58.81, -34.47 ], [ -58.81, -34.47 ], [ -58.81, -34.47 ], [ -58.81, -34.47 ], [ -58.81, -34.47 ], [ -58.81, -34.47 ], [ -58.81, -34.47 ], [ -58.81, -34.47 ], [ -58.81, -34.47 ], [ -58.81, -34.47 ], [ -58.81, -34.47 ], [ -58.81, -34.47 ], [ -58.81, -34.47 ], [ -58.81, -34.47 ], [ -58.81, -34.47 ], [ -58.81, -34.47 ], [ -58.81, -34.47 ], [ -58.81, -34.47 ], [ -58.81, -34.46 ], [ -58.81, -34.46 ], [ -58.81, -34.46 ], [ -58.81, -34.46 ], [ -58.81, -34.46 ], [ -58.81, -34.46 ], [ -58.81, -34.46 ], [ -58.81, -34.46 ], [ -58.81, -34.46 ], [ -58.81, -34.46 ], [ -58.81, -34.46 ], [ -58.81, -34.46 ], [ -58.81, -34.46 ], [ -58.81, -34.46 ], [ -58.82, -34.46 ], [ -58.82, -34.46 ], [ -58.82, -34.46 ], [ -58.82, -34.46 ], [ -58.82, -34.46 ], [ -58.82, -34.46 ], [ -58.82, -34.46 ], [ -58.82, -34.46 ], [ -58.82, -34.46 ], [ -58.82, -34.46 ], [ -58.82, -34.46 ], [ -58.82, -34.46 ], [ -58.82, -34.46 ], [ -58.82, -34.46 ], [ -58.82, -34.46 ], [ -58.82, -34.46 ], [ -58.82, -34.46 ], [ -58.82, -34.46 ], [ -58.82, -34.46 ], [ -58.82, -34.46 ], [ -58.82, -34.46 ], [ -58.82, -34.46 ], [ -58.82, -34.46 ], [ -58.82, -34.46 ], [ -58.82, -34.46 ], [ -58.82, -34.46 ], [ -58.82, -34.46 ], [ -58.82, -34.46 ], [ -58.82, -34.46 ], [ -58.82, -34.46 ], [ -58.82, -34.46 ], [ -58.82, -34.46 ], [ -58.82, -34.46 ], [ -58.82, -34.46 ], [ -58.82, -34.46 ], [ -58.82, -34.46 ], [ -58.82, -34.46 ], [ -58.82, -34.46 ], [ -58.82, -34.46 ], [ -58.82, -34.45 ], [ -58.82, -34.45 ], [ -58.82, -34.45 ], [ -58.82, -34.45 ], [ -58.82, -34.45 ], [ -58.82, -34.45 ], [ -58.82, -34.45 ], [ -58.82, -34.45 ], [ -58.82, -34.45 ], [ -58.82, -34.45 ], [ -58.82, -34.45 ], [ -58.82, -34.45 ], [ -58.82, -34.45 ], [ -58.82, -34.45 ], [ -58.82, -34.45 ], [ -58.82, -34.45 ], [ -58.82, -34.46 ], [ -58.82, -34.46 ], [ -58.82, -34.46 ], [ -58.82, -34.46 ], [ -58.81, -34.46 ], [ -58.81, -34.46 ], [ -58.81, -34.46 ], [ -58.81, -34.46 ], [ -58.8, -34.46 ], [ -58.8, -34.47 ], [ -58.8, -34.47 ], [ -58.8, -34.47 ], [ -58.79, -34.47 ], [ -58.79, -34.47 ], [ -58.79, -34.47 ], [ -58.79, -34.48 ], [ -58.78, -34.48 ], [ -58.78, -34.48 ], [ -58.78, -34.47 ], [ -58.78, -34.47 ], [ -58.78, -34.47 ], [ -58.78, -34.47 ], [ -58.78, -34.47 ], [ -58.78, -34.47 ], [ -58.77, -34.47 ], [ -58.77, -34.47 ], [ -58.77, -34.46 ], [ -58.76, -34.47 ], [ -58.76, -34.47 ], [ -58.76, -34.47 ], [ -58.76, -34.46 ], [ -58.76, -34.46 ], [ -58.75, -34.47 ], [ -58.75, -34.47 ], [ -58.75, -34.47 ], [ -58.74, -34.46 ], [ -58.74, -34.46 ], [ -58.74, -34.46 ], [ -58.74, -34.46 ], [ -58.74, -34.46 ], [ -58.74, -34.45 ], [ -58.75, -34.44 ], [ -58.75, -34.44 ], [ -58.76, -34.43 ], [ -58.76, -34.43 ], [ -58.76, -34.42 ], [ -58.77, -34.42 ], [ -58.77, -34.41 ], [ -58.78, -34.4 ], [ -58.78, -34.4 ], [ -58.78, -34.4 ], [ -58.79, -34.4 ], [ -58.79, -34.4 ], [ -58.79, -34.4 ], [ -58.79, -34.4 ], [ -58.79, -34.4 ], [ -58.79, -34.4 ], [ -58.79, -34.4 ], [ -58.79, -34.4 ], [ -58.79, -34.4 ], [ -58.79, -34.4 ], [ -58.79, -34.4 ], [ -58.79, -34.4 ], [ -58.79, -34.4 ], [ -58.79, -34.4 ], [ -58.79, -34.4 ], [ -58.79, -34.4 ], [ -58.79, -34.4 ], [ -58.79, -34.4 ], [ -58.79, -34.4 ], [ -58.79, -34.4 ], [ -58.79, -34.4 ], [ -58.79, -34.4 ], [ -58.79, -34.4 ], [ -58.79, -34.4 ], [ -58.79, -34.4 ], [ -58.79, -34.4 ], [ -58.79, -34.4 ], [ -58.79, -34.4 ], [ -58.79, -34.4 ], [ -58.79, -34.41 ], [ -58.79, -34.41 ], [ -58.79, -34.41 ], [ -58.79, -34.41 ], [ -58.79, -34.41 ], [ -58.79, -34.41 ], [ -58.79, -34.41 ], [ -58.79, -34.41 ], [ -58.79, -34.41 ], [ -58.79, -34.41 ], [ -58.79, -34.41 ], [ -58.79, -34.41 ], [ -58.79, -34.41 ], [ -58.8, -34.41 ], [ -58.8, -34.41 ], [ -58.8, -34.41 ], [ -58.8, -34.41 ], [ -58.8, -34.41 ], [ -58.8, -34.41 ], [ -58.8, -34.41 ], [ -58.8, -34.41 ], [ -58.8, -34.41 ], [ -58.8, -34.41 ], [ -58.8, -34.41 ], [ -58.8, -34.41 ], [ -58.8, -34.41 ], [ -58.8, -34.41 ], [ -58.8, -34.41 ], [ -58.8, -34.41 ], [ -58.8, -34.41 ], [ -58.8, -34.41 ], [ -58.8, -34.41 ], [ -58.8, -34.41 ], [ -58.8, -34.41 ], [ -58.8, -34.41 ], [ -58.8, -34.41 ], [ -58.81, -34.41 ], [ -58.81, -34.41 ], [ -58.81, -34.41 ], [ -58.81, -34.41 ], [ -58.81, -34.41 ], [ -58.81, -34.41 ], [ -58.81, -34.41 ], [ -58.81, -34.41 ], [ -58.81, -34.41 ], [ -58.81, -34.41 ], [ -58.81, -34.41 ], [ -58.81, -34.41 ], [ -58.81, -34.41 ], [ -58.81, -34.41 ], [ -58.81, -34.41 ], [ -58.81, -34.41 ], [ -58.81, -34.41 ], [ -58.81, -34.41 ], [ -58.81, -34.41 ], [ -58.81, -34.41 ], [ -58.81, -34.41 ], [ -58.81, -34.41 ], [ -58.81, -34.41 ], [ -58.81, -34.41 ], [ -58.81, -34.41 ], [ -58.81, -34.41 ], [ -58.81, -34.41 ], [ -58.81, -34.41 ], [ -58.81, -34.41 ], [ -58.81, -34.41 ], [ -58.81, -34.41 ], [ -58.81, -34.41 ], [ -58.81, -34.41 ], [ -58.81, -34.41 ], [ -58.81, -34.41 ], [ -58.82, -34.41 ], [ -58.82, -34.41 ], [ -58.82, -34.42 ], [ -58.82, -34.42 ], [ -58.82, -34.42 ], [ -58.82, -34.41 ], [ -58.83, -34.4 ], [ -58.83, -34.4 ], [ -58.83, -34.4 ], [ -58.84, -34.39 ], [ -58.84, -34.39 ], [ -58.84, -34.39 ], [ -58.84, -34.39 ], [ -58.84, -34.39 ], [ -58.84, -34.39 ], [ -58.84, -34.39 ], [ -58.84, -34.39 ], [ -58.85, -34.37 ], [ -58.85, -34.37 ], [ -58.86, -34.36 ], [ -58.87, -34.35 ], [ -58.88, -34.34 ], [ -58.88, -34.34 ], [ -58.88, -34.34 ], [ -58.89, -34.33 ], [ -58.9, -34.31 ], [ -58.9, -34.31 ], [ -58.9, -34.31 ], [ -58.9, -34.31 ], [ -58.9, -34.31 ], [ -58.9, -34.31 ], [ -58.9, -34.31 ], [ -58.9, -34.31 ], [ -58.9, -34.31 ], [ -58.9, -34.31 ], [ -58.9, -34.31 ], [ -58.9, -34.31 ], [ -58.9, -34.31 ], [ -58.9, -34.31 ], [ -58.9, -34.31 ], [ -58.9, -34.31 ], [ -58.9, -34.31 ], [ -58.9, -34.31 ], [ -58.9, -34.31 ], [ -58.9, -34.31 ], [ -58.9, -34.31 ], [ -58.9, -34.31 ], [ -58.9, -34.31 ], [ -58.9, -34.31 ], [ -58.9, -34.31 ], [ -58.9, -34.31 ], [ -58.9, -34.31 ], [ -58.9, -34.31 ], [ -58.9, -34.31 ], [ -58.9, -34.31 ], [ -58.9, -34.31 ], [ -58.91, -34.31 ], [ -58.91, -34.31 ], [ -58.91, -34.31 ], [ -58.9, -34.31 ], [ -58.9, -34.31 ], [ -58.9, -34.31 ], [ -58.9, -34.31 ], [ -58.9, -34.31 ], [ -58.91, -34.31 ], [ -58.91, -34.31 ], [ -58.91, -34.31 ], [ -58.91, -34.31 ], [ -58.91, -34.31 ], [ -58.91, -34.31 ], [ -58.91, -34.31 ], [ -58.91, -34.31 ], [ -58.91, -34.31 ], [ -58.91, -34.31 ], [ -58.91, -34.31 ], [ -58.91, -34.31 ], [ -58.91, -34.31 ], [ -58.91, -34.31 ], [ -58.91, -34.31 ], [ -58.91, -34.31 ], [ -58.91, -34.31 ], [ -58.91, -34.32 ], [ -58.91, -34.32 ], [ -58.91, -34.32 ], [ -58.91, -34.32 ], [ -58.91, -34.32 ], [ -58.91, -34.32 ], [ -58.91, -34.32 ], [ -58.91, -34.32 ], [ -58.91, -34.32 ], [ -58.91, -34.32 ], [ -58.91, -34.32 ], [ -58.91, -34.32 ], [ -58.91, -34.32 ], [ -58.91, -34.32 ], [ -58.91, -34.32 ], [ -58.91, -34.32 ], [ -58.91, -34.32 ], [ -58.91, -34.32 ], [ -58.91, -34.32 ], [ -58.91, -34.32 ], [ -58.91, -34.32 ], [ -58.91, -34.32 ], [ -58.91, -34.32 ], [ -58.91, -34.32 ], [ -58.91, -34.32 ], [ -58.91, -34.32 ], [ -58.91, -34.32 ], [ -58.91, -34.32 ], [ -58.91, -34.32 ], [ -58.91, -34.32 ], [ -58.91, -34.32 ], [ -58.91, -34.32 ], [ -58.91, -34.32 ], [ -58.91, -34.32 ], [ -58.91, -34.32 ], [ -58.91, -34.32 ], [ -58.91, -34.32 ], [ -58.91, -34.32 ], [ -58.91, -34.32 ], [ -58.91, -34.32 ], [ -58.91, -34.32 ], [ -58.91, -34.32 ], [ -58.91, -34.32 ], [ -58.91, -34.32 ], [ -58.91, -34.32 ], [ -58.91, -34.32 ], [ -58.91, -34.32 ], [ -58.91, -34.32 ], [ -58.91, -34.32 ], [ -58.91, -34.32 ], [ -58.91, -34.32 ], [ -58.91, -34.32 ], [ -58.91, -34.32 ], [ -58.91, -34.33 ], [ -58.91, -34.33 ], [ -58.91, -34.33 ], [ -58.91, -34.33 ], [ -58.91, -34.33 ], [ -58.91, -34.33 ], [ -58.91, -34.33 ], [ -58.91, -34.33 ], [ -58.91, -34.33 ], [ -58.91, -34.33 ], [ -58.91, -34.33 ], [ -58.91, -34.33 ], [ -58.92, -34.33 ], [ -58.92, -34.33 ], [ -58.92, -34.33 ], [ -58.92, -34.33 ], [ -58.92, -34.33 ], [ -58.92, -34.33 ], [ -58.92, -34.33 ], [ -58.92, -34.33 ], [ -58.92, -34.33 ], [ -58.92, -34.33 ], [ -58.92, -34.33 ], [ -58.92, -34.33 ], [ -58.92, -34.33 ], [ -58.92, -34.33 ], [ -58.92, -34.33 ], [ -58.92, -34.33 ], [ -58.92, -34.33 ], [ -58.92, -34.33 ], [ -58.92, -34.33 ], [ -58.92, -34.33 ], [ -58.92, -34.33 ], [ -58.92, -34.33 ], [ -58.92, -34.33 ], [ -58.92, -34.33 ], [ -58.92, -34.33 ], [ -58.92, -34.33 ], [ -58.92, -34.33 ], [ -58.92, -34.33 ], [ -58.92, -34.33 ], [ -58.92, -34.33 ], [ -58.92, -34.33 ], [ -58.92, -34.33 ], [ -58.92, -34.33 ], [ -58.92, -34.33 ], [ -58.92, -34.33 ], [ -58.92, -34.33 ], [ -58.92, -34.33 ], [ -58.92, -34.33 ], [ -58.92, -34.33 ], [ -58.92, -34.33 ], [ -58.92, -34.33 ], [ -58.92, -34.33 ], [ -58.92, -34.33 ], [ -58.92, -34.33 ], [ -58.92, -34.34 ], [ -58.91, -34.34 ], [ -58.91, -34.34 ], [ -58.91, -34.34 ], [ -58.91, -34.34 ], [ -58.91, -34.34 ], [ -58.91, -34.34 ], [ -58.91, -34.34 ], [ -58.91, -34.34 ], [ -58.91, -34.34 ], [ -58.91, -34.34 ], [ -58.92, -34.34 ], [ -58.92, -34.34 ], [ -58.92, -34.34 ], [ -58.92, -34.34 ], [ -58.92, -34.34 ], [ -58.92, -34.34 ], [ -58.92, -34.34 ], [ -58.92, -34.34 ], [ -58.92, -34.34 ], [ -58.92, -34.34 ], [ -58.92, -34.34 ], [ -58.92, -34.34 ], [ -58.92, -34.34 ], [ -58.92, -34.34 ], [ -58.92, -34.34 ], [ -58.92, -34.34 ], [ -58.92, -34.34 ], [ -58.92, -34.34 ], [ -58.92, -34.34 ], [ -58.92, -34.34 ], [ -58.92, -34.34 ], [ -58.92, -34.34 ], [ -58.92, -34.34 ], [ -58.92, -34.34 ], [ -58.92, -34.34 ], [ -58.92, -34.34 ], [ -58.92, -34.34 ], [ -58.92, -34.34 ], [ -58.92, -34.34 ], [ -58.92, -34.34 ], [ -58.92, -34.34 ], [ -58.92, -34.34 ], [ -58.92, -34.34 ], [ -58.92, -34.34 ], [ -58.92, -34.34 ], [ -58.92, -34.34 ], [ -58.91, -34.34 ], [ -58.91, -34.34 ], [ -58.91, -34.34 ], [ -58.91, -34.34 ], [ -58.91, -34.34 ], [ -58.91, -34.34 ], [ -58.91, -34.34 ], [ -58.91, -34.34 ], [ -58.91, -34.34 ], [ -58.91, -34.35 ], [ -58.91, -34.35 ], [ -58.91, -34.35 ], [ -58.91, -34.35 ], [ -58.91, -34.35 ], [ -58.91, -34.35 ], [ -58.91, -34.35 ], [ -58.92, -34.35 ], [ -58.92, -34.35 ], [ -58.92, -34.35 ], [ -58.92, -34.35 ], [ -58.92, -34.35 ], [ -58.92, -34.35 ], [ -58.92, -34.35 ], [ -58.92, -34.35 ], [ -58.92, -34.35 ], [ -58.92, -34.35 ], [ -58.92, -34.35 ], [ -58.92, -34.35 ], [ -58.92, -34.35 ], [ -58.92, -34.35 ], [ -58.92, -34.35 ], [ -58.92, -34.35 ], [ -58.92, -34.35 ], [ -58.92, -34.35 ], [ -58.92, -34.35 ], [ -58.92, -34.35 ], [ -58.92, -34.35 ], [ -58.92, -34.35 ], [ -58.92, -34.35 ], [ -58.92, -34.35 ], [ -58.92, -34.35 ], [ -58.92, -34.35 ], [ -58.92, -34.35 ], [ -58.92, -34.35 ], [ -58.92, -34.35 ], [ -58.91, -34.35 ], [ -58.91, -34.35 ], [ -58.91, -34.35 ], [ -58.91, -34.35 ], [ -58.91, -34.35 ], [ -58.91, -34.35 ], [ -58.91, -34.35 ], [ -58.91, -34.35 ], [ -58.91, -34.35 ], [ -58.91, -34.35 ], [ -58.92, -34.35 ], [ -58.92, -34.35 ], [ -58.92, -34.35 ], [ -58.92, -34.35 ], [ -58.92, -34.35 ], [ -58.92, -34.35 ], [ -58.92, -34.35 ], [ -58.92, -34.35 ], [ -58.92, -34.35 ], [ -58.92, -34.35 ], [ -58.92, -34.35 ], [ -58.92, -34.35 ], [ -58.92, -34.35 ], [ -58.92, -34.35 ], [ -58.92, -34.35 ], [ -58.92, -34.35 ], [ -58.92, -34.35 ], [ -58.92, -34.35 ], [ -58.92, -34.35 ], [ -58.92, -34.35 ], [ -58.92, -34.35 ], [ -58.92, -34.35 ], [ -58.92, -34.35 ], [ -58.92, -34.35 ], [ -58.92, -34.35 ], [ -58.92, -34.35 ], [ -58.92, -34.35 ], [ -58.92, -34.35 ], [ -58.92, -34.35 ], [ -58.92, -34.35 ], [ -58.92, -34.35 ], [ -58.92, -34.35 ], [ -58.92, -34.35 ], [ -58.92, -34.35 ], [ -58.92, -34.35 ], [ -58.92, -34.35 ], [ -58.92, -34.35 ], [ -58.91, -34.35 ], [ -58.91, -34.35 ], [ -58.91, -34.36 ], [ -58.91, -34.36 ], [ -58.91, -34.36 ], [ -58.91, -34.36 ], [ -58.91, -34.36 ], [ -58.92, -34.36 ], [ -58.92, -34.36 ], [ -58.92, -34.36 ], [ -58.92, -34.36 ], [ -58.92, -34.36 ], [ -58.92, -34.36 ], [ -58.92, -34.36 ], [ -58.92, -34.36 ], [ -58.92, -34.36 ], [ -58.92, -34.36 ], [ -58.92, -34.36 ], [ -58.92, -34.36 ], [ -58.92, -34.36 ], [ -58.92, -34.36 ], [ -58.92, -34.36 ], [ -58.91, -34.36 ], [ -58.91, -34.36 ], [ -58.91, -34.36 ], [ -58.91, -34.36 ], [ -58.91, -34.36 ], [ -58.91, -34.36 ], [ -58.91, -34.36 ], [ -58.91, -34.36 ], [ -58.91, -34.36 ], [ -58.91, -34.36 ], [ -58.91, -34.36 ], [ -58.91, -34.36 ], [ -58.91, -34.36 ], [ -58.91, -34.36 ], [ -58.91, -34.36 ], [ -58.91, -34.36 ], [ -58.91, -34.36 ], [ -58.91, -34.36 ], [ -58.91, -34.36 ], [ -58.91, -34.36 ], [ -58.91, -34.36 ], [ -58.91, -34.36 ], [ -58.91, -34.36 ], [ -58.91, -34.36 ], [ -58.91, -34.36 ], [ -58.91, -34.36 ], [ -58.91, -34.36 ], [ -58.91, -34.36 ], [ -58.91, -34.36 ], [ -58.91, -34.36 ], [ -58.91, -34.36 ], [ -58.91, -34.36 ], [ -58.91, -34.36 ], [ -58.91, -34.36 ], [ -58.91, -34.36 ], [ -58.91, -34.36 ], [ -58.91, -34.36 ], [ -58.91, -34.36 ], [ -58.91, -34.36 ], [ -58.91, -34.36 ], [ -58.91, -34.36 ], [ -58.91, -34.36 ], [ -58.91, -34.36 ], [ -58.91, -34.36 ], [ -58.91, -34.36 ], [ -58.91, -34.36 ], [ -58.91, -34.36 ], [ -58.91, -34.36 ], [ -58.91, -34.36 ], [ -58.91, -34.36 ], [ -58.91, -34.36 ], [ -58.91, -34.36 ], [ -58.91, -34.36 ], [ -58.91, -34.36 ], [ -58.91, -34.36 ], [ -58.91, -34.36 ], [ -58.91, -34.36 ], [ -58.91, -34.36 ], [ -58.91, -34.36 ], [ -58.91, -34.36 ], [ -58.91, -34.36 ], [ -58.91, -34.36 ], [ -58.91, -34.36 ], [ -58.91, -34.36 ], [ -58.91, -34.36 ], [ -58.91, -34.36 ], [ -58.91, -34.36 ], [ -58.91, -34.36 ], [ -58.91, -34.36 ], [ -58.91, -34.36 ], [ -58.91, -34.36 ], [ -58.91, -34.36 ], [ -58.91, -34.36 ], [ -58.91, -34.36 ], [ -58.91, -34.36 ], [ -58.91, -34.36 ], [ -58.91, -34.36 ], [ -58.91, -34.37 ], [ -58.91, -34.37 ], [ -58.91, -34.37 ], [ -58.91, -34.37 ], [ -58.91, -34.37 ], [ -58.91, -34.37 ], [ -58.91, -34.37 ], [ -58.91, -34.37 ], [ -58.91, -34.37 ], [ -58.91, -34.37 ], [ -58.91, -34.37 ], [ -58.91, -34.37 ], [ -58.91, -34.37 ], [ -58.91, -34.37 ], [ -58.91, -34.37 ], [ -58.91, -34.37 ], [ -58.92, -34.37 ], [ -58.92, -34.37 ], [ -58.92, -34.37 ], [ -58.92, -34.37 ], [ -58.92, -34.37 ], [ -58.92, -34.37 ], [ -58.92, -34.37 ], [ -58.92, -34.37 ], [ -58.92, -34.37 ], [ -58.92, -34.37 ], [ -58.92, -34.37 ], [ -58.92, -34.37 ], [ -58.92, -34.37 ], [ -58.92, -34.37 ], [ -58.92, -34.37 ], [ -58.92, -34.37 ], [ -58.92, -34.37 ], [ -58.92, -34.37 ], [ -58.92, -34.37 ], [ -58.92, -34.37 ], [ -58.92, -34.37 ], [ -58.92, -34.37 ], [ -58.92, -34.37 ], [ -58.92, -34.37 ], [ -58.92, -34.37 ], [ -58.92, -34.37 ], [ -58.92, -34.37 ], [ -58.92, -34.37 ], [ -58.92, -34.37 ], [ -58.92, -34.37 ], [ -58.92, -34.37 ], [ -58.92, -34.37 ], [ -58.92, -34.37 ], [ -58.92, -34.37 ], [ -58.92, -34.37 ], [ -58.92, -34.37 ], [ -58.92, -34.37 ], [ -58.92, -34.37 ], [ -58.92, -34.37 ], [ -58.92, -34.37 ], [ -58.92, -34.37 ], [ -58.92, -34.37 ], [ -58.92, -34.37 ], [ -58.92, -34.37 ], [ -58.92, -34.37 ], [ -58.92, -34.37 ], [ -58.92, -34.37 ], [ -58.92, -34.37 ], [ -58.92, -34.37 ], [ -58.92, -34.37 ], [ -58.92, -34.37 ], [ -58.92, -34.37 ], [ -58.92, -34.37 ], [ -58.92, -34.37 ], [ -58.92, -34.37 ], [ -58.92, -34.37 ], [ -58.92, -34.37 ], [ -58.92, -34.37 ], [ -58.92, -34.37 ], [ -58.92, -34.37 ], [ -58.92, -34.37 ], [ -58.92, -34.37 ], [ -58.92, -34.37 ], [ -58.92, -34.37 ], [ -58.92, -34.38 ], [ -58.92, -34.38 ], [ -58.92, -34.38 ], [ -58.92, -34.38 ], [ -58.92, -34.38 ], [ -58.92, -34.38 ], [ -58.92, -34.38 ], [ -58.92, -34.38 ], [ -58.92, -34.38 ], [ -58.92, -34.38 ], [ -58.92, -34.38 ], [ -58.92, -34.38 ], [ -58.92, -34.38 ], [ -58.92, -34.38 ], [ -58.92, -34.38 ], [ -58.92, -34.38 ], [ -58.92, -34.38 ], [ -58.92, -34.38 ], [ -58.92, -34.38 ], [ -58.92, -34.38 ], [ -58.92, -34.38 ], [ -58.92, -34.38 ], [ -58.92, -34.38 ], [ -58.92, -34.38 ], [ -58.92, -34.38 ], [ -58.92, -34.38 ], [ -58.92, -34.38 ], [ -58.92, -34.38 ], [ -58.92, -34.38 ], [ -58.92, -34.38 ], [ -58.92, -34.38 ], [ -58.92, -34.38 ], [ -58.92, -34.38 ], [ -58.92, -34.38 ], [ -58.92, -34.38 ], [ -58.92, -34.38 ], [ -58.92, -34.38 ], [ -58.92, -34.38 ], [ -58.92, -34.38 ], [ -58.92, -34.38 ], [ -58.92, -34.38 ], [ -58.92, -34.38 ], [ -58.92, -34.38 ], [ -58.92, -34.38 ], [ -58.92, -34.38 ], [ -58.92, -34.38 ], [ -58.92, -34.38 ], [ -58.92, -34.38 ], [ -58.92, -34.38 ], [ -58.92, -34.38 ], [ -58.92, -34.38 ], [ -58.92, -34.38 ], [ -58.92, -34.38 ], [ -58.92, -34.38 ], [ -58.92, -34.38 ], [ -58.92, -34.38 ], [ -58.92, -34.38 ], [ -58.92, -34.38 ], [ -58.92, -34.38 ], [ -58.92, -34.38 ], [ -58.92, -34.38 ], [ -58.92, -34.38 ], [ -58.92, -34.38 ], [ -58.92, -34.38 ], [ -58.92, -34.38 ], [ -58.92, -34.38 ], [ -58.92, -34.38 ], [ -58.92, -34.38 ], [ -58.92, -34.38 ], [ -58.92, -34.38 ], [ -58.92, -34.38 ], [ -58.92, -34.38 ], [ -58.92, -34.38 ], [ -58.92, -34.38 ], [ -58.92, -34.38 ], [ -58.92, -34.38 ], [ -58.92, -34.38 ], [ -58.92, -34.38 ], [ -58.92, -34.38 ], [ -58.92, -34.38 ], [ -58.92, -34.38 ], [ -58.92, -34.38 ], [ -58.92, -34.38 ], [ -58.92, -34.38 ], [ -58.92, -34.38 ], [ -58.92, -34.38 ], [ -58.92, -34.38 ], [ -58.92, -34.38 ], [ -58.92, -34.38 ], [ -58.92, -34.38 ], [ -58.92, -34.38 ], [ -58.92, -34.38 ], [ -58.92, -34.39 ], [ -58.92, -34.39 ], [ -58.92, -34.39 ], [ -58.92, -34.39 ], [ -58.92, -34.39 ], [ -58.92, -34.39 ], [ -58.92, -34.39 ], [ -58.92, -34.39 ], [ -58.92, -34.39 ], [ -58.92, -34.39 ], [ -58.92, -34.39 ], [ -58.92, -34.39 ], [ -58.92, -34.39 ], [ -58.92, -34.39 ], [ -58.92, -34.39 ], [ -58.92, -34.39 ], [ -58.92, -34.39 ], [ -58.92, -34.39 ], [ -58.92, -34.39 ], [ -58.92, -34.39 ], [ -58.92, -34.39 ], [ -58.92, -34.39 ], [ -58.92, -34.39 ], [ -58.92, -34.39 ], [ -58.92, -34.39 ], [ -58.92, -34.39 ], [ -58.92, -34.39 ], [ -58.92, -34.39 ], [ -58.92, -34.39 ], [ -58.92, -34.39 ], [ -58.92, -34.39 ], [ -58.92, -34.39 ], [ -58.92, -34.39 ], [ -58.92, -34.39 ], [ -58.92, -34.39 ], [ -58.92, -34.39 ], [ -58.92, -34.39 ], [ -58.92, -34.39 ], [ -58.92, -34.39 ], [ -58.92, -34.39 ], [ -58.92, -34.39 ], [ -58.92, -34.39 ], [ -58.92, -34.39 ], [ -58.92, -34.39 ], [ -58.92, -34.39 ], [ -58.92, -34.39 ], [ -58.92, -34.39 ], [ -58.92, -34.39 ], [ -58.92, -34.39 ], [ -58.92, -34.39 ], [ -58.92, -34.39 ], [ -58.92, -34.39 ], [ -58.92, -34.39 ], [ -58.92, -34.39 ], [ -58.92, -34.39 ], [ -58.92, -34.39 ], [ -58.92, -34.39 ], [ -58.92, -34.39 ], [ -58.92, -34.39 ], [ -58.92, -34.39 ], [ -58.92, -34.39 ], [ -58.92, -34.39 ], [ -58.92, -34.39 ], [ -58.92, -34.39 ], [ -58.92, -34.39 ], [ -58.92, -34.39 ], [ -58.92, -34.39 ], [ -58.92, -34.39 ], [ -58.92, -34.39 ], [ -58.92, -34.39 ], [ -58.92, -34.39 ], [ -58.92, -34.39 ], [ -58.92, -34.39 ], [ -58.92, -34.39 ], [ -58.92, -34.39 ], [ -58.92, -34.39 ], [ -58.92, -34.39 ], [ -58.92, -34.39 ], [ -58.92, -34.39 ], [ -58.92, -34.39 ], [ -58.92, -34.39 ], [ -58.92, -34.39 ], [ -58.92, -34.39 ], [ -58.92, -34.39 ], [ -58.92, -34.39 ], [ -58.92, -34.4 ], [ -58.92, -34.4 ] ] ] ] } },
{ "type": "Feature", "properties": { "id": null, "comuna": null, "perimetro_": null, "area_metro": null, "nam": "Merlo", "cca": "072", "cde": "06539", "fna": "Partido de Merlo", "gna": "Partido", "ara3": 174.38, "arl": 173.13 }, "geometry": { "type": "MultiPolygon", "coordinates": [ [ [ [ -58.76, -34.66 ], [ -58.76, -34.66 ], [ -58.76, -34.66 ], [ -58.76, -34.66 ], [ -58.76, -34.66 ], [ -58.76, -34.66 ], [ -58.76, -34.66 ], [ -58.76, -34.66 ], [ -58.76, -34.66 ], [ -58.77, -34.66 ], [ -58.77, -34.66 ], [ -58.77, -34.66 ], [ -58.77, -34.66 ], [ -58.77, -34.66 ], [ -58.77, -34.66 ], [ -58.77, -34.66 ], [ -58.77, -34.67 ], [ -58.77, -34.67 ], [ -58.77, -34.67 ], [ -58.77, -34.66 ], [ -58.77, -34.67 ], [ -58.78, -34.67 ], [ -58.78, -34.67 ], [ -58.78, -34.67 ], [ -58.78, -34.67 ], [ -58.78, -34.67 ], [ -58.78, -34.67 ], [ -58.78, -34.67 ], [ -58.79, -34.67 ], [ -58.79, -34.67 ], [ -58.79, -34.67 ], [ -58.79, -34.67 ], [ -58.79, -34.67 ], [ -58.79, -34.67 ], [ -58.79, -34.67 ], [ -58.79, -34.67 ], [ -58.79, -34.67 ], [ -58.8, -34.67 ], [ -58.8, -34.67 ], [ -58.8, -34.67 ], [ -58.8, -34.67 ], [ -58.8, -34.67 ], [ -58.8, -34.67 ], [ -58.8, -34.67 ], [ -58.8, -34.67 ], [ -58.8, -34.68 ], [ -58.8, -34.68 ], [ -58.8, -34.68 ], [ -58.8, -34.68 ], [ -58.8, -34.68 ], [ -58.8, -34.68 ], [ -58.8, -34.68 ], [ -58.8, -34.68 ], [ -58.81, -34.68 ], [ -58.81, -34.68 ], [ -58.81, -34.68 ], [ -58.81, -34.68 ], [ -58.81, -34.68 ], [ -58.81, -34.68 ], [ -58.81, -34.68 ], [ -58.81, -34.68 ], [ -58.81, -34.68 ], [ -58.81, -34.68 ], [ -58.81, -34.68 ], [ -58.81, -34.68 ], [ -58.81, -34.68 ], [ -58.81, -34.68 ], [ -58.81, -34.68 ], [ -58.81, -34.68 ], [ -58.81, -34.68 ], [ -58.81, -34.68 ], [ -58.81, -34.68 ], [ -58.81, -34.68 ], [ -58.81, -34.68 ], [ -58.81, -34.68 ], [ -58.81, -34.68 ], [ -58.81, -34.68 ], [ -58.81, -34.68 ], [ -58.81, -34.68 ], [ -58.81, -34.68 ], [ -58.81, -34.68 ], [ -58.81, -34.68 ], [ -58.81, -34.68 ], [ -58.81, -34.68 ], [ -58.81, -34.68 ], [ -58.81, -34.68 ], [ -58.81, -34.68 ], [ -58.81, -34.68 ], [ -58.81, -34.68 ], [ -58.81, -34.68 ], [ -58.81, -34.68 ], [ -58.81, -34.68 ], [ -58.81, -34.68 ], [ -58.81, -34.68 ], [ -58.81, -34.68 ], [ -58.81, -34.68 ], [ -58.81, -34.68 ], [ -58.81, -34.68 ], [ -58.81, -34.68 ], [ -58.81, -34.68 ], [ -58.81, -34.68 ], [ -58.81, -34.68 ], [ -58.81, -34.68 ], [ -58.81, -34.68 ], [ -58.81, -34.68 ], [ -58.81, -34.68 ], [ -58.81, -34.68 ], [ -58.81, -34.68 ], [ -58.81, -34.68 ], [ -58.81, -34.68 ], [ -58.81, -34.68 ], [ -58.81, -34.68 ], [ -58.81, -34.68 ], [ -58.81, -34.68 ], [ -58.81, -34.68 ], [ -58.81, -34.68 ], [ -58.81, -34.68 ], [ -58.81, -34.68 ], [ -58.81, -34.68 ], [ -58.81, -34.68 ], [ -58.81, -34.68 ], [ -58.81, -34.68 ], [ -58.81, -34.68 ], [ -58.81, -34.68 ], [ -58.81, -34.68 ], [ -58.82, -34.68 ], [ -58.82, -34.68 ], [ -58.82, -34.68 ], [ -58.82, -34.68 ], [ -58.82, -34.68 ], [ -58.82, -34.68 ], [ -58.82, -34.68 ], [ -58.82, -34.68 ], [ -58.82, -34.68 ], [ -58.82, -34.68 ], [ -58.82, -34.68 ], [ -58.82, -34.68 ], [ -58.82, -34.68 ], [ -58.82, -34.68 ], [ -58.82, -34.68 ], [ -58.82, -34.68 ], [ -58.82, -34.68 ], [ -58.82, -34.69 ], [ -58.82, -34.69 ], [ -58.82, -34.69 ], [ -58.82, -34.69 ], [ -58.82, -34.69 ], [ -58.82, -34.69 ], [ -58.82, -34.69 ], [ -58.82, -34.69 ], [ -58.82, -34.69 ], [ -58.82, -34.69 ], [ -58.82, -34.69 ], [ -58.82, -34.68 ], [ -58.82, -34.68 ], [ -58.82, -34.68 ], [ -58.82, -34.68 ], [ -58.82, -34.68 ], [ -58.82, -34.68 ], [ -58.82, -34.68 ], [ -58.82, -34.68 ], [ -58.82, -34.68 ], [ -58.82, -34.68 ], [ -58.82, -34.68 ], [ -58.82, -34.68 ], [ -58.82, -34.68 ], [ -58.82, -34.68 ], [ -58.82, -34.68 ], [ -58.82, -34.68 ], [ -58.82, -34.68 ], [ -58.82, -34.68 ], [ -58.82, -34.68 ], [ -58.82, -34.68 ], [ -58.82, -34.68 ], [ -58.83, -34.68 ], [ -58.83, -34.68 ], [ -58.83, -34.68 ], [ -58.83, -34.68 ], [ -58.83, -34.68 ], [ -58.83, -34.68 ], [ -58.83, -34.68 ], [ -58.83, -34.68 ], [ -58.83, -34.68 ], [ -58.83, -34.68 ], [ -58.83, -34.68 ], [ -58.83, -34.68 ], [ -58.83, -34.68 ], [ -58.83, -34.68 ], [ -58.83, -34.68 ], [ -58.83, -34.68 ], [ -58.83, -34.68 ], [ -58.83, -34.68 ], [ -58.83, -34.69 ], [ -58.83, -34.69 ], [ -58.83, -34.69 ], [ -58.83, -34.69 ], [ -58.83, -34.69 ], [ -58.83, -34.69 ], [ -58.83, -34.69 ], [ -58.83, -34.69 ], [ -58.83, -34.69 ], [ -58.83, -34.69 ], [ -58.83, -34.69 ], [ -58.83, -34.69 ], [ -58.83, -34.69 ], [ -58.83, -34.69 ], [ -58.83, -34.69 ], [ -58.84, -34.69 ], [ -58.84, -34.69 ], [ -58.84, -34.69 ], [ -58.84, -34.69 ], [ -58.84, -34.69 ], [ -58.84, -34.69 ], [ -58.84, -34.69 ], [ -58.84, -34.69 ], [ -58.84, -34.69 ], [ -58.84, -34.69 ], [ -58.84, -34.69 ], [ -58.84, -34.69 ], [ -58.84, -34.69 ], [ -58.84, -34.69 ], [ -58.84, -34.69 ], [ -58.84, -34.69 ], [ -58.84, -34.69 ], [ -58.84, -34.69 ], [ -58.85, -34.68 ], [ -58.85, -34.68 ], [ -58.85, -34.68 ], [ -58.85, -34.68 ], [ -58.85, -34.68 ], [ -58.85, -34.68 ], [ -58.85, -34.68 ], [ -58.85, -34.68 ], [ -58.85, -34.68 ], [ -58.85, -34.68 ], [ -58.85, -34.68 ], [ -58.85, -34.68 ], [ -58.85, -34.68 ], [ -58.85, -34.68 ], [ -58.85, -34.68 ], [ -58.85, -34.68 ], [ -58.85, -34.68 ], [ -58.85, -34.68 ], [ -58.85, -34.68 ], [ -58.85, -34.68 ], [ -58.85, -34.68 ], [ -58.85, -34.68 ], [ -58.85, -34.68 ], [ -58.86, -34.68 ], [ -58.86, -34.68 ], [ -58.86, -34.68 ], [ -58.86, -34.69 ], [ -58.86, -34.69 ], [ -58.86, -34.69 ], [ -58.86, -34.69 ], [ -58.86, -34.69 ], [ -58.86, -34.69 ], [ -58.86, -34.69 ], [ -58.86, -34.69 ], [ -58.86, -34.69 ], [ -58.86, -34.69 ], [ -58.86, -34.69 ], [ -58.86, -34.69 ], [ -58.86, -34.69 ], [ -58.86, -34.69 ], [ -58.86, -34.69 ], [ -58.86, -34.69 ], [ -58.86, -34.69 ], [ -58.86, -34.69 ], [ -58.86, -34.69 ], [ -58.86, -34.69 ], [ -58.86, -34.69 ], [ -58.86, -34.69 ], [ -58.86, -34.69 ], [ -58.86, -34.69 ], [ -58.86, -34.69 ], [ -58.86, -34.69 ], [ -58.86, -34.69 ], [ -58.86, -34.69 ], [ -58.87, -34.7 ], [ -58.87, -34.7 ], [ -58.87, -34.7 ], [ -58.87, -34.7 ], [ -58.87, -34.7 ], [ -58.86, -34.7 ], [ -58.86, -34.7 ], [ -58.86, -34.7 ], [ -58.86, -34.7 ], [ -58.86, -34.7 ], [ -58.86, -34.7 ], [ -58.86, -34.7 ], [ -58.85, -34.71 ], [ -58.85, -34.71 ], [ -58.85, -34.71 ], [ -58.84, -34.71 ], [ -58.84, -34.72 ], [ -58.83, -34.72 ], [ -58.83, -34.72 ], [ -58.83, -34.72 ], [ -58.83, -34.72 ], [ -58.83, -34.72 ], [ -58.83, -34.73 ], [ -58.82, -34.73 ], [ -58.82, -34.73 ], [ -58.82, -34.73 ], [ -58.81, -34.73 ], [ -58.81, -34.74 ], [ -58.81, -34.74 ], [ -58.81, -34.74 ], [ -58.81, -34.74 ], [ -58.81, -34.74 ], [ -58.8, -34.74 ], [ -58.8, -34.74 ], [ -58.8, -34.74 ], [ -58.8, -34.74 ], [ -58.79, -34.75 ], [ -58.79, -34.75 ], [ -58.79, -34.75 ], [ -58.78, -34.75 ], [ -58.78, -34.75 ], [ -58.78, -34.76 ], [ -58.78, -34.76 ], [ -58.77, -34.76 ], [ -58.77, -34.76 ], [ -58.77, -34.76 ], [ -58.75, -34.78 ], [ -58.75, -34.78 ], [ -58.73, -34.76 ], [ -58.72, -34.76 ], [ -58.72, -34.77 ], [ -58.72, -34.77 ], [ -58.72, -34.77 ], [ -58.71, -34.77 ], [ -58.71, -34.77 ], [ -58.7, -34.78 ], [ -58.69, -34.76 ], [ -58.68, -34.76 ], [ -58.68, -34.76 ], [ -58.68, -34.76 ], [ -58.68, -34.76 ], [ -58.67, -34.77 ], [ -58.67, -34.77 ], [ -58.67, -34.76 ], [ -58.67, -34.76 ], [ -58.67, -34.76 ], [ -58.67, -34.76 ], [ -58.67, -34.76 ], [ -58.66, -34.76 ], [ -58.66, -34.76 ], [ -58.66, -34.76 ], [ -58.66, -34.75 ], [ -58.66, -34.75 ], [ -58.68, -34.74 ], [ -58.67, -34.74 ], [ -58.67, -34.73 ], [ -58.67, -34.73 ], [ -58.67, -34.73 ], [ -58.67, -34.73 ], [ -58.67, -34.73 ], [ -58.67, -34.73 ], [ -58.67, -34.73 ], [ -58.67, -34.73 ], [ -58.67, -34.73 ], [ -58.67, -34.73 ], [ -58.67, -34.73 ], [ -58.66, -34.73 ], [ -58.66, -34.73 ], [ -58.66, -34.73 ], [ -58.66, -34.73 ], [ -58.66, -34.73 ], [ -58.66, -34.73 ], [ -58.66, -34.73 ], [ -58.66, -34.73 ], [ -58.66, -34.72 ], [ -58.66, -34.72 ], [ -58.65, -34.72 ], [ -58.65, -34.73 ], [ -58.65, -34.73 ], [ -58.65, -34.72 ], [ -58.64, -34.72 ], [ -58.64, -34.72 ], [ -58.64, -34.72 ], [ -58.64, -34.72 ], [ -58.64, -34.72 ], [ -58.64, -34.71 ], [ -58.64, -34.71 ], [ -58.64, -34.71 ], [ -58.64, -34.71 ], [ -58.64, -34.7 ], [ -58.65, -34.7 ], [ -58.65, -34.7 ], [ -58.66, -34.7 ], [ -58.66, -34.69 ], [ -58.66, -34.69 ], [ -58.66, -34.69 ], [ -58.67, -34.69 ], [ -58.67, -34.69 ], [ -58.67, -34.68 ], [ -58.67, -34.68 ], [ -58.68, -34.68 ], [ -58.68, -34.68 ], [ -58.68, -34.67 ], [ -58.69, -34.67 ], [ -58.7, -34.66 ], [ -58.7, -34.66 ], [ -58.7, -34.66 ], [ -58.7, -34.66 ], [ -58.71, -34.65 ], [ -58.71, -34.65 ], [ -58.71, -34.65 ], [ -58.71, -34.65 ], [ -58.71, -34.65 ], [ -58.72, -34.65 ], [ -58.72, -34.64 ], [ -58.72, -34.64 ], [ -58.72, -34.64 ], [ -58.72, -34.64 ], [ -58.72, -34.64 ], [ -58.73, -34.64 ], [ -58.73, -34.64 ], [ -58.73, -34.64 ], [ -58.73, -34.63 ], [ -58.73, -34.63 ], [ -58.73, -34.64 ], [ -58.73, -34.64 ], [ -58.73, -34.64 ], [ -58.73, -34.64 ], [ -58.73, -34.64 ], [ -58.73, -34.64 ], [ -58.73, -34.64 ], [ -58.73, -34.64 ], [ -58.73, -34.64 ], [ -58.73, -34.64 ], [ -58.73, -34.64 ], [ -58.73, -34.64 ], [ -58.73, -34.64 ], [ -58.73, -34.64 ], [ -58.73, -34.64 ], [ -58.73, -34.64 ], [ -58.73, -34.64 ], [ -58.73, -34.64 ], [ -58.73, -34.64 ], [ -58.73, -34.64 ], [ -58.73, -34.64 ], [ -58.73, -34.64 ], [ -58.73, -34.64 ], [ -58.73, -34.64 ], [ -58.73, -34.64 ], [ -58.73, -34.64 ], [ -58.73, -34.64 ], [ -58.73, -34.64 ], [ -58.73, -34.64 ], [ -58.73, -34.64 ], [ -58.73, -34.64 ], [ -58.73, -34.64 ], [ -58.73, -34.64 ], [ -58.73, -34.64 ], [ -58.73, -34.64 ], [ -58.73, -34.64 ], [ -58.73, -34.64 ], [ -58.73, -34.64 ], [ -58.73, -34.64 ], [ -58.73, -34.64 ], [ -58.73, -34.64 ], [ -58.73, -34.64 ], [ -58.73, -34.64 ], [ -58.73, -34.64 ], [ -58.73, -34.64 ], [ -58.73, -34.64 ], [ -58.74, -34.64 ], [ -58.74, -34.64 ], [ -58.74, -34.64 ], [ -58.74, -34.64 ], [ -58.74, -34.64 ], [ -58.74, -34.64 ], [ -58.74, -34.64 ], [ -58.74, -34.64 ], [ -58.74, -34.64 ], [ -58.74, -34.65 ], [ -58.74, -34.65 ], [ -58.74, -34.65 ], [ -58.74, -34.65 ], [ -58.74, -34.65 ], [ -58.74, -34.65 ], [ -58.74, -34.65 ], [ -58.74, -34.65 ], [ -58.74, -34.65 ], [ -58.74, -34.65 ], [ -58.74, -34.65 ], [ -58.74, -34.65 ], [ -58.74, -34.65 ], [ -58.74, -34.65 ], [ -58.74, -34.65 ], [ -58.74, -34.65 ], [ -58.74, -34.65 ], [ -58.74, -34.65 ], [ -58.74, -34.65 ], [ -58.74, -34.65 ], [ -58.74, -34.65 ], [ -58.74, -34.65 ], [ -58.74, -34.65 ], [ -58.74, -34.65 ], [ -58.74, -34.65 ], [ -58.74, -34.65 ], [ -58.74, -34.65 ], [ -58.74, -34.65 ], [ -58.74, -34.65 ], [ -58.74, -34.65 ], [ -58.74, -34.65 ], [ -58.74, -34.65 ], [ -58.74, -34.65 ], [ -58.74, -34.65 ], [ -58.74, -34.65 ], [ -58.74, -34.65 ], [ -58.74, -34.65 ], [ -58.74, -34.65 ], [ -58.74, -34.65 ], [ -58.75, -34.65 ], [ -58.75, -34.65 ], [ -58.75, -34.65 ], [ -58.75, -34.65 ], [ -58.75, -34.65 ], [ -58.75, -34.65 ], [ -58.75, -34.65 ], [ -58.75, -34.65 ], [ -58.75, -34.65 ], [ -58.75, -34.65 ], [ -58.75, -34.65 ], [ -58.75, -34.65 ], [ -58.75, -34.65 ], [ -58.75, -34.65 ], [ -58.75, -34.65 ], [ -58.75, -34.65 ], [ -58.75, -34.65 ], [ -58.75, -34.65 ], [ -58.75, -34.65 ], [ -58.75, -34.65 ], [ -58.75, -34.65 ], [ -58.75, -34.65 ], [ -58.75, -34.65 ], [ -58.75, -34.65 ], [ -58.75, -34.65 ], [ -58.75, -34.65 ], [ -58.75, -34.65 ], [ -58.75, -34.65 ], [ -58.75, -34.65 ], [ -58.75, -34.65 ], [ -58.75, -34.65 ], [ -58.75, -34.65 ], [ -58.75, -34.65 ], [ -58.75, -34.65 ], [ -58.75, -34.65 ], [ -58.75, -34.65 ], [ -58.75, -34.65 ], [ -58.75, -34.65 ], [ -58.75, -34.65 ], [ -58.75, -34.66 ], [ -58.75, -34.66 ], [ -58.75, -34.66 ], [ -58.75, -34.66 ], [ -58.75, -34.66 ], [ -58.75, -34.66 ], [ -58.75, -34.66 ], [ -58.75, -34.66 ], [ -58.75, -34.66 ], [ -58.75, -34.66 ], [ -58.75, -34.66 ], [ -58.75, -34.66 ], [ -58.75, -34.66 ], [ -58.75, -34.66 ], [ -58.75, -34.66 ], [ -58.75, -34.66 ], [ -58.75, -34.66 ], [ -58.75, -34.66 ], [ -58.75, -34.66 ], [ -58.76, -34.66 ], [ -58.76, -34.66 ], [ -58.76, -34.66 ], [ -58.76, -34.66 ], [ -58.76, -34.66 ], [ -58.76, -34.66 ], [ -58.76, -34.66 ], [ -58.76, -34.66 ], [ -58.76, -34.66 ], [ -58.76, -34.66 ] ] ] ] } },
{ "type": "Feature", "properties": { "id": null, "comuna": null, "perimetro_": null, "area_metro": null, "nam": "Vicente López", "cca": "110", "cde": "06861", "fna": "Partido de Vicente López", "gna": "Partido", "ara3": 35.45, "arl": 33.77 }, "geometry": { "type": "MultiPolygon", "coordinates": [ [ [ [ -58.51, -34.57 ], [ -58.51, -34.57 ], [ -58.51, -34.57 ], [ -58.51, -34.56 ], [ -58.52, -34.56 ], [ -58.52, -34.56 ], [ -58.52, -34.56 ], [ -58.52, -34.56 ], [ -58.52, -34.55 ], [ -58.52, -34.55 ], [ -58.53, -34.55 ], [ -58.53, -34.55 ], [ -58.53, -34.54 ], [ -58.53, -34.54 ], [ -58.53, -34.54 ], [ -58.53, -34.54 ], [ -58.53, -34.54 ], [ -58.53, -34.54 ], [ -58.54, -34.54 ], [ -58.54, -34.54 ], [ -58.54, -34.54 ], [ -58.54, -34.54 ], [ -58.55, -34.54 ], [ -58.55, -34.53 ], [ -58.55, -34.53 ], [ -58.55, -34.52 ], [ -58.55, -34.52 ], [ -58.55, -34.52 ], [ -58.54, -34.52 ], [ -58.54, -34.52 ], [ -58.54, -34.52 ], [ -58.54, -34.52 ], [ -58.53, -34.52 ], [ -58.53, -34.52 ], [ -58.53, -34.52 ], [ -58.53, -34.51 ], [ -58.53, -34.51 ], [ -58.53, -34.51 ], [ -58.52, -34.51 ], [ -58.52, -34.51 ], [ -58.52, -34.51 ], [ -58.51, -34.51 ], [ -58.51, -34.5 ], [ -58.5, -34.5 ], [ -58.5, -34.5 ], [ -58.49, -34.49 ], [ -58.49, -34.49 ], [ -58.48, -34.49 ], [ -58.48, -34.49 ], [ -58.48, -34.49 ], [ -58.48, -34.49 ], [ -58.48, -34.49 ], [ -58.48, -34.49 ], [ -58.48, -34.5 ], [ -58.47, -34.5 ], [ -58.47, -34.5 ], [ -58.47, -34.5 ], [ -58.47, -34.5 ], [ -58.47, -34.5 ], [ -58.47, -34.51 ], [ -58.47, -34.51 ], [ -58.47, -34.51 ], [ -58.47, -34.51 ], [ -58.47, -34.51 ], [ -58.47, -34.52 ], [ -58.47, -34.52 ], [ -58.47, -34.52 ], [ -58.47, -34.52 ], [ -58.47, -34.52 ], [ -58.46, -34.53 ], [ -58.46, -34.53 ], [ -58.46, -34.53 ], [ -58.46, -34.53 ], [ -58.46, -34.53 ], [ -58.47, -34.54 ], [ -58.47, -34.54 ], [ -58.47, -34.54 ], [ -58.47, -34.54 ], [ -58.47, -34.54 ], [ -58.48, -34.54 ], [ -58.48, -34.54 ], [ -58.49, -34.55 ], [ -58.5, -34.55 ], [ -58.5, -34.55 ], [ -58.5, -34.55 ], [ -58.5, -34.55 ], [ -58.5, -34.56 ], [ -58.51, -34.56 ], [ -58.51, -34.56 ], [ -58.51, -34.57 ], [ -58.51, -34.57 ] ] ] ] } },
{ "type": "Feature", "properties": { "id": null, "comuna": null, "perimetro_": null, "area_metro": null, "nam": "San Miguel", "cca": "131", "cde": "06760", "fna": "Partido de San Miguel", "gna": "Partido", "ara3": 82.06, "arl": 82.8 }, "geometry": { "type": "MultiPolygon", "coordinates": [ [ [ [ -58.7, -34.53 ], [ -58.72, -34.52 ], [ -58.72, -34.52 ], [ -58.72, -34.52 ], [ -58.72, -34.52 ], [ -58.72, -34.52 ], [ -58.72, -34.52 ], [ -58.72, -34.52 ], [ -58.72, -34.52 ], [ -58.73, -34.53 ], [ -58.73, -34.53 ], [ -58.73, -34.53 ], [ -58.74, -34.54 ], [ -58.75, -34.55 ], [ -58.75, -34.55 ], [ -58.75, -34.55 ], [ -58.76, -34.55 ], [ -58.76, -34.55 ], [ -58.76, -34.55 ], [ -58.77, -34.55 ], [ -58.77, -34.55 ], [ -58.78, -34.56 ], [ -58.78, -34.56 ], [ -58.77, -34.56 ], [ -58.76, -34.57 ], [ -58.76, -34.57 ], [ -58.76, -34.57 ], [ -58.75, -34.58 ], [ -58.74, -34.59 ], [ -58.74, -34.59 ], [ -58.74, -34.59 ], [ -58.73, -34.59 ], [ -58.74, -34.59 ], [ -58.72, -34.6 ], [ -58.72, -34.6 ], [ -58.71, -34.6 ], [ -58.71, -34.6 ], [ -58.71, -34.6 ], [ -58.71, -34.6 ], [ -58.71, -34.6 ], [ -58.71, -34.6 ], [ -58.71, -34.6 ], [ -58.71, -34.6 ], [ -58.71, -34.6 ], [ -58.71, -34.6 ], [ -58.71, -34.6 ], [ -58.71, -34.6 ], [ -58.71, -34.6 ], [ -58.7, -34.6 ], [ -58.7, -34.6 ], [ -58.7, -34.6 ], [ -58.7, -34.6 ], [ -58.7, -34.6 ], [ -58.7, -34.6 ], [ -58.7, -34.6 ], [ -58.7, -34.6 ], [ -58.7, -34.6 ], [ -58.7, -34.59 ], [ -58.69, -34.59 ], [ -58.69, -34.59 ], [ -58.69, -34.59 ], [ -58.69, -34.59 ], [ -58.69, -34.59 ], [ -58.69, -34.59 ], [ -58.69, -34.59 ], [ -58.69, -34.59 ], [ -58.69, -34.59 ], [ -58.69, -34.59 ], [ -58.69, -34.59 ], [ -58.69, -34.59 ], [ -58.69, -34.59 ], [ -58.69, -34.59 ], [ -58.69, -34.59 ], [ -58.69, -34.59 ], [ -58.68, -34.59 ], [ -58.68, -34.59 ], [ -58.68, -34.59 ], [ -58.68, -34.59 ], [ -58.68, -34.59 ], [ -58.68, -34.59 ], [ -58.68, -34.58 ], [ -58.68, -34.58 ], [ -58.68, -34.58 ], [ -58.68, -34.58 ], [ -58.68, -34.58 ], [ -58.68, -34.58 ], [ -58.68, -34.58 ], [ -58.68, -34.58 ], [ -58.68, -34.58 ], [ -58.68, -34.58 ], [ -58.68, -34.58 ], [ -58.68, -34.58 ], [ -58.68, -34.58 ], [ -58.68, -34.58 ], [ -58.67, -34.58 ], [ -58.67, -34.58 ], [ -58.67, -34.58 ], [ -58.67, -34.58 ], [ -58.67, -34.58 ], [ -58.67, -34.57 ], [ -58.67, -34.57 ], [ -58.67, -34.57 ], [ -58.67, -34.57 ], [ -58.67, -34.57 ], [ -58.67, -34.57 ], [ -58.67, -34.57 ], [ -58.67, -34.57 ], [ -58.67, -34.57 ], [ -58.67, -34.57 ], [ -58.67, -34.57 ], [ -58.67, -34.57 ], [ -58.67, -34.57 ], [ -58.67, -34.57 ], [ -58.67, -34.57 ], [ -58.67, -34.57 ], [ -58.67, -34.57 ], [ -58.67, -34.57 ], [ -58.67, -34.57 ], [ -58.67, -34.57 ], [ -58.66, -34.57 ], [ -58.66, -34.57 ], [ -58.66, -34.57 ], [ -58.66, -34.57 ], [ -58.66, -34.57 ], [ -58.66, -34.57 ], [ -58.66, -34.57 ], [ -58.66, -34.57 ], [ -58.66, -34.57 ], [ -58.66, -34.57 ], [ -58.66, -34.57 ], [ -58.66, -34.57 ], [ -58.66, -34.57 ], [ -58.66, -34.57 ], [ -58.66, -34.57 ], [ -58.66, -34.57 ], [ -58.66, -34.57 ], [ -58.66, -34.57 ], [ -58.66, -34.57 ], [ -58.66, -34.57 ], [ -58.66, -34.57 ], [ -58.66, -34.57 ], [ -58.66, -34.57 ], [ -58.66, -34.57 ], [ -58.66, -34.57 ], [ -58.66, -34.57 ], [ -58.66, -34.57 ], [ -58.66, -34.57 ], [ -58.66, -34.57 ], [ -58.66, -34.57 ], [ -58.66, -34.57 ], [ -58.66, -34.57 ], [ -58.66, -34.57 ], [ -58.65, -34.57 ], [ -58.65, -34.56 ], [ -58.65, -34.56 ], [ -58.65, -34.56 ], [ -58.65, -34.56 ], [ -58.65, -34.56 ], [ -58.65, -34.56 ], [ -58.65, -34.56 ], [ -58.64, -34.56 ], [ -58.64, -34.55 ], [ -58.64, -34.55 ], [ -58.63, -34.55 ], [ -58.63, -34.55 ], [ -58.63, -34.55 ], [ -58.63, -34.55 ], [ -58.62, -34.55 ], [ -58.62, -34.55 ], [ -58.62, -34.55 ], [ -58.62, -34.55 ], [ -58.62, -34.54 ], [ -58.61, -34.54 ], [ -58.61, -34.54 ], [ -58.61, -34.54 ], [ -58.61, -34.54 ], [ -58.61, -34.54 ], [ -58.61, -34.54 ], [ -58.61, -34.53 ], [ -58.61, -34.53 ], [ -58.64, -34.51 ], [ -58.65, -34.5 ], [ -58.65, -34.5 ], [ -58.67, -34.51 ], [ -58.69, -34.53 ], [ -58.69, -34.53 ], [ -58.69, -34.53 ], [ -58.7, -34.53 ] ] ] ] } },
{ "type": "Feature", "properties": { "id": null, "comuna": null, "perimetro_": null, "area_metro": null, "nam": "Hurlingham", "cca": "135", "cde": "06408", "fna": "Partido de Hurlingham", "gna": "Partido", "ara3": 35.21, "arl": 35.43 }, "geometry": { "type": "MultiPolygon", "coordinates": [ [ [ [ -58.65, -34.56 ], [ -58.64, -34.56 ], [ -58.64, -34.57 ], [ -58.63, -34.58 ], [ -58.63, -34.58 ], [ -58.62, -34.59 ], [ -58.62, -34.59 ], [ -58.62, -34.59 ], [ -58.62, -34.59 ], [ -58.62, -34.59 ], [ -58.62, -34.59 ], [ -58.62, -34.59 ], [ -58.62, -34.6 ], [ -58.62, -34.6 ], [ -58.62, -34.6 ], [ -58.62, -34.6 ], [ -58.62, -34.6 ], [ -58.62, -34.6 ], [ -58.62, -34.6 ], [ -58.62, -34.6 ], [ -58.62, -34.6 ], [ -58.62, -34.6 ], [ -58.62, -34.6 ], [ -58.62, -34.61 ], [ -58.62, -34.6 ], [ -58.62, -34.61 ], [ -58.62, -34.61 ], [ -58.62, -34.61 ], [ -58.62, -34.61 ], [ -58.62, -34.61 ], [ -58.62, -34.61 ], [ -58.62, -34.61 ], [ -58.62, -34.61 ], [ -58.62, -34.61 ], [ -58.62, -34.61 ], [ -58.62, -34.61 ], [ -58.62, -34.61 ], [ -58.62, -34.62 ], [ -58.62, -34.62 ], [ -58.62, -34.62 ], [ -58.62, -34.62 ], [ -58.62, -34.62 ], [ -58.62, -34.62 ], [ -58.62, -34.62 ], [ -58.62, -34.62 ], [ -58.62, -34.62 ], [ -58.62, -34.62 ], [ -58.62, -34.62 ], [ -58.62, -34.62 ], [ -58.62, -34.62 ], [ -58.62, -34.62 ], [ -58.62, -34.63 ], [ -58.62, -34.63 ], [ -58.62, -34.63 ], [ -58.62, -34.63 ], [ -58.62, -34.63 ], [ -58.62, -34.63 ], [ -58.62, -34.63 ], [ -58.62, -34.63 ], [ -58.62, -34.63 ], [ -58.62, -34.63 ], [ -58.62, -34.63 ], [ -58.62, -34.63 ], [ -58.62, -34.63 ], [ -58.62, -34.63 ], [ -58.62, -34.63 ], [ -58.62, -34.63 ], [ -58.63, -34.63 ], [ -58.63, -34.63 ], [ -58.63, -34.63 ], [ -58.63, -34.63 ], [ -58.63, -34.63 ], [ -58.63, -34.63 ], [ -58.63, -34.63 ], [ -58.63, -34.63 ], [ -58.63, -34.63 ], [ -58.64, -34.63 ], [ -58.65, -34.63 ], [ -58.65, -34.63 ], [ -58.65, -34.63 ], [ -58.65, -34.63 ], [ -58.65, -34.63 ], [ -58.65, -34.63 ], [ -58.65, -34.63 ], [ -58.65, -34.63 ], [ -58.65, -34.63 ], [ -58.66, -34.63 ], [ -58.66, -34.63 ], [ -58.66, -34.62 ], [ -58.66, -34.62 ], [ -58.66, -34.62 ], [ -58.67, -34.62 ], [ -58.68, -34.61 ], [ -58.68, -34.61 ], [ -58.68, -34.6 ], [ -58.69, -34.59 ], [ -58.69, -34.59 ], [ -58.69, -34.59 ], [ -58.69, -34.59 ], [ -58.69, -34.59 ], [ -58.69, -34.59 ], [ -58.69, -34.59 ], [ -58.69, -34.59 ], [ -58.69, -34.59 ], [ -58.69, -34.59 ], [ -58.69, -34.59 ], [ -58.69, -34.59 ], [ -58.69, -34.59 ], [ -58.69, -34.59 ], [ -58.69, -34.59 ], [ -58.69, -34.59 ], [ -58.69, -34.59 ], [ -58.69, -34.59 ], [ -58.69, -34.59 ], [ -58.69, -34.59 ], [ -58.69, -34.59 ], [ -58.69, -34.59 ], [ -58.69, -34.59 ], [ -58.69, -34.59 ], [ -58.69, -34.59 ], [ -58.69, -34.59 ], [ -58.69, -34.59 ], [ -58.69, -34.59 ], [ -58.69, -34.59 ], [ -58.69, -34.59 ], [ -58.69, -34.59 ], [ -58.69, -34.59 ], [ -58.69, -34.59 ], [ -58.69, -34.59 ], [ -58.69, -34.59 ], [ -58.69, -34.59 ], [ -58.69, -34.59 ], [ -58.69, -34.59 ], [ -58.69, -34.59 ], [ -58.69, -34.59 ], [ -58.69, -34.59 ], [ -58.69, -34.59 ], [ -58.69, -34.59 ], [ -58.69, -34.59 ], [ -58.69, -34.59 ], [ -58.69, -34.59 ], [ -58.69, -34.59 ], [ -58.69, -34.59 ], [ -58.69, -34.59 ], [ -58.69, -34.59 ], [ -58.69, -34.59 ], [ -58.69, -34.59 ], [ -58.69, -34.59 ], [ -58.69, -34.59 ], [ -58.69, -34.59 ], [ -58.69, -34.59 ], [ -58.69, -34.59 ], [ -58.69, -34.59 ], [ -58.69, -34.59 ], [ -58.69, -34.59 ], [ -58.69, -34.59 ], [ -58.69, -34.59 ], [ -58.69, -34.59 ], [ -58.69, -34.59 ], [ -58.69, -34.59 ], [ -58.69, -34.59 ], [ -58.69, -34.59 ], [ -58.69, -34.59 ], [ -58.69, -34.59 ], [ -58.69, -34.59 ], [ -58.69, -34.59 ], [ -58.69, -34.59 ], [ -58.69, -34.59 ], [ -58.69, -34.59 ], [ -58.69, -34.59 ], [ -58.69, -34.59 ], [ -58.69, -34.59 ], [ -58.69, -34.59 ], [ -58.69, -34.59 ], [ -58.69, -34.59 ], [ -58.69, -34.59 ], [ -58.69, -34.59 ], [ -58.69, -34.59 ], [ -58.69, -34.59 ], [ -58.69, -34.59 ], [ -58.69, -34.59 ], [ -58.69, -34.59 ], [ -58.69, -34.59 ], [ -58.69, -34.59 ], [ -58.69, -34.59 ], [ -58.69, -34.59 ], [ -58.69, -34.59 ], [ -58.69, -34.59 ], [ -58.69, -34.59 ], [ -58.69, -34.59 ], [ -58.69, -34.59 ], [ -58.69, -34.59 ], [ -58.69, -34.59 ], [ -58.69, -34.59 ], [ -58.69, -34.59 ], [ -58.69, -34.59 ], [ -58.69, -34.59 ], [ -58.69, -34.59 ], [ -58.69, -34.59 ], [ -58.69, -34.59 ], [ -58.69, -34.59 ], [ -58.69, -34.59 ], [ -58.69, -34.59 ], [ -58.69, -34.59 ], [ -58.69, -34.59 ], [ -58.69, -34.59 ], [ -58.69, -34.59 ], [ -58.69, -34.59 ], [ -58.69, -34.59 ], [ -58.69, -34.59 ], [ -58.69, -34.59 ], [ -58.69, -34.59 ], [ -58.69, -34.59 ], [ -58.69, -34.59 ], [ -58.69, -34.59 ], [ -58.69, -34.59 ], [ -58.69, -34.59 ], [ -58.69, -34.59 ], [ -58.69, -34.59 ], [ -58.69, -34.59 ], [ -58.69, -34.59 ], [ -58.69, -34.59 ], [ -58.69, -34.59 ], [ -58.69, -34.59 ], [ -58.69, -34.59 ], [ -58.69, -34.59 ], [ -58.69, -34.59 ], [ -58.69, -34.59 ], [ -58.69, -34.59 ], [ -58.69, -34.59 ], [ -58.69, -34.59 ], [ -58.69, -34.59 ], [ -58.69, -34.59 ], [ -58.69, -34.59 ], [ -58.69, -34.59 ], [ -58.69, -34.59 ], [ -58.69, -34.59 ], [ -58.69, -34.59 ], [ -58.69, -34.59 ], [ -58.69, -34.59 ], [ -58.69, -34.59 ], [ -58.69, -34.59 ], [ -58.69, -34.59 ], [ -58.69, -34.59 ], [ -58.68, -34.59 ], [ -58.68, -34.59 ], [ -58.68, -34.59 ], [ -58.68, -34.59 ], [ -58.68, -34.59 ], [ -58.68, -34.59 ], [ -58.68, -34.59 ], [ -58.68, -34.59 ], [ -58.68, -34.59 ], [ -58.68, -34.59 ], [ -58.68, -34.59 ], [ -58.68, -34.59 ], [ -58.68, -34.59 ], [ -58.68, -34.59 ], [ -58.68, -34.59 ], [ -58.68, -34.59 ], [ -58.68, -34.59 ], [ -58.68, -34.59 ], [ -58.68, -34.59 ], [ -58.68, -34.59 ], [ -58.68, -34.59 ], [ -58.68, -34.59 ], [ -58.68, -34.59 ], [ -58.68, -34.59 ], [ -58.68, -34.59 ], [ -58.68, -34.59 ], [ -58.68, -34.59 ], [ -58.68, -34.59 ], [ -58.68, -34.59 ], [ -58.68, -34.59 ], [ -58.68, -34.59 ], [ -58.68, -34.59 ], [ -58.68, -34.59 ], [ -58.68, -34.59 ], [ -58.68, -34.59 ], [ -58.68, -34.59 ], [ -58.68, -34.59 ], [ -58.68, -34.59 ], [ -58.68, -34.59 ], [ -58.68, -34.59 ], [ -58.68, -34.59 ], [ -58.68, -34.59 ], [ -58.68, -34.59 ], [ -58.68, -34.59 ], [ -58.68, -34.59 ], [ -58.68, -34.59 ], [ -58.68, -34.59 ], [ -58.68, -34.59 ], [ -58.68, -34.58 ], [ -58.68, -34.58 ], [ -58.68, -34.58 ], [ -58.68, -34.58 ], [ -58.68, -34.58 ], [ -58.68, -34.58 ], [ -58.68, -34.58 ], [ -58.68, -34.58 ], [ -58.68, -34.58 ], [ -58.68, -34.58 ], [ -58.68, -34.58 ], [ -58.68, -34.58 ], [ -58.68, -34.58 ], [ -58.68, -34.58 ], [ -58.68, -34.58 ], [ -58.68, -34.58 ], [ -58.68, -34.58 ], [ -58.68, -34.58 ], [ -58.68, -34.58 ], [ -58.68, -34.58 ], [ -58.68, -34.58 ], [ -58.68, -34.58 ], [ -58.68, -34.58 ], [ -58.68, -34.58 ], [ -58.68, -34.58 ], [ -58.68, -34.58 ], [ -58.68, -34.58 ], [ -58.68, -34.58 ], [ -58.68, -34.58 ], [ -58.68, -34.58 ], [ -58.68, -34.58 ], [ -58.68, -34.58 ], [ -58.68, -34.58 ], [ -58.68, -34.58 ], [ -58.68, -34.58 ], [ -58.68, -34.58 ], [ -58.68, -34.58 ], [ -58.68, -34.58 ], [ -58.68, -34.58 ], [ -58.68, -34.58 ], [ -58.68, -34.58 ], [ -58.68, -34.58 ], [ -58.68, -34.58 ], [ -58.68, -34.58 ], [ -58.68, -34.58 ], [ -58.68, -34.58 ], [ -58.68, -34.58 ], [ -58.68, -34.58 ], [ -58.68, -34.58 ], [ -58.68, -34.58 ], [ -58.68, -34.58 ], [ -58.68, -34.58 ], [ -58.68, -34.58 ], [ -58.68, -34.58 ], [ -58.68, -34.58 ], [ -58.68, -34.58 ], [ -58.68, -34.58 ], [ -58.68, -34.58 ], [ -58.68, -34.58 ], [ -58.68, -34.58 ], [ -58.68, -34.58 ], [ -58.68, -34.58 ], [ -58.68, -34.58 ], [ -58.68, -34.58 ], [ -58.68, -34.58 ], [ -58.68, -34.58 ], [ -58.68, -34.58 ], [ -58.68, -34.58 ], [ -58.68, -34.58 ], [ -58.68, -34.58 ], [ -58.68, -34.58 ], [ -58.68, -34.58 ], [ -58.68, -34.58 ], [ -58.68, -34.58 ], [ -58.68, -34.58 ], [ -58.68, -34.58 ], [ -58.68, -34.58 ], [ -58.68, -34.58 ], [ -58.68, -34.58 ], [ -58.68, -34.58 ], [ -58.68, -34.58 ], [ -58.68, -34.58 ], [ -58.68, -34.58 ], [ -58.68, -34.58 ], [ -58.68, -34.58 ], [ -58.68, -34.58 ], [ -58.68, -34.58 ], [ -58.68, -34.58 ], [ -58.68, -34.58 ], [ -58.68, -34.58 ], [ -58.68, -34.58 ], [ -58.68, -34.58 ], [ -58.68, -34.58 ], [ -58.68, -34.58 ], [ -58.68, -34.58 ], [ -58.68, -34.58 ], [ -58.68, -34.58 ], [ -58.68, -34.58 ], [ -58.68, -34.58 ], [ -58.68, -34.58 ], [ -58.68, -34.58 ], [ -58.68, -34.58 ], [ -58.68, -34.58 ], [ -58.68, -34.58 ], [ -58.68, -34.58 ], [ -58.68, -34.58 ], [ -58.68, -34.58 ], [ -58.68, -34.58 ], [ -58.68, -34.58 ], [ -58.68, -34.58 ], [ -58.68, -34.58 ], [ -58.68, -34.58 ], [ -58.68, -34.58 ], [ -58.68, -34.58 ], [ -58.68, -34.58 ], [ -58.68, -34.58 ], [ -58.68, -34.58 ], [ -58.68, -34.58 ], [ -58.68, -34.58 ], [ -58.68, -34.58 ], [ -58.68, -34.58 ], [ -58.68, -34.58 ], [ -58.68, -34.58 ], [ -58.68, -34.58 ], [ -58.67, -34.58 ], [ -58.67, -34.58 ], [ -58.67, -34.58 ], [ -58.67, -34.58 ], [ -58.67, -34.58 ], [ -58.67, -34.58 ], [ -58.67, -34.58 ], [ -58.67, -34.58 ], [ -58.67, -34.58 ], [ -58.67, -34.58 ], [ -58.67, -34.58 ], [ -58.67, -34.58 ], [ -58.67, -34.58 ], [ -58.67, -34.58 ], [ -58.67, -34.58 ], [ -58.67, -34.58 ], [ -58.67, -34.58 ], [ -58.67, -34.58 ], [ -58.67, -34.58 ], [ -58.67, -34.58 ], [ -58.67, -34.58 ], [ -58.67, -34.58 ], [ -58.67, -34.58 ], [ -58.67, -34.58 ], [ -58.67, -34.58 ], [ -58.67, -34.58 ], [ -58.67, -34.58 ], [ -58.67, -34.58 ], [ -58.67, -34.58 ], [ -58.67, -34.58 ], [ -58.67, -34.58 ], [ -58.67, -34.58 ], [ -58.67, -34.58 ], [ -58.67, -34.58 ], [ -58.67, -34.58 ], [ -58.67, -34.58 ], [ -58.67, -34.58 ], [ -58.67, -34.58 ], [ -58.67, -34.58 ], [ -58.67, -34.58 ], [ -58.67, -34.58 ], [ -58.67, -34.58 ], [ -58.67, -34.58 ], [ -58.67, -34.58 ], [ -58.67, -34.58 ], [ -58.67, -34.58 ], [ -58.67, -34.58 ], [ -58.67, -34.58 ], [ -58.67, -34.58 ], [ -58.67, -34.58 ], [ -58.67, -34.58 ], [ -58.67, -34.58 ], [ -58.67, -34.58 ], [ -58.67, -34.58 ], [ -58.67, -34.58 ], [ -58.67, -34.58 ], [ -58.67, -34.58 ], [ -58.67, -34.58 ], [ -58.67, -34.58 ], [ -58.67, -34.58 ], [ -58.67, -34.58 ], [ -58.67, -34.58 ], [ -58.67, -34.58 ], [ -58.67, -34.58 ], [ -58.67, -34.58 ], [ -58.67, -34.58 ], [ -58.67, -34.57 ], [ -58.67, -34.57 ], [ -58.67, -34.57 ], [ -58.67, -34.57 ], [ -58.67, -34.57 ], [ -58.67, -34.57 ], [ -58.67, -34.57 ], [ -58.67, -34.57 ], [ -58.67, -34.57 ], [ -58.67, -34.57 ], [ -58.67, -34.57 ], [ -58.67, -34.57 ], [ -58.67, -34.57 ], [ -58.67, -34.57 ], [ -58.67, -34.57 ], [ -58.67, -34.57 ], [ -58.67, -34.57 ], [ -58.67, -34.57 ], [ -58.67, -34.57 ], [ -58.67, -34.57 ], [ -58.67, -34.57 ], [ -58.67, -34.57 ], [ -58.67, -34.57 ], [ -58.67, -34.57 ], [ -58.67, -34.57 ], [ -58.67, -34.57 ], [ -58.67, -34.57 ], [ -58.67, -34.57 ], [ -58.67, -34.57 ], [ -58.67, -34.57 ], [ -58.67, -34.57 ], [ -58.67, -34.57 ], [ -58.67, -34.57 ], [ -58.67, -34.57 ], [ -58.67, -34.57 ], [ -58.67, -34.57 ], [ -58.67, -34.57 ], [ -58.67, -34.57 ], [ -58.67, -34.57 ], [ -58.67, -34.57 ], [ -58.67, -34.57 ], [ -58.67, -34.57 ], [ -58.67, -34.57 ], [ -58.67, -34.57 ], [ -58.67, -34.57 ], [ -58.67, -34.57 ], [ -58.66, -34.57 ], [ -58.66, -34.57 ], [ -58.66, -34.57 ], [ -58.66, -34.57 ], [ -58.66, -34.57 ], [ -58.66, -34.57 ], [ -58.66, -34.57 ], [ -58.66, -34.57 ], [ -58.66, -34.57 ], [ -58.66, -34.57 ], [ -58.66, -34.57 ], [ -58.66, -34.57 ], [ -58.66, -34.57 ], [ -58.66, -34.57 ], [ -58.66, -34.57 ], [ -58.66, -34.57 ], [ -58.66, -34.57 ], [ -58.66, -34.57 ], [ -58.66, -34.57 ], [ -58.66, -34.57 ], [ -58.66, -34.57 ], [ -58.66, -34.57 ], [ -58.66, -34.57 ], [ -58.66, -34.57 ], [ -58.66, -34.57 ], [ -58.66, -34.57 ], [ -58.66, -34.57 ], [ -58.66, -34.57 ], [ -58.66, -34.57 ], [ -58.66, -34.57 ], [ -58.66, -34.57 ], [ -58.66, -34.57 ], [ -58.66, -34.57 ], [ -58.66, -34.57 ], [ -58.66, -34.57 ], [ -58.66, -34.57 ], [ -58.66, -34.57 ], [ -58.66, -34.57 ], [ -58.66, -34.57 ], [ -58.66, -34.57 ], [ -58.65, -34.57 ], [ -58.65, -34.56 ], [ -58.65, -34.56 ], [ -58.65, -34.56 ], [ -58.65, -34.56 ], [ -58.65, -34.56 ], [ -58.65, -34.56 ], [ -58.65, -34.56 ], [ -58.65, -34.56 ], [ -58.65, -34.56 ], [ -58.65, -34.56 ], [ -58.65, -34.56 ], [ -58.65, -34.56 ] ] ] ] } },
{ "type": "Feature", "properties": { "id": null, "comuna": null, "perimetro_": null, "area_metro": null, "nam": "Tres de Febrero", "cca": "117", "cde": "06840", "fna": "Partido de Tres de Febrero", "gna": "Partido", "ara3": 45.79, "arl": 43.04 }, "geometry": { "type": "MultiPolygon", "coordinates": [ [ [ [ -58.62, -34.55 ], [ -58.62, -34.55 ], [ -58.62, -34.55 ], [ -58.62, -34.55 ], [ -58.62, -34.55 ], [ -58.62, -34.55 ], [ -58.62, -34.55 ], [ -58.62, -34.55 ], [ -58.62, -34.55 ], [ -58.62, -34.55 ], [ -58.62, -34.55 ], [ -58.62, -34.55 ], [ -58.62, -34.55 ], [ -58.62, -34.55 ], [ -58.62, -34.55 ], [ -58.62, -34.55 ], [ -58.62, -34.55 ], [ -58.62, -34.55 ], [ -58.62, -34.55 ], [ -58.62, -34.55 ], [ -58.62, -34.55 ], [ -58.62, -34.55 ], [ -58.61, -34.55 ], [ -58.61, -34.55 ], [ -58.61, -34.55 ], [ -58.61, -34.55 ], [ -58.61, -34.56 ], [ -58.61, -34.56 ], [ -58.6, -34.56 ], [ -58.6, -34.56 ], [ -58.6, -34.56 ], [ -58.6, -34.56 ], [ -58.6, -34.56 ], [ -58.6, -34.56 ], [ -58.6, -34.56 ], [ -58.59, -34.57 ], [ -58.59, -34.57 ], [ -58.59, -34.57 ], [ -58.59, -34.57 ], [ -58.58, -34.57 ], [ -58.58, -34.57 ], [ -58.58, -34.57 ], [ -58.58, -34.58 ], [ -58.58, -34.58 ], [ -58.58, -34.58 ], [ -58.57, -34.58 ], [ -58.57, -34.58 ], [ -58.57, -34.59 ], [ -58.56, -34.59 ], [ -58.56, -34.59 ], [ -58.56, -34.59 ], [ -58.56, -34.59 ], [ -58.56, -34.59 ], [ -58.56, -34.59 ], [ -58.56, -34.59 ], [ -58.56, -34.59 ], [ -58.56, -34.59 ], [ -58.56, -34.59 ], [ -58.56, -34.59 ], [ -58.55, -34.59 ], [ -58.55, -34.59 ], [ -58.55, -34.59 ], [ -58.55, -34.59 ], [ -58.54, -34.59 ], [ -58.54, -34.59 ], [ -58.54, -34.6 ], [ -58.54, -34.59 ], [ -58.54, -34.59 ], [ -58.54, -34.6 ], [ -58.54, -34.6 ], [ -58.54, -34.6 ], [ -58.54, -34.6 ], [ -58.54, -34.6 ], [ -58.54, -34.6 ], [ -58.53, -34.6 ], [ -58.53, -34.6 ], [ -58.53, -34.6 ], [ -58.53, -34.6 ], [ -58.53, -34.6 ], [ -58.53, -34.6 ], [ -58.53, -34.6 ], [ -58.53, -34.6 ], [ -58.53, -34.6 ], [ -58.53, -34.6 ], [ -58.53, -34.6 ], [ -58.53, -34.6 ], [ -58.52, -34.6 ], [ -58.52, -34.6 ], [ -58.52, -34.6 ], [ -58.52, -34.6 ], [ -58.53, -34.61 ], [ -58.53, -34.61 ], [ -58.53, -34.61 ], [ -58.53, -34.62 ], [ -58.53, -34.62 ], [ -58.53, -34.63 ], [ -58.53, -34.64 ], [ -58.53, -34.64 ], [ -58.53, -34.64 ], [ -58.53, -34.65 ], [ -58.53, -34.65 ], [ -58.53, -34.65 ], [ -58.53, -34.65 ], [ -58.53, -34.65 ], [ -58.53, -34.65 ], [ -58.54, -34.65 ], [ -58.54, -34.65 ], [ -58.54, -34.65 ], [ -58.54, -34.64 ], [ -58.55, -34.64 ], [ -58.55, -34.64 ], [ -58.55, -34.64 ], [ -58.55, -34.64 ], [ -58.56, -34.63 ], [ -58.56, -34.63 ], [ -58.56, -34.63 ], [ -58.56, -34.63 ], [ -58.56, -34.63 ], [ -58.56, -34.63 ], [ -58.56, -34.63 ], [ -58.57, -34.63 ], [ -58.57, -34.63 ], [ -58.57, -34.63 ], [ -58.57, -34.63 ], [ -58.57, -34.63 ], [ -58.57, -34.63 ], [ -58.57, -34.63 ], [ -58.58, -34.62 ], [ -58.58, -34.62 ], [ -58.58, -34.61 ], [ -58.58, -34.61 ], [ -58.59, -34.61 ], [ -58.59, -34.61 ], [ -58.59, -34.61 ], [ -58.59, -34.61 ], [ -58.59, -34.61 ], [ -58.59, -34.61 ], [ -58.59, -34.61 ], [ -58.59, -34.61 ], [ -58.59, -34.61 ], [ -58.6, -34.61 ], [ -58.6, -34.61 ], [ -58.6, -34.6 ], [ -58.6, -34.6 ], [ -58.6, -34.6 ], [ -58.61, -34.59 ], [ -58.62, -34.59 ], [ -58.62, -34.59 ], [ -58.62, -34.59 ], [ -58.62, -34.59 ], [ -58.63, -34.58 ], [ -58.63, -34.57 ], [ -58.64, -34.57 ], [ -58.64, -34.57 ], [ -58.64, -34.57 ], [ -58.64, -34.56 ], [ -58.64, -34.56 ], [ -58.65, -34.56 ], [ -58.65, -34.56 ], [ -58.65, -34.56 ], [ -58.65, -34.56 ], [ -58.65, -34.56 ], [ -58.65, -34.56 ], [ -58.65, -34.56 ], [ -58.65, -34.56 ], [ -58.65, -34.56 ], [ -58.65, -34.56 ], [ -58.65, -34.56 ], [ -58.65, -34.56 ], [ -58.65, -34.56 ], [ -58.65, -34.56 ], [ -58.65, -34.56 ], [ -58.65, -34.56 ], [ -58.65, -34.56 ], [ -58.65, -34.56 ], [ -58.65, -34.56 ], [ -58.65, -34.56 ], [ -58.65, -34.56 ], [ -58.65, -34.56 ], [ -58.65, -34.56 ], [ -58.65, -34.56 ], [ -58.65, -34.56 ], [ -58.65, -34.56 ], [ -58.65, -34.56 ], [ -58.65, -34.56 ], [ -58.65, -34.56 ], [ -58.65, -34.56 ], [ -58.65, -34.56 ], [ -58.65, -34.56 ], [ -58.65, -34.56 ], [ -58.65, -34.56 ], [ -58.65, -34.56 ], [ -58.65, -34.56 ], [ -58.65, -34.56 ], [ -58.65, -34.56 ], [ -58.65, -34.56 ], [ -58.65, -34.56 ], [ -58.65, -34.56 ], [ -58.65, -34.56 ], [ -58.65, -34.56 ], [ -58.65, -34.56 ], [ -58.65, -34.56 ], [ -58.65, -34.56 ], [ -58.65, -34.56 ], [ -58.65, -34.56 ], [ -58.65, -34.56 ], [ -58.65, -34.56 ], [ -58.65, -34.56 ], [ -58.65, -34.56 ], [ -58.65, -34.56 ], [ -58.65, -34.56 ], [ -58.65, -34.56 ], [ -58.65, -34.56 ], [ -58.65, -34.56 ], [ -58.65, -34.56 ], [ -58.65, -34.56 ], [ -58.65, -34.56 ], [ -58.65, -34.56 ], [ -58.65, -34.56 ], [ -58.65, -34.56 ], [ -58.65, -34.56 ], [ -58.65, -34.56 ], [ -58.65, -34.56 ], [ -58.65, -34.56 ], [ -58.65, -34.56 ], [ -58.65, -34.56 ], [ -58.65, -34.56 ], [ -58.65, -34.56 ], [ -58.65, -34.56 ], [ -58.65, -34.56 ], [ -58.65, -34.56 ], [ -58.65, -34.56 ], [ -58.65, -34.56 ], [ -58.65, -34.56 ], [ -58.65, -34.56 ], [ -58.65, -34.56 ], [ -58.65, -34.56 ], [ -58.65, -34.56 ], [ -58.65, -34.56 ], [ -58.65, -34.56 ], [ -58.65, -34.56 ], [ -58.65, -34.56 ], [ -58.65, -34.56 ], [ -58.65, -34.56 ], [ -58.65, -34.56 ], [ -58.65, -34.56 ], [ -58.65, -34.56 ], [ -58.65, -34.56 ], [ -58.65, -34.56 ], [ -58.65, -34.56 ], [ -58.65, -34.56 ], [ -58.65, -34.56 ], [ -58.65, -34.56 ], [ -58.65, -34.56 ], [ -58.65, -34.56 ], [ -58.65, -34.56 ], [ -58.65, -34.56 ], [ -58.65, -34.56 ], [ -58.65, -34.56 ], [ -58.65, -34.56 ], [ -58.65, -34.56 ], [ -58.65, -34.56 ], [ -58.65, -34.56 ], [ -58.65, -34.56 ], [ -58.65, -34.56 ], [ -58.65, -34.56 ], [ -58.65, -34.56 ], [ -58.65, -34.56 ], [ -58.65, -34.56 ], [ -58.65, -34.56 ], [ -58.65, -34.56 ], [ -58.65, -34.56 ], [ -58.65, -34.56 ], [ -58.65, -34.56 ], [ -58.65, -34.56 ], [ -58.65, -34.56 ], [ -58.65, -34.56 ], [ -58.65, -34.56 ], [ -58.65, -34.56 ], [ -58.65, -34.56 ], [ -58.65, -34.56 ], [ -58.65, -34.56 ], [ -58.65, -34.56 ], [ -58.65, -34.56 ], [ -58.65, -34.56 ], [ -58.65, -34.56 ], [ -58.65, -34.56 ], [ -58.65, -34.56 ], [ -58.65, -34.56 ], [ -58.65, -34.56 ], [ -58.65, -34.56 ], [ -58.65, -34.56 ], [ -58.65, -34.56 ], [ -58.65, -34.56 ], [ -58.65, -34.56 ], [ -58.65, -34.56 ], [ -58.65, -34.56 ], [ -58.65, -34.56 ], [ -58.65, -34.56 ], [ -58.65, -34.56 ], [ -58.65, -34.56 ], [ -58.65, -34.56 ], [ -58.65, -34.56 ], [ -58.65, -34.56 ], [ -58.65, -34.56 ], [ -58.65, -34.56 ], [ -58.65, -34.56 ], [ -58.65, -34.56 ], [ -58.65, -34.56 ], [ -58.65, -34.56 ], [ -58.65, -34.56 ], [ -58.65, -34.56 ], [ -58.65, -34.56 ], [ -58.65, -34.56 ], [ -58.65, -34.56 ], [ -58.65, -34.56 ], [ -58.65, -34.56 ], [ -58.65, -34.56 ], [ -58.65, -34.56 ], [ -58.65, -34.56 ], [ -58.65, -34.56 ], [ -58.65, -34.56 ], [ -58.65, -34.56 ], [ -58.65, -34.56 ], [ -58.65, -34.56 ], [ -58.65, -34.56 ], [ -58.65, -34.56 ], [ -58.65, -34.56 ], [ -58.65, -34.56 ], [ -58.65, -34.56 ], [ -58.65, -34.56 ], [ -58.65, -34.56 ], [ -58.65, -34.56 ], [ -58.65, -34.56 ], [ -58.65, -34.56 ], [ -58.65, -34.56 ], [ -58.65, -34.56 ], [ -58.65, -34.56 ], [ -58.65, -34.56 ], [ -58.65, -34.56 ], [ -58.65, -34.56 ], [ -58.65, -34.56 ], [ -58.65, -34.56 ], [ -58.65, -34.56 ], [ -58.65, -34.56 ], [ -58.65, -34.56 ], [ -58.65, -34.56 ], [ -58.65, -34.56 ], [ -58.65, -34.56 ], [ -58.65, -34.56 ], [ -58.65, -34.56 ], [ -58.65, -34.56 ], [ -58.65, -34.56 ], [ -58.65, -34.56 ], [ -58.65, -34.56 ], [ -58.65, -34.56 ], [ -58.65, -34.56 ], [ -58.65, -34.56 ], [ -58.65, -34.56 ], [ -58.65, -34.56 ], [ -58.65, -34.56 ], [ -58.65, -34.56 ], [ -58.65, -34.56 ], [ -58.65, -34.56 ], [ -58.65, -34.56 ], [ -58.65, -34.56 ], [ -58.65, -34.56 ], [ -58.65, -34.56 ], [ -58.65, -34.56 ], [ -58.65, -34.56 ], [ -58.65, -34.56 ], [ -58.65, -34.56 ], [ -58.65, -34.56 ], [ -58.65, -34.56 ], [ -58.65, -34.56 ], [ -58.65, -34.56 ], [ -58.65, -34.56 ], [ -58.65, -34.56 ], [ -58.65, -34.56 ], [ -58.65, -34.56 ], [ -58.65, -34.56 ], [ -58.65, -34.56 ], [ -58.65, -34.56 ], [ -58.65, -34.56 ], [ -58.65, -34.56 ], [ -58.65, -34.56 ], [ -58.65, -34.56 ], [ -58.65, -34.56 ], [ -58.65, -34.56 ], [ -58.65, -34.56 ], [ -58.65, -34.56 ], [ -58.65, -34.56 ], [ -58.65, -34.56 ], [ -58.65, -34.56 ], [ -58.65, -34.56 ], [ -58.65, -34.56 ], [ -58.65, -34.56 ], [ -58.65, -34.56 ], [ -58.65, -34.56 ], [ -58.65, -34.56 ], [ -58.65, -34.56 ], [ -58.65, -34.56 ], [ -58.65, -34.56 ], [ -58.65, -34.56 ], [ -58.65, -34.56 ], [ -58.65, -34.56 ], [ -58.65, -34.56 ], [ -58.65, -34.56 ], [ -58.65, -34.56 ], [ -58.65, -34.56 ], [ -58.65, -34.56 ], [ -58.65, -34.56 ], [ -58.65, -34.56 ], [ -58.65, -34.56 ], [ -58.65, -34.56 ], [ -58.65, -34.56 ], [ -58.65, -34.56 ], [ -58.65, -34.56 ], [ -58.65, -34.56 ], [ -58.65, -34.56 ], [ -58.65, -34.56 ], [ -58.65, -34.56 ], [ -58.65, -34.56 ], [ -58.65, -34.56 ], [ -58.65, -34.56 ], [ -58.65, -34.56 ], [ -58.65, -34.56 ], [ -58.65, -34.56 ], [ -58.65, -34.56 ], [ -58.65, -34.56 ], [ -58.65, -34.56 ], [ -58.65, -34.56 ], [ -58.65, -34.56 ], [ -58.65, -34.56 ], [ -58.65, -34.56 ], [ -58.65, -34.56 ], [ -58.65, -34.56 ], [ -58.65, -34.56 ], [ -58.65, -34.56 ], [ -58.65, -34.56 ], [ -58.65, -34.56 ], [ -58.65, -34.56 ], [ -58.65, -34.56 ], [ -58.65, -34.56 ], [ -58.65, -34.56 ], [ -58.65, -34.56 ], [ -58.65, -34.56 ], [ -58.65, -34.56 ], [ -58.65, -34.56 ], [ -58.65, -34.56 ], [ -58.65, -34.56 ], [ -58.65, -34.56 ], [ -58.65, -34.56 ], [ -58.65, -34.56 ], [ -58.65, -34.56 ], [ -58.65, -34.56 ], [ -58.65, -34.56 ], [ -58.65, -34.56 ], [ -58.65, -34.56 ], [ -58.65, -34.56 ], [ -58.65, -34.56 ], [ -58.65, -34.56 ], [ -58.65, -34.56 ], [ -58.65, -34.56 ], [ -58.65, -34.56 ], [ -58.65, -34.56 ], [ -58.65, -34.56 ], [ -58.65, -34.56 ], [ -58.65, -34.56 ], [ -58.65, -34.56 ], [ -58.65, -34.56 ], [ -58.65, -34.56 ], [ -58.65, -34.56 ], [ -58.65, -34.56 ], [ -58.65, -34.56 ], [ -58.65, -34.56 ], [ -58.65, -34.56 ], [ -58.65, -34.56 ], [ -58.65, -34.56 ], [ -58.65, -34.56 ], [ -58.65, -34.56 ], [ -58.65, -34.56 ], [ -58.65, -34.56 ], [ -58.65, -34.56 ], [ -58.65, -34.56 ], [ -58.65, -34.56 ], [ -58.65, -34.56 ], [ -58.65, -34.56 ], [ -58.65, -34.56 ], [ -58.65, -34.56 ], [ -58.65, -34.56 ], [ -58.65, -34.56 ], [ -58.65, -34.56 ], [ -58.65, -34.56 ], [ -58.65, -34.56 ], [ -58.65, -34.56 ], [ -58.64, -34.56 ], [ -58.64, -34.56 ], [ -58.64, -34.56 ], [ -58.64, -34.56 ], [ -58.64, -34.56 ], [ -58.64, -34.56 ], [ -58.64, -34.56 ], [ -58.64, -34.56 ], [ -58.64, -34.56 ], [ -58.64, -34.56 ], [ -58.64, -34.56 ], [ -58.64, -34.56 ], [ -58.64, -34.56 ], [ -58.64, -34.56 ], [ -58.64, -34.56 ], [ -58.64, -34.56 ], [ -58.64, -34.56 ], [ -58.64, -34.56 ], [ -58.64, -34.56 ], [ -58.64, -34.56 ], [ -58.64, -34.56 ], [ -58.64, -34.56 ], [ -58.64, -34.56 ], [ -58.64, -34.56 ], [ -58.64, -34.56 ], [ -58.64, -34.56 ], [ -58.64, -34.56 ], [ -58.64, -34.56 ], [ -58.64, -34.56 ], [ -58.64, -34.56 ], [ -58.64, -34.56 ], [ -58.64, -34.56 ], [ -58.64, -34.56 ], [ -58.64, -34.56 ], [ -58.64, -34.56 ], [ -58.64, -34.56 ], [ -58.64, -34.56 ], [ -58.64, -34.56 ], [ -58.64, -34.56 ], [ -58.64, -34.56 ], [ -58.64, -34.56 ], [ -58.64, -34.56 ], [ -58.64, -34.56 ], [ -58.64, -34.56 ], [ -58.64, -34.56 ], [ -58.64, -34.56 ], [ -58.64, -34.56 ], [ -58.64, -34.56 ], [ -58.64, -34.56 ], [ -58.64, -34.56 ], [ -58.64, -34.56 ], [ -58.64, -34.56 ], [ -58.64, -34.56 ], [ -58.64, -34.56 ], [ -58.64, -34.56 ], [ -58.64, -34.56 ], [ -58.64, -34.56 ], [ -58.64, -34.56 ], [ -58.64, -34.56 ], [ -58.64, -34.56 ], [ -58.64, -34.56 ], [ -58.64, -34.56 ], [ -58.64, -34.56 ], [ -58.64, -34.56 ], [ -58.64, -34.56 ], [ -58.64, -34.56 ], [ -58.64, -34.56 ], [ -58.64, -34.56 ], [ -58.64, -34.56 ], [ -58.64, -34.56 ], [ -58.64, -34.56 ], [ -58.64, -34.56 ], [ -58.64, -34.56 ], [ -58.64, -34.56 ], [ -58.64, -34.56 ], [ -58.64, -34.56 ], [ -58.64, -34.56 ], [ -58.64, -34.56 ], [ -58.64, -34.56 ], [ -58.64, -34.56 ], [ -58.64, -34.56 ], [ -58.64, -34.56 ], [ -58.64, -34.56 ], [ -58.64, -34.56 ], [ -58.64, -34.56 ], [ -58.64, -34.56 ], [ -58.64, -34.56 ], [ -58.64, -34.56 ], [ -58.64, -34.56 ], [ -58.64, -34.56 ], [ -58.64, -34.56 ], [ -58.64, -34.56 ], [ -58.64, -34.56 ], [ -58.64, -34.56 ], [ -58.64, -34.56 ], [ -58.64, -34.56 ], [ -58.64, -34.56 ], [ -58.64, -34.56 ], [ -58.64, -34.56 ], [ -58.64, -34.56 ], [ -58.64, -34.56 ], [ -58.64, -34.56 ], [ -58.64, -34.56 ], [ -58.64, -34.56 ], [ -58.64, -34.56 ], [ -58.64, -34.56 ], [ -58.64, -34.56 ], [ -58.64, -34.56 ], [ -58.64, -34.56 ], [ -58.64, -34.56 ], [ -58.64, -34.56 ], [ -58.64, -34.56 ], [ -58.64, -34.56 ], [ -58.64, -34.56 ], [ -58.64, -34.56 ], [ -58.64, -34.56 ], [ -58.64, -34.56 ], [ -58.64, -34.56 ], [ -58.64, -34.56 ], [ -58.64, -34.56 ], [ -58.64, -34.56 ], [ -58.64, -34.56 ], [ -58.64, -34.56 ], [ -58.64, -34.56 ], [ -58.64, -34.56 ], [ -58.64, -34.56 ], [ -58.64, -34.56 ], [ -58.64, -34.56 ], [ -58.64, -34.56 ], [ -58.64, -34.56 ], [ -58.64, -34.56 ], [ -58.64, -34.56 ], [ -58.64, -34.56 ], [ -58.64, -34.56 ], [ -58.64, -34.56 ], [ -58.64, -34.56 ], [ -58.64, -34.56 ], [ -58.64, -34.56 ], [ -58.64, -34.56 ], [ -58.64, -34.56 ], [ -58.64, -34.56 ], [ -58.64, -34.56 ], [ -58.64, -34.56 ], [ -58.64, -34.56 ], [ -58.64, -34.56 ], [ -58.64, -34.56 ], [ -58.64, -34.56 ], [ -58.64, -34.56 ], [ -58.64, -34.56 ], [ -58.64, -34.56 ], [ -58.64, -34.56 ], [ -58.64, -34.56 ], [ -58.64, -34.56 ], [ -58.64, -34.56 ], [ -58.64, -34.56 ], [ -58.64, -34.56 ], [ -58.64, -34.56 ], [ -58.64, -34.56 ], [ -58.64, -34.56 ], [ -58.64, -34.56 ], [ -58.64, -34.56 ], [ -58.64, -34.56 ], [ -58.64, -34.56 ], [ -58.64, -34.56 ], [ -58.64, -34.56 ], [ -58.64, -34.56 ], [ -58.64, -34.56 ], [ -58.64, -34.56 ], [ -58.64, -34.56 ], [ -58.64, -34.56 ], [ -58.64, -34.56 ], [ -58.64, -34.56 ], [ -58.64, -34.56 ], [ -58.64, -34.56 ], [ -58.64, -34.56 ], [ -58.64, -34.56 ], [ -58.64, -34.56 ], [ -58.64, -34.56 ], [ -58.64, -34.56 ], [ -58.64, -34.56 ], [ -58.64, -34.56 ], [ -58.64, -34.56 ], [ -58.64, -34.56 ], [ -58.64, -34.56 ], [ -58.64, -34.56 ], [ -58.64, -34.56 ], [ -58.64, -34.56 ], [ -58.64, -34.56 ], [ -58.64, -34.56 ], [ -58.64, -34.56 ], [ -58.64, -34.56 ], [ -58.64, -34.56 ], [ -58.64, -34.56 ], [ -58.64, -34.56 ], [ -58.64, -34.56 ], [ -58.64, -34.56 ], [ -58.64, -34.56 ], [ -58.64, -34.56 ], [ -58.64, -34.56 ], [ -58.64, -34.56 ], [ -58.64, -34.56 ], [ -58.64, -34.56 ], [ -58.64, -34.56 ], [ -58.64, -34.56 ], [ -58.64, -34.56 ], [ -58.64, -34.56 ], [ -58.64, -34.56 ], [ -58.64, -34.56 ], [ -58.64, -34.56 ], [ -58.64, -34.56 ], [ -58.64, -34.56 ], [ -58.64, -34.56 ], [ -58.64, -34.56 ], [ -58.64, -34.56 ], [ -58.64, -34.56 ], [ -58.64, -34.56 ], [ -58.64, -34.56 ], [ -58.64, -34.56 ], [ -58.64, -34.56 ], [ -58.64, -34.56 ], [ -58.64, -34.56 ], [ -58.64, -34.56 ], [ -58.64, -34.56 ], [ -58.64, -34.56 ], [ -58.64, -34.56 ], [ -58.64, -34.56 ], [ -58.64, -34.56 ], [ -58.64, -34.56 ], [ -58.64, -34.56 ], [ -58.64, -34.56 ], [ -58.64, -34.56 ], [ -58.64, -34.56 ], [ -58.64, -34.56 ], [ -58.64, -34.56 ], [ -58.64, -34.56 ], [ -58.64, -34.56 ], [ -58.64, -34.56 ], [ -58.64, -34.56 ], [ -58.64, -34.56 ], [ -58.64, -34.56 ], [ -58.64, -34.56 ], [ -58.64, -34.56 ], [ -58.64, -34.56 ], [ -58.64, -34.56 ], [ -58.64, -34.56 ], [ -58.64, -34.56 ], [ -58.64, -34.56 ], [ -58.64, -34.56 ], [ -58.64, -34.56 ], [ -58.64, -34.56 ], [ -58.64, -34.56 ], [ -58.64, -34.56 ], [ -58.64, -34.56 ], [ -58.64, -34.56 ], [ -58.64, -34.56 ], [ -58.64, -34.56 ], [ -58.64, -34.56 ], [ -58.64, -34.56 ], [ -58.64, -34.56 ], [ -58.64, -34.56 ], [ -58.64, -34.56 ], [ -58.64, -34.56 ], [ -58.64, -34.56 ], [ -58.64, -34.56 ], [ -58.64, -34.56 ], [ -58.64, -34.56 ], [ -58.64, -34.56 ], [ -58.64, -34.56 ], [ -58.64, -34.56 ], [ -58.64, -34.56 ], [ -58.64, -34.56 ], [ -58.64, -34.56 ], [ -58.64, -34.56 ], [ -58.64, -34.56 ], [ -58.64, -34.56 ], [ -58.64, -34.56 ], [ -58.64, -34.56 ], [ -58.64, -34.56 ], [ -58.64, -34.56 ], [ -58.64, -34.56 ], [ -58.64, -34.56 ], [ -58.64, -34.56 ], [ -58.64, -34.56 ], [ -58.64, -34.56 ], [ -58.64, -34.56 ], [ -58.64, -34.56 ], [ -58.64, -34.56 ], [ -58.64, -34.56 ], [ -58.64, -34.56 ], [ -58.64, -34.56 ], [ -58.64, -34.56 ], [ -58.64, -34.56 ], [ -58.64, -34.56 ], [ -58.64, -34.56 ], [ -58.64, -34.56 ], [ -58.64, -34.56 ], [ -58.64, -34.56 ], [ -58.64, -34.56 ], [ -58.64, -34.56 ], [ -58.64, -34.56 ], [ -58.64, -34.56 ], [ -58.64, -34.56 ], [ -58.64, -34.56 ], [ -58.64, -34.56 ], [ -58.64, -34.56 ], [ -58.64, -34.56 ], [ -58.64, -34.56 ], [ -58.64, -34.56 ], [ -58.64, -34.56 ], [ -58.64, -34.56 ], [ -58.64, -34.56 ], [ -58.64, -34.56 ], [ -58.64, -34.56 ], [ -58.64, -34.56 ], [ -58.64, -34.56 ], [ -58.64, -34.56 ], [ -58.64, -34.56 ], [ -58.64, -34.56 ], [ -58.64, -34.56 ], [ -58.64, -34.56 ], [ -58.64, -34.56 ], [ -58.64, -34.56 ], [ -58.64, -34.56 ], [ -58.64, -34.56 ], [ -58.64, -34.56 ], [ -58.64, -34.56 ], [ -58.64, -34.56 ], [ -58.64, -34.56 ], [ -58.64, -34.56 ], [ -58.64, -34.56 ], [ -58.64, -34.56 ], [ -58.64, -34.56 ], [ -58.64, -34.56 ], [ -58.64, -34.56 ], [ -58.64, -34.56 ], [ -58.64, -34.56 ], [ -58.64, -34.56 ], [ -58.64, -34.56 ], [ -58.64, -34.56 ], [ -58.64, -34.56 ], [ -58.64, -34.56 ], [ -58.64, -34.56 ], [ -58.64, -34.56 ], [ -58.64, -34.56 ], [ -58.64, -34.56 ], [ -58.64, -34.56 ], [ -58.64, -34.56 ], [ -58.64, -34.56 ], [ -58.64, -34.56 ], [ -58.64, -34.56 ], [ -58.64, -34.56 ], [ -58.64, -34.56 ], [ -58.64, -34.56 ], [ -58.64, -34.56 ], [ -58.64, -34.56 ], [ -58.64, -34.56 ], [ -58.64, -34.56 ], [ -58.64, -34.56 ], [ -58.64, -34.56 ], [ -58.64, -34.56 ], [ -58.64, -34.56 ], [ -58.64, -34.56 ], [ -58.64, -34.56 ], [ -58.64, -34.56 ], [ -58.64, -34.56 ], [ -58.64, -34.56 ], [ -58.64, -34.56 ], [ -58.64, -34.56 ], [ -58.64, -34.56 ], [ -58.64, -34.56 ], [ -58.64, -34.56 ], [ -58.64, -34.56 ], [ -58.64, -34.56 ], [ -58.64, -34.56 ], [ -58.64, -34.56 ], [ -58.64, -34.56 ], [ -58.64, -34.56 ], [ -58.64, -34.56 ], [ -58.64, -34.56 ], [ -58.64, -34.56 ], [ -58.64, -34.56 ], [ -58.64, -34.56 ], [ -58.64, -34.56 ], [ -58.64, -34.56 ], [ -58.64, -34.56 ], [ -58.64, -34.56 ], [ -58.64, -34.56 ], [ -58.64, -34.56 ], [ -58.64, -34.56 ], [ -58.64, -34.56 ], [ -58.64, -34.56 ], [ -58.64, -34.56 ], [ -58.64, -34.56 ], [ -58.64, -34.56 ], [ -58.64, -34.56 ], [ -58.64, -34.56 ], [ -58.64, -34.56 ], [ -58.64, -34.56 ], [ -58.64, -34.56 ], [ -58.64, -34.56 ], [ -58.64, -34.56 ], [ -58.64, -34.56 ], [ -58.64, -34.56 ], [ -58.64, -34.56 ], [ -58.64, -34.56 ], [ -58.64, -34.56 ], [ -58.64, -34.56 ], [ -58.64, -34.56 ], [ -58.64, -34.56 ], [ -58.64, -34.56 ], [ -58.64, -34.56 ], [ -58.64, -34.56 ], [ -58.64, -34.56 ], [ -58.64, -34.56 ], [ -58.64, -34.56 ], [ -58.64, -34.56 ], [ -58.64, -34.56 ], [ -58.64, -34.56 ], [ -58.64, -34.56 ], [ -58.64, -34.56 ], [ -58.64, -34.56 ], [ -58.64, -34.56 ], [ -58.64, -34.56 ], [ -58.64, -34.56 ], [ -58.64, -34.56 ], [ -58.64, -34.56 ], [ -58.64, -34.56 ], [ -58.64, -34.56 ], [ -58.64, -34.56 ], [ -58.64, -34.56 ], [ -58.64, -34.56 ], [ -58.64, -34.56 ], [ -58.64, -34.56 ], [ -58.64, -34.56 ], [ -58.64, -34.56 ], [ -58.64, -34.56 ], [ -58.64, -34.56 ], [ -58.64, -34.56 ], [ -58.64, -34.56 ], [ -58.64, -34.56 ], [ -58.64, -34.56 ], [ -58.64, -34.56 ], [ -58.64, -34.56 ], [ -58.64, -34.56 ], [ -58.64, -34.56 ], [ -58.64, -34.56 ], [ -58.64, -34.56 ], [ -58.64, -34.56 ], [ -58.64, -34.56 ], [ -58.64, -34.56 ], [ -58.64, -34.56 ], [ -58.64, -34.56 ], [ -58.64, -34.56 ], [ -58.64, -34.56 ], [ -58.64, -34.56 ], [ -58.64, -34.56 ], [ -58.64, -34.56 ], [ -58.64, -34.56 ], [ -58.64, -34.56 ], [ -58.64, -34.56 ], [ -58.64, -34.56 ], [ -58.64, -34.56 ], [ -58.64, -34.56 ], [ -58.64, -34.56 ], [ -58.64, -34.56 ], [ -58.64, -34.56 ], [ -58.64, -34.56 ], [ -58.64, -34.56 ], [ -58.64, -34.56 ], [ -58.64, -34.56 ], [ -58.64, -34.56 ], [ -58.64, -34.56 ], [ -58.64, -34.56 ], [ -58.64, -34.56 ], [ -58.64, -34.56 ], [ -58.64, -34.56 ], [ -58.64, -34.56 ], [ -58.64, -34.56 ], [ -58.64, -34.56 ], [ -58.64, -34.56 ], [ -58.64, -34.56 ], [ -58.64, -34.56 ], [ -58.64, -34.56 ], [ -58.64, -34.56 ], [ -58.64, -34.56 ], [ -58.64, -34.56 ], [ -58.64, -34.56 ], [ -58.64, -34.56 ], [ -58.64, -34.56 ], [ -58.64, -34.56 ], [ -58.64, -34.56 ], [ -58.64, -34.56 ], [ -58.64, -34.56 ], [ -58.64, -34.56 ], [ -58.64, -34.56 ], [ -58.64, -34.56 ], [ -58.64, -34.56 ], [ -58.64, -34.56 ], [ -58.64, -34.56 ], [ -58.64, -34.56 ], [ -58.64, -34.56 ], [ -58.64, -34.56 ], [ -58.64, -34.56 ], [ -58.64, -34.56 ], [ -58.64, -34.56 ], [ -58.64, -34.56 ], [ -58.64, -34.56 ], [ -58.64, -34.56 ], [ -58.64, -34.56 ], [ -58.64, -34.56 ], [ -58.64, -34.56 ], [ -58.64, -34.56 ], [ -58.64, -34.56 ], [ -58.64, -34.56 ], [ -58.64, -34.56 ], [ -58.64, -34.56 ], [ -58.64, -34.56 ], [ -58.64, -34.56 ], [ -58.64, -34.56 ], [ -58.64, -34.56 ], [ -58.64, -34.56 ], [ -58.64, -34.56 ], [ -58.64, -34.56 ], [ -58.64, -34.56 ], [ -58.64, -34.56 ], [ -58.64, -34.56 ], [ -58.64, -34.56 ], [ -58.64, -34.56 ], [ -58.64, -34.56 ], [ -58.64, -34.56 ], [ -58.64, -34.56 ], [ -58.64, -34.56 ], [ -58.64, -34.56 ], [ -58.64, -34.56 ], [ -58.64, -34.56 ], [ -58.64, -34.56 ], [ -58.64, -34.56 ], [ -58.64, -34.56 ], [ -58.64, -34.56 ], [ -58.64, -34.56 ], [ -58.64, -34.56 ], [ -58.64, -34.56 ], [ -58.64, -34.56 ], [ -58.64, -34.56 ], [ -58.64, -34.56 ], [ -58.64, -34.56 ], [ -58.64, -34.56 ], [ -58.64, -34.56 ], [ -58.64, -34.56 ], [ -58.64, -34.56 ], [ -58.64, -34.56 ], [ -58.64, -34.56 ], [ -58.64, -34.56 ], [ -58.64, -34.56 ], [ -58.64, -34.56 ], [ -58.64, -34.56 ], [ -58.64, -34.56 ], [ -58.64, -34.56 ], [ -58.64, -34.56 ], [ -58.64, -34.56 ], [ -58.64, -34.56 ], [ -58.64, -34.56 ], [ -58.64, -34.56 ], [ -58.64, -34.56 ], [ -58.64, -34.56 ], [ -58.64, -34.56 ], [ -58.64, -34.56 ], [ -58.64, -34.56 ], [ -58.64, -34.56 ], [ -58.64, -34.56 ], [ -58.64, -34.56 ], [ -58.64, -34.56 ], [ -58.64, -34.56 ], [ -58.64, -34.56 ], [ -58.64, -34.56 ], [ -58.64, -34.56 ], [ -58.64, -34.56 ], [ -58.64, -34.56 ], [ -58.64, -34.56 ], [ -58.64, -34.56 ], [ -58.64, -34.56 ], [ -58.64, -34.56 ], [ -58.64, -34.56 ], [ -58.64, -34.56 ], [ -58.64, -34.56 ], [ -58.64, -34.56 ], [ -58.64, -34.56 ], [ -58.64, -34.56 ], [ -58.64, -34.56 ], [ -58.64, -34.56 ], [ -58.64, -34.56 ], [ -58.64, -34.56 ], [ -58.64, -34.56 ], [ -58.64, -34.56 ], [ -58.64, -34.56 ], [ -58.64, -34.56 ], [ -58.64, -34.56 ], [ -58.64, -34.56 ], [ -58.64, -34.56 ], [ -58.64, -34.56 ], [ -58.64, -34.56 ], [ -58.64, -34.56 ], [ -58.64, -34.56 ], [ -58.64, -34.56 ], [ -58.64, -34.56 ], [ -58.64, -34.56 ], [ -58.64, -34.56 ], [ -58.64, -34.56 ], [ -58.64, -34.56 ], [ -58.64, -34.56 ], [ -58.64, -34.56 ], [ -58.64, -34.56 ], [ -58.64, -34.56 ], [ -58.64, -34.56 ], [ -58.64, -34.56 ], [ -58.64, -34.56 ], [ -58.64, -34.56 ], [ -58.64, -34.56 ], [ -58.64, -34.56 ], [ -58.64, -34.56 ], [ -58.64, -34.56 ], [ -58.64, -34.56 ], [ -58.64, -34.56 ], [ -58.64, -34.56 ], [ -58.64, -34.56 ], [ -58.64, -34.56 ], [ -58.64, -34.56 ], [ -58.64, -34.56 ], [ -58.64, -34.56 ], [ -58.64, -34.56 ], [ -58.64, -34.56 ], [ -58.64, -34.56 ], [ -58.64, -34.56 ], [ -58.64, -34.56 ], [ -58.64, -34.56 ], [ -58.64, -34.56 ], [ -58.64, -34.56 ], [ -58.64, -34.56 ], [ -58.64, -34.56 ], [ -58.64, -34.56 ], [ -58.64, -34.56 ], [ -58.64, -34.56 ], [ -58.64, -34.56 ], [ -58.64, -34.56 ], [ -58.64, -34.56 ], [ -58.64, -34.56 ], [ -58.64, -34.56 ], [ -58.64, -34.56 ], [ -58.64, -34.56 ], [ -58.64, -34.56 ], [ -58.64, -34.56 ], [ -58.64, -34.56 ], [ -58.64, -34.56 ], [ -58.64, -34.56 ], [ -58.64, -34.56 ], [ -58.64, -34.56 ], [ -58.64, -34.56 ], [ -58.64, -34.56 ], [ -58.64, -34.56 ], [ -58.64, -34.56 ], [ -58.64, -34.56 ], [ -58.64, -34.56 ], [ -58.64, -34.56 ], [ -58.64, -34.56 ], [ -58.64, -34.56 ], [ -58.64, -34.56 ], [ -58.64, -34.56 ], [ -58.64, -34.56 ], [ -58.64, -34.56 ], [ -58.64, -34.56 ], [ -58.64, -34.56 ], [ -58.64, -34.56 ], [ -58.64, -34.56 ], [ -58.64, -34.56 ], [ -58.64, -34.56 ], [ -58.64, -34.56 ], [ -58.64, -34.56 ], [ -58.64, -34.56 ], [ -58.64, -34.56 ], [ -58.64, -34.56 ], [ -58.64, -34.56 ], [ -58.64, -34.56 ], [ -58.64, -34.56 ], [ -58.64, -34.56 ], [ -58.64, -34.56 ], [ -58.64, -34.56 ], [ -58.64, -34.56 ], [ -58.64, -34.56 ], [ -58.64, -34.56 ], [ -58.64, -34.56 ], [ -58.64, -34.56 ], [ -58.64, -34.56 ], [ -58.64, -34.56 ], [ -58.64, -34.56 ], [ -58.64, -34.56 ], [ -58.64, -34.56 ], [ -58.64, -34.56 ], [ -58.64, -34.56 ], [ -58.64, -34.56 ], [ -58.64, -34.56 ], [ -58.64, -34.56 ], [ -58.64, -34.56 ], [ -58.64, -34.56 ], [ -58.64, -34.56 ], [ -58.64, -34.56 ], [ -58.64, -34.56 ], [ -58.64, -34.56 ], [ -58.64, -34.56 ], [ -58.64, -34.56 ], [ -58.64, -34.56 ], [ -58.64, -34.56 ], [ -58.64, -34.56 ], [ -58.64, -34.56 ], [ -58.64, -34.56 ], [ -58.64, -34.56 ], [ -58.64, -34.56 ], [ -58.64, -34.56 ], [ -58.64, -34.56 ], [ -58.64, -34.56 ], [ -58.64, -34.56 ], [ -58.64, -34.56 ], [ -58.64, -34.56 ], [ -58.64, -34.56 ], [ -58.64, -34.56 ], [ -58.64, -34.56 ], [ -58.64, -34.56 ], [ -58.64, -34.56 ], [ -58.64, -34.56 ], [ -58.64, -34.56 ], [ -58.64, -34.56 ], [ -58.64, -34.56 ], [ -58.64, -34.56 ], [ -58.64, -34.56 ], [ -58.64, -34.56 ], [ -58.64, -34.56 ], [ -58.64, -34.56 ], [ -58.64, -34.56 ], [ -58.64, -34.56 ], [ -58.64, -34.56 ], [ -58.64, -34.56 ], [ -58.64, -34.56 ], [ -58.64, -34.56 ], [ -58.64, -34.56 ], [ -58.64, -34.56 ], [ -58.64, -34.56 ], [ -58.64, -34.56 ], [ -58.64, -34.56 ], [ -58.64, -34.56 ], [ -58.64, -34.56 ], [ -58.64, -34.56 ], [ -58.64, -34.56 ], [ -58.64, -34.56 ], [ -58.64, -34.56 ], [ -58.64, -34.56 ], [ -58.64, -34.56 ], [ -58.64, -34.56 ], [ -58.64, -34.56 ], [ -58.64, -34.56 ], [ -58.64, -34.56 ], [ -58.64, -34.56 ], [ -58.64, -34.56 ], [ -58.64, -34.56 ], [ -58.64, -34.56 ], [ -58.64, -34.56 ], [ -58.64, -34.56 ], [ -58.64, -34.56 ], [ -58.64, -34.56 ], [ -58.64, -34.56 ], [ -58.64, -34.56 ], [ -58.64, -34.56 ], [ -58.64, -34.56 ], [ -58.64, -34.56 ], [ -58.64, -34.56 ], [ -58.64, -34.56 ], [ -58.64, -34.56 ], [ -58.64, -34.56 ], [ -58.64, -34.56 ], [ -58.64, -34.56 ], [ -58.64, -34.56 ], [ -58.64, -34.56 ], [ -58.64, -34.56 ], [ -58.64, -34.56 ], [ -58.64, -34.56 ], [ -58.64, -34.56 ], [ -58.64, -34.56 ], [ -58.64, -34.56 ], [ -58.64, -34.56 ], [ -58.64, -34.56 ], [ -58.64, -34.56 ], [ -58.64, -34.56 ], [ -58.64, -34.56 ], [ -58.64, -34.56 ], [ -58.64, -34.56 ], [ -58.64, -34.56 ], [ -58.64, -34.56 ], [ -58.64, -34.56 ], [ -58.64, -34.56 ], [ -58.64, -34.56 ], [ -58.64, -34.56 ], [ -58.64, -34.56 ], [ -58.64, -34.56 ], [ -58.64, -34.56 ], [ -58.64, -34.56 ], [ -58.64, -34.56 ], [ -58.64, -34.56 ], [ -58.64, -34.56 ], [ -58.64, -34.56 ], [ -58.64, -34.56 ], [ -58.64, -34.56 ], [ -58.64, -34.56 ], [ -58.64, -34.56 ], [ -58.64, -34.56 ], [ -58.64, -34.56 ], [ -58.64, -34.56 ], [ -58.64, -34.56 ], [ -58.64, -34.56 ], [ -58.64, -34.56 ], [ -58.64, -34.56 ], [ -58.64, -34.56 ], [ -58.64, -34.56 ], [ -58.64, -34.56 ], [ -58.64, -34.56 ], [ -58.64, -34.56 ], [ -58.64, -34.56 ], [ -58.64, -34.56 ], [ -58.64, -34.56 ], [ -58.64, -34.56 ], [ -58.64, -34.56 ], [ -58.64, -34.56 ], [ -58.64, -34.56 ], [ -58.64, -34.56 ], [ -58.64, -34.56 ], [ -58.64, -34.56 ], [ -58.64, -34.56 ], [ -58.64, -34.56 ], [ -58.64, -34.56 ], [ -58.64, -34.56 ], [ -58.64, -34.56 ], [ -58.64, -34.56 ], [ -58.64, -34.56 ], [ -58.64, -34.56 ], [ -58.64, -34.56 ], [ -58.64, -34.56 ], [ -58.64, -34.56 ], [ -58.64, -34.56 ], [ -58.64, -34.56 ], [ -58.64, -34.56 ], [ -58.64, -34.56 ], [ -58.64, -34.56 ], [ -58.64, -34.56 ], [ -58.64, -34.56 ], [ -58.64, -34.56 ], [ -58.64, -34.56 ], [ -58.64, -34.56 ], [ -58.64, -34.56 ], [ -58.64, -34.56 ], [ -58.64, -34.56 ], [ -58.64, -34.56 ], [ -58.64, -34.56 ], [ -58.64, -34.56 ], [ -58.64, -34.56 ], [ -58.64, -34.56 ], [ -58.64, -34.56 ], [ -58.64, -34.56 ], [ -58.64, -34.56 ], [ -58.64, -34.56 ], [ -58.64, -34.56 ], [ -58.64, -34.56 ], [ -58.64, -34.56 ], [ -58.64, -34.56 ], [ -58.64, -34.56 ], [ -58.64, -34.56 ], [ -58.64, -34.56 ], [ -58.64, -34.56 ], [ -58.64, -34.56 ], [ -58.64, -34.56 ], [ -58.64, -34.56 ], [ -58.64, -34.56 ], [ -58.64, -34.56 ], [ -58.64, -34.56 ], [ -58.64, -34.56 ], [ -58.64, -34.56 ], [ -58.64, -34.56 ], [ -58.64, -34.56 ], [ -58.64, -34.56 ], [ -58.64, -34.56 ], [ -58.64, -34.56 ], [ -58.64, -34.56 ], [ -58.64, -34.56 ], [ -58.64, -34.56 ], [ -58.64, -34.56 ], [ -58.64, -34.56 ], [ -58.64, -34.56 ], [ -58.64, -34.56 ], [ -58.64, -34.56 ], [ -58.64, -34.56 ], [ -58.64, -34.56 ], [ -58.64, -34.56 ], [ -58.64, -34.56 ], [ -58.64, -34.56 ], [ -58.64, -34.56 ], [ -58.64, -34.56 ], [ -58.64, -34.56 ], [ -58.64, -34.56 ], [ -58.64, -34.56 ], [ -58.64, -34.56 ], [ -58.64, -34.56 ], [ -58.64, -34.56 ], [ -58.64, -34.56 ], [ -58.64, -34.56 ], [ -58.64, -34.56 ], [ -58.64, -34.56 ], [ -58.64, -34.56 ], [ -58.64, -34.56 ], [ -58.64, -34.56 ], [ -58.64, -34.56 ], [ -58.64, -34.56 ], [ -58.64, -34.56 ], [ -58.64, -34.56 ], [ -58.64, -34.56 ], [ -58.64, -34.56 ], [ -58.64, -34.56 ], [ -58.64, -34.56 ], [ -58.64, -34.56 ], [ -58.64, -34.56 ], [ -58.64, -34.56 ], [ -58.64, -34.56 ], [ -58.64, -34.56 ], [ -58.64, -34.56 ], [ -58.64, -34.56 ], [ -58.64, -34.56 ], [ -58.64, -34.56 ], [ -58.64, -34.56 ], [ -58.64, -34.56 ], [ -58.64, -34.56 ], [ -58.64, -34.56 ], [ -58.64, -34.56 ], [ -58.64, -34.56 ], [ -58.64, -34.56 ], [ -58.64, -34.56 ], [ -58.64, -34.56 ], [ -58.64, -34.56 ], [ -58.64, -34.56 ], [ -58.64, -34.56 ], [ -58.64, -34.56 ], [ -58.64, -34.56 ], [ -58.64, -34.56 ], [ -58.64, -34.56 ], [ -58.64, -34.56 ], [ -58.64, -34.56 ], [ -58.64, -34.56 ], [ -58.64, -34.56 ], [ -58.64, -34.56 ], [ -58.64, -34.56 ], [ -58.64, -34.56 ], [ -58.64, -34.56 ], [ -58.64, -34.56 ], [ -58.64, -34.56 ], [ -58.64, -34.56 ], [ -58.64, -34.56 ], [ -58.64, -34.56 ], [ -58.64, -34.56 ], [ -58.64, -34.56 ], [ -58.64, -34.56 ], [ -58.64, -34.56 ], [ -58.64, -34.56 ], [ -58.64, -34.56 ], [ -58.64, -34.56 ], [ -58.64, -34.56 ], [ -58.64, -34.56 ], [ -58.64, -34.56 ], [ -58.64, -34.56 ], [ -58.64, -34.56 ], [ -58.64, -34.56 ], [ -58.64, -34.56 ], [ -58.64, -34.56 ], [ -58.64, -34.56 ], [ -58.64, -34.56 ], [ -58.64, -34.56 ], [ -58.64, -34.56 ], [ -58.64, -34.56 ], [ -58.64, -34.56 ], [ -58.64, -34.56 ], [ -58.64, -34.56 ], [ -58.64, -34.56 ], [ -58.64, -34.56 ], [ -58.64, -34.56 ], [ -58.64, -34.56 ], [ -58.64, -34.56 ], [ -58.64, -34.56 ], [ -58.64, -34.56 ], [ -58.64, -34.56 ], [ -58.64, -34.56 ], [ -58.64, -34.56 ], [ -58.64, -34.56 ], [ -58.64, -34.56 ], [ -58.64, -34.56 ], [ -58.64, -34.56 ], [ -58.64, -34.56 ], [ -58.64, -34.56 ], [ -58.64, -34.56 ], [ -58.64, -34.56 ], [ -58.64, -34.56 ], [ -58.64, -34.56 ], [ -58.64, -34.56 ], [ -58.64, -34.56 ], [ -58.64, -34.56 ], [ -58.64, -34.56 ], [ -58.64, -34.56 ], [ -58.64, -34.56 ], [ -58.64, -34.56 ], [ -58.64, -34.56 ], [ -58.64, -34.56 ], [ -58.64, -34.56 ], [ -58.64, -34.56 ], [ -58.64, -34.56 ], [ -58.64, -34.56 ], [ -58.64, -34.56 ], [ -58.64, -34.56 ], [ -58.64, -34.56 ], [ -58.64, -34.56 ], [ -58.64, -34.56 ], [ -58.64, -34.56 ], [ -58.64, -34.56 ], [ -58.64, -34.56 ], [ -58.64, -34.56 ], [ -58.64, -34.56 ], [ -58.64, -34.56 ], [ -58.64, -34.56 ], [ -58.64, -34.56 ], [ -58.64, -34.56 ], [ -58.64, -34.56 ], [ -58.64, -34.56 ], [ -58.64, -34.56 ], [ -58.64, -34.56 ], [ -58.64, -34.56 ], [ -58.64, -34.56 ], [ -58.64, -34.56 ], [ -58.64, -34.56 ], [ -58.64, -34.56 ], [ -58.64, -34.56 ], [ -58.64, -34.56 ], [ -58.64, -34.56 ], [ -58.64, -34.56 ], [ -58.64, -34.56 ], [ -58.64, -34.56 ], [ -58.64, -34.56 ], [ -58.64, -34.56 ], [ -58.64, -34.56 ], [ -58.64, -34.56 ], [ -58.64, -34.56 ], [ -58.64, -34.56 ], [ -58.64, -34.56 ], [ -58.64, -34.56 ], [ -58.64, -34.56 ], [ -58.64, -34.56 ], [ -58.64, -34.56 ], [ -58.64, -34.56 ], [ -58.64, -34.56 ], [ -58.64, -34.56 ], [ -58.64, -34.56 ], [ -58.64, -34.56 ], [ -58.64, -34.56 ], [ -58.64, -34.56 ], [ -58.64, -34.56 ], [ -58.64, -34.56 ], [ -58.64, -34.56 ], [ -58.64, -34.56 ], [ -58.64, -34.56 ], [ -58.64, -34.56 ], [ -58.64, -34.56 ], [ -58.64, -34.56 ], [ -58.64, -34.56 ], [ -58.64, -34.56 ], [ -58.64, -34.56 ], [ -58.64, -34.56 ], [ -58.64, -34.56 ], [ -58.64, -34.56 ], [ -58.64, -34.56 ], [ -58.64, -34.56 ], [ -58.64, -34.56 ], [ -58.64, -34.56 ], [ -58.64, -34.56 ], [ -58.64, -34.56 ], [ -58.64, -34.56 ], [ -58.64, -34.56 ], [ -58.64, -34.56 ], [ -58.64, -34.56 ], [ -58.64, -34.56 ], [ -58.64, -34.56 ], [ -58.64, -34.56 ], [ -58.64, -34.56 ], [ -58.64, -34.56 ], [ -58.64, -34.56 ], [ -58.64, -34.56 ], [ -58.64, -34.56 ], [ -58.64, -34.56 ], [ -58.64, -34.56 ], [ -58.64, -34.56 ], [ -58.64, -34.56 ], [ -58.64, -34.56 ], [ -58.64, -34.56 ], [ -58.64, -34.56 ], [ -58.64, -34.56 ], [ -58.64, -34.56 ], [ -58.64, -34.56 ], [ -58.64, -34.56 ], [ -58.64, -34.56 ], [ -58.64, -34.56 ], [ -58.64, -34.56 ], [ -58.64, -34.56 ], [ -58.64, -34.56 ], [ -58.64, -34.56 ], [ -58.64, -34.56 ], [ -58.64, -34.56 ], [ -58.64, -34.56 ], [ -58.64, -34.56 ], [ -58.64, -34.56 ], [ -58.64, -34.56 ], [ -58.64, -34.56 ], [ -58.64, -34.56 ], [ -58.64, -34.56 ], [ -58.64, -34.56 ], [ -58.64, -34.56 ], [ -58.64, -34.56 ], [ -58.64, -34.56 ], [ -58.64, -34.56 ], [ -58.64, -34.56 ], [ -58.64, -34.56 ], [ -58.64, -34.56 ], [ -58.64, -34.56 ], [ -58.64, -34.56 ], [ -58.64, -34.56 ], [ -58.64, -34.56 ], [ -58.64, -34.56 ], [ -58.64, -34.56 ], [ -58.64, -34.56 ], [ -58.64, -34.56 ], [ -58.64, -34.56 ], [ -58.64, -34.56 ], [ -58.64, -34.56 ], [ -58.64, -34.56 ], [ -58.64, -34.56 ], [ -58.64, -34.56 ], [ -58.64, -34.56 ], [ -58.64, -34.56 ], [ -58.64, -34.56 ], [ -58.64, -34.56 ], [ -58.64, -34.56 ], [ -58.64, -34.56 ], [ -58.64, -34.56 ], [ -58.64, -34.56 ], [ -58.64, -34.56 ], [ -58.64, -34.56 ], [ -58.64, -34.56 ], [ -58.64, -34.56 ], [ -58.64, -34.56 ], [ -58.64, -34.56 ], [ -58.64, -34.56 ], [ -58.64, -34.56 ], [ -58.64, -34.56 ], [ -58.64, -34.56 ], [ -58.64, -34.56 ], [ -58.64, -34.56 ], [ -58.64, -34.56 ], [ -58.64, -34.56 ], [ -58.64, -34.56 ], [ -58.64, -34.56 ], [ -58.64, -34.56 ], [ -58.64, -34.56 ], [ -58.64, -34.56 ], [ -58.64, -34.56 ], [ -58.64, -34.56 ], [ -58.64, -34.56 ], [ -58.64, -34.56 ], [ -58.64, -34.56 ], [ -58.64, -34.56 ], [ -58.64, -34.56 ], [ -58.64, -34.56 ], [ -58.64, -34.56 ], [ -58.64, -34.56 ], [ -58.64, -34.56 ], [ -58.64, -34.56 ], [ -58.64, -34.56 ], [ -58.64, -34.56 ], [ -58.64, -34.56 ], [ -58.64, -34.56 ], [ -58.64, -34.56 ], [ -58.64, -34.56 ], [ -58.64, -34.56 ], [ -58.64, -34.56 ], [ -58.64, -34.56 ], [ -58.64, -34.56 ], [ -58.64, -34.56 ], [ -58.64, -34.56 ], [ -58.64, -34.56 ], [ -58.64, -34.56 ], [ -58.64, -34.56 ], [ -58.64, -34.56 ], [ -58.64, -34.56 ], [ -58.64, -34.56 ], [ -58.64, -34.56 ], [ -58.64, -34.56 ], [ -58.64, -34.56 ], [ -58.64, -34.56 ], [ -58.64, -34.56 ], [ -58.64, -34.56 ], [ -58.64, -34.56 ], [ -58.64, -34.56 ], [ -58.64, -34.56 ], [ -58.64, -34.56 ], [ -58.64, -34.56 ], [ -58.64, -34.56 ], [ -58.64, -34.56 ], [ -58.64, -34.56 ], [ -58.64, -34.56 ], [ -58.64, -34.56 ], [ -58.64, -34.56 ], [ -58.64, -34.56 ], [ -58.64, -34.56 ], [ -58.64, -34.56 ], [ -58.64, -34.56 ], [ -58.64, -34.56 ], [ -58.64, -34.56 ], [ -58.64, -34.56 ], [ -58.64, -34.56 ], [ -58.64, -34.56 ], [ -58.64, -34.56 ], [ -58.64, -34.56 ], [ -58.64, -34.56 ], [ -58.64, -34.56 ], [ -58.64, -34.56 ], [ -58.64, -34.56 ], [ -58.64, -34.56 ], [ -58.64, -34.56 ], [ -58.64, -34.56 ], [ -58.64, -34.56 ], [ -58.64, -34.56 ], [ -58.64, -34.56 ], [ -58.64, -34.56 ], [ -58.64, -34.56 ], [ -58.64, -34.56 ], [ -58.64, -34.56 ], [ -58.64, -34.56 ], [ -58.64, -34.56 ], [ -58.64, -34.56 ], [ -58.64, -34.56 ], [ -58.64, -34.56 ], [ -58.64, -34.56 ], [ -58.64, -34.56 ], [ -58.64, -34.56 ], [ -58.64, -34.56 ], [ -58.64, -34.56 ], [ -58.64, -34.56 ], [ -58.64, -34.56 ], [ -58.64, -34.56 ], [ -58.64, -34.56 ], [ -58.64, -34.56 ], [ -58.64, -34.56 ], [ -58.64, -34.56 ], [ -58.64, -34.56 ], [ -58.64, -34.56 ], [ -58.64, -34.56 ], [ -58.64, -34.56 ], [ -58.64, -34.56 ], [ -58.64, -34.56 ], [ -58.64, -34.56 ], [ -58.64, -34.56 ], [ -58.64, -34.56 ], [ -58.64, -34.56 ], [ -58.64, -34.56 ], [ -58.64, -34.56 ], [ -58.64, -34.56 ], [ -58.64, -34.56 ], [ -58.64, -34.56 ], [ -58.64, -34.56 ], [ -58.64, -34.56 ], [ -58.64, -34.56 ], [ -58.64, -34.56 ], [ -58.64, -34.56 ], [ -58.64, -34.56 ], [ -58.64, -34.56 ], [ -58.64, -34.56 ], [ -58.64, -34.56 ], [ -58.64, -34.56 ], [ -58.64, -34.56 ], [ -58.64, -34.56 ], [ -58.64, -34.56 ], [ -58.64, -34.56 ], [ -58.64, -34.56 ], [ -58.64, -34.56 ], [ -58.64, -34.56 ], [ -58.64, -34.56 ], [ -58.64, -34.56 ], [ -58.64, -34.56 ], [ -58.64, -34.56 ], [ -58.64, -34.56 ], [ -58.64, -34.56 ], [ -58.64, -34.56 ], [ -58.64, -34.56 ], [ -58.64, -34.56 ], [ -58.64, -34.56 ], [ -58.64, -34.56 ], [ -58.64, -34.56 ], [ -58.64, -34.56 ], [ -58.64, -34.56 ], [ -58.64, -34.56 ], [ -58.64, -34.56 ], [ -58.64, -34.56 ], [ -58.64, -34.56 ], [ -58.64, -34.56 ], [ -58.64, -34.56 ], [ -58.64, -34.56 ], [ -58.64, -34.56 ], [ -58.64, -34.56 ], [ -58.64, -34.56 ], [ -58.64, -34.56 ], [ -58.64, -34.56 ], [ -58.64, -34.56 ], [ -58.64, -34.56 ], [ -58.64, -34.56 ], [ -58.64, -34.56 ], [ -58.64, -34.56 ], [ -58.64, -34.56 ], [ -58.64, -34.56 ], [ -58.64, -34.56 ], [ -58.64, -34.56 ], [ -58.64, -34.56 ], [ -58.64, -34.56 ], [ -58.64, -34.56 ], [ -58.64, -34.56 ], [ -58.64, -34.56 ], [ -58.64, -34.56 ], [ -58.64, -34.56 ], [ -58.64, -34.56 ], [ -58.64, -34.56 ], [ -58.64, -34.56 ], [ -58.64, -34.56 ], [ -58.64, -34.56 ], [ -58.64, -34.56 ], [ -58.64, -34.56 ], [ -58.64, -34.56 ], [ -58.64, -34.56 ], [ -58.64, -34.56 ], [ -58.64, -34.56 ], [ -58.64, -34.56 ], [ -58.64, -34.56 ], [ -58.64, -34.56 ], [ -58.64, -34.56 ], [ -58.64, -34.56 ], [ -58.64, -34.56 ], [ -58.64, -34.56 ], [ -58.64, -34.56 ], [ -58.64, -34.56 ], [ -58.64, -34.56 ], [ -58.64, -34.56 ], [ -58.64, -34.56 ], [ -58.64, -34.56 ], [ -58.64, -34.56 ], [ -58.64, -34.56 ], [ -58.64, -34.56 ], [ -58.64, -34.56 ], [ -58.64, -34.56 ], [ -58.64, -34.56 ], [ -58.64, -34.56 ], [ -58.64, -34.56 ], [ -58.64, -34.56 ], [ -58.64, -34.56 ], [ -58.64, -34.56 ], [ -58.64, -34.56 ], [ -58.64, -34.56 ], [ -58.64, -34.56 ], [ -58.64, -34.56 ], [ -58.64, -34.56 ], [ -58.64, -34.56 ], [ -58.64, -34.56 ], [ -58.64, -34.56 ], [ -58.64, -34.56 ], [ -58.64, -34.56 ], [ -58.64, -34.56 ], [ -58.64, -34.56 ], [ -58.64, -34.56 ], [ -58.64, -34.56 ], [ -58.64, -34.56 ], [ -58.64, -34.56 ], [ -58.64, -34.56 ], [ -58.64, -34.56 ], [ -58.64, -34.56 ], [ -58.64, -34.56 ], [ -58.64, -34.56 ], [ -58.64, -34.56 ], [ -58.64, -34.56 ], [ -58.64, -34.56 ], [ -58.64, -34.56 ], [ -58.64, -34.56 ], [ -58.64, -34.56 ], [ -58.64, -34.56 ], [ -58.64, -34.56 ], [ -58.64, -34.56 ], [ -58.64, -34.56 ], [ -58.64, -34.56 ], [ -58.64, -34.56 ], [ -58.64, -34.56 ], [ -58.64, -34.56 ], [ -58.64, -34.56 ], [ -58.64, -34.56 ], [ -58.64, -34.56 ], [ -58.64, -34.56 ], [ -58.64, -34.56 ], [ -58.64, -34.56 ], [ -58.64, -34.56 ], [ -58.64, -34.56 ], [ -58.64, -34.56 ], [ -58.64, -34.56 ], [ -58.64, -34.56 ], [ -58.64, -34.56 ], [ -58.64, -34.56 ], [ -58.64, -34.56 ], [ -58.64, -34.56 ], [ -58.64, -34.56 ], [ -58.64, -34.56 ], [ -58.64, -34.56 ], [ -58.64, -34.56 ], [ -58.64, -34.56 ], [ -58.64, -34.56 ], [ -58.64, -34.56 ], [ -58.64, -34.56 ], [ -58.64, -34.56 ], [ -58.64, -34.56 ], [ -58.64, -34.56 ], [ -58.64, -34.56 ], [ -58.64, -34.56 ], [ -58.64, -34.56 ], [ -58.64, -34.56 ], [ -58.64, -34.56 ], [ -58.64, -34.56 ], [ -58.64, -34.56 ], [ -58.64, -34.56 ], [ -58.64, -34.56 ], [ -58.64, -34.56 ], [ -58.64, -34.56 ], [ -58.64, -34.56 ], [ -58.64, -34.56 ], [ -58.64, -34.56 ], [ -58.64, -34.56 ], [ -58.64, -34.56 ], [ -58.64, -34.56 ], [ -58.64, -34.56 ], [ -58.64, -34.56 ], [ -58.64, -34.56 ], [ -58.64, -34.56 ], [ -58.64, -34.56 ], [ -58.64, -34.56 ], [ -58.64, -34.56 ], [ -58.64, -34.56 ], [ -58.64, -34.56 ], [ -58.64, -34.56 ], [ -58.64, -34.56 ], [ -58.64, -34.56 ], [ -58.64, -34.56 ], [ -58.64, -34.56 ], [ -58.64, -34.56 ], [ -58.64, -34.56 ], [ -58.64, -34.56 ], [ -58.64, -34.56 ], [ -58.64, -34.56 ], [ -58.64, -34.56 ], [ -58.64, -34.56 ], [ -58.64, -34.56 ], [ -58.64, -34.56 ], [ -58.64, -34.56 ], [ -58.64, -34.56 ], [ -58.64, -34.56 ], [ -58.64, -34.56 ], [ -58.64, -34.56 ], [ -58.64, -34.56 ], [ -58.64, -34.56 ], [ -58.64, -34.56 ], [ -58.64, -34.56 ], [ -58.64, -34.56 ], [ -58.64, -34.56 ], [ -58.64, -34.56 ], [ -58.64, -34.56 ], [ -58.64, -34.56 ], [ -58.64, -34.56 ], [ -58.64, -34.56 ], [ -58.64, -34.56 ], [ -58.64, -34.56 ], [ -58.64, -34.56 ], [ -58.64, -34.56 ], [ -58.64, -34.56 ], [ -58.64, -34.56 ], [ -58.64, -34.56 ], [ -58.64, -34.56 ], [ -58.64, -34.56 ], [ -58.64, -34.56 ], [ -58.64, -34.56 ], [ -58.64, -34.56 ], [ -58.64, -34.56 ], [ -58.64, -34.56 ], [ -58.64, -34.56 ], [ -58.64, -34.56 ], [ -58.64, -34.56 ], [ -58.64, -34.56 ], [ -58.64, -34.56 ], [ -58.64, -34.56 ], [ -58.64, -34.56 ], [ -58.64, -34.56 ], [ -58.64, -34.56 ], [ -58.64, -34.56 ], [ -58.64, -34.56 ], [ -58.64, -34.56 ], [ -58.64, -34.56 ], [ -58.64, -34.56 ], [ -58.64, -34.56 ], [ -58.64, -34.56 ], [ -58.64, -34.56 ], [ -58.64, -34.56 ], [ -58.64, -34.56 ], [ -58.64, -34.56 ], [ -58.64, -34.56 ], [ -58.64, -34.56 ], [ -58.64, -34.56 ], [ -58.64, -34.56 ], [ -58.64, -34.56 ], [ -58.64, -34.56 ], [ -58.64, -34.56 ], [ -58.64, -34.56 ], [ -58.64, -34.56 ], [ -58.64, -34.56 ], [ -58.64, -34.56 ], [ -58.64, -34.56 ], [ -58.64, -34.56 ], [ -58.64, -34.56 ], [ -58.64, -34.56 ], [ -58.64, -34.56 ], [ -58.64, -34.56 ], [ -58.64, -34.56 ], [ -58.64, -34.56 ], [ -58.64, -34.56 ], [ -58.64, -34.56 ], [ -58.64, -34.56 ], [ -58.64, -34.56 ], [ -58.64, -34.56 ], [ -58.64, -34.56 ], [ -58.64, -34.56 ], [ -58.64, -34.56 ], [ -58.64, -34.56 ], [ -58.64, -34.56 ], [ -58.64, -34.56 ], [ -58.64, -34.56 ], [ -58.64, -34.56 ], [ -58.64, -34.56 ], [ -58.64, -34.56 ], [ -58.64, -34.56 ], [ -58.64, -34.56 ], [ -58.64, -34.56 ], [ -58.64, -34.56 ], [ -58.64, -34.56 ], [ -58.64, -34.56 ], [ -58.64, -34.56 ], [ -58.64, -34.56 ], [ -58.64, -34.56 ], [ -58.64, -34.56 ], [ -58.64, -34.56 ], [ -58.64, -34.56 ], [ -58.64, -34.56 ], [ -58.64, -34.56 ], [ -58.64, -34.56 ], [ -58.64, -34.56 ], [ -58.64, -34.56 ], [ -58.64, -34.56 ], [ -58.64, -34.56 ], [ -58.64, -34.56 ], [ -58.64, -34.56 ], [ -58.64, -34.56 ], [ -58.64, -34.56 ], [ -58.64, -34.56 ], [ -58.64, -34.56 ], [ -58.64, -34.56 ], [ -58.64, -34.56 ], [ -58.64, -34.56 ], [ -58.64, -34.56 ], [ -58.64, -34.56 ], [ -58.64, -34.56 ], [ -58.64, -34.56 ], [ -58.64, -34.56 ], [ -58.64, -34.56 ], [ -58.64, -34.56 ], [ -58.64, -34.56 ], [ -58.64, -34.56 ], [ -58.64, -34.56 ], [ -58.64, -34.56 ], [ -58.64, -34.56 ], [ -58.64, -34.56 ], [ -58.64, -34.56 ], [ -58.64, -34.56 ], [ -58.64, -34.56 ], [ -58.64, -34.56 ], [ -58.64, -34.56 ], [ -58.64, -34.56 ], [ -58.64, -34.56 ], [ -58.64, -34.56 ], [ -58.64, -34.56 ], [ -58.64, -34.56 ], [ -58.64, -34.56 ], [ -58.64, -34.56 ], [ -58.64, -34.56 ], [ -58.64, -34.56 ], [ -58.64, -34.56 ], [ -58.64, -34.56 ], [ -58.64, -34.56 ], [ -58.64, -34.56 ], [ -58.64, -34.56 ], [ -58.64, -34.56 ], [ -58.64, -34.56 ], [ -58.64, -34.56 ], [ -58.64, -34.56 ], [ -58.64, -34.56 ], [ -58.64, -34.56 ], [ -58.64, -34.56 ], [ -58.64, -34.56 ], [ -58.64, -34.56 ], [ -58.64, -34.56 ], [ -58.64, -34.56 ], [ -58.64, -34.56 ], [ -58.64, -34.56 ], [ -58.64, -34.56 ], [ -58.64, -34.56 ], [ -58.64, -34.56 ], [ -58.64, -34.56 ], [ -58.64, -34.56 ], [ -58.64, -34.56 ], [ -58.64, -34.56 ], [ -58.64, -34.56 ], [ -58.64, -34.56 ], [ -58.64, -34.56 ], [ -58.64, -34.56 ], [ -58.64, -34.56 ], [ -58.64, -34.56 ], [ -58.64, -34.56 ], [ -58.64, -34.56 ], [ -58.64, -34.56 ], [ -58.64, -34.56 ], [ -58.64, -34.56 ], [ -58.64, -34.56 ], [ -58.64, -34.56 ], [ -58.64, -34.56 ], [ -58.64, -34.56 ], [ -58.64, -34.56 ], [ -58.64, -34.56 ], [ -58.64, -34.56 ], [ -58.64, -34.56 ], [ -58.64, -34.56 ], [ -58.64, -34.56 ], [ -58.64, -34.56 ], [ -58.64, -34.56 ], [ -58.64, -34.56 ], [ -58.64, -34.56 ], [ -58.64, -34.56 ], [ -58.64, -34.56 ], [ -58.64, -34.56 ], [ -58.64, -34.56 ], [ -58.64, -34.56 ], [ -58.64, -34.56 ], [ -58.64, -34.56 ], [ -58.64, -34.56 ], [ -58.64, -34.56 ], [ -58.64, -34.56 ], [ -58.64, -34.56 ], [ -58.64, -34.56 ], [ -58.64, -34.56 ], [ -58.64, -34.56 ], [ -58.64, -34.56 ], [ -58.64, -34.56 ], [ -58.64, -34.56 ], [ -58.64, -34.56 ], [ -58.64, -34.56 ], [ -58.64, -34.56 ], [ -58.64, -34.56 ], [ -58.64, -34.56 ], [ -58.64, -34.56 ], [ -58.64, -34.56 ], [ -58.64, -34.56 ], [ -58.64, -34.56 ], [ -58.64, -34.56 ], [ -58.64, -34.56 ], [ -58.64, -34.56 ], [ -58.64, -34.56 ], [ -58.64, -34.56 ], [ -58.64, -34.56 ], [ -58.64, -34.56 ], [ -58.64, -34.56 ], [ -58.64, -34.56 ], [ -58.64, -34.56 ], [ -58.64, -34.56 ], [ -58.64, -34.56 ], [ -58.64, -34.56 ], [ -58.64, -34.56 ], [ -58.64, -34.56 ], [ -58.64, -34.56 ], [ -58.64, -34.56 ], [ -58.64, -34.56 ], [ -58.64, -34.56 ], [ -58.64, -34.56 ], [ -58.64, -34.56 ], [ -58.64, -34.56 ], [ -58.64, -34.56 ], [ -58.64, -34.56 ], [ -58.64, -34.56 ], [ -58.64, -34.56 ], [ -58.64, -34.56 ], [ -58.64, -34.56 ], [ -58.64, -34.56 ], [ -58.64, -34.56 ], [ -58.64, -34.56 ], [ -58.64, -34.56 ], [ -58.64, -34.56 ], [ -58.64, -34.56 ], [ -58.64, -34.56 ], [ -58.64, -34.56 ], [ -58.64, -34.56 ], [ -58.64, -34.56 ], [ -58.64, -34.56 ], [ -58.64, -34.56 ], [ -58.64, -34.56 ], [ -58.64, -34.56 ], [ -58.64, -34.56 ], [ -58.64, -34.56 ], [ -58.64, -34.56 ], [ -58.64, -34.56 ], [ -58.64, -34.56 ], [ -58.64, -34.56 ], [ -58.64, -34.56 ], [ -58.64, -34.56 ], [ -58.64, -34.56 ], [ -58.64, -34.56 ], [ -58.64, -34.56 ], [ -58.64, -34.56 ], [ -58.64, -34.56 ], [ -58.64, -34.56 ], [ -58.64, -34.56 ], [ -58.64, -34.56 ], [ -58.64, -34.56 ], [ -58.64, -34.56 ], [ -58.64, -34.56 ], [ -58.64, -34.56 ], [ -58.64, -34.56 ], [ -58.64, -34.56 ], [ -58.64, -34.56 ], [ -58.64, -34.56 ], [ -58.64, -34.56 ], [ -58.64, -34.56 ], [ -58.64, -34.56 ], [ -58.64, -34.56 ], [ -58.64, -34.56 ], [ -58.64, -34.56 ], [ -58.64, -34.56 ], [ -58.64, -34.56 ], [ -58.64, -34.56 ], [ -58.64, -34.56 ], [ -58.64, -34.56 ], [ -58.64, -34.56 ], [ -58.64, -34.56 ], [ -58.64, -34.56 ], [ -58.64, -34.56 ], [ -58.64, -34.56 ], [ -58.64, -34.56 ], [ -58.64, -34.56 ], [ -58.64, -34.56 ], [ -58.64, -34.56 ], [ -58.64, -34.56 ], [ -58.64, -34.56 ], [ -58.64, -34.56 ], [ -58.64, -34.56 ], [ -58.64, -34.56 ], [ -58.64, -34.56 ], [ -58.64, -34.56 ], [ -58.64, -34.56 ], [ -58.64, -34.56 ], [ -58.64, -34.56 ], [ -58.64, -34.56 ], [ -58.64, -34.56 ], [ -58.64, -34.56 ], [ -58.64, -34.56 ], [ -58.64, -34.56 ], [ -58.64, -34.56 ], [ -58.64, -34.56 ], [ -58.64, -34.56 ], [ -58.64, -34.56 ], [ -58.64, -34.56 ], [ -58.64, -34.56 ], [ -58.64, -34.56 ], [ -58.64, -34.56 ], [ -58.64, -34.56 ], [ -58.64, -34.56 ], [ -58.64, -34.56 ], [ -58.64, -34.56 ], [ -58.64, -34.56 ], [ -58.64, -34.56 ], [ -58.64, -34.56 ], [ -58.64, -34.56 ], [ -58.64, -34.56 ], [ -58.64, -34.56 ], [ -58.64, -34.56 ], [ -58.64, -34.56 ], [ -58.64, -34.56 ], [ -58.64, -34.56 ], [ -58.64, -34.56 ], [ -58.64, -34.56 ], [ -58.64, -34.56 ], [ -58.64, -34.56 ], [ -58.64, -34.56 ], [ -58.64, -34.56 ], [ -58.64, -34.56 ], [ -58.64, -34.56 ], [ -58.64, -34.56 ], [ -58.64, -34.56 ], [ -58.64, -34.56 ], [ -58.64, -34.56 ], [ -58.64, -34.56 ], [ -58.64, -34.56 ], [ -58.64, -34.56 ], [ -58.64, -34.56 ], [ -58.64, -34.56 ], [ -58.64, -34.56 ], [ -58.64, -34.56 ], [ -58.64, -34.56 ], [ -58.64, -34.56 ], [ -58.64, -34.56 ], [ -58.64, -34.56 ], [ -58.64, -34.56 ], [ -58.64, -34.56 ], [ -58.64, -34.56 ], [ -58.64, -34.56 ], [ -58.64, -34.56 ], [ -58.64, -34.56 ], [ -58.64, -34.56 ], [ -58.64, -34.56 ], [ -58.64, -34.56 ], [ -58.64, -34.56 ], [ -58.64, -34.56 ], [ -58.64, -34.56 ], [ -58.64, -34.56 ], [ -58.64, -34.56 ], [ -58.64, -34.56 ], [ -58.64, -34.56 ], [ -58.64, -34.56 ], [ -58.64, -34.56 ], [ -58.64, -34.56 ], [ -58.64, -34.56 ], [ -58.64, -34.56 ], [ -58.64, -34.56 ], [ -58.64, -34.56 ], [ -58.64, -34.56 ], [ -58.64, -34.56 ], [ -58.64, -34.56 ], [ -58.64, -34.56 ], [ -58.64, -34.56 ], [ -58.64, -34.56 ], [ -58.64, -34.56 ], [ -58.64, -34.56 ], [ -58.64, -34.56 ], [ -58.64, -34.56 ], [ -58.64, -34.56 ], [ -58.64, -34.56 ], [ -58.64, -34.56 ], [ -58.64, -34.56 ], [ -58.64, -34.56 ], [ -58.64, -34.56 ], [ -58.64, -34.56 ], [ -58.64, -34.56 ], [ -58.64, -34.56 ], [ -58.64, -34.56 ], [ -58.64, -34.56 ], [ -58.64, -34.56 ], [ -58.64, -34.56 ], [ -58.64, -34.56 ], [ -58.64, -34.56 ], [ -58.64, -34.56 ], [ -58.64, -34.56 ], [ -58.64, -34.56 ], [ -58.64, -34.56 ], [ -58.64, -34.56 ], [ -58.64, -34.56 ], [ -58.64, -34.56 ], [ -58.64, -34.56 ], [ -58.64, -34.56 ], [ -58.64, -34.56 ], [ -58.64, -34.56 ], [ -58.64, -34.56 ], [ -58.64, -34.56 ], [ -58.64, -34.56 ], [ -58.64, -34.56 ], [ -58.64, -34.56 ], [ -58.64, -34.56 ], [ -58.64, -34.56 ], [ -58.64, -34.56 ], [ -58.64, -34.56 ], [ -58.64, -34.56 ], [ -58.64, -34.56 ], [ -58.64, -34.56 ], [ -58.64, -34.56 ], [ -58.64, -34.56 ], [ -58.64, -34.56 ], [ -58.64, -34.56 ], [ -58.64, -34.56 ], [ -58.64, -34.56 ], [ -58.64, -34.56 ], [ -58.64, -34.56 ], [ -58.64, -34.56 ], [ -58.64, -34.56 ], [ -58.64, -34.56 ], [ -58.64, -34.56 ], [ -58.64, -34.56 ], [ -58.64, -34.56 ], [ -58.64, -34.56 ], [ -58.64, -34.56 ], [ -58.64, -34.56 ], [ -58.64, -34.56 ], [ -58.64, -34.56 ], [ -58.64, -34.56 ], [ -58.64, -34.56 ], [ -58.64, -34.56 ], [ -58.64, -34.56 ], [ -58.64, -34.56 ], [ -58.64, -34.56 ], [ -58.64, -34.56 ], [ -58.64, -34.56 ], [ -58.64, -34.56 ], [ -58.64, -34.56 ], [ -58.64, -34.56 ], [ -58.64, -34.56 ], [ -58.64, -34.56 ], [ -58.64, -34.56 ], [ -58.64, -34.56 ], [ -58.64, -34.56 ], [ -58.64, -34.56 ], [ -58.64, -34.56 ], [ -58.64, -34.56 ], [ -58.64, -34.56 ], [ -58.64, -34.56 ], [ -58.64, -34.56 ], [ -58.64, -34.56 ], [ -58.64, -34.56 ], [ -58.64, -34.56 ], [ -58.64, -34.56 ], [ -58.64, -34.56 ], [ -58.64, -34.56 ], [ -58.64, -34.56 ], [ -58.64, -34.56 ], [ -58.64, -34.56 ], [ -58.64, -34.56 ], [ -58.64, -34.56 ], [ -58.64, -34.56 ], [ -58.64, -34.56 ], [ -58.64, -34.56 ], [ -58.64, -34.56 ], [ -58.64, -34.56 ], [ -58.64, -34.56 ], [ -58.64, -34.56 ], [ -58.64, -34.56 ], [ -58.64, -34.56 ], [ -58.64, -34.56 ], [ -58.64, -34.56 ], [ -58.64, -34.56 ], [ -58.64, -34.56 ], [ -58.64, -34.56 ], [ -58.64, -34.56 ], [ -58.64, -34.56 ], [ -58.64, -34.56 ], [ -58.64, -34.56 ], [ -58.64, -34.56 ], [ -58.64, -34.56 ], [ -58.64, -34.56 ], [ -58.64, -34.56 ], [ -58.64, -34.56 ], [ -58.64, -34.56 ], [ -58.64, -34.56 ], [ -58.64, -34.56 ], [ -58.64, -34.55 ], [ -58.64, -34.55 ], [ -58.64, -34.55 ], [ -58.64, -34.55 ], [ -58.64, -34.55 ], [ -58.64, -34.55 ], [ -58.64, -34.55 ], [ -58.64, -34.55 ], [ -58.64, -34.55 ], [ -58.64, -34.55 ], [ -58.64, -34.55 ], [ -58.64, -34.55 ], [ -58.64, -34.55 ], [ -58.64, -34.55 ], [ -58.64, -34.55 ], [ -58.64, -34.55 ], [ -58.64, -34.55 ], [ -58.64, -34.55 ], [ -58.64, -34.55 ], [ -58.64, -34.55 ], [ -58.64, -34.55 ], [ -58.64, -34.55 ], [ -58.64, -34.55 ], [ -58.64, -34.55 ], [ -58.64, -34.55 ], [ -58.64, -34.55 ], [ -58.64, -34.55 ], [ -58.64, -34.55 ], [ -58.64, -34.55 ], [ -58.64, -34.55 ], [ -58.64, -34.55 ], [ -58.64, -34.55 ], [ -58.64, -34.55 ], [ -58.64, -34.55 ], [ -58.64, -34.55 ], [ -58.64, -34.55 ], [ -58.64, -34.55 ], [ -58.64, -34.55 ], [ -58.64, -34.55 ], [ -58.64, -34.55 ], [ -58.64, -34.55 ], [ -58.64, -34.55 ], [ -58.64, -34.55 ], [ -58.64, -34.55 ], [ -58.64, -34.55 ], [ -58.64, -34.55 ], [ -58.64, -34.55 ], [ -58.64, -34.55 ], [ -58.64, -34.55 ], [ -58.64, -34.55 ], [ -58.64, -34.55 ], [ -58.64, -34.55 ], [ -58.64, -34.55 ], [ -58.64, -34.55 ], [ -58.64, -34.55 ], [ -58.64, -34.55 ], [ -58.64, -34.55 ], [ -58.64, -34.55 ], [ -58.64, -34.55 ], [ -58.64, -34.55 ], [ -58.64, -34.55 ], [ -58.64, -34.55 ], [ -58.64, -34.55 ], [ -58.64, -34.55 ], [ -58.64, -34.55 ], [ -58.64, -34.55 ], [ -58.64, -34.55 ], [ -58.64, -34.55 ], [ -58.64, -34.55 ], [ -58.64, -34.55 ], [ -58.64, -34.55 ], [ -58.64, -34.55 ], [ -58.64, -34.55 ], [ -58.64, -34.55 ], [ -58.64, -34.55 ], [ -58.64, -34.55 ], [ -58.64, -34.55 ], [ -58.64, -34.55 ], [ -58.64, -34.55 ], [ -58.64, -34.55 ], [ -58.64, -34.55 ], [ -58.64, -34.55 ], [ -58.64, -34.55 ], [ -58.64, -34.55 ], [ -58.64, -34.55 ], [ -58.64, -34.55 ], [ -58.64, -34.55 ], [ -58.64, -34.55 ], [ -58.64, -34.55 ], [ -58.64, -34.55 ], [ -58.64, -34.55 ], [ -58.64, -34.55 ], [ -58.64, -34.55 ], [ -58.64, -34.55 ], [ -58.64, -34.55 ], [ -58.64, -34.55 ], [ -58.64, -34.55 ], [ -58.64, -34.55 ], [ -58.64, -34.55 ], [ -58.64, -34.55 ], [ -58.64, -34.55 ], [ -58.64, -34.55 ], [ -58.64, -34.55 ], [ -58.64, -34.55 ], [ -58.64, -34.55 ], [ -58.64, -34.55 ], [ -58.64, -34.55 ], [ -58.64, -34.55 ], [ -58.64, -34.55 ], [ -58.64, -34.55 ], [ -58.64, -34.55 ], [ -58.64, -34.55 ], [ -58.64, -34.55 ], [ -58.64, -34.55 ], [ -58.64, -34.55 ], [ -58.64, -34.55 ], [ -58.64, -34.55 ], [ -58.64, -34.55 ], [ -58.64, -34.55 ], [ -58.64, -34.55 ], [ -58.64, -34.55 ], [ -58.64, -34.55 ], [ -58.64, -34.55 ], [ -58.64, -34.55 ], [ -58.64, -34.55 ], [ -58.64, -34.55 ], [ -58.64, -34.55 ], [ -58.64, -34.55 ], [ -58.64, -34.55 ], [ -58.64, -34.55 ], [ -58.64, -34.55 ], [ -58.64, -34.55 ], [ -58.64, -34.55 ], [ -58.64, -34.55 ], [ -58.64, -34.55 ], [ -58.64, -34.55 ], [ -58.64, -34.55 ], [ -58.64, -34.55 ], [ -58.64, -34.55 ], [ -58.64, -34.55 ], [ -58.64, -34.55 ], [ -58.64, -34.55 ], [ -58.64, -34.55 ], [ -58.64, -34.55 ], [ -58.64, -34.55 ], [ -58.64, -34.55 ], [ -58.64, -34.55 ], [ -58.64, -34.55 ], [ -58.64, -34.55 ], [ -58.64, -34.55 ], [ -58.64, -34.55 ], [ -58.64, -34.55 ], [ -58.64, -34.55 ], [ -58.64, -34.55 ], [ -58.64, -34.55 ], [ -58.64, -34.55 ], [ -58.64, -34.55 ], [ -58.64, -34.55 ], [ -58.64, -34.55 ], [ -58.64, -34.55 ], [ -58.64, -34.55 ], [ -58.64, -34.55 ], [ -58.64, -34.55 ], [ -58.64, -34.55 ], [ -58.64, -34.55 ], [ -58.64, -34.55 ], [ -58.64, -34.55 ], [ -58.64, -34.55 ], [ -58.64, -34.55 ], [ -58.64, -34.55 ], [ -58.64, -34.55 ], [ -58.64, -34.55 ], [ -58.64, -34.55 ], [ -58.64, -34.55 ], [ -58.63, -34.55 ], [ -58.63, -34.55 ], [ -58.63, -34.55 ], [ -58.63, -34.55 ], [ -58.63, -34.55 ], [ -58.63, -34.55 ], [ -58.63, -34.55 ], [ -58.63, -34.55 ], [ -58.63, -34.55 ], [ -58.63, -34.55 ], [ -58.63, -34.55 ], [ -58.63, -34.55 ], [ -58.63, -34.55 ], [ -58.63, -34.55 ], [ -58.63, -34.55 ], [ -58.63, -34.55 ], [ -58.63, -34.55 ], [ -58.63, -34.55 ], [ -58.63, -34.55 ], [ -58.63, -34.55 ], [ -58.63, -34.55 ], [ -58.63, -34.55 ], [ -58.63, -34.55 ], [ -58.63, -34.55 ], [ -58.63, -34.55 ], [ -58.63, -34.55 ], [ -58.63, -34.55 ], [ -58.63, -34.55 ], [ -58.63, -34.55 ], [ -58.63, -34.55 ], [ -58.63, -34.55 ], [ -58.63, -34.55 ], [ -58.63, -34.55 ], [ -58.63, -34.55 ], [ -58.63, -34.55 ], [ -58.63, -34.55 ], [ -58.63, -34.55 ], [ -58.63, -34.55 ], [ -58.63, -34.55 ], [ -58.63, -34.55 ], [ -58.63, -34.55 ], [ -58.63, -34.55 ], [ -58.63, -34.55 ], [ -58.63, -34.55 ], [ -58.63, -34.55 ], [ -58.63, -34.55 ], [ -58.63, -34.55 ], [ -58.63, -34.55 ], [ -58.63, -34.55 ], [ -58.63, -34.55 ], [ -58.63, -34.55 ], [ -58.63, -34.55 ], [ -58.63, -34.55 ], [ -58.63, -34.55 ], [ -58.63, -34.55 ], [ -58.63, -34.55 ], [ -58.63, -34.55 ], [ -58.63, -34.55 ], [ -58.63, -34.55 ], [ -58.63, -34.55 ], [ -58.63, -34.55 ], [ -58.63, -34.55 ], [ -58.63, -34.55 ], [ -58.63, -34.55 ], [ -58.63, -34.55 ], [ -58.63, -34.55 ], [ -58.63, -34.55 ], [ -58.63, -34.55 ], [ -58.63, -34.55 ], [ -58.63, -34.55 ], [ -58.63, -34.55 ], [ -58.63, -34.55 ], [ -58.63, -34.55 ], [ -58.63, -34.55 ], [ -58.63, -34.55 ], [ -58.63, -34.55 ], [ -58.63, -34.55 ], [ -58.63, -34.55 ], [ -58.63, -34.55 ], [ -58.63, -34.55 ], [ -58.63, -34.55 ], [ -58.63, -34.55 ], [ -58.63, -34.55 ], [ -58.63, -34.55 ], [ -58.63, -34.55 ], [ -58.63, -34.55 ], [ -58.63, -34.55 ], [ -58.63, -34.55 ], [ -58.63, -34.55 ], [ -58.63, -34.55 ], [ -58.63, -34.55 ], [ -58.63, -34.55 ], [ -58.63, -34.55 ], [ -58.63, -34.55 ], [ -58.63, -34.55 ], [ -58.63, -34.55 ], [ -58.63, -34.55 ], [ -58.63, -34.55 ], [ -58.63, -34.55 ], [ -58.63, -34.55 ], [ -58.63, -34.55 ], [ -58.63, -34.55 ], [ -58.63, -34.55 ], [ -58.63, -34.55 ], [ -58.63, -34.55 ], [ -58.63, -34.55 ], [ -58.63, -34.55 ], [ -58.63, -34.55 ], [ -58.63, -34.55 ], [ -58.63, -34.55 ], [ -58.63, -34.55 ], [ -58.63, -34.55 ], [ -58.63, -34.55 ], [ -58.63, -34.55 ], [ -58.63, -34.55 ], [ -58.63, -34.55 ], [ -58.63, -34.55 ], [ -58.63, -34.55 ], [ -58.63, -34.55 ], [ -58.63, -34.55 ], [ -58.63, -34.55 ], [ -58.63, -34.55 ], [ -58.63, -34.55 ], [ -58.63, -34.55 ], [ -58.63, -34.55 ], [ -58.63, -34.55 ], [ -58.63, -34.55 ], [ -58.63, -34.55 ], [ -58.63, -34.55 ], [ -58.63, -34.55 ], [ -58.63, -34.55 ], [ -58.63, -34.55 ], [ -58.63, -34.55 ], [ -58.63, -34.55 ], [ -58.63, -34.55 ], [ -58.63, -34.55 ], [ -58.63, -34.55 ], [ -58.63, -34.55 ], [ -58.63, -34.55 ], [ -58.63, -34.55 ], [ -58.63, -34.55 ], [ -58.63, -34.55 ], [ -58.63, -34.55 ], [ -58.63, -34.55 ], [ -58.63, -34.55 ], [ -58.63, -34.55 ], [ -58.63, -34.55 ], [ -58.63, -34.55 ], [ -58.63, -34.55 ], [ -58.63, -34.55 ], [ -58.63, -34.55 ], [ -58.63, -34.55 ], [ -58.63, -34.55 ], [ -58.63, -34.55 ], [ -58.63, -34.55 ], [ -58.63, -34.55 ], [ -58.63, -34.55 ], [ -58.63, -34.55 ], [ -58.63, -34.55 ], [ -58.63, -34.55 ], [ -58.63, -34.55 ], [ -58.63, -34.55 ], [ -58.63, -34.55 ], [ -58.63, -34.55 ], [ -58.63, -34.55 ], [ -58.63, -34.55 ], [ -58.63, -34.55 ], [ -58.63, -34.55 ], [ -58.63, -34.55 ], [ -58.63, -34.55 ], [ -58.63, -34.55 ], [ -58.63, -34.55 ], [ -58.63, -34.55 ], [ -58.63, -34.55 ], [ -58.63, -34.55 ], [ -58.63, -34.55 ], [ -58.63, -34.55 ], [ -58.63, -34.55 ], [ -58.63, -34.55 ], [ -58.63, -34.55 ], [ -58.63, -34.55 ], [ -58.63, -34.55 ], [ -58.63, -34.55 ], [ -58.63, -34.55 ], [ -58.63, -34.55 ], [ -58.63, -34.55 ], [ -58.63, -34.55 ], [ -58.63, -34.55 ], [ -58.63, -34.55 ], [ -58.63, -34.55 ], [ -58.63, -34.55 ], [ -58.63, -34.55 ], [ -58.63, -34.55 ], [ -58.63, -34.55 ], [ -58.63, -34.55 ], [ -58.63, -34.55 ], [ -58.63, -34.55 ], [ -58.63, -34.55 ], [ -58.63, -34.55 ], [ -58.63, -34.55 ], [ -58.63, -34.55 ], [ -58.63, -34.55 ], [ -58.63, -34.55 ], [ -58.63, -34.55 ], [ -58.63, -34.55 ], [ -58.63, -34.55 ], [ -58.63, -34.55 ], [ -58.63, -34.55 ], [ -58.63, -34.55 ], [ -58.63, -34.55 ], [ -58.63, -34.55 ], [ -58.63, -34.55 ], [ -58.63, -34.55 ], [ -58.63, -34.55 ], [ -58.63, -34.55 ], [ -58.63, -34.55 ], [ -58.63, -34.55 ], [ -58.63, -34.55 ], [ -58.63, -34.55 ], [ -58.63, -34.55 ], [ -58.63, -34.55 ], [ -58.63, -34.55 ], [ -58.63, -34.55 ], [ -58.63, -34.55 ], [ -58.63, -34.55 ], [ -58.63, -34.55 ], [ -58.63, -34.55 ], [ -58.63, -34.55 ], [ -58.63, -34.55 ], [ -58.63, -34.55 ], [ -58.63, -34.55 ], [ -58.63, -34.55 ], [ -58.63, -34.55 ], [ -58.63, -34.55 ], [ -58.63, -34.55 ], [ -58.63, -34.55 ], [ -58.63, -34.55 ], [ -58.63, -34.55 ], [ -58.63, -34.55 ], [ -58.63, -34.55 ], [ -58.63, -34.55 ], [ -58.63, -34.55 ], [ -58.63, -34.55 ], [ -58.63, -34.55 ], [ -58.63, -34.55 ], [ -58.63, -34.55 ], [ -58.63, -34.55 ], [ -58.63, -34.55 ], [ -58.63, -34.55 ], [ -58.63, -34.55 ], [ -58.63, -34.55 ], [ -58.63, -34.55 ], [ -58.63, -34.55 ], [ -58.63, -34.55 ], [ -58.63, -34.55 ], [ -58.63, -34.55 ], [ -58.63, -34.55 ], [ -58.63, -34.55 ], [ -58.63, -34.55 ], [ -58.63, -34.55 ], [ -58.63, -34.55 ], [ -58.63, -34.55 ], [ -58.63, -34.55 ], [ -58.63, -34.55 ], [ -58.63, -34.55 ], [ -58.63, -34.55 ], [ -58.63, -34.55 ], [ -58.63, -34.55 ], [ -58.63, -34.55 ], [ -58.63, -34.55 ], [ -58.63, -34.55 ], [ -58.63, -34.55 ], [ -58.63, -34.55 ], [ -58.63, -34.55 ], [ -58.63, -34.55 ], [ -58.63, -34.55 ], [ -58.63, -34.55 ], [ -58.63, -34.55 ], [ -58.63, -34.55 ], [ -58.63, -34.55 ], [ -58.63, -34.55 ], [ -58.63, -34.55 ], [ -58.63, -34.55 ], [ -58.63, -34.55 ], [ -58.63, -34.55 ], [ -58.63, -34.55 ], [ -58.63, -34.55 ], [ -58.63, -34.55 ], [ -58.63, -34.55 ], [ -58.63, -34.55 ], [ -58.63, -34.55 ], [ -58.63, -34.55 ], [ -58.63, -34.55 ], [ -58.63, -34.55 ], [ -58.63, -34.55 ], [ -58.63, -34.55 ], [ -58.63, -34.55 ], [ -58.63, -34.55 ], [ -58.63, -34.55 ], [ -58.63, -34.55 ], [ -58.63, -34.55 ], [ -58.63, -34.55 ], [ -58.63, -34.55 ], [ -58.63, -34.55 ], [ -58.63, -34.55 ], [ -58.63, -34.55 ], [ -58.63, -34.55 ], [ -58.63, -34.55 ], [ -58.63, -34.55 ], [ -58.63, -34.55 ], [ -58.63, -34.55 ], [ -58.63, -34.55 ], [ -58.63, -34.55 ], [ -58.63, -34.55 ], [ -58.63, -34.55 ], [ -58.63, -34.55 ], [ -58.63, -34.55 ], [ -58.63, -34.55 ], [ -58.63, -34.55 ], [ -58.63, -34.55 ], [ -58.63, -34.55 ], [ -58.63, -34.55 ], [ -58.63, -34.55 ], [ -58.63, -34.55 ], [ -58.63, -34.55 ], [ -58.63, -34.55 ], [ -58.63, -34.55 ], [ -58.63, -34.55 ], [ -58.63, -34.55 ], [ -58.63, -34.55 ], [ -58.63, -34.55 ], [ -58.63, -34.55 ], [ -58.63, -34.55 ], [ -58.63, -34.55 ], [ -58.63, -34.55 ], [ -58.63, -34.55 ], [ -58.63, -34.55 ], [ -58.63, -34.55 ], [ -58.63, -34.55 ], [ -58.63, -34.55 ], [ -58.63, -34.55 ], [ -58.63, -34.55 ], [ -58.63, -34.55 ], [ -58.63, -34.55 ], [ -58.63, -34.55 ], [ -58.63, -34.55 ], [ -58.63, -34.55 ], [ -58.63, -34.55 ], [ -58.63, -34.55 ], [ -58.63, -34.55 ], [ -58.63, -34.55 ], [ -58.63, -34.55 ], [ -58.63, -34.55 ], [ -58.63, -34.55 ], [ -58.63, -34.55 ], [ -58.63, -34.55 ], [ -58.63, -34.55 ], [ -58.63, -34.55 ], [ -58.63, -34.55 ], [ -58.63, -34.55 ], [ -58.63, -34.55 ], [ -58.63, -34.55 ], [ -58.63, -34.55 ], [ -58.63, -34.55 ], [ -58.63, -34.55 ], [ -58.63, -34.55 ], [ -58.63, -34.55 ], [ -58.63, -34.55 ], [ -58.63, -34.55 ], [ -58.63, -34.55 ], [ -58.63, -34.55 ], [ -58.63, -34.55 ], [ -58.63, -34.55 ], [ -58.63, -34.55 ], [ -58.63, -34.55 ], [ -58.63, -34.55 ], [ -58.63, -34.55 ], [ -58.63, -34.55 ], [ -58.63, -34.55 ], [ -58.63, -34.55 ], [ -58.63, -34.55 ], [ -58.63, -34.55 ], [ -58.63, -34.55 ], [ -58.63, -34.55 ], [ -58.63, -34.55 ], [ -58.63, -34.55 ], [ -58.63, -34.55 ], [ -58.63, -34.55 ], [ -58.63, -34.55 ], [ -58.63, -34.55 ], [ -58.63, -34.55 ], [ -58.63, -34.55 ], [ -58.63, -34.55 ], [ -58.63, -34.55 ], [ -58.63, -34.55 ], [ -58.63, -34.55 ], [ -58.63, -34.55 ], [ -58.63, -34.55 ], [ -58.63, -34.55 ], [ -58.63, -34.55 ], [ -58.63, -34.55 ], [ -58.63, -34.55 ], [ -58.63, -34.55 ], [ -58.63, -34.55 ], [ -58.63, -34.55 ], [ -58.63, -34.55 ], [ -58.63, -34.55 ], [ -58.63, -34.55 ], [ -58.63, -34.55 ], [ -58.63, -34.55 ], [ -58.63, -34.55 ], [ -58.63, -34.55 ], [ -58.63, -34.55 ], [ -58.63, -34.55 ], [ -58.63, -34.55 ], [ -58.63, -34.55 ], [ -58.63, -34.55 ], [ -58.63, -34.55 ], [ -58.63, -34.55 ], [ -58.63, -34.55 ], [ -58.63, -34.55 ], [ -58.63, -34.55 ], [ -58.63, -34.55 ], [ -58.63, -34.55 ], [ -58.63, -34.55 ], [ -58.63, -34.55 ], [ -58.63, -34.55 ], [ -58.63, -34.55 ], [ -58.63, -34.55 ], [ -58.63, -34.55 ], [ -58.63, -34.55 ], [ -58.63, -34.55 ], [ -58.63, -34.55 ], [ -58.63, -34.55 ], [ -58.63, -34.55 ], [ -58.63, -34.55 ], [ -58.63, -34.55 ], [ -58.63, -34.55 ], [ -58.63, -34.55 ], [ -58.63, -34.55 ], [ -58.63, -34.55 ], [ -58.63, -34.55 ], [ -58.63, -34.55 ], [ -58.63, -34.55 ], [ -58.63, -34.55 ], [ -58.63, -34.55 ], [ -58.63, -34.55 ], [ -58.63, -34.55 ], [ -58.63, -34.55 ], [ -58.63, -34.55 ], [ -58.63, -34.55 ], [ -58.63, -34.55 ], [ -58.63, -34.55 ], [ -58.63, -34.55 ], [ -58.63, -34.55 ], [ -58.63, -34.55 ], [ -58.63, -34.55 ], [ -58.63, -34.55 ], [ -58.63, -34.55 ], [ -58.63, -34.55 ], [ -58.63, -34.55 ], [ -58.63, -34.55 ], [ -58.63, -34.55 ], [ -58.63, -34.55 ], [ -58.63, -34.55 ], [ -58.63, -34.55 ], [ -58.63, -34.55 ], [ -58.63, -34.55 ], [ -58.63, -34.55 ], [ -58.63, -34.55 ], [ -58.63, -34.55 ], [ -58.63, -34.55 ], [ -58.63, -34.55 ], [ -58.63, -34.55 ], [ -58.63, -34.55 ], [ -58.63, -34.55 ], [ -58.63, -34.55 ], [ -58.63, -34.55 ], [ -58.63, -34.55 ], [ -58.63, -34.55 ], [ -58.63, -34.55 ], [ -58.63, -34.55 ], [ -58.63, -34.55 ], [ -58.63, -34.55 ], [ -58.63, -34.55 ], [ -58.63, -34.55 ], [ -58.63, -34.55 ], [ -58.63, -34.55 ], [ -58.63, -34.55 ], [ -58.63, -34.55 ], [ -58.63, -34.55 ], [ -58.63, -34.55 ], [ -58.63, -34.55 ], [ -58.63, -34.55 ], [ -58.63, -34.55 ], [ -58.63, -34.55 ], [ -58.63, -34.55 ], [ -58.63, -34.55 ], [ -58.63, -34.55 ], [ -58.63, -34.55 ], [ -58.63, -34.55 ], [ -58.63, -34.55 ], [ -58.63, -34.55 ], [ -58.63, -34.55 ], [ -58.63, -34.55 ], [ -58.63, -34.55 ], [ -58.63, -34.55 ], [ -58.63, -34.55 ], [ -58.63, -34.55 ], [ -58.63, -34.55 ], [ -58.63, -34.55 ], [ -58.63, -34.55 ], [ -58.63, -34.55 ], [ -58.63, -34.55 ], [ -58.63, -34.55 ], [ -58.63, -34.55 ], [ -58.63, -34.55 ], [ -58.63, -34.55 ], [ -58.63, -34.55 ], [ -58.63, -34.55 ], [ -58.63, -34.55 ], [ -58.63, -34.55 ], [ -58.63, -34.55 ], [ -58.63, -34.55 ], [ -58.63, -34.55 ], [ -58.63, -34.55 ], [ -58.63, -34.55 ], [ -58.63, -34.55 ], [ -58.63, -34.55 ], [ -58.63, -34.55 ], [ -58.63, -34.55 ], [ -58.63, -34.55 ], [ -58.63, -34.55 ], [ -58.63, -34.55 ], [ -58.63, -34.55 ], [ -58.63, -34.55 ], [ -58.63, -34.55 ], [ -58.63, -34.55 ], [ -58.63, -34.55 ], [ -58.63, -34.55 ], [ -58.63, -34.55 ], [ -58.63, -34.55 ], [ -58.63, -34.55 ], [ -58.63, -34.55 ], [ -58.63, -34.55 ], [ -58.63, -34.55 ], [ -58.63, -34.55 ], [ -58.63, -34.55 ], [ -58.63, -34.55 ], [ -58.63, -34.55 ], [ -58.63, -34.55 ], [ -58.63, -34.55 ], [ -58.63, -34.55 ], [ -58.63, -34.55 ], [ -58.63, -34.55 ], [ -58.63, -34.55 ], [ -58.63, -34.55 ], [ -58.63, -34.55 ], [ -58.63, -34.55 ], [ -58.63, -34.55 ], [ -58.63, -34.55 ], [ -58.63, -34.55 ], [ -58.63, -34.55 ], [ -58.63, -34.55 ], [ -58.63, -34.55 ], [ -58.63, -34.55 ], [ -58.63, -34.55 ], [ -58.63, -34.55 ], [ -58.63, -34.55 ], [ -58.63, -34.55 ], [ -58.63, -34.55 ], [ -58.63, -34.55 ], [ -58.63, -34.55 ], [ -58.63, -34.55 ], [ -58.63, -34.55 ], [ -58.63, -34.55 ], [ -58.63, -34.55 ], [ -58.63, -34.55 ], [ -58.63, -34.55 ], [ -58.63, -34.55 ], [ -58.63, -34.55 ], [ -58.63, -34.55 ], [ -58.63, -34.55 ], [ -58.63, -34.55 ], [ -58.63, -34.55 ], [ -58.63, -34.55 ], [ -58.63, -34.55 ], [ -58.63, -34.55 ], [ -58.63, -34.55 ], [ -58.63, -34.55 ], [ -58.63, -34.55 ], [ -58.63, -34.55 ], [ -58.63, -34.55 ], [ -58.63, -34.55 ], [ -58.63, -34.55 ], [ -58.63, -34.55 ], [ -58.63, -34.55 ], [ -58.63, -34.55 ], [ -58.63, -34.55 ], [ -58.63, -34.55 ], [ -58.63, -34.55 ], [ -58.63, -34.55 ], [ -58.63, -34.55 ], [ -58.63, -34.55 ], [ -58.63, -34.55 ], [ -58.63, -34.55 ], [ -58.63, -34.55 ], [ -58.63, -34.55 ], [ -58.63, -34.55 ], [ -58.63, -34.55 ], [ -58.63, -34.55 ], [ -58.63, -34.55 ], [ -58.63, -34.55 ], [ -58.63, -34.55 ], [ -58.63, -34.55 ], [ -58.63, -34.55 ], [ -58.63, -34.55 ], [ -58.63, -34.55 ], [ -58.63, -34.55 ], [ -58.63, -34.55 ], [ -58.63, -34.55 ], [ -58.63, -34.55 ], [ -58.63, -34.55 ], [ -58.63, -34.55 ], [ -58.63, -34.55 ], [ -58.63, -34.55 ], [ -58.63, -34.55 ], [ -58.63, -34.55 ], [ -58.63, -34.55 ], [ -58.63, -34.55 ], [ -58.63, -34.55 ], [ -58.63, -34.55 ], [ -58.63, -34.55 ], [ -58.63, -34.55 ], [ -58.63, -34.55 ], [ -58.63, -34.55 ], [ -58.63, -34.55 ], [ -58.63, -34.55 ], [ -58.63, -34.55 ], [ -58.63, -34.55 ], [ -58.63, -34.55 ], [ -58.63, -34.55 ], [ -58.63, -34.55 ], [ -58.63, -34.55 ], [ -58.63, -34.55 ], [ -58.63, -34.55 ], [ -58.63, -34.55 ], [ -58.63, -34.55 ], [ -58.63, -34.55 ], [ -58.63, -34.55 ], [ -58.63, -34.55 ], [ -58.63, -34.55 ], [ -58.63, -34.55 ], [ -58.63, -34.55 ], [ -58.63, -34.55 ], [ -58.63, -34.55 ], [ -58.63, -34.55 ], [ -58.63, -34.55 ], [ -58.63, -34.55 ], [ -58.63, -34.55 ], [ -58.63, -34.55 ], [ -58.63, -34.55 ], [ -58.63, -34.55 ], [ -58.63, -34.55 ], [ -58.63, -34.55 ], [ -58.63, -34.55 ], [ -58.63, -34.55 ], [ -58.63, -34.55 ], [ -58.63, -34.55 ], [ -58.63, -34.55 ], [ -58.63, -34.55 ], [ -58.63, -34.55 ], [ -58.63, -34.55 ], [ -58.63, -34.55 ], [ -58.63, -34.55 ], [ -58.63, -34.55 ], [ -58.63, -34.55 ], [ -58.63, -34.55 ], [ -58.63, -34.55 ], [ -58.63, -34.55 ], [ -58.63, -34.55 ], [ -58.63, -34.55 ], [ -58.63, -34.55 ], [ -58.63, -34.55 ], [ -58.63, -34.55 ], [ -58.63, -34.55 ], [ -58.63, -34.55 ], [ -58.63, -34.55 ], [ -58.63, -34.55 ], [ -58.63, -34.55 ], [ -58.63, -34.55 ], [ -58.63, -34.55 ], [ -58.63, -34.55 ], [ -58.63, -34.55 ], [ -58.63, -34.55 ], [ -58.63, -34.55 ], [ -58.63, -34.55 ], [ -58.63, -34.55 ], [ -58.63, -34.55 ], [ -58.63, -34.55 ], [ -58.63, -34.55 ], [ -58.63, -34.55 ], [ -58.63, -34.55 ], [ -58.63, -34.55 ], [ -58.63, -34.55 ], [ -58.63, -34.55 ], [ -58.63, -34.55 ], [ -58.63, -34.55 ], [ -58.63, -34.55 ], [ -58.63, -34.55 ], [ -58.63, -34.55 ], [ -58.63, -34.55 ], [ -58.63, -34.55 ], [ -58.63, -34.55 ], [ -58.63, -34.55 ], [ -58.63, -34.55 ], [ -58.63, -34.55 ], [ -58.63, -34.55 ], [ -58.63, -34.55 ], [ -58.63, -34.55 ], [ -58.63, -34.55 ], [ -58.63, -34.55 ], [ -58.63, -34.55 ], [ -58.63, -34.55 ], [ -58.63, -34.55 ], [ -58.63, -34.55 ], [ -58.63, -34.55 ], [ -58.63, -34.55 ], [ -58.63, -34.55 ], [ -58.63, -34.55 ], [ -58.63, -34.55 ], [ -58.63, -34.55 ], [ -58.63, -34.55 ], [ -58.63, -34.55 ], [ -58.63, -34.55 ], [ -58.63, -34.55 ], [ -58.63, -34.55 ], [ -58.63, -34.55 ], [ -58.63, -34.55 ], [ -58.63, -34.55 ], [ -58.63, -34.55 ], [ -58.63, -34.55 ], [ -58.63, -34.55 ], [ -58.63, -34.55 ], [ -58.63, -34.55 ], [ -58.63, -34.55 ], [ -58.63, -34.55 ], [ -58.63, -34.55 ], [ -58.63, -34.55 ], [ -58.63, -34.55 ], [ -58.63, -34.55 ], [ -58.63, -34.55 ], [ -58.63, -34.55 ], [ -58.63, -34.55 ], [ -58.63, -34.55 ], [ -58.63, -34.55 ], [ -58.63, -34.55 ], [ -58.63, -34.55 ], [ -58.63, -34.55 ], [ -58.63, -34.55 ], [ -58.63, -34.55 ], [ -58.63, -34.55 ], [ -58.63, -34.55 ], [ -58.63, -34.55 ], [ -58.63, -34.55 ], [ -58.63, -34.55 ], [ -58.63, -34.55 ], [ -58.63, -34.55 ], [ -58.63, -34.55 ], [ -58.63, -34.55 ], [ -58.63, -34.55 ], [ -58.63, -34.55 ], [ -58.63, -34.55 ], [ -58.63, -34.55 ], [ -58.63, -34.55 ], [ -58.63, -34.55 ], [ -58.63, -34.55 ], [ -58.63, -34.55 ], [ -58.63, -34.55 ], [ -58.63, -34.55 ], [ -58.63, -34.55 ], [ -58.63, -34.55 ], [ -58.63, -34.55 ], [ -58.63, -34.55 ], [ -58.63, -34.55 ], [ -58.63, -34.55 ], [ -58.63, -34.55 ], [ -58.63, -34.55 ], [ -58.63, -34.55 ], [ -58.63, -34.55 ], [ -58.63, -34.55 ], [ -58.63, -34.55 ], [ -58.63, -34.55 ], [ -58.63, -34.55 ], [ -58.63, -34.55 ], [ -58.63, -34.55 ], [ -58.63, -34.55 ], [ -58.63, -34.55 ], [ -58.63, -34.55 ], [ -58.63, -34.55 ], [ -58.63, -34.55 ], [ -58.63, -34.55 ], [ -58.63, -34.55 ], [ -58.63, -34.55 ], [ -58.63, -34.55 ], [ -58.63, -34.55 ], [ -58.63, -34.55 ], [ -58.63, -34.55 ], [ -58.63, -34.55 ], [ -58.63, -34.55 ], [ -58.63, -34.55 ], [ -58.63, -34.55 ], [ -58.63, -34.55 ], [ -58.63, -34.55 ], [ -58.63, -34.55 ], [ -58.63, -34.55 ], [ -58.63, -34.55 ], [ -58.63, -34.55 ], [ -58.63, -34.55 ], [ -58.63, -34.55 ], [ -58.63, -34.55 ], [ -58.63, -34.55 ], [ -58.63, -34.55 ], [ -58.63, -34.55 ], [ -58.63, -34.55 ], [ -58.63, -34.55 ], [ -58.63, -34.55 ], [ -58.63, -34.55 ], [ -58.63, -34.55 ], [ -58.63, -34.55 ], [ -58.63, -34.55 ], [ -58.63, -34.55 ], [ -58.63, -34.55 ], [ -58.63, -34.55 ], [ -58.63, -34.55 ], [ -58.63, -34.55 ], [ -58.63, -34.55 ], [ -58.63, -34.55 ], [ -58.63, -34.55 ], [ -58.63, -34.55 ], [ -58.63, -34.55 ], [ -58.63, -34.55 ], [ -58.63, -34.55 ], [ -58.63, -34.55 ], [ -58.63, -34.55 ], [ -58.63, -34.55 ], [ -58.63, -34.55 ], [ -58.63, -34.55 ], [ -58.63, -34.55 ], [ -58.63, -34.55 ], [ -58.63, -34.55 ], [ -58.63, -34.55 ], [ -58.63, -34.55 ], [ -58.63, -34.55 ], [ -58.63, -34.55 ], [ -58.63, -34.55 ], [ -58.63, -34.55 ], [ -58.63, -34.55 ], [ -58.63, -34.55 ], [ -58.63, -34.55 ], [ -58.63, -34.55 ], [ -58.63, -34.55 ], [ -58.63, -34.55 ], [ -58.63, -34.55 ], [ -58.63, -34.55 ], [ -58.63, -34.55 ], [ -58.63, -34.55 ], [ -58.63, -34.55 ], [ -58.63, -34.55 ], [ -58.63, -34.55 ], [ -58.63, -34.55 ], [ -58.63, -34.55 ], [ -58.63, -34.55 ], [ -58.63, -34.55 ], [ -58.63, -34.55 ], [ -58.63, -34.55 ], [ -58.63, -34.55 ], [ -58.63, -34.55 ], [ -58.63, -34.55 ], [ -58.63, -34.55 ], [ -58.63, -34.55 ], [ -58.63, -34.55 ], [ -58.63, -34.55 ], [ -58.63, -34.55 ], [ -58.63, -34.55 ], [ -58.63, -34.55 ], [ -58.63, -34.55 ], [ -58.63, -34.55 ], [ -58.63, -34.55 ], [ -58.63, -34.55 ], [ -58.63, -34.55 ], [ -58.63, -34.55 ], [ -58.63, -34.55 ], [ -58.63, -34.55 ], [ -58.63, -34.55 ], [ -58.62, -34.55 ], [ -58.62, -34.55 ], [ -58.62, -34.55 ], [ -58.62, -34.55 ], [ -58.62, -34.55 ], [ -58.62, -34.55 ], [ -58.62, -34.55 ], [ -58.62, -34.55 ], [ -58.62, -34.55 ], [ -58.62, -34.55 ], [ -58.62, -34.55 ], [ -58.62, -34.55 ], [ -58.62, -34.55 ], [ -58.62, -34.55 ], [ -58.62, -34.55 ], [ -58.62, -34.55 ], [ -58.62, -34.55 ], [ -58.62, -34.55 ], [ -58.62, -34.55 ], [ -58.62, -34.55 ], [ -58.62, -34.55 ], [ -58.62, -34.55 ], [ -58.62, -34.55 ], [ -58.62, -34.55 ], [ -58.62, -34.55 ], [ -58.62, -34.55 ], [ -58.62, -34.55 ], [ -58.62, -34.55 ], [ -58.62, -34.55 ], [ -58.62, -34.55 ], [ -58.62, -34.55 ], [ -58.62, -34.55 ], [ -58.62, -34.55 ], [ -58.62, -34.55 ], [ -58.62, -34.55 ], [ -58.62, -34.55 ], [ -58.62, -34.55 ], [ -58.62, -34.55 ], [ -58.62, -34.55 ], [ -58.62, -34.55 ], [ -58.62, -34.55 ], [ -58.62, -34.55 ], [ -58.62, -34.55 ], [ -58.62, -34.55 ], [ -58.62, -34.55 ], [ -58.62, -34.55 ], [ -58.62, -34.55 ], [ -58.62, -34.55 ], [ -58.62, -34.55 ], [ -58.62, -34.55 ], [ -58.62, -34.55 ], [ -58.62, -34.55 ], [ -58.62, -34.55 ], [ -58.62, -34.55 ], [ -58.62, -34.55 ], [ -58.62, -34.55 ], [ -58.62, -34.55 ], [ -58.62, -34.55 ], [ -58.62, -34.55 ], [ -58.62, -34.55 ], [ -58.62, -34.55 ], [ -58.62, -34.55 ], [ -58.62, -34.55 ], [ -58.62, -34.55 ], [ -58.62, -34.55 ], [ -58.62, -34.55 ], [ -58.62, -34.55 ], [ -58.62, -34.55 ], [ -58.62, -34.55 ], [ -58.62, -34.55 ], [ -58.62, -34.55 ], [ -58.62, -34.55 ], [ -58.62, -34.55 ], [ -58.62, -34.55 ], [ -58.62, -34.55 ], [ -58.62, -34.55 ], [ -58.62, -34.55 ], [ -58.62, -34.55 ], [ -58.62, -34.55 ], [ -58.62, -34.55 ], [ -58.62, -34.55 ], [ -58.62, -34.55 ], [ -58.62, -34.55 ], [ -58.62, -34.55 ], [ -58.62, -34.55 ], [ -58.62, -34.55 ], [ -58.62, -34.55 ], [ -58.62, -34.55 ], [ -58.62, -34.55 ], [ -58.62, -34.55 ], [ -58.62, -34.55 ], [ -58.62, -34.55 ], [ -58.62, -34.55 ], [ -58.62, -34.55 ], [ -58.62, -34.55 ], [ -58.62, -34.55 ], [ -58.62, -34.55 ], [ -58.62, -34.55 ], [ -58.62, -34.55 ], [ -58.62, -34.55 ], [ -58.62, -34.55 ], [ -58.62, -34.55 ], [ -58.62, -34.55 ], [ -58.62, -34.55 ], [ -58.62, -34.55 ], [ -58.62, -34.55 ], [ -58.62, -34.55 ], [ -58.62, -34.55 ], [ -58.62, -34.55 ], [ -58.62, -34.55 ], [ -58.62, -34.55 ], [ -58.62, -34.55 ], [ -58.62, -34.55 ], [ -58.62, -34.55 ], [ -58.62, -34.55 ], [ -58.62, -34.55 ], [ -58.62, -34.55 ], [ -58.62, -34.55 ], [ -58.62, -34.55 ], [ -58.62, -34.55 ], [ -58.62, -34.55 ], [ -58.62, -34.55 ], [ -58.62, -34.55 ], [ -58.62, -34.55 ], [ -58.62, -34.55 ], [ -58.62, -34.55 ], [ -58.62, -34.55 ], [ -58.62, -34.55 ], [ -58.62, -34.55 ], [ -58.62, -34.55 ], [ -58.62, -34.55 ], [ -58.62, -34.55 ], [ -58.62, -34.55 ], [ -58.62, -34.55 ], [ -58.62, -34.55 ], [ -58.62, -34.55 ], [ -58.62, -34.55 ], [ -58.62, -34.55 ], [ -58.62, -34.55 ], [ -58.62, -34.55 ], [ -58.62, -34.55 ], [ -58.62, -34.55 ], [ -58.62, -34.55 ], [ -58.62, -34.55 ], [ -58.62, -34.55 ], [ -58.62, -34.55 ], [ -58.62, -34.55 ], [ -58.62, -34.55 ], [ -58.62, -34.55 ], [ -58.62, -34.55 ], [ -58.62, -34.55 ], [ -58.62, -34.55 ], [ -58.62, -34.55 ], [ -58.62, -34.55 ], [ -58.62, -34.55 ], [ -58.62, -34.55 ], [ -58.62, -34.55 ], [ -58.62, -34.55 ], [ -58.62, -34.55 ], [ -58.62, -34.55 ], [ -58.62, -34.55 ], [ -58.62, -34.55 ], [ -58.62, -34.55 ], [ -58.62, -34.55 ], [ -58.62, -34.55 ], [ -58.62, -34.55 ], [ -58.62, -34.55 ], [ -58.62, -34.55 ], [ -58.62, -34.55 ], [ -58.62, -34.55 ], [ -58.62, -34.55 ], [ -58.62, -34.55 ], [ -58.62, -34.55 ], [ -58.62, -34.55 ], [ -58.62, -34.55 ], [ -58.62, -34.55 ], [ -58.62, -34.55 ], [ -58.62, -34.55 ], [ -58.62, -34.55 ], [ -58.62, -34.55 ], [ -58.62, -34.55 ], [ -58.62, -34.55 ], [ -58.62, -34.55 ], [ -58.62, -34.55 ], [ -58.62, -34.55 ], [ -58.62, -34.55 ], [ -58.62, -34.55 ], [ -58.62, -34.55 ], [ -58.62, -34.55 ], [ -58.62, -34.55 ], [ -58.62, -34.55 ], [ -58.62, -34.55 ], [ -58.62, -34.55 ], [ -58.62, -34.55 ], [ -58.62, -34.55 ], [ -58.62, -34.55 ], [ -58.62, -34.55 ], [ -58.62, -34.55 ], [ -58.62, -34.55 ], [ -58.62, -34.55 ], [ -58.62, -34.55 ] ] ] ] } },
{ "type": "Feature", "properties": { "id": null, "comuna": null, "perimetro_": null, "area_metro": null, "nam": "Tigre", "cca": "057", "cde": "06805", "fna": "Partido de Tigre", "gna": "Partido", "ara3": 152.29, "arl": 304.35 }, "geometry": { "type": "MultiPolygon", "coordinates": [ [ [ [ -58.66, -34.37 ], [ -58.66, -34.37 ], [ -58.66, -34.37 ], [ -58.66, -34.37 ], [ -58.66, -34.37 ], [ -58.66, -34.37 ], [ -58.66, -34.37 ], [ -58.66, -34.37 ], [ -58.67, -34.36 ], [ -58.67, -34.36 ], [ -58.67, -34.36 ], [ -58.67, -34.36 ], [ -58.67, -34.36 ], [ -58.67, -34.36 ], [ -58.67, -34.36 ], [ -58.68, -34.36 ], [ -58.68, -34.36 ], [ -58.68, -34.36 ], [ -58.68, -34.36 ], [ -58.68, -34.35 ], [ -58.69, -34.35 ], [ -58.69, -34.35 ], [ -58.69, -34.35 ], [ -58.69, -34.35 ], [ -58.69, -34.35 ], [ -58.69, -34.35 ], [ -58.7, -34.35 ], [ -58.7, -34.35 ], [ -58.72, -34.36 ], [ -58.72, -34.36 ], [ -58.72, -34.36 ], [ -58.72, -34.36 ], [ -58.72, -34.36 ], [ -58.72, -34.36 ], [ -58.72, -34.36 ], [ -58.72, -34.37 ], [ -58.71, -34.37 ], [ -58.71, -34.37 ], [ -58.71, -34.37 ], [ -58.71, -34.37 ], [ -58.71, -34.38 ], [ -58.71, -34.38 ], [ -58.71, -34.39 ], [ -58.71, -34.39 ], [ -58.71, -34.39 ], [ -58.71, -34.39 ], [ -58.71, -34.39 ], [ -58.72, -34.39 ], [ -58.72, -34.39 ], [ -58.72, -34.39 ], [ -58.72, -34.39 ], [ -58.72, -34.39 ], [ -58.72, -34.39 ], [ -58.72, -34.39 ], [ -58.72, -34.39 ], [ -58.72, -34.39 ], [ -58.72, -34.39 ], [ -58.72, -34.39 ], [ -58.72, -34.39 ], [ -58.72, -34.39 ], [ -58.72, -34.39 ], [ -58.72, -34.39 ], [ -58.72, -34.4 ], [ -58.73, -34.4 ], [ -58.73, -34.4 ], [ -58.73, -34.4 ], [ -58.73, -34.41 ], [ -58.73, -34.41 ], [ -58.73, -34.41 ], [ -58.72, -34.42 ], [ -58.72, -34.42 ], [ -58.72, -34.43 ], [ -58.71, -34.43 ], [ -58.71, -34.43 ], [ -58.71, -34.43 ], [ -58.71, -34.43 ], [ -58.71, -34.44 ], [ -58.71, -34.44 ], [ -58.71, -34.44 ], [ -58.7, -34.44 ], [ -58.7, -34.44 ], [ -58.7, -34.44 ], [ -58.7, -34.44 ], [ -58.7, -34.45 ], [ -58.7, -34.45 ], [ -58.7, -34.45 ], [ -58.7, -34.45 ], [ -58.7, -34.45 ], [ -58.7, -34.45 ], [ -58.7, -34.45 ], [ -58.7, -34.45 ], [ -58.7, -34.45 ], [ -58.69, -34.45 ], [ -58.69, -34.45 ], [ -58.69, -34.46 ], [ -58.69, -34.46 ], [ -58.69, -34.46 ], [ -58.69, -34.46 ], [ -58.69, -34.46 ], [ -58.69, -34.46 ], [ -58.69, -34.46 ], [ -58.69, -34.46 ], [ -58.69, -34.46 ], [ -58.69, -34.46 ], [ -58.69, -34.46 ], [ -58.69, -34.46 ], [ -58.69, -34.46 ], [ -58.69, -34.46 ], [ -58.69, -34.47 ], [ -58.69, -34.47 ], [ -58.68, -34.47 ], [ -58.68, -34.47 ], [ -58.68, -34.47 ], [ -58.68, -34.47 ], [ -58.68, -34.47 ], [ -58.68, -34.47 ], [ -58.68, -34.47 ], [ -58.68, -34.47 ], [ -58.68, -34.47 ], [ -58.68, -34.47 ], [ -58.68, -34.47 ], [ -58.68, -34.47 ], [ -58.68, -34.48 ], [ -58.68, -34.48 ], [ -58.68, -34.48 ], [ -58.68, -34.48 ], [ -58.67, -34.48 ], [ -58.67, -34.48 ], [ -58.67, -34.48 ], [ -58.67, -34.48 ], [ -58.67, -34.48 ], [ -58.67, -34.48 ], [ -58.67, -34.48 ], [ -58.67, -34.48 ], [ -58.67, -34.48 ], [ -58.67, -34.48 ], [ -58.67, -34.48 ], [ -58.67, -34.48 ], [ -58.67, -34.48 ], [ -58.67, -34.48 ], [ -58.67, -34.49 ], [ -58.66, -34.49 ], [ -58.66, -34.49 ], [ -58.66, -34.49 ], [ -58.66, -34.49 ], [ -58.66, -34.49 ], [ -58.66, -34.49 ], [ -58.66, -34.49 ], [ -58.66, -34.49 ], [ -58.66, -34.49 ], [ -58.66, -34.49 ], [ -58.66, -34.49 ], [ -58.65, -34.49 ], [ -58.65, -34.5 ], [ -58.65, -34.5 ], [ -58.65, -34.5 ], [ -58.65, -34.5 ], [ -58.65, -34.5 ], [ -58.65, -34.5 ], [ -58.65, -34.5 ], [ -58.65, -34.5 ], [ -58.65, -34.5 ], [ -58.64, -34.5 ], [ -58.64, -34.51 ], [ -58.64, -34.51 ], [ -58.64, -34.51 ], [ -58.64, -34.51 ], [ -58.64, -34.51 ], [ -58.63, -34.51 ], [ -58.62, -34.52 ], [ -58.62, -34.53 ], [ -58.61, -34.53 ], [ -58.61, -34.53 ], [ -58.61, -34.53 ], [ -58.61, -34.53 ], [ -58.61, -34.53 ], [ -58.61, -34.53 ], [ -58.61, -34.53 ], [ -58.61, -34.53 ], [ -58.61, -34.53 ], [ -58.6, -34.53 ], [ -58.6, -34.53 ], [ -58.6, -34.53 ], [ -58.6, -34.53 ], [ -58.6, -34.53 ], [ -58.6, -34.53 ], [ -58.6, -34.53 ], [ -58.6, -34.52 ], [ -58.6, -34.52 ], [ -58.6, -34.52 ], [ -58.6, -34.52 ], [ -58.6, -34.52 ], [ -58.6, -34.52 ], [ -58.6, -34.52 ], [ -58.6, -34.52 ], [ -58.6, -34.52 ], [ -58.6, -34.52 ], [ -58.6, -34.52 ], [ -58.6, -34.52 ], [ -58.6, -34.52 ], [ -58.6, -34.52 ], [ -58.6, -34.52 ], [ -58.6, -34.52 ], [ -58.6, -34.52 ], [ -58.6, -34.51 ], [ -58.6, -34.51 ], [ -58.6, -34.51 ], [ -58.6, -34.51 ], [ -58.6, -34.51 ], [ -58.6, -34.51 ], [ -58.6, -34.51 ], [ -58.6, -34.51 ], [ -58.6, -34.51 ], [ -58.6, -34.51 ], [ -58.6, -34.51 ], [ -58.6, -34.51 ], [ -58.6, -34.51 ], [ -58.6, -34.51 ], [ -58.6, -34.51 ], [ -58.6, -34.51 ], [ -58.6, -34.51 ], [ -58.6, -34.5 ], [ -58.6, -34.5 ], [ -58.6, -34.5 ], [ -58.6, -34.5 ], [ -58.6, -34.5 ], [ -58.6, -34.5 ], [ -58.6, -34.5 ], [ -58.6, -34.5 ], [ -58.6, -34.5 ], [ -58.6, -34.5 ], [ -58.6, -34.5 ], [ -58.6, -34.5 ], [ -58.6, -34.5 ], [ -58.6, -34.5 ], [ -58.6, -34.5 ], [ -58.6, -34.5 ], [ -58.6, -34.5 ], [ -58.6, -34.5 ], [ -58.6, -34.5 ], [ -58.6, -34.5 ], [ -58.6, -34.5 ], [ -58.6, -34.49 ], [ -58.6, -34.49 ], [ -58.6, -34.49 ], [ -58.6, -34.49 ], [ -58.6, -34.49 ], [ -58.6, -34.49 ], [ -58.6, -34.49 ], [ -58.6, -34.49 ], [ -58.6, -34.49 ], [ -58.6, -34.49 ], [ -58.6, -34.49 ], [ -58.6, -34.49 ], [ -58.6, -34.49 ], [ -58.6, -34.49 ], [ -58.6, -34.49 ], [ -58.6, -34.49 ], [ -58.6, -34.49 ], [ -58.6, -34.49 ], [ -58.6, -34.48 ], [ -58.6, -34.48 ], [ -58.6, -34.48 ], [ -58.6, -34.48 ], [ -58.6, -34.48 ], [ -58.6, -34.48 ], [ -58.6, -34.48 ], [ -58.61, -34.48 ], [ -58.61, -34.48 ], [ -58.61, -34.48 ], [ -58.61, -34.48 ], [ -58.61, -34.48 ], [ -58.61, -34.48 ], [ -58.61, -34.48 ], [ -58.61, -34.48 ], [ -58.6, -34.48 ], [ -58.6, -34.48 ], [ -58.6, -34.48 ], [ -58.6, -34.48 ], [ -58.6, -34.48 ], [ -58.6, -34.48 ], [ -58.6, -34.48 ], [ -58.6, -34.48 ], [ -58.6, -34.48 ], [ -58.6, -34.48 ], [ -58.6, -34.48 ], [ -58.6, -34.48 ], [ -58.6, -34.47 ], [ -58.6, -34.47 ], [ -58.6, -34.47 ], [ -58.6, -34.47 ], [ -58.6, -34.47 ], [ -58.6, -34.47 ], [ -58.6, -34.47 ], [ -58.6, -34.47 ], [ -58.6, -34.47 ], [ -58.6, -34.47 ], [ -58.6, -34.47 ], [ -58.6, -34.47 ], [ -58.6, -34.47 ], [ -58.6, -34.47 ], [ -58.6, -34.47 ], [ -58.6, -34.47 ], [ -58.6, -34.47 ], [ -58.6, -34.47 ], [ -58.6, -34.47 ], [ -58.6, -34.47 ], [ -58.6, -34.47 ], [ -58.6, -34.47 ], [ -58.6, -34.47 ], [ -58.6, -34.47 ], [ -58.6, -34.46 ], [ -58.6, -34.46 ], [ -58.6, -34.46 ], [ -58.6, -34.46 ], [ -58.6, -34.46 ], [ -58.6, -34.46 ], [ -58.6, -34.46 ], [ -58.6, -34.46 ], [ -58.6, -34.46 ], [ -58.6, -34.46 ], [ -58.6, -34.46 ], [ -58.6, -34.46 ], [ -58.59, -34.46 ], [ -58.59, -34.46 ], [ -58.59, -34.46 ], [ -58.59, -34.46 ], [ -58.6, -34.46 ], [ -58.59, -34.46 ], [ -58.6, -34.46 ], [ -58.6, -34.46 ], [ -58.6, -34.46 ], [ -58.6, -34.46 ], [ -58.6, -34.46 ], [ -58.6, -34.46 ], [ -58.6, -34.46 ], [ -58.6, -34.46 ], [ -58.59, -34.46 ], [ -58.59, -34.45 ], [ -58.59, -34.45 ], [ -58.59, -34.45 ], [ -58.59, -34.45 ], [ -58.59, -34.45 ], [ -58.59, -34.45 ], [ -58.59, -34.45 ], [ -58.59, -34.45 ], [ -58.59, -34.45 ], [ -58.59, -34.45 ], [ -58.59, -34.45 ], [ -58.6, -34.45 ], [ -58.6, -34.45 ], [ -58.59, -34.45 ], [ -58.59, -34.45 ], [ -58.59, -34.45 ], [ -58.58, -34.45 ], [ -58.58, -34.45 ], [ -58.58, -34.44 ], [ -58.58, -34.44 ], [ -58.58, -34.44 ], [ -58.57, -34.44 ], [ -58.57, -34.44 ], [ -58.57, -34.44 ], [ -58.57, -34.44 ], [ -58.57, -34.44 ], [ -58.57, -34.44 ], [ -58.57, -34.44 ], [ -58.57, -34.44 ], [ -58.57, -34.44 ], [ -58.57, -34.43 ], [ -58.57, -34.43 ], [ -58.57, -34.43 ], [ -58.57, -34.43 ], [ -58.57, -34.43 ], [ -58.56, -34.43 ], [ -58.56, -34.43 ], [ -58.56, -34.43 ], [ -58.56, -34.43 ], [ -58.56, -34.43 ], [ -58.56, -34.43 ], [ -58.56, -34.43 ], [ -58.56, -34.42 ], [ -58.56, -34.42 ], [ -58.56, -34.42 ], [ -58.56, -34.42 ], [ -58.57, -34.42 ], [ -58.57, -34.42 ], [ -58.57, -34.42 ], [ -58.58, -34.42 ], [ -58.58, -34.42 ], [ -58.58, -34.41 ], [ -58.58, -34.41 ], [ -58.58, -34.41 ], [ -58.59, -34.41 ], [ -58.59, -34.41 ], [ -58.59, -34.41 ], [ -58.59, -34.41 ], [ -58.59, -34.41 ], [ -58.59, -34.41 ], [ -58.59, -34.41 ], [ -58.59, -34.41 ], [ -58.59, -34.4 ], [ -58.6, -34.4 ], [ -58.6, -34.4 ], [ -58.6, -34.4 ], [ -58.6, -34.4 ], [ -58.6, -34.4 ], [ -58.6, -34.4 ], [ -58.6, -34.4 ], [ -58.6, -34.4 ], [ -58.61, -34.4 ], [ -58.61, -34.4 ], [ -58.61, -34.4 ], [ -58.61, -34.4 ], [ -58.61, -34.39 ], [ -58.61, -34.39 ], [ -58.62, -34.39 ], [ -58.62, -34.39 ], [ -58.62, -34.39 ], [ -58.62, -34.39 ], [ -58.62, -34.39 ], [ -58.63, -34.39 ], [ -58.63, -34.39 ], [ -58.63, -34.39 ], [ -58.63, -34.39 ], [ -58.63, -34.38 ], [ -58.63, -34.38 ], [ -58.64, -34.38 ], [ -58.64, -34.38 ], [ -58.64, -34.38 ], [ -58.64, -34.38 ], [ -58.64, -34.38 ], [ -58.64, -34.38 ], [ -58.64, -34.38 ], [ -58.64, -34.38 ], [ -58.65, -34.38 ], [ -58.65, -34.38 ], [ -58.65, -34.38 ], [ -58.65, -34.38 ], [ -58.65, -34.38 ], [ -58.66, -34.37 ] ] ] ] } },
{ "type": "Feature", "properties": { "id": null, "comuna": null, "perimetro_": null, "area_metro": null, "nam": "San Isidro", "cca": "097", "cde": "06756", "fna": "Partido de San Isidro", "gna": "Partido", "ara3": 54.76, "arl": 51.44 }, "geometry": { "type": "MultiPolygon", "coordinates": [ [ [ [ -58.55, -34.53 ], [ -58.56, -34.53 ], [ -58.56, -34.52 ], [ -58.57, -34.52 ], [ -58.57, -34.52 ], [ -58.58, -34.51 ], [ -58.58, -34.51 ], [ -58.58, -34.5 ], [ -58.59, -34.5 ], [ -58.59, -34.5 ], [ -58.59, -34.5 ], [ -58.59, -34.5 ], [ -58.6, -34.49 ], [ -58.6, -34.49 ], [ -58.6, -34.49 ], [ -58.6, -34.49 ], [ -58.6, -34.49 ], [ -58.6, -34.49 ], [ -58.6, -34.49 ], [ -58.6, -34.49 ], [ -58.59, -34.49 ], [ -58.59, -34.48 ], [ -58.59, -34.48 ], [ -58.58, -34.48 ], [ -58.58, -34.48 ], [ -58.58, -34.48 ], [ -58.58, -34.48 ], [ -58.58, -34.48 ], [ -58.58, -34.48 ], [ -58.58, -34.48 ], [ -58.57, -34.48 ], [ -58.58, -34.48 ], [ -58.57, -34.47 ], [ -58.57, -34.47 ], [ -58.57, -34.47 ], [ -58.56, -34.47 ], [ -58.55, -34.47 ], [ -58.55, -34.46 ], [ -58.55, -34.46 ], [ -58.55, -34.46 ], [ -58.55, -34.46 ], [ -58.54, -34.46 ], [ -58.54, -34.46 ], [ -58.54, -34.46 ], [ -58.53, -34.46 ], [ -58.53, -34.46 ], [ -58.53, -34.46 ], [ -58.53, -34.46 ], [ -58.53, -34.45 ], [ -58.53, -34.45 ], [ -58.53, -34.45 ], [ -58.53, -34.45 ], [ -58.53, -34.45 ], [ -58.52, -34.45 ], [ -58.52, -34.45 ], [ -58.52, -34.45 ], [ -58.52, -34.45 ], [ -58.52, -34.45 ], [ -58.52, -34.45 ], [ -58.52, -34.45 ], [ -58.52, -34.45 ], [ -58.52, -34.44 ], [ -58.51, -34.44 ], [ -58.51, -34.44 ], [ -58.51, -34.45 ], [ -58.5, -34.45 ], [ -58.5, -34.45 ], [ -58.5, -34.45 ], [ -58.5, -34.45 ], [ -58.49, -34.46 ], [ -58.49, -34.46 ], [ -58.49, -34.47 ], [ -58.49, -34.47 ], [ -58.49, -34.47 ], [ -58.48, -34.47 ], [ -58.48, -34.47 ], [ -58.48, -34.48 ], [ -58.48, -34.48 ], [ -58.48, -34.49 ], [ -58.48, -34.49 ], [ -58.48, -34.49 ], [ -58.48, -34.49 ], [ -58.48, -34.49 ], [ -58.48, -34.49 ], [ -58.49, -34.49 ], [ -58.49, -34.49 ], [ -58.5, -34.5 ], [ -58.5, -34.5 ], [ -58.51, -34.5 ], [ -58.51, -34.51 ], [ -58.52, -34.51 ], [ -58.52, -34.51 ], [ -58.52, -34.51 ], [ -58.53, -34.51 ], [ -58.53, -34.51 ], [ -58.53, -34.51 ], [ -58.53, -34.52 ], [ -58.53, -34.52 ], [ -58.53, -34.52 ], [ -58.54, -34.52 ], [ -58.54, -34.52 ], [ -58.54, -34.52 ], [ -58.54, -34.52 ], [ -58.55, -34.52 ], [ -58.55, -34.52 ], [ -58.55, -34.52 ], [ -58.55, -34.53 ] ] ] ] } },
{ "type": "Feature", "properties": { "id": null, "comuna": null, "perimetro_": null, "area_metro": null, "nam": "Marcos Paz", "cca": "068", "cde": "06525", "fna": "Partido de Marcos Paz", "gna": "Partido", "ara3": 423.83, "arl": 455.12 }, "geometry": { "type": "MultiPolygon", "coordinates": [ [ [ [ -58.86, -34.68 ], [ -58.86, -34.68 ], [ -58.87, -34.69 ], [ -58.87, -34.69 ], [ -58.87, -34.69 ], [ -58.87, -34.69 ], [ -58.87, -34.69 ], [ -58.87, -34.69 ], [ -58.87, -34.69 ], [ -58.87, -34.69 ], [ -58.87, -34.69 ], [ -58.87, -34.69 ], [ -58.87, -34.69 ], [ -58.87, -34.69 ], [ -58.87, -34.69 ], [ -58.87, -34.69 ], [ -58.87, -34.69 ], [ -58.87, -34.69 ], [ -58.87, -34.69 ], [ -58.87, -34.69 ], [ -58.87, -34.69 ], [ -58.87, -34.69 ], [ -58.87, -34.69 ], [ -58.87, -34.69 ], [ -58.87, -34.69 ], [ -58.88, -34.69 ], [ -58.88, -34.69 ], [ -58.88, -34.69 ], [ -58.88, -34.69 ], [ -58.88, -34.69 ], [ -58.88, -34.69 ], [ -58.88, -34.69 ], [ -58.88, -34.69 ], [ -58.88, -34.69 ], [ -58.88, -34.69 ], [ -58.88, -34.69 ], [ -58.88, -34.69 ], [ -58.88, -34.69 ], [ -58.88, -34.69 ], [ -58.88, -34.69 ], [ -58.88, -34.69 ], [ -58.88, -34.69 ], [ -58.88, -34.69 ], [ -58.88, -34.69 ], [ -58.88, -34.69 ], [ -58.88, -34.7 ], [ -58.89, -34.7 ], [ -58.89, -34.7 ], [ -58.89, -34.7 ], [ -58.89, -34.7 ], [ -58.89, -34.7 ], [ -58.89, -34.7 ], [ -58.89, -34.7 ], [ -58.89, -34.7 ], [ -58.89, -34.7 ], [ -58.89, -34.7 ], [ -58.89, -34.7 ], [ -58.89, -34.7 ], [ -58.89, -34.7 ], [ -58.89, -34.7 ], [ -58.89, -34.7 ], [ -58.89, -34.7 ], [ -58.89, -34.7 ], [ -58.89, -34.7 ], [ -58.89, -34.7 ], [ -58.89, -34.7 ], [ -58.89, -34.7 ], [ -58.89, -34.7 ], [ -58.89, -34.7 ], [ -58.89, -34.7 ], [ -58.9, -34.7 ], [ -58.9, -34.7 ], [ -58.9, -34.7 ], [ -58.9, -34.7 ], [ -58.9, -34.7 ], [ -58.9, -34.7 ], [ -58.9, -34.7 ], [ -58.9, -34.7 ], [ -58.9, -34.7 ], [ -58.9, -34.7 ], [ -58.9, -34.7 ], [ -58.9, -34.7 ], [ -58.9, -34.7 ], [ -58.9, -34.7 ], [ -58.9, -34.7 ], [ -58.9, -34.7 ], [ -58.9, -34.7 ], [ -58.9, -34.7 ], [ -58.9, -34.7 ], [ -58.9, -34.7 ], [ -58.9, -34.7 ], [ -58.9, -34.7 ], [ -58.9, -34.7 ], [ -58.9, -34.7 ], [ -58.9, -34.7 ], [ -58.9, -34.7 ], [ -58.9, -34.7 ], [ -58.9, -34.7 ], [ -58.9, -34.7 ], [ -58.9, -34.7 ], [ -58.9, -34.7 ], [ -58.9, -34.7 ], [ -58.91, -34.7 ], [ -58.91, -34.7 ], [ -58.91, -34.7 ], [ -58.91, -34.7 ], [ -58.91, -34.7 ], [ -58.91, -34.7 ], [ -58.91, -34.7 ], [ -58.91, -34.7 ], [ -58.91, -34.7 ], [ -58.91, -34.7 ], [ -58.91, -34.7 ], [ -58.91, -34.7 ], [ -58.91, -34.7 ], [ -58.91, -34.7 ], [ -58.91, -34.7 ], [ -58.91, -34.7 ], [ -58.91, -34.7 ], [ -58.91, -34.7 ], [ -58.91, -34.7 ], [ -58.91, -34.7 ], [ -58.91, -34.7 ], [ -58.91, -34.7 ], [ -58.91, -34.7 ], [ -58.91, -34.7 ], [ -58.91, -34.7 ], [ -58.91, -34.7 ], [ -58.91, -34.7 ], [ -58.91, -34.7 ], [ -58.91, -34.7 ], [ -58.91, -34.7 ], [ -58.91, -34.7 ], [ -58.91, -34.7 ], [ -58.91, -34.7 ], [ -58.91, -34.7 ], [ -58.91, -34.7 ], [ -58.91, -34.7 ], [ -58.91, -34.7 ], [ -58.91, -34.7 ], [ -58.91, -34.7 ], [ -58.91, -34.7 ], [ -58.91, -34.7 ], [ -58.91, -34.7 ], [ -58.91, -34.7 ], [ -58.91, -34.7 ], [ -58.91, -34.7 ], [ -58.91, -34.7 ], [ -58.91, -34.7 ], [ -58.91, -34.7 ], [ -58.91, -34.7 ], [ -58.91, -34.7 ], [ -58.91, -34.7 ], [ -58.91, -34.7 ], [ -58.91, -34.7 ], [ -58.91, -34.7 ], [ -58.91, -34.7 ], [ -58.92, -34.7 ], [ -58.92, -34.7 ], [ -58.92, -34.7 ], [ -58.92, -34.7 ], [ -58.92, -34.7 ], [ -58.92, -34.7 ], [ -58.92, -34.7 ], [ -58.92, -34.7 ], [ -58.92, -34.7 ], [ -58.92, -34.7 ], [ -58.92, -34.7 ], [ -58.92, -34.7 ], [ -58.92, -34.7 ], [ -58.92, -34.7 ], [ -58.92, -34.7 ], [ -58.92, -34.7 ], [ -58.92, -34.7 ], [ -58.92, -34.7 ], [ -58.92, -34.7 ], [ -58.92, -34.7 ], [ -58.92, -34.7 ], [ -58.92, -34.7 ], [ -58.92, -34.7 ], [ -58.92, -34.7 ], [ -58.92, -34.7 ], [ -58.92, -34.7 ], [ -58.92, -34.7 ], [ -58.92, -34.7 ], [ -58.92, -34.7 ], [ -58.92, -34.7 ], [ -58.93, -34.7 ], [ -58.93, -34.7 ], [ -58.93, -34.7 ], [ -58.93, -34.7 ], [ -58.93, -34.7 ], [ -58.93, -34.7 ], [ -58.93, -34.7 ], [ -58.93, -34.7 ], [ -58.93, -34.7 ], [ -58.93, -34.7 ], [ -58.93, -34.7 ], [ -58.93, -34.7 ], [ -58.93, -34.7 ], [ -58.93, -34.7 ], [ -58.93, -34.7 ], [ -58.93, -34.7 ], [ -58.93, -34.7 ], [ -58.93, -34.7 ], [ -58.93, -34.7 ], [ -58.93, -34.7 ], [ -58.93, -34.7 ], [ -58.93, -34.7 ], [ -58.93, -34.7 ], [ -58.93, -34.7 ], [ -58.93, -34.7 ], [ -58.93, -34.7 ], [ -58.93, -34.7 ], [ -58.93, -34.7 ], [ -58.93, -34.7 ], [ -58.93, -34.7 ], [ -58.93, -34.7 ], [ -58.93, -34.7 ], [ -58.94, -34.7 ], [ -58.94, -34.7 ], [ -58.94, -34.7 ], [ -58.94, -34.7 ], [ -58.94, -34.7 ], [ -58.94, -34.7 ], [ -58.94, -34.7 ], [ -58.94, -34.7 ], [ -58.94, -34.71 ], [ -58.94, -34.71 ], [ -58.94, -34.71 ], [ -58.94, -34.71 ], [ -58.94, -34.71 ], [ -58.94, -34.71 ], [ -58.94, -34.71 ], [ -58.94, -34.71 ], [ -58.94, -34.71 ], [ -58.94, -34.71 ], [ -58.94, -34.71 ], [ -58.94, -34.71 ], [ -58.94, -34.71 ], [ -58.94, -34.71 ], [ -58.94, -34.71 ], [ -58.94, -34.71 ], [ -58.94, -34.71 ], [ -58.94, -34.71 ], [ -58.94, -34.71 ], [ -58.94, -34.71 ], [ -58.94, -34.71 ], [ -58.94, -34.71 ], [ -58.94, -34.71 ], [ -58.94, -34.71 ], [ -58.94, -34.71 ], [ -58.94, -34.71 ], [ -58.94, -34.71 ], [ -58.94, -34.71 ], [ -58.94, -34.71 ], [ -58.94, -34.71 ], [ -58.94, -34.71 ], [ -58.94, -34.71 ], [ -58.94, -34.71 ], [ -58.94, -34.71 ], [ -58.94, -34.71 ], [ -58.94, -34.71 ], [ -58.94, -34.71 ], [ -58.94, -34.71 ], [ -58.94, -34.71 ], [ -58.94, -34.71 ], [ -58.94, -34.71 ], [ -58.94, -34.71 ], [ -58.94, -34.71 ], [ -58.94, -34.71 ], [ -58.94, -34.71 ], [ -58.94, -34.71 ], [ -58.94, -34.71 ], [ -58.94, -34.71 ], [ -58.94, -34.71 ], [ -58.94, -34.71 ], [ -58.94, -34.71 ], [ -58.94, -34.71 ], [ -58.94, -34.71 ], [ -58.94, -34.71 ], [ -58.94, -34.71 ], [ -58.94, -34.71 ], [ -58.94, -34.71 ], [ -58.94, -34.71 ], [ -58.94, -34.71 ], [ -58.94, -34.71 ], [ -58.94, -34.71 ], [ -58.94, -34.71 ], [ -58.94, -34.71 ], [ -58.94, -34.71 ], [ -58.94, -34.71 ], [ -58.94, -34.71 ], [ -58.94, -34.71 ], [ -58.94, -34.71 ], [ -58.94, -34.71 ], [ -58.94, -34.71 ], [ -58.94, -34.71 ], [ -58.94, -34.71 ], [ -58.94, -34.71 ], [ -58.94, -34.71 ], [ -58.94, -34.71 ], [ -58.94, -34.71 ], [ -58.94, -34.71 ], [ -58.94, -34.71 ], [ -58.94, -34.71 ], [ -58.94, -34.71 ], [ -58.94, -34.71 ], [ -58.94, -34.71 ], [ -58.94, -34.71 ], [ -58.94, -34.71 ], [ -58.94, -34.71 ], [ -58.94, -34.71 ], [ -58.94, -34.71 ], [ -58.94, -34.71 ], [ -58.94, -34.71 ], [ -58.94, -34.71 ], [ -58.94, -34.71 ], [ -58.94, -34.71 ], [ -58.94, -34.71 ], [ -58.94, -34.71 ], [ -58.94, -34.71 ], [ -58.94, -34.71 ], [ -58.94, -34.71 ], [ -58.94, -34.71 ], [ -58.94, -34.71 ], [ -58.94, -34.71 ], [ -58.94, -34.71 ], [ -58.94, -34.71 ], [ -58.94, -34.71 ], [ -58.94, -34.71 ], [ -58.94, -34.71 ], [ -58.94, -34.71 ], [ -58.94, -34.71 ], [ -58.94, -34.71 ], [ -58.94, -34.71 ], [ -58.94, -34.71 ], [ -58.94, -34.71 ], [ -58.94, -34.71 ], [ -58.94, -34.71 ], [ -58.94, -34.71 ], [ -58.94, -34.71 ], [ -58.94, -34.71 ], [ -58.94, -34.71 ], [ -58.94, -34.71 ], [ -58.94, -34.71 ], [ -58.94, -34.71 ], [ -58.94, -34.71 ], [ -58.94, -34.71 ], [ -58.94, -34.71 ], [ -58.94, -34.71 ], [ -58.94, -34.71 ], [ -58.94, -34.71 ], [ -58.94, -34.71 ], [ -58.94, -34.71 ], [ -58.94, -34.71 ], [ -58.94, -34.71 ], [ -58.94, -34.71 ], [ -58.94, -34.71 ], [ -58.94, -34.71 ], [ -58.94, -34.71 ], [ -58.94, -34.71 ], [ -58.94, -34.71 ], [ -58.94, -34.71 ], [ -58.94, -34.71 ], [ -58.94, -34.71 ], [ -58.94, -34.71 ], [ -58.94, -34.71 ], [ -58.94, -34.71 ], [ -58.94, -34.71 ], [ -58.94, -34.71 ], [ -58.94, -34.71 ], [ -58.94, -34.71 ], [ -58.94, -34.71 ], [ -58.94, -34.71 ], [ -58.94, -34.71 ], [ -58.94, -34.71 ], [ -58.94, -34.71 ], [ -58.95, -34.71 ], [ -58.95, -34.71 ], [ -58.95, -34.71 ], [ -58.95, -34.71 ], [ -58.95, -34.71 ], [ -58.95, -34.71 ], [ -58.95, -34.71 ], [ -58.95, -34.71 ], [ -58.95, -34.71 ], [ -58.95, -34.71 ], [ -58.95, -34.71 ], [ -58.95, -34.71 ], [ -58.95, -34.72 ], [ -58.95, -34.72 ], [ -58.95, -34.72 ], [ -58.95, -34.72 ], [ -58.95, -34.72 ], [ -58.95, -34.72 ], [ -58.95, -34.72 ], [ -58.95, -34.72 ], [ -58.95, -34.72 ], [ -58.95, -34.72 ], [ -58.95, -34.72 ], [ -58.95, -34.72 ], [ -58.95, -34.72 ], [ -58.95, -34.72 ], [ -58.95, -34.72 ], [ -58.95, -34.72 ], [ -58.95, -34.72 ], [ -58.95, -34.72 ], [ -58.95, -34.72 ], [ -58.95, -34.72 ], [ -58.95, -34.72 ], [ -58.95, -34.72 ], [ -58.95, -34.72 ], [ -58.95, -34.72 ], [ -58.95, -34.72 ], [ -58.95, -34.72 ], [ -58.95, -34.72 ], [ -58.95, -34.72 ], [ -58.95, -34.72 ], [ -58.95, -34.72 ], [ -58.95, -34.72 ], [ -58.95, -34.72 ], [ -58.95, -34.72 ], [ -58.95, -34.72 ], [ -58.95, -34.72 ], [ -58.95, -34.72 ], [ -58.95, -34.72 ], [ -58.95, -34.72 ], [ -58.95, -34.72 ], [ -58.95, -34.72 ], [ -58.95, -34.72 ], [ -58.95, -34.72 ], [ -58.95, -34.72 ], [ -58.95, -34.72 ], [ -58.95, -34.72 ], [ -58.95, -34.72 ], [ -58.95, -34.72 ], [ -58.95, -34.72 ], [ -58.95, -34.72 ], [ -58.95, -34.72 ], [ -58.95, -34.72 ], [ -58.95, -34.72 ], [ -58.95, -34.72 ], [ -58.95, -34.72 ], [ -58.95, -34.72 ], [ -58.95, -34.72 ], [ -58.95, -34.72 ], [ -58.95, -34.72 ], [ -58.95, -34.72 ], [ -58.95, -34.72 ], [ -58.95, -34.72 ], [ -58.95, -34.72 ], [ -58.95, -34.72 ], [ -58.95, -34.72 ], [ -58.95, -34.72 ], [ -58.95, -34.72 ], [ -58.95, -34.72 ], [ -58.95, -34.72 ], [ -58.95, -34.72 ], [ -58.95, -34.72 ], [ -58.95, -34.72 ], [ -58.95, -34.72 ], [ -58.95, -34.72 ], [ -58.95, -34.72 ], [ -58.95, -34.72 ], [ -58.95, -34.72 ], [ -58.95, -34.72 ], [ -58.95, -34.72 ], [ -58.95, -34.72 ], [ -58.95, -34.72 ], [ -58.95, -34.72 ], [ -58.95, -34.72 ], [ -58.95, -34.72 ], [ -58.95, -34.72 ], [ -58.95, -34.72 ], [ -58.95, -34.72 ], [ -58.95, -34.72 ], [ -58.95, -34.72 ], [ -58.95, -34.72 ], [ -58.95, -34.72 ], [ -58.95, -34.72 ], [ -58.95, -34.72 ], [ -58.95, -34.72 ], [ -58.95, -34.72 ], [ -58.95, -34.72 ], [ -58.95, -34.72 ], [ -58.95, -34.72 ], [ -58.95, -34.72 ], [ -58.95, -34.72 ], [ -58.95, -34.72 ], [ -58.95, -34.72 ], [ -58.95, -34.72 ], [ -58.95, -34.72 ], [ -58.95, -34.72 ], [ -58.95, -34.72 ], [ -58.95, -34.72 ], [ -58.95, -34.72 ], [ -58.95, -34.72 ], [ -58.95, -34.72 ], [ -58.95, -34.72 ], [ -58.95, -34.72 ], [ -58.95, -34.72 ], [ -58.95, -34.72 ], [ -58.95, -34.72 ], [ -58.95, -34.72 ], [ -58.95, -34.72 ], [ -58.95, -34.72 ], [ -58.95, -34.72 ], [ -58.95, -34.72 ], [ -58.95, -34.72 ], [ -58.95, -34.72 ], [ -58.95, -34.72 ], [ -58.95, -34.72 ], [ -58.95, -34.72 ], [ -58.95, -34.72 ], [ -58.95, -34.72 ], [ -58.95, -34.72 ], [ -58.95, -34.72 ], [ -58.95, -34.72 ], [ -58.95, -34.72 ], [ -58.95, -34.72 ], [ -58.95, -34.72 ], [ -58.95, -34.72 ], [ -58.95, -34.72 ], [ -58.95, -34.72 ], [ -58.95, -34.72 ], [ -58.95, -34.72 ], [ -58.95, -34.72 ], [ -58.95, -34.72 ], [ -58.95, -34.72 ], [ -58.95, -34.72 ], [ -58.95, -34.72 ], [ -58.95, -34.72 ], [ -58.95, -34.72 ], [ -58.95, -34.72 ], [ -58.95, -34.72 ], [ -58.95, -34.72 ], [ -58.95, -34.72 ], [ -58.95, -34.72 ], [ -58.95, -34.72 ], [ -58.95, -34.72 ], [ -58.95, -34.72 ], [ -58.95, -34.72 ], [ -58.95, -34.72 ], [ -58.95, -34.72 ], [ -58.95, -34.72 ], [ -58.95, -34.72 ], [ -58.95, -34.72 ], [ -58.95, -34.72 ], [ -58.95, -34.72 ], [ -58.95, -34.72 ], [ -58.95, -34.72 ], [ -58.95, -34.72 ], [ -58.95, -34.72 ], [ -58.95, -34.72 ], [ -58.95, -34.72 ], [ -58.95, -34.72 ], [ -58.95, -34.72 ], [ -58.95, -34.72 ], [ -58.96, -34.72 ], [ -58.96, -34.72 ], [ -58.96, -34.72 ], [ -58.96, -34.72 ], [ -58.96, -34.72 ], [ -58.96, -34.72 ], [ -58.96, -34.72 ], [ -58.96, -34.72 ], [ -58.96, -34.73 ], [ -58.96, -34.73 ], [ -58.96, -34.73 ], [ -58.96, -34.73 ], [ -58.96, -34.73 ], [ -58.96, -34.73 ], [ -58.96, -34.73 ], [ -58.96, -34.73 ], [ -58.96, -34.73 ], [ -58.96, -34.73 ], [ -58.96, -34.73 ], [ -58.96, -34.73 ], [ -58.96, -34.73 ], [ -58.96, -34.73 ], [ -58.96, -34.73 ], [ -58.96, -34.73 ], [ -58.96, -34.73 ], [ -58.96, -34.73 ], [ -58.96, -34.73 ], [ -58.96, -34.73 ], [ -58.96, -34.73 ], [ -58.96, -34.73 ], [ -58.96, -34.73 ], [ -58.96, -34.73 ], [ -58.96, -34.73 ], [ -58.96, -34.73 ], [ -58.96, -34.73 ], [ -58.96, -34.73 ], [ -58.96, -34.73 ], [ -58.96, -34.74 ], [ -58.96, -34.74 ], [ -58.96, -34.74 ], [ -58.96, -34.74 ], [ -58.96, -34.74 ], [ -58.96, -34.74 ], [ -58.96, -34.74 ], [ -58.97, -34.74 ], [ -58.97, -34.74 ], [ -58.97, -34.74 ], [ -58.97, -34.74 ], [ -58.97, -34.74 ], [ -58.97, -34.74 ], [ -58.97, -34.74 ], [ -58.97, -34.74 ], [ -58.97, -34.74 ], [ -58.97, -34.74 ], [ -58.97, -34.74 ], [ -58.97, -34.74 ], [ -58.97, -34.74 ], [ -58.97, -34.74 ], [ -58.97, -34.74 ], [ -58.97, -34.74 ], [ -58.97, -34.74 ], [ -58.97, -34.74 ], [ -58.97, -34.74 ], [ -58.97, -34.74 ], [ -58.97, -34.74 ], [ -58.97, -34.74 ], [ -58.97, -34.74 ], [ -58.97, -34.74 ], [ -58.97, -34.74 ], [ -58.97, -34.74 ], [ -58.97, -34.74 ], [ -58.97, -34.74 ], [ -58.97, -34.74 ], [ -58.97, -34.74 ], [ -58.97, -34.74 ], [ -58.97, -34.74 ], [ -58.97, -34.74 ], [ -58.97, -34.74 ], [ -58.97, -34.74 ], [ -58.97, -34.74 ], [ -58.97, -34.74 ], [ -58.97, -34.74 ], [ -58.97, -34.74 ], [ -58.97, -34.74 ], [ -58.97, -34.74 ], [ -58.97, -34.74 ], [ -58.97, -34.74 ], [ -58.97, -34.74 ], [ -58.97, -34.74 ], [ -58.97, -34.74 ], [ -58.97, -34.74 ], [ -58.97, -34.74 ], [ -58.97, -34.74 ], [ -58.97, -34.74 ], [ -58.97, -34.74 ], [ -58.97, -34.74 ], [ -58.97, -34.74 ], [ -58.97, -34.74 ], [ -58.97, -34.74 ], [ -58.97, -34.74 ], [ -58.97, -34.74 ], [ -58.97, -34.74 ], [ -58.97, -34.74 ], [ -58.97, -34.74 ], [ -58.97, -34.74 ], [ -58.97, -34.74 ], [ -58.97, -34.74 ], [ -58.97, -34.74 ], [ -58.97, -34.74 ], [ -58.97, -34.74 ], [ -58.97, -34.74 ], [ -58.97, -34.74 ], [ -58.97, -34.74 ], [ -58.97, -34.74 ], [ -58.97, -34.74 ], [ -58.97, -34.74 ], [ -58.97, -34.74 ], [ -58.97, -34.74 ], [ -58.97, -34.74 ], [ -58.97, -34.74 ], [ -58.97, -34.74 ], [ -58.97, -34.74 ], [ -58.97, -34.74 ], [ -58.97, -34.74 ], [ -58.97, -34.74 ], [ -58.97, -34.74 ], [ -58.97, -34.74 ], [ -58.97, -34.74 ], [ -58.98, -34.75 ], [ -58.98, -34.75 ], [ -58.98, -34.75 ], [ -58.98, -34.75 ], [ -58.98, -34.75 ], [ -58.98, -34.75 ], [ -58.98, -34.75 ], [ -58.98, -34.75 ], [ -58.98, -34.75 ], [ -58.98, -34.75 ], [ -58.98, -34.75 ], [ -58.98, -34.75 ], [ -58.98, -34.75 ], [ -58.98, -34.75 ], [ -58.98, -34.75 ], [ -58.98, -34.75 ], [ -58.98, -34.75 ], [ -58.98, -34.75 ], [ -58.98, -34.75 ], [ -58.98, -34.75 ], [ -58.98, -34.75 ], [ -58.98, -34.75 ], [ -58.98, -34.75 ], [ -58.98, -34.75 ], [ -58.98, -34.75 ], [ -58.98, -34.75 ], [ -58.99, -34.75 ], [ -58.99, -34.75 ], [ -58.99, -34.75 ], [ -58.99, -34.75 ], [ -58.99, -34.75 ], [ -58.99, -34.75 ], [ -58.99, -34.75 ], [ -58.99, -34.75 ], [ -58.99, -34.75 ], [ -58.99, -34.76 ], [ -58.99, -34.76 ], [ -58.99, -34.76 ], [ -58.99, -34.76 ], [ -58.99, -34.76 ], [ -58.99, -34.76 ], [ -58.99, -34.76 ], [ -58.99, -34.76 ], [ -58.99, -34.76 ], [ -58.99, -34.76 ], [ -59.0, -34.76 ], [ -59.0, -34.76 ], [ -59.0, -34.76 ], [ -59.0, -34.76 ], [ -59.0, -34.76 ], [ -59.0, -34.76 ], [ -59.0, -34.76 ], [ -59.0, -34.76 ], [ -59.0, -34.76 ], [ -59.0, -34.76 ], [ -59.0, -34.76 ], [ -59.0, -34.76 ], [ -59.0, -34.76 ], [ -59.0, -34.76 ], [ -59.0, -34.76 ], [ -59.0, -34.76 ], [ -59.0, -34.76 ], [ -59.0, -34.76 ], [ -59.0, -34.76 ], [ -59.0, -34.76 ], [ -59.0, -34.76 ], [ -59.01, -34.76 ], [ -59.01, -34.76 ], [ -59.01, -34.76 ], [ -59.01, -34.76 ], [ -59.01, -34.76 ], [ -59.01, -34.76 ], [ -59.01, -34.76 ], [ -59.01, -34.76 ], [ -59.01, -34.76 ], [ -59.01, -34.76 ], [ -59.01, -34.76 ], [ -59.01, -34.76 ], [ -59.01, -34.76 ], [ -59.01, -34.76 ], [ -59.01, -34.76 ], [ -59.01, -34.76 ], [ -59.01, -34.76 ], [ -59.01, -34.76 ], [ -59.02, -34.76 ], [ -59.02, -34.76 ], [ -59.02, -34.76 ], [ -59.02, -34.76 ], [ -59.02, -34.76 ], [ -59.02, -34.76 ], [ -59.02, -34.76 ], [ -59.02, -34.76 ], [ -59.02, -34.76 ], [ -59.02, -34.76 ], [ -59.02, -34.76 ], [ -59.02, -34.76 ], [ -59.02, -34.76 ], [ -59.02, -34.76 ], [ -59.02, -34.76 ], [ -59.02, -34.76 ], [ -59.02, -34.76 ], [ -59.02, -34.76 ], [ -59.02, -34.76 ], [ -59.02, -34.76 ], [ -59.02, -34.76 ], [ -59.03, -34.76 ], [ -59.03, -34.76 ], [ -59.03, -34.76 ], [ -59.03, -34.76 ], [ -59.03, -34.76 ], [ -59.03, -34.76 ], [ -59.03, -34.76 ], [ -59.03, -34.76 ], [ -59.03, -34.76 ], [ -59.03, -34.76 ], [ -59.03, -34.76 ], [ -59.03, -34.76 ], [ -59.03, -34.76 ], [ -59.03, -34.76 ], [ -59.03, -34.76 ], [ -59.03, -34.76 ], [ -59.03, -34.76 ], [ -59.03, -34.76 ], [ -59.03, -34.76 ], [ -59.03, -34.76 ], [ -59.03, -34.77 ], [ -59.03, -34.77 ], [ -59.03, -34.77 ], [ -59.03, -34.77 ], [ -59.03, -34.77 ], [ -59.03, -34.77 ], [ -59.03, -34.77 ], [ -59.02, -34.77 ], [ -59.02, -34.77 ], [ -59.02, -34.78 ], [ -59.02, -34.78 ], [ -59.02, -34.78 ], [ -59.01, -34.78 ], [ -59.01, -34.78 ], [ -59.01, -34.78 ], [ -59.01, -34.79 ], [ -59.01, -34.79 ], [ -59.0, -34.79 ], [ -59.0, -34.79 ], [ -59.0, -34.79 ], [ -59.0, -34.79 ], [ -59.0, -34.8 ], [ -58.99, -34.8 ], [ -58.97, -34.81 ], [ -58.97, -34.82 ], [ -58.95, -34.83 ], [ -58.95, -34.83 ], [ -58.94, -34.83 ], [ -58.94, -34.82 ], [ -58.93, -34.82 ], [ -58.93, -34.82 ], [ -58.93, -34.83 ], [ -58.93, -34.83 ], [ -58.92, -34.83 ], [ -58.92, -34.84 ], [ -58.91, -34.84 ], [ -58.89, -34.85 ], [ -58.89, -34.86 ], [ -58.88, -34.87 ], [ -58.87, -34.87 ], [ -58.86, -34.88 ], [ -58.85, -34.89 ], [ -58.85, -34.89 ], [ -58.85, -34.89 ], [ -58.86, -34.9 ], [ -58.86, -34.9 ], [ -58.85, -34.91 ], [ -58.85, -34.91 ], [ -58.84, -34.92 ], [ -58.84, -34.92 ], [ -58.83, -34.92 ], [ -58.83, -34.92 ], [ -58.82, -34.93 ], [ -58.82, -34.94 ], [ -58.81, -34.94 ], [ -58.8, -34.95 ], [ -58.79, -34.95 ], [ -58.79, -34.95 ], [ -58.79, -34.96 ], [ -58.79, -34.96 ], [ -58.79, -34.96 ], [ -58.79, -34.96 ], [ -58.79, -34.96 ], [ -58.79, -34.95 ], [ -58.79, -34.95 ], [ -58.79, -34.95 ], [ -58.79, -34.95 ], [ -58.79, -34.95 ], [ -58.79, -34.95 ], [ -58.79, -34.95 ], [ -58.79, -34.95 ], [ -58.79, -34.95 ], [ -58.79, -34.95 ], [ -58.79, -34.95 ], [ -58.79, -34.95 ], [ -58.79, -34.95 ], [ -58.79, -34.95 ], [ -58.79, -34.95 ], [ -58.79, -34.95 ], [ -58.79, -34.95 ], [ -58.79, -34.95 ], [ -58.79, -34.95 ], [ -58.78, -34.95 ], [ -58.78, -34.95 ], [ -58.78, -34.95 ], [ -58.78, -34.95 ], [ -58.78, -34.96 ], [ -58.78, -34.96 ], [ -58.78, -34.96 ], [ -58.78, -34.96 ], [ -58.78, -34.96 ], [ -58.78, -34.96 ], [ -58.78, -34.96 ], [ -58.78, -34.96 ], [ -58.78, -34.96 ], [ -58.78, -34.96 ], [ -58.78, -34.96 ], [ -58.78, -34.96 ], [ -58.78, -34.96 ], [ -58.78, -34.96 ], [ -58.78, -34.96 ], [ -58.78, -34.96 ], [ -58.78, -34.96 ], [ -58.78, -34.96 ], [ -58.78, -34.96 ], [ -58.78, -34.96 ], [ -58.78, -34.96 ], [ -58.78, -34.96 ], [ -58.78, -34.96 ], [ -58.78, -34.96 ], [ -58.78, -34.96 ], [ -58.78, -34.96 ], [ -58.78, -34.96 ], [ -58.78, -34.96 ], [ -58.78, -34.96 ], [ -58.78, -34.96 ], [ -58.78, -34.96 ], [ -58.78, -34.96 ], [ -58.78, -34.96 ], [ -58.78, -34.96 ], [ -58.78, -34.96 ], [ -58.78, -34.96 ], [ -58.78, -34.96 ], [ -58.77, -34.96 ], [ -58.77, -34.96 ], [ -58.77, -34.96 ], [ -58.77, -34.96 ], [ -58.77, -34.96 ], [ -58.77, -34.96 ], [ -58.77, -34.96 ], [ -58.77, -34.96 ], [ -58.77, -34.96 ], [ -58.77, -34.96 ], [ -58.77, -34.96 ], [ -58.77, -34.96 ], [ -58.77, -34.96 ], [ -58.77, -34.96 ], [ -58.77, -34.96 ], [ -58.77, -34.96 ], [ -58.77, -34.96 ], [ -58.77, -34.96 ], [ -58.77, -34.96 ], [ -58.77, -34.96 ], [ -58.77, -34.96 ], [ -58.77, -34.96 ], [ -58.77, -34.96 ], [ -58.77, -34.96 ], [ -58.77, -34.96 ], [ -58.77, -34.96 ], [ -58.77, -34.96 ], [ -58.77, -34.96 ], [ -58.77, -34.96 ], [ -58.77, -34.96 ], [ -58.77, -34.96 ], [ -58.77, -34.96 ], [ -58.77, -34.96 ], [ -58.77, -34.96 ], [ -58.77, -34.96 ], [ -58.77, -34.96 ], [ -58.77, -34.96 ], [ -58.77, -34.96 ], [ -58.76, -34.96 ], [ -58.76, -34.96 ], [ -58.76, -34.96 ], [ -58.76, -34.96 ], [ -58.76, -34.96 ], [ -58.76, -34.96 ], [ -58.76, -34.96 ], [ -58.76, -34.96 ], [ -58.76, -34.96 ], [ -58.76, -34.96 ], [ -58.76, -34.96 ], [ -58.76, -34.96 ], [ -58.76, -34.96 ], [ -58.76, -34.96 ], [ -58.76, -34.96 ], [ -58.76, -34.96 ], [ -58.76, -34.96 ], [ -58.76, -34.96 ], [ -58.76, -34.96 ], [ -58.76, -34.95 ], [ -58.76, -34.95 ], [ -58.76, -34.95 ], [ -58.76, -34.95 ], [ -58.76, -34.95 ], [ -58.76, -34.95 ], [ -58.76, -34.95 ], [ -58.76, -34.95 ], [ -58.76, -34.95 ], [ -58.76, -34.95 ], [ -58.76, -34.95 ], [ -58.76, -34.95 ], [ -58.76, -34.95 ], [ -58.76, -34.95 ], [ -58.76, -34.95 ], [ -58.76, -34.95 ], [ -58.76, -34.95 ], [ -58.76, -34.95 ], [ -58.76, -34.95 ], [ -58.76, -34.95 ], [ -58.76, -34.95 ], [ -58.76, -34.95 ], [ -58.76, -34.95 ], [ -58.76, -34.95 ], [ -58.76, -34.95 ], [ -58.76, -34.95 ], [ -58.75, -34.95 ], [ -58.75, -34.95 ], [ -58.75, -34.95 ], [ -58.75, -34.95 ], [ -58.75, -34.95 ], [ -58.75, -34.95 ], [ -58.75, -34.95 ], [ -58.75, -34.95 ], [ -58.75, -34.95 ], [ -58.75, -34.95 ], [ -58.75, -34.95 ], [ -58.75, -34.95 ], [ -58.75, -34.95 ], [ -58.75, -34.95 ], [ -58.75, -34.95 ], [ -58.75, -34.95 ], [ -58.75, -34.95 ], [ -58.75, -34.95 ], [ -58.75, -34.94 ], [ -58.75, -34.94 ], [ -58.75, -34.94 ], [ -58.75, -34.94 ], [ -58.75, -34.94 ], [ -58.75, -34.94 ], [ -58.75, -34.94 ], [ -58.75, -34.94 ], [ -58.75, -34.94 ], [ -58.75, -34.94 ], [ -58.75, -34.94 ], [ -58.75, -34.94 ], [ -58.75, -34.94 ], [ -58.75, -34.94 ], [ -58.75, -34.94 ], [ -58.75, -34.94 ], [ -58.75, -34.94 ], [ -58.74, -34.94 ], [ -58.74, -34.94 ], [ -58.74, -34.94 ], [ -58.74, -34.94 ], [ -58.74, -34.94 ], [ -58.74, -34.94 ], [ -58.74, -34.94 ], [ -58.74, -34.94 ], [ -58.74, -34.94 ], [ -58.74, -34.94 ], [ -58.74, -34.94 ], [ -58.74, -34.94 ], [ -58.74, -34.94 ], [ -58.74, -34.94 ], [ -58.74, -34.94 ], [ -58.74, -34.94 ], [ -58.74, -34.93 ], [ -58.74, -34.93 ], [ -58.73, -34.93 ], [ -58.73, -34.93 ], [ -58.73, -34.93 ], [ -58.73, -34.93 ], [ -58.73, -34.93 ], [ -58.73, -34.93 ], [ -58.73, -34.93 ], [ -58.73, -34.93 ], [ -58.73, -34.93 ], [ -58.73, -34.93 ], [ -58.73, -34.93 ], [ -58.73, -34.93 ], [ -58.73, -34.93 ], [ -58.73, -34.93 ], [ -58.73, -34.93 ], [ -58.73, -34.93 ], [ -58.73, -34.93 ], [ -58.73, -34.93 ], [ -58.73, -34.93 ], [ -58.73, -34.93 ], [ -58.73, -34.93 ], [ -58.73, -34.93 ], [ -58.73, -34.93 ], [ -58.73, -34.93 ], [ -58.73, -34.93 ], [ -58.73, -34.92 ], [ -58.73, -34.92 ], [ -58.73, -34.92 ], [ -58.73, -34.92 ], [ -58.73, -34.92 ], [ -58.72, -34.92 ], [ -58.72, -34.92 ], [ -58.72, -34.92 ], [ -58.72, -34.92 ], [ -58.72, -34.92 ], [ -58.72, -34.92 ], [ -58.72, -34.92 ], [ -58.72, -34.92 ], [ -58.72, -34.92 ], [ -58.72, -34.92 ], [ -58.72, -34.92 ], [ -58.72, -34.92 ], [ -58.72, -34.92 ], [ -58.72, -34.92 ], [ -58.72, -34.92 ], [ -58.72, -34.92 ], [ -58.72, -34.92 ], [ -58.72, -34.92 ], [ -58.72, -34.92 ], [ -58.72, -34.92 ], [ -58.72, -34.92 ], [ -58.71, -34.92 ], [ -58.71, -34.92 ], [ -58.71, -34.92 ], [ -58.71, -34.92 ], [ -58.71, -34.92 ], [ -58.71, -34.92 ], [ -58.71, -34.92 ], [ -58.71, -34.92 ], [ -58.71, -34.92 ], [ -58.71, -34.92 ], [ -58.71, -34.92 ], [ -58.71, -34.92 ], [ -58.71, -34.92 ], [ -58.71, -34.92 ], [ -58.71, -34.92 ], [ -58.71, -34.92 ], [ -58.7, -34.92 ], [ -58.7, -34.92 ], [ -58.7, -34.92 ], [ -58.7, -34.92 ], [ -58.7, -34.92 ], [ -58.7, -34.92 ], [ -58.7, -34.92 ], [ -58.7, -34.92 ], [ -58.7, -34.91 ], [ -58.7, -34.91 ], [ -58.7, -34.91 ], [ -58.7, -34.91 ], [ -58.7, -34.91 ], [ -58.7, -34.91 ], [ -58.7, -34.91 ], [ -58.7, -34.91 ], [ -58.7, -34.91 ], [ -58.7, -34.91 ], [ -58.69, -34.91 ], [ -58.69, -34.91 ], [ -58.69, -34.91 ], [ -58.69, -34.91 ], [ -58.69, -34.91 ], [ -58.69, -34.91 ], [ -58.7, -34.91 ], [ -58.7, -34.91 ], [ -58.7, -34.91 ], [ -58.7, -34.91 ], [ -58.71, -34.9 ], [ -58.71, -34.9 ], [ -58.71, -34.9 ], [ -58.71, -34.9 ], [ -58.72, -34.89 ], [ -58.72, -34.89 ], [ -58.72, -34.89 ], [ -58.72, -34.89 ], [ -58.73, -34.88 ], [ -58.73, -34.88 ], [ -58.74, -34.88 ], [ -58.74, -34.88 ], [ -58.74, -34.87 ], [ -58.75, -34.87 ], [ -58.75, -34.87 ], [ -58.76, -34.86 ], [ -58.76, -34.86 ], [ -58.76, -34.86 ], [ -58.76, -34.86 ], [ -58.75, -34.85 ], [ -58.75, -34.85 ], [ -58.75, -34.85 ], [ -58.76, -34.84 ], [ -58.76, -34.84 ], [ -58.77, -34.83 ], [ -58.77, -34.83 ], [ -58.77, -34.83 ], [ -58.77, -34.83 ], [ -58.77, -34.83 ], [ -58.77, -34.83 ], [ -58.77, -34.83 ], [ -58.77, -34.83 ], [ -58.77, -34.83 ], [ -58.77, -34.83 ], [ -58.77, -34.83 ], [ -58.77, -34.83 ], [ -58.77, -34.83 ], [ -58.77, -34.83 ], [ -58.77, -34.83 ], [ -58.77, -34.83 ], [ -58.77, -34.83 ], [ -58.77, -34.83 ], [ -58.77, -34.83 ], [ -58.77, -34.83 ], [ -58.77, -34.83 ], [ -58.77, -34.83 ], [ -58.77, -34.83 ], [ -58.77, -34.83 ], [ -58.77, -34.83 ], [ -58.77, -34.83 ], [ -58.77, -34.83 ], [ -58.77, -34.83 ], [ -58.77, -34.83 ], [ -58.77, -34.83 ], [ -58.77, -34.83 ], [ -58.77, -34.83 ], [ -58.77, -34.83 ], [ -58.77, -34.83 ], [ -58.77, -34.83 ], [ -58.77, -34.83 ], [ -58.77, -34.83 ], [ -58.77, -34.83 ], [ -58.77, -34.83 ], [ -58.77, -34.83 ], [ -58.77, -34.83 ], [ -58.77, -34.83 ], [ -58.77, -34.83 ], [ -58.77, -34.83 ], [ -58.77, -34.83 ], [ -58.77, -34.83 ], [ -58.77, -34.83 ], [ -58.77, -34.83 ], [ -58.77, -34.83 ], [ -58.76, -34.83 ], [ -58.76, -34.83 ], [ -58.76, -34.83 ], [ -58.76, -34.83 ], [ -58.76, -34.83 ], [ -58.76, -34.83 ], [ -58.76, -34.83 ], [ -58.76, -34.83 ], [ -58.76, -34.83 ], [ -58.76, -34.83 ], [ -58.76, -34.83 ], [ -58.76, -34.83 ], [ -58.76, -34.83 ], [ -58.76, -34.83 ], [ -58.76, -34.83 ], [ -58.76, -34.83 ], [ -58.76, -34.83 ], [ -58.76, -34.83 ], [ -58.76, -34.83 ], [ -58.76, -34.83 ], [ -58.76, -34.83 ], [ -58.76, -34.83 ], [ -58.76, -34.83 ], [ -58.76, -34.83 ], [ -58.76, -34.83 ], [ -58.76, -34.83 ], [ -58.76, -34.83 ], [ -58.76, -34.83 ], [ -58.76, -34.83 ], [ -58.76, -34.83 ], [ -58.76, -34.83 ], [ -58.76, -34.83 ], [ -58.76, -34.83 ], [ -58.76, -34.83 ], [ -58.76, -34.83 ], [ -58.75, -34.83 ], [ -58.75, -34.83 ], [ -58.75, -34.83 ], [ -58.75, -34.83 ], [ -58.75, -34.83 ], [ -58.75, -34.83 ], [ -58.75, -34.83 ], [ -58.75, -34.83 ], [ -58.75, -34.83 ], [ -58.75, -34.83 ], [ -58.75, -34.83 ], [ -58.75, -34.83 ], [ -58.75, -34.83 ], [ -58.75, -34.83 ], [ -58.75, -34.83 ], [ -58.75, -34.83 ], [ -58.75, -34.83 ], [ -58.75, -34.83 ], [ -58.75, -34.83 ], [ -58.75, -34.83 ], [ -58.75, -34.83 ], [ -58.75, -34.83 ], [ -58.75, -34.83 ], [ -58.75, -34.83 ], [ -58.75, -34.83 ], [ -58.75, -34.83 ], [ -58.75, -34.83 ], [ -58.75, -34.83 ], [ -58.75, -34.83 ], [ -58.75, -34.83 ], [ -58.75, -34.83 ], [ -58.75, -34.83 ], [ -58.75, -34.83 ], [ -58.75, -34.83 ], [ -58.75, -34.83 ], [ -58.75, -34.83 ], [ -58.75, -34.83 ], [ -58.75, -34.83 ], [ -58.75, -34.83 ], [ -58.75, -34.83 ], [ -58.75, -34.83 ], [ -58.75, -34.83 ], [ -58.75, -34.83 ], [ -58.75, -34.83 ], [ -58.75, -34.83 ], [ -58.75, -34.83 ], [ -58.75, -34.82 ], [ -58.75, -34.82 ], [ -58.75, -34.82 ], [ -58.75, -34.82 ], [ -58.75, -34.82 ], [ -58.75, -34.82 ], [ -58.75, -34.82 ], [ -58.75, -34.82 ], [ -58.75, -34.82 ], [ -58.75, -34.82 ], [ -58.75, -34.83 ], [ -58.75, -34.83 ], [ -58.74, -34.83 ], [ -58.74, -34.83 ], [ -58.74, -34.83 ], [ -58.74, -34.83 ], [ -58.74, -34.83 ], [ -58.74, -34.83 ], [ -58.74, -34.83 ], [ -58.74, -34.83 ], [ -58.74, -34.83 ], [ -58.74, -34.83 ], [ -58.74, -34.83 ], [ -58.74, -34.83 ], [ -58.74, -34.83 ], [ -58.74, -34.83 ], [ -58.74, -34.83 ], [ -58.74, -34.83 ], [ -58.74, -34.83 ], [ -58.74, -34.82 ], [ -58.74, -34.82 ], [ -58.74, -34.82 ], [ -58.74, -34.82 ], [ -58.74, -34.82 ], [ -58.74, -34.82 ], [ -58.74, -34.82 ], [ -58.74, -34.82 ], [ -58.74, -34.82 ], [ -58.74, -34.82 ], [ -58.74, -34.82 ], [ -58.74, -34.82 ], [ -58.74, -34.82 ], [ -58.74, -34.82 ], [ -58.74, -34.82 ], [ -58.74, -34.82 ], [ -58.74, -34.82 ], [ -58.74, -34.82 ], [ -58.74, -34.82 ], [ -58.74, -34.82 ], [ -58.74, -34.82 ], [ -58.74, -34.82 ], [ -58.74, -34.82 ], [ -58.74, -34.82 ], [ -58.74, -34.82 ], [ -58.74, -34.82 ], [ -58.74, -34.82 ], [ -58.74, -34.82 ], [ -58.74, -34.82 ], [ -58.74, -34.82 ], [ -58.74, -34.82 ], [ -58.74, -34.82 ], [ -58.74, -34.82 ], [ -58.74, -34.82 ], [ -58.74, -34.82 ], [ -58.74, -34.82 ], [ -58.74, -34.82 ], [ -58.74, -34.82 ], [ -58.74, -34.82 ], [ -58.74, -34.82 ], [ -58.74, -34.82 ], [ -58.74, -34.82 ], [ -58.74, -34.82 ], [ -58.74, -34.82 ], [ -58.74, -34.82 ], [ -58.74, -34.82 ], [ -58.74, -34.82 ], [ -58.74, -34.82 ], [ -58.74, -34.82 ], [ -58.74, -34.82 ], [ -58.74, -34.82 ], [ -58.74, -34.82 ], [ -58.74, -34.82 ], [ -58.74, -34.82 ], [ -58.74, -34.82 ], [ -58.74, -34.82 ], [ -58.74, -34.82 ], [ -58.74, -34.82 ], [ -58.74, -34.82 ], [ -58.74, -34.82 ], [ -58.74, -34.82 ], [ -58.74, -34.82 ], [ -58.74, -34.82 ], [ -58.73, -34.82 ], [ -58.73, -34.82 ], [ -58.73, -34.82 ], [ -58.73, -34.82 ], [ -58.73, -34.82 ], [ -58.73, -34.82 ], [ -58.73, -34.82 ], [ -58.73, -34.82 ], [ -58.73, -34.82 ], [ -58.73, -34.82 ], [ -58.73, -34.82 ], [ -58.73, -34.82 ], [ -58.73, -34.82 ], [ -58.73, -34.82 ], [ -58.73, -34.82 ], [ -58.73, -34.82 ], [ -58.73, -34.82 ], [ -58.73, -34.82 ], [ -58.73, -34.82 ], [ -58.73, -34.82 ], [ -58.73, -34.82 ], [ -58.73, -34.82 ], [ -58.73, -34.82 ], [ -58.73, -34.82 ], [ -58.73, -34.82 ], [ -58.73, -34.82 ], [ -58.73, -34.82 ], [ -58.73, -34.82 ], [ -58.73, -34.82 ], [ -58.73, -34.82 ], [ -58.73, -34.82 ], [ -58.73, -34.82 ], [ -58.73, -34.82 ], [ -58.73, -34.82 ], [ -58.73, -34.82 ], [ -58.73, -34.82 ], [ -58.73, -34.82 ], [ -58.73, -34.82 ], [ -58.73, -34.82 ], [ -58.73, -34.82 ], [ -58.73, -34.82 ], [ -58.73, -34.82 ], [ -58.73, -34.82 ], [ -58.73, -34.82 ], [ -58.73, -34.82 ], [ -58.73, -34.82 ], [ -58.73, -34.82 ], [ -58.73, -34.82 ], [ -58.73, -34.82 ], [ -58.73, -34.82 ], [ -58.73, -34.82 ], [ -58.73, -34.82 ], [ -58.73, -34.82 ], [ -58.73, -34.82 ], [ -58.73, -34.82 ], [ -58.73, -34.82 ], [ -58.73, -34.82 ], [ -58.73, -34.82 ], [ -58.73, -34.82 ], [ -58.73, -34.82 ], [ -58.73, -34.82 ], [ -58.73, -34.82 ], [ -58.73, -34.82 ], [ -58.73, -34.82 ], [ -58.73, -34.82 ], [ -58.73, -34.82 ], [ -58.73, -34.82 ], [ -58.73, -34.82 ], [ -58.73, -34.82 ], [ -58.73, -34.82 ], [ -58.73, -34.82 ], [ -58.73, -34.82 ], [ -58.73, -34.82 ], [ -58.73, -34.82 ], [ -58.73, -34.82 ], [ -58.73, -34.82 ], [ -58.73, -34.82 ], [ -58.73, -34.82 ], [ -58.73, -34.82 ], [ -58.73, -34.82 ], [ -58.73, -34.82 ], [ -58.73, -34.82 ], [ -58.73, -34.82 ], [ -58.73, -34.82 ], [ -58.73, -34.82 ], [ -58.73, -34.82 ], [ -58.73, -34.82 ], [ -58.73, -34.82 ], [ -58.73, -34.82 ], [ -58.73, -34.82 ], [ -58.73, -34.82 ], [ -58.73, -34.82 ], [ -58.73, -34.82 ], [ -58.73, -34.82 ], [ -58.73, -34.82 ], [ -58.73, -34.82 ], [ -58.73, -34.82 ], [ -58.73, -34.82 ], [ -58.73, -34.82 ], [ -58.72, -34.82 ], [ -58.72, -34.82 ], [ -58.72, -34.82 ], [ -58.72, -34.82 ], [ -58.72, -34.82 ], [ -58.72, -34.82 ], [ -58.72, -34.82 ], [ -58.72, -34.82 ], [ -58.72, -34.82 ], [ -58.72, -34.82 ], [ -58.72, -34.82 ], [ -58.72, -34.82 ], [ -58.72, -34.82 ], [ -58.72, -34.82 ], [ -58.72, -34.82 ], [ -58.72, -34.82 ], [ -58.72, -34.82 ], [ -58.72, -34.82 ], [ -58.72, -34.82 ], [ -58.72, -34.82 ], [ -58.72, -34.82 ], [ -58.72, -34.82 ], [ -58.72, -34.82 ], [ -58.72, -34.82 ], [ -58.72, -34.82 ], [ -58.72, -34.82 ], [ -58.72, -34.82 ], [ -58.72, -34.82 ], [ -58.72, -34.82 ], [ -58.72, -34.82 ], [ -58.72, -34.82 ], [ -58.72, -34.82 ], [ -58.72, -34.82 ], [ -58.72, -34.82 ], [ -58.72, -34.82 ], [ -58.72, -34.82 ], [ -58.72, -34.82 ], [ -58.72, -34.82 ], [ -58.72, -34.82 ], [ -58.72, -34.82 ], [ -58.72, -34.82 ], [ -58.72, -34.82 ], [ -58.72, -34.82 ], [ -58.72, -34.82 ], [ -58.72, -34.82 ], [ -58.72, -34.82 ], [ -58.72, -34.82 ], [ -58.72, -34.82 ], [ -58.72, -34.82 ], [ -58.72, -34.82 ], [ -58.72, -34.82 ], [ -58.72, -34.82 ], [ -58.72, -34.82 ], [ -58.72, -34.82 ], [ -58.72, -34.82 ], [ -58.72, -34.82 ], [ -58.72, -34.82 ], [ -58.72, -34.82 ], [ -58.72, -34.82 ], [ -58.72, -34.82 ], [ -58.72, -34.82 ], [ -58.72, -34.82 ], [ -58.72, -34.82 ], [ -58.72, -34.82 ], [ -58.72, -34.82 ], [ -58.72, -34.82 ], [ -58.72, -34.82 ], [ -58.72, -34.82 ], [ -58.72, -34.82 ], [ -58.72, -34.82 ], [ -58.72, -34.82 ], [ -58.72, -34.82 ], [ -58.72, -34.82 ], [ -58.72, -34.82 ], [ -58.72, -34.82 ], [ -58.72, -34.82 ], [ -58.72, -34.82 ], [ -58.72, -34.82 ], [ -58.72, -34.82 ], [ -58.72, -34.82 ], [ -58.72, -34.82 ], [ -58.72, -34.82 ], [ -58.71, -34.82 ], [ -58.71, -34.82 ], [ -58.71, -34.82 ], [ -58.71, -34.82 ], [ -58.71, -34.82 ], [ -58.71, -34.82 ], [ -58.71, -34.82 ], [ -58.71, -34.82 ], [ -58.71, -34.82 ], [ -58.71, -34.82 ], [ -58.71, -34.82 ], [ -58.71, -34.82 ], [ -58.71, -34.82 ], [ -58.71, -34.82 ], [ -58.71, -34.82 ], [ -58.71, -34.82 ], [ -58.71, -34.82 ], [ -58.71, -34.82 ], [ -58.71, -34.82 ], [ -58.71, -34.82 ], [ -58.71, -34.82 ], [ -58.71, -34.82 ], [ -58.71, -34.82 ], [ -58.71, -34.82 ], [ -58.71, -34.82 ], [ -58.71, -34.82 ], [ -58.71, -34.82 ], [ -58.71, -34.82 ], [ -58.71, -34.82 ], [ -58.71, -34.82 ], [ -58.71, -34.82 ], [ -58.71, -34.82 ], [ -58.71, -34.82 ], [ -58.71, -34.82 ], [ -58.71, -34.81 ], [ -58.71, -34.81 ], [ -58.71, -34.81 ], [ -58.71, -34.81 ], [ -58.71, -34.81 ], [ -58.71, -34.81 ], [ -58.71, -34.81 ], [ -58.71, -34.81 ], [ -58.71, -34.81 ], [ -58.71, -34.81 ], [ -58.71, -34.81 ], [ -58.71, -34.81 ], [ -58.71, -34.81 ], [ -58.71, -34.81 ], [ -58.71, -34.81 ], [ -58.71, -34.81 ], [ -58.71, -34.81 ], [ -58.71, -34.81 ], [ -58.71, -34.81 ], [ -58.71, -34.81 ], [ -58.71, -34.81 ], [ -58.71, -34.81 ], [ -58.71, -34.81 ], [ -58.71, -34.81 ], [ -58.71, -34.81 ], [ -58.71, -34.81 ], [ -58.71, -34.81 ], [ -58.71, -34.81 ], [ -58.71, -34.81 ], [ -58.71, -34.81 ], [ -58.71, -34.81 ], [ -58.71, -34.81 ], [ -58.71, -34.81 ], [ -58.71, -34.81 ], [ -58.71, -34.81 ], [ -58.71, -34.81 ], [ -58.71, -34.81 ], [ -58.71, -34.81 ], [ -58.71, -34.81 ], [ -58.71, -34.81 ], [ -58.71, -34.81 ], [ -58.71, -34.81 ], [ -58.71, -34.81 ], [ -58.71, -34.81 ], [ -58.71, -34.81 ], [ -58.71, -34.81 ], [ -58.71, -34.81 ], [ -58.71, -34.81 ], [ -58.71, -34.81 ], [ -58.71, -34.81 ], [ -58.71, -34.81 ], [ -58.71, -34.81 ], [ -58.71, -34.81 ], [ -58.71, -34.81 ], [ -58.71, -34.81 ], [ -58.71, -34.81 ], [ -58.71, -34.81 ], [ -58.71, -34.81 ], [ -58.71, -34.81 ], [ -58.72, -34.8 ], [ -58.73, -34.8 ], [ -58.73, -34.8 ], [ -58.73, -34.8 ], [ -58.73, -34.79 ], [ -58.73, -34.79 ], [ -58.74, -34.79 ], [ -58.74, -34.78 ], [ -58.74, -34.78 ], [ -58.75, -34.78 ], [ -58.75, -34.78 ], [ -58.75, -34.78 ], [ -58.75, -34.78 ], [ -58.75, -34.78 ], [ -58.75, -34.78 ], [ -58.75, -34.78 ], [ -58.76, -34.77 ], [ -58.76, -34.77 ], [ -58.76, -34.77 ], [ -58.77, -34.76 ], [ -58.77, -34.76 ], [ -58.77, -34.76 ], [ -58.77, -34.76 ], [ -58.78, -34.76 ], [ -58.78, -34.76 ], [ -58.78, -34.75 ], [ -58.79, -34.75 ], [ -58.79, -34.75 ], [ -58.79, -34.75 ], [ -58.8, -34.75 ], [ -58.8, -34.74 ], [ -58.8, -34.74 ], [ -58.8, -34.74 ], [ -58.8, -34.74 ], [ -58.8, -34.74 ], [ -58.8, -34.74 ], [ -58.81, -34.74 ], [ -58.81, -34.74 ], [ -58.81, -34.74 ], [ -58.81, -34.74 ], [ -58.81, -34.73 ], [ -58.82, -34.73 ], [ -58.82, -34.73 ], [ -58.82, -34.73 ], [ -58.83, -34.73 ], [ -58.83, -34.72 ], [ -58.83, -34.72 ], [ -58.83, -34.72 ], [ -58.83, -34.72 ], [ -58.83, -34.72 ], [ -58.84, -34.72 ], [ -58.84, -34.71 ], [ -58.85, -34.71 ], [ -58.85, -34.71 ], [ -58.85, -34.71 ], [ -58.86, -34.7 ], [ -58.86, -34.7 ], [ -58.86, -34.7 ], [ -58.86, -34.7 ], [ -58.86, -34.7 ], [ -58.86, -34.7 ], [ -58.86, -34.7 ], [ -58.86, -34.7 ], [ -58.86, -34.7 ], [ -58.86, -34.7 ], [ -58.86, -34.7 ], [ -58.86, -34.7 ], [ -58.86, -34.69 ], [ -58.86, -34.69 ], [ -58.86, -34.69 ], [ -58.86, -34.69 ], [ -58.86, -34.69 ], [ -58.86, -34.69 ], [ -58.86, -34.69 ], [ -58.86, -34.69 ], [ -58.86, -34.69 ], [ -58.86, -34.69 ], [ -58.86, -34.69 ], [ -58.86, -34.69 ], [ -58.86, -34.69 ], [ -58.86, -34.69 ], [ -58.86, -34.69 ], [ -58.86, -34.69 ], [ -58.86, -34.69 ], [ -58.86, -34.69 ], [ -58.86, -34.69 ], [ -58.86, -34.69 ], [ -58.86, -34.69 ], [ -58.86, -34.69 ], [ -58.86, -34.69 ], [ -58.86, -34.69 ], [ -58.86, -34.69 ], [ -58.86, -34.69 ], [ -58.86, -34.69 ], [ -58.86, -34.68 ], [ -58.86, -34.68 ], [ -58.86, -34.68 ] ] ] ] } },
{ "type": "Feature", "properties": { "id": null, "comuna": null, "perimetro_": null, "area_metro": null, "nam": "San Fernando", "cca": "096", "cde": "06749", "fna": "Partido de San Fernando", "gna": "Partido", "ara3": 24.05, "arl": 877.08 }, "geometry": { "type": "MultiPolygon", "coordinates": [ [ [ [ -58.56, -34.42 ], [ -58.56, -34.42 ], [ -58.56, -34.43 ], [ -58.56, -34.43 ], [ -58.56, -34.43 ], [ -58.56, -34.43 ], [ -58.56, -34.43 ], [ -58.56, -34.43 ], [ -58.57, -34.43 ], [ -58.57, -34.43 ], [ -58.57, -34.43 ], [ -58.57, -34.43 ], [ -58.57, -34.44 ], [ -58.57, -34.44 ], [ -58.57, -34.44 ], [ -58.57, -34.44 ], [ -58.57, -34.44 ], [ -58.57, -34.44 ], [ -58.57, -34.44 ], [ -58.57, -34.44 ], [ -58.57, -34.44 ], [ -58.57, -34.44 ], [ -58.58, -34.44 ], [ -58.58, -34.44 ], [ -58.58, -34.44 ], [ -58.58, -34.44 ], [ -58.58, -34.44 ], [ -58.6, -34.45 ], [ -58.59, -34.45 ], [ -58.59, -34.45 ], [ -58.59, -34.45 ], [ -58.59, -34.45 ], [ -58.59, -34.45 ], [ -58.59, -34.45 ], [ -58.59, -34.45 ], [ -58.59, -34.45 ], [ -58.59, -34.45 ], [ -58.59, -34.45 ], [ -58.59, -34.45 ], [ -58.59, -34.46 ], [ -58.59, -34.46 ], [ -58.59, -34.46 ], [ -58.59, -34.46 ], [ -58.6, -34.46 ], [ -58.6, -34.46 ], [ -58.6, -34.46 ], [ -58.59, -34.46 ], [ -58.59, -34.46 ], [ -58.59, -34.46 ], [ -58.59, -34.46 ], [ -58.59, -34.46 ], [ -58.59, -34.46 ], [ -58.59, -34.46 ], [ -58.59, -34.46 ], [ -58.59, -34.46 ], [ -58.6, -34.46 ], [ -58.6, -34.46 ], [ -58.6, -34.46 ], [ -58.6, -34.46 ], [ -58.6, -34.46 ], [ -58.6, -34.46 ], [ -58.6, -34.46 ], [ -58.6, -34.46 ], [ -58.6, -34.46 ], [ -58.6, -34.46 ], [ -58.6, -34.46 ], [ -58.6, -34.47 ], [ -58.6, -34.47 ], [ -58.6, -34.47 ], [ -58.6, -34.47 ], [ -58.6, -34.47 ], [ -58.6, -34.47 ], [ -58.6, -34.47 ], [ -58.6, -34.47 ], [ -58.6, -34.47 ], [ -58.6, -34.47 ], [ -58.6, -34.47 ], [ -58.6, -34.47 ], [ -58.6, -34.47 ], [ -58.6, -34.47 ], [ -58.6, -34.47 ], [ -58.6, -34.47 ], [ -58.6, -34.47 ], [ -58.6, -34.47 ], [ -58.6, -34.47 ], [ -58.6, -34.47 ], [ -58.6, -34.47 ], [ -58.6, -34.47 ], [ -58.6, -34.47 ], [ -58.6, -34.47 ], [ -58.6, -34.47 ], [ -58.6, -34.47 ], [ -58.6, -34.48 ], [ -58.6, -34.48 ], [ -58.6, -34.48 ], [ -58.6, -34.48 ], [ -58.6, -34.48 ], [ -58.6, -34.48 ], [ -58.6, -34.48 ], [ -58.6, -34.48 ], [ -58.6, -34.48 ], [ -58.6, -34.48 ], [ -58.6, -34.48 ], [ -58.6, -34.48 ], [ -58.6, -34.48 ], [ -58.6, -34.48 ], [ -58.61, -34.48 ], [ -58.61, -34.48 ], [ -58.61, -34.48 ], [ -58.61, -34.48 ], [ -58.61, -34.48 ], [ -58.61, -34.48 ], [ -58.61, -34.48 ], [ -58.61, -34.48 ], [ -58.6, -34.48 ], [ -58.6, -34.48 ], [ -58.6, -34.48 ], [ -58.6, -34.48 ], [ -58.6, -34.48 ], [ -58.6, -34.48 ], [ -58.6, -34.48 ], [ -58.6, -34.49 ], [ -58.6, -34.49 ], [ -58.6, -34.49 ], [ -58.6, -34.49 ], [ -58.6, -34.49 ], [ -58.6, -34.49 ], [ -58.6, -34.49 ], [ -58.6, -34.49 ], [ -58.6, -34.49 ], [ -58.59, -34.49 ], [ -58.59, -34.48 ], [ -58.59, -34.48 ], [ -58.58, -34.48 ], [ -58.58, -34.48 ], [ -58.58, -34.48 ], [ -58.58, -34.48 ], [ -58.58, -34.48 ], [ -58.58, -34.48 ], [ -58.57, -34.48 ], [ -58.57, -34.48 ], [ -58.57, -34.47 ], [ -58.57, -34.47 ], [ -58.57, -34.47 ], [ -58.57, -34.47 ], [ -58.56, -34.47 ], [ -58.55, -34.46 ], [ -58.55, -34.46 ], [ -58.55, -34.46 ], [ -58.55, -34.46 ], [ -58.54, -34.46 ], [ -58.54, -34.46 ], [ -58.54, -34.46 ], [ -58.53, -34.46 ], [ -58.53, -34.46 ], [ -58.53, -34.46 ], [ -58.53, -34.45 ], [ -58.53, -34.45 ], [ -58.53, -34.45 ], [ -58.53, -34.45 ], [ -58.53, -34.45 ], [ -58.52, -34.45 ], [ -58.52, -34.45 ], [ -58.52, -34.45 ], [ -58.52, -34.45 ], [ -58.52, -34.45 ], [ -58.52, -34.45 ], [ -58.52, -34.45 ], [ -58.52, -34.45 ], [ -58.52, -34.45 ], [ -58.52, -34.44 ], [ -58.52, -34.44 ], [ -58.52, -34.44 ], [ -58.53, -34.44 ], [ -58.53, -34.44 ], [ -58.53, -34.44 ], [ -58.53, -34.44 ], [ -58.53, -34.44 ], [ -58.53, -34.44 ], [ -58.53, -34.44 ], [ -58.54, -34.44 ], [ -58.54, -34.44 ], [ -58.54, -34.44 ], [ -58.54, -34.44 ], [ -58.54, -34.43 ], [ -58.54, -34.43 ], [ -58.54, -34.43 ], [ -58.54, -34.43 ], [ -58.54, -34.43 ], [ -58.54, -34.43 ], [ -58.54, -34.43 ], [ -58.54, -34.43 ], [ -58.54, -34.43 ], [ -58.54, -34.43 ], [ -58.55, -34.43 ], [ -58.55, -34.43 ], [ -58.55, -34.43 ], [ -58.55, -34.43 ], [ -58.56, -34.42 ] ] ] ] } },
{ "type": "Feature", "properties": { "id": null, "comuna": null, "perimetro_": null, "area_metro": null, "nam": "José C. Paz", "cca": "132", "cde": "06412", "fna": "Partido de José C. Paz", "gna": "Partido", "ara3": 50.01, "arl": 50.16 }, "geometry": { "type": "MultiPolygon", "coordinates": [ [ [ [ -58.81, -34.48 ], [ -58.81, -34.48 ], [ -58.81, -34.48 ], [ -58.81, -34.48 ], [ -58.81, -34.48 ], [ -58.81, -34.48 ], [ -58.81, -34.48 ], [ -58.81, -34.48 ], [ -58.81, -34.48 ], [ -58.81, -34.48 ], [ -58.81, -34.48 ], [ -58.81, -34.48 ], [ -58.81, -34.48 ], [ -58.81, -34.48 ], [ -58.81, -34.48 ], [ -58.81, -34.48 ], [ -58.81, -34.48 ], [ -58.81, -34.48 ], [ -58.81, -34.48 ], [ -58.81, -34.48 ], [ -58.81, -34.48 ], [ -58.81, -34.48 ], [ -58.81, -34.48 ], [ -58.81, -34.48 ], [ -58.81, -34.48 ], [ -58.81, -34.49 ], [ -58.81, -34.49 ], [ -58.81, -34.49 ], [ -58.81, -34.49 ], [ -58.81, -34.49 ], [ -58.81, -34.49 ], [ -58.81, -34.49 ], [ -58.81, -34.49 ], [ -58.81, -34.49 ], [ -58.81, -34.49 ], [ -58.81, -34.49 ], [ -58.81, -34.49 ], [ -58.81, -34.49 ], [ -58.81, -34.49 ], [ -58.81, -34.49 ], [ -58.81, -34.49 ], [ -58.81, -34.49 ], [ -58.81, -34.49 ], [ -58.81, -34.49 ], [ -58.81, -34.49 ], [ -58.81, -34.49 ], [ -58.81, -34.49 ], [ -58.81, -34.49 ], [ -58.81, -34.49 ], [ -58.81, -34.49 ], [ -58.81, -34.49 ], [ -58.81, -34.49 ], [ -58.81, -34.49 ], [ -58.81, -34.49 ], [ -58.81, -34.49 ], [ -58.81, -34.49 ], [ -58.81, -34.49 ], [ -58.81, -34.49 ], [ -58.81, -34.49 ], [ -58.81, -34.49 ], [ -58.81, -34.49 ], [ -58.81, -34.49 ], [ -58.81, -34.49 ], [ -58.81, -34.49 ], [ -58.81, -34.49 ], [ -58.81, -34.49 ], [ -58.81, -34.49 ], [ -58.81, -34.49 ], [ -58.81, -34.49 ], [ -58.81, -34.49 ], [ -58.81, -34.49 ], [ -58.81, -34.49 ], [ -58.81, -34.49 ], [ -58.81, -34.49 ], [ -58.81, -34.49 ], [ -58.81, -34.49 ], [ -58.81, -34.49 ], [ -58.81, -34.49 ], [ -58.81, -34.49 ], [ -58.81, -34.49 ], [ -58.81, -34.49 ], [ -58.81, -34.49 ], [ -58.81, -34.49 ], [ -58.81, -34.49 ], [ -58.81, -34.49 ], [ -58.81, -34.49 ], [ -58.81, -34.49 ], [ -58.81, -34.49 ], [ -58.81, -34.49 ], [ -58.81, -34.49 ], [ -58.81, -34.49 ], [ -58.81, -34.49 ], [ -58.81, -34.49 ], [ -58.81, -34.49 ], [ -58.81, -34.49 ], [ -58.81, -34.49 ], [ -58.81, -34.49 ], [ -58.81, -34.49 ], [ -58.81, -34.49 ], [ -58.81, -34.49 ], [ -58.81, -34.49 ], [ -58.81, -34.49 ], [ -58.81, -34.49 ], [ -58.81, -34.49 ], [ -58.82, -34.49 ], [ -58.82, -34.49 ], [ -58.82, -34.49 ], [ -58.82, -34.49 ], [ -58.82, -34.49 ], [ -58.82, -34.49 ], [ -58.82, -34.49 ], [ -58.82, -34.49 ], [ -58.82, -34.49 ], [ -58.82, -34.49 ], [ -58.82, -34.49 ], [ -58.82, -34.49 ], [ -58.82, -34.49 ], [ -58.82, -34.49 ], [ -58.82, -34.49 ], [ -58.82, -34.49 ], [ -58.82, -34.49 ], [ -58.82, -34.49 ], [ -58.82, -34.49 ], [ -58.82, -34.49 ], [ -58.82, -34.49 ], [ -58.82, -34.49 ], [ -58.82, -34.49 ], [ -58.82, -34.49 ], [ -58.82, -34.49 ], [ -58.82, -34.49 ], [ -58.82, -34.49 ], [ -58.82, -34.49 ], [ -58.82, -34.49 ], [ -58.82, -34.49 ], [ -58.82, -34.5 ], [ -58.82, -34.5 ], [ -58.82, -34.5 ], [ -58.82, -34.5 ], [ -58.82, -34.5 ], [ -58.82, -34.5 ], [ -58.82, -34.5 ], [ -58.82, -34.5 ], [ -58.82, -34.5 ], [ -58.82, -34.5 ], [ -58.82, -34.5 ], [ -58.82, -34.5 ], [ -58.82, -34.5 ], [ -58.82, -34.5 ], [ -58.82, -34.5 ], [ -58.82, -34.5 ], [ -58.82, -34.5 ], [ -58.82, -34.5 ], [ -58.82, -34.5 ], [ -58.82, -34.5 ], [ -58.82, -34.5 ], [ -58.82, -34.5 ], [ -58.82, -34.5 ], [ -58.82, -34.5 ], [ -58.82, -34.5 ], [ -58.82, -34.5 ], [ -58.82, -34.5 ], [ -58.82, -34.5 ], [ -58.82, -34.5 ], [ -58.82, -34.5 ], [ -58.82, -34.5 ], [ -58.82, -34.5 ], [ -58.82, -34.5 ], [ -58.82, -34.5 ], [ -58.82, -34.5 ], [ -58.82, -34.5 ], [ -58.82, -34.5 ], [ -58.82, -34.5 ], [ -58.82, -34.5 ], [ -58.82, -34.5 ], [ -58.82, -34.5 ], [ -58.82, -34.5 ], [ -58.82, -34.5 ], [ -58.82, -34.5 ], [ -58.82, -34.5 ], [ -58.82, -34.5 ], [ -58.82, -34.5 ], [ -58.82, -34.5 ], [ -58.82, -34.5 ], [ -58.82, -34.5 ], [ -58.82, -34.5 ], [ -58.82, -34.5 ], [ -58.82, -34.5 ], [ -58.82, -34.5 ], [ -58.82, -34.51 ], [ -58.82, -34.51 ], [ -58.82, -34.51 ], [ -58.82, -34.51 ], [ -58.82, -34.51 ], [ -58.82, -34.51 ], [ -58.82, -34.51 ], [ -58.82, -34.51 ], [ -58.82, -34.51 ], [ -58.82, -34.51 ], [ -58.82, -34.51 ], [ -58.82, -34.51 ], [ -58.82, -34.51 ], [ -58.82, -34.51 ], [ -58.82, -34.51 ], [ -58.82, -34.51 ], [ -58.82, -34.51 ], [ -58.82, -34.51 ], [ -58.82, -34.51 ], [ -58.82, -34.51 ], [ -58.81, -34.52 ], [ -58.81, -34.53 ], [ -58.8, -34.53 ], [ -58.8, -34.53 ], [ -58.8, -34.53 ], [ -58.8, -34.54 ], [ -58.79, -34.54 ], [ -58.79, -34.54 ], [ -58.79, -34.55 ], [ -58.78, -34.55 ], [ -58.78, -34.56 ], [ -58.78, -34.56 ], [ -58.77, -34.55 ], [ -58.77, -34.55 ], [ -58.77, -34.55 ], [ -58.76, -34.55 ], [ -58.76, -34.55 ], [ -58.76, -34.55 ], [ -58.76, -34.55 ], [ -58.76, -34.55 ], [ -58.75, -34.55 ], [ -58.75, -34.55 ], [ -58.75, -34.54 ], [ -58.74, -34.54 ], [ -58.73, -34.53 ], [ -58.73, -34.53 ], [ -58.73, -34.53 ], [ -58.73, -34.53 ], [ -58.72, -34.52 ], [ -58.72, -34.52 ], [ -58.72, -34.52 ], [ -58.72, -34.52 ], [ -58.72, -34.52 ], [ -58.73, -34.51 ], [ -58.73, -34.51 ], [ -58.73, -34.51 ], [ -58.74, -34.51 ], [ -58.75, -34.5 ], [ -58.75, -34.5 ], [ -58.75, -34.5 ], [ -58.76, -34.5 ], [ -58.76, -34.49 ], [ -58.76, -34.49 ], [ -58.77, -34.49 ], [ -58.77, -34.49 ], [ -58.77, -34.49 ], [ -58.77, -34.49 ], [ -58.77, -34.49 ], [ -58.78, -34.48 ], [ -58.78, -34.48 ], [ -58.78, -34.48 ], [ -58.78, -34.48 ], [ -58.78, -34.48 ], [ -58.78, -34.48 ], [ -58.79, -34.47 ], [ -58.8, -34.46 ], [ -58.81, -34.46 ], [ -58.81, -34.46 ], [ -58.81, -34.46 ], [ -58.82, -34.46 ], [ -58.82, -34.46 ], [ -58.82, -34.45 ], [ -58.82, -34.45 ], [ -58.82, -34.45 ], [ -58.82, -34.45 ], [ -58.82, -34.45 ], [ -58.82, -34.45 ], [ -58.82, -34.45 ], [ -58.82, -34.45 ], [ -58.82, -34.45 ], [ -58.82, -34.45 ], [ -58.82, -34.45 ], [ -58.82, -34.45 ], [ -58.82, -34.45 ], [ -58.82, -34.45 ], [ -58.82, -34.45 ], [ -58.82, -34.45 ], [ -58.82, -34.45 ], [ -58.82, -34.45 ], [ -58.82, -34.45 ], [ -58.82, -34.45 ], [ -58.82, -34.45 ], [ -58.82, -34.45 ], [ -58.82, -34.45 ], [ -58.82, -34.45 ], [ -58.82, -34.45 ], [ -58.82, -34.45 ], [ -58.82, -34.45 ], [ -58.82, -34.45 ], [ -58.82, -34.45 ], [ -58.82, -34.45 ], [ -58.82, -34.45 ], [ -58.82, -34.45 ], [ -58.82, -34.45 ], [ -58.82, -34.45 ], [ -58.82, -34.45 ], [ -58.82, -34.45 ], [ -58.82, -34.45 ], [ -58.82, -34.45 ], [ -58.82, -34.45 ], [ -58.82, -34.45 ], [ -58.82, -34.45 ], [ -58.82, -34.45 ], [ -58.82, -34.45 ], [ -58.82, -34.45 ], [ -58.82, -34.45 ], [ -58.82, -34.45 ], [ -58.82, -34.45 ], [ -58.82, -34.45 ], [ -58.82, -34.45 ], [ -58.82, -34.45 ], [ -58.82, -34.45 ], [ -58.82, -34.45 ], [ -58.82, -34.45 ], [ -58.82, -34.45 ], [ -58.82, -34.45 ], [ -58.82, -34.45 ], [ -58.82, -34.45 ], [ -58.82, -34.45 ], [ -58.82, -34.45 ], [ -58.82, -34.45 ], [ -58.82, -34.45 ], [ -58.82, -34.45 ], [ -58.82, -34.45 ], [ -58.82, -34.45 ], [ -58.82, -34.45 ], [ -58.82, -34.45 ], [ -58.82, -34.45 ], [ -58.82, -34.45 ], [ -58.82, -34.46 ], [ -58.82, -34.46 ], [ -58.82, -34.46 ], [ -58.82, -34.46 ], [ -58.82, -34.46 ], [ -58.82, -34.46 ], [ -58.82, -34.46 ], [ -58.82, -34.46 ], [ -58.82, -34.46 ], [ -58.82, -34.46 ], [ -58.82, -34.46 ], [ -58.82, -34.46 ], [ -58.82, -34.46 ], [ -58.82, -34.46 ], [ -58.82, -34.46 ], [ -58.82, -34.46 ], [ -58.82, -34.46 ], [ -58.82, -34.46 ], [ -58.82, -34.46 ], [ -58.82, -34.46 ], [ -58.82, -34.46 ], [ -58.82, -34.46 ], [ -58.82, -34.46 ], [ -58.82, -34.46 ], [ -58.82, -34.46 ], [ -58.82, -34.46 ], [ -58.82, -34.46 ], [ -58.82, -34.46 ], [ -58.82, -34.46 ], [ -58.82, -34.46 ], [ -58.82, -34.46 ], [ -58.82, -34.46 ], [ -58.82, -34.46 ], [ -58.82, -34.46 ], [ -58.82, -34.46 ], [ -58.82, -34.46 ], [ -58.82, -34.46 ], [ -58.82, -34.46 ], [ -58.82, -34.46 ], [ -58.82, -34.46 ], [ -58.82, -34.46 ], [ -58.82, -34.46 ], [ -58.82, -34.46 ], [ -58.82, -34.46 ], [ -58.82, -34.46 ], [ -58.82, -34.46 ], [ -58.82, -34.46 ], [ -58.82, -34.46 ], [ -58.82, -34.46 ], [ -58.82, -34.46 ], [ -58.82, -34.46 ], [ -58.82, -34.46 ], [ -58.82, -34.46 ], [ -58.82, -34.46 ], [ -58.82, -34.46 ], [ -58.82, -34.46 ], [ -58.82, -34.46 ], [ -58.82, -34.46 ], [ -58.82, -34.46 ], [ -58.82, -34.46 ], [ -58.82, -34.46 ], [ -58.82, -34.46 ], [ -58.82, -34.46 ], [ -58.82, -34.46 ], [ -58.82, -34.46 ], [ -58.82, -34.46 ], [ -58.82, -34.46 ], [ -58.82, -34.46 ], [ -58.82, -34.46 ], [ -58.82, -34.46 ], [ -58.82, -34.46 ], [ -58.82, -34.46 ], [ -58.82, -34.46 ], [ -58.82, -34.46 ], [ -58.82, -34.46 ], [ -58.82, -34.46 ], [ -58.82, -34.46 ], [ -58.82, -34.46 ], [ -58.82, -34.46 ], [ -58.82, -34.46 ], [ -58.82, -34.46 ], [ -58.82, -34.46 ], [ -58.82, -34.46 ], [ -58.82, -34.46 ], [ -58.82, -34.46 ], [ -58.82, -34.46 ], [ -58.82, -34.46 ], [ -58.82, -34.46 ], [ -58.82, -34.46 ], [ -58.82, -34.46 ], [ -58.82, -34.46 ], [ -58.82, -34.46 ], [ -58.82, -34.46 ], [ -58.82, -34.46 ], [ -58.82, -34.46 ], [ -58.82, -34.46 ], [ -58.82, -34.46 ], [ -58.82, -34.46 ], [ -58.82, -34.46 ], [ -58.82, -34.46 ], [ -58.82, -34.46 ], [ -58.82, -34.46 ], [ -58.82, -34.46 ], [ -58.82, -34.46 ], [ -58.82, -34.46 ], [ -58.82, -34.46 ], [ -58.82, -34.46 ], [ -58.82, -34.46 ], [ -58.82, -34.46 ], [ -58.82, -34.46 ], [ -58.82, -34.46 ], [ -58.82, -34.46 ], [ -58.82, -34.46 ], [ -58.82, -34.46 ], [ -58.82, -34.46 ], [ -58.82, -34.46 ], [ -58.82, -34.46 ], [ -58.82, -34.46 ], [ -58.82, -34.46 ], [ -58.82, -34.46 ], [ -58.82, -34.46 ], [ -58.82, -34.46 ], [ -58.82, -34.46 ], [ -58.82, -34.46 ], [ -58.82, -34.46 ], [ -58.82, -34.46 ], [ -58.82, -34.46 ], [ -58.82, -34.46 ], [ -58.82, -34.46 ], [ -58.82, -34.46 ], [ -58.82, -34.46 ], [ -58.82, -34.46 ], [ -58.82, -34.46 ], [ -58.82, -34.46 ], [ -58.82, -34.46 ], [ -58.82, -34.46 ], [ -58.82, -34.46 ], [ -58.82, -34.46 ], [ -58.82, -34.46 ], [ -58.82, -34.46 ], [ -58.82, -34.46 ], [ -58.82, -34.46 ], [ -58.82, -34.46 ], [ -58.82, -34.46 ], [ -58.82, -34.46 ], [ -58.82, -34.46 ], [ -58.82, -34.46 ], [ -58.82, -34.46 ], [ -58.82, -34.46 ], [ -58.82, -34.46 ], [ -58.82, -34.46 ], [ -58.82, -34.46 ], [ -58.82, -34.46 ], [ -58.82, -34.46 ], [ -58.82, -34.46 ], [ -58.82, -34.46 ], [ -58.82, -34.46 ], [ -58.82, -34.46 ], [ -58.82, -34.46 ], [ -58.82, -34.46 ], [ -58.82, -34.46 ], [ -58.82, -34.46 ], [ -58.82, -34.46 ], [ -58.82, -34.46 ], [ -58.82, -34.46 ], [ -58.82, -34.46 ], [ -58.82, -34.46 ], [ -58.82, -34.46 ], [ -58.82, -34.46 ], [ -58.82, -34.46 ], [ -58.82, -34.46 ], [ -58.82, -34.46 ], [ -58.82, -34.46 ], [ -58.82, -34.46 ], [ -58.82, -34.46 ], [ -58.82, -34.46 ], [ -58.82, -34.46 ], [ -58.82, -34.46 ], [ -58.82, -34.46 ], [ -58.82, -34.46 ], [ -58.82, -34.46 ], [ -58.82, -34.46 ], [ -58.82, -34.46 ], [ -58.82, -34.46 ], [ -58.82, -34.46 ], [ -58.82, -34.46 ], [ -58.82, -34.46 ], [ -58.82, -34.46 ], [ -58.82, -34.46 ], [ -58.82, -34.46 ], [ -58.82, -34.46 ], [ -58.82, -34.46 ], [ -58.82, -34.46 ], [ -58.82, -34.46 ], [ -58.82, -34.46 ], [ -58.82, -34.46 ], [ -58.82, -34.46 ], [ -58.82, -34.46 ], [ -58.82, -34.46 ], [ -58.82, -34.46 ], [ -58.82, -34.46 ], [ -58.82, -34.46 ], [ -58.82, -34.46 ], [ -58.82, -34.46 ], [ -58.82, -34.46 ], [ -58.82, -34.46 ], [ -58.82, -34.46 ], [ -58.82, -34.46 ], [ -58.82, -34.46 ], [ -58.82, -34.46 ], [ -58.82, -34.46 ], [ -58.82, -34.46 ], [ -58.82, -34.46 ], [ -58.82, -34.46 ], [ -58.82, -34.46 ], [ -58.82, -34.46 ], [ -58.82, -34.46 ], [ -58.82, -34.46 ], [ -58.82, -34.46 ], [ -58.81, -34.46 ], [ -58.81, -34.46 ], [ -58.81, -34.46 ], [ -58.81, -34.46 ], [ -58.81, -34.46 ], [ -58.81, -34.46 ], [ -58.81, -34.46 ], [ -58.81, -34.46 ], [ -58.81, -34.46 ], [ -58.81, -34.46 ], [ -58.81, -34.46 ], [ -58.81, -34.46 ], [ -58.81, -34.46 ], [ -58.81, -34.46 ], [ -58.81, -34.46 ], [ -58.81, -34.46 ], [ -58.81, -34.46 ], [ -58.81, -34.46 ], [ -58.81, -34.46 ], [ -58.81, -34.46 ], [ -58.81, -34.46 ], [ -58.81, -34.47 ], [ -58.81, -34.47 ], [ -58.81, -34.47 ], [ -58.81, -34.47 ], [ -58.81, -34.47 ], [ -58.81, -34.47 ], [ -58.81, -34.47 ], [ -58.81, -34.47 ], [ -58.81, -34.47 ], [ -58.81, -34.47 ], [ -58.81, -34.47 ], [ -58.81, -34.47 ], [ -58.81, -34.47 ], [ -58.81, -34.47 ], [ -58.81, -34.47 ], [ -58.81, -34.47 ], [ -58.81, -34.47 ], [ -58.81, -34.47 ], [ -58.81, -34.47 ], [ -58.81, -34.47 ], [ -58.81, -34.47 ], [ -58.81, -34.47 ], [ -58.81, -34.47 ], [ -58.81, -34.47 ], [ -58.81, -34.47 ], [ -58.81, -34.47 ], [ -58.81, -34.47 ], [ -58.81, -34.47 ], [ -58.81, -34.47 ], [ -58.81, -34.47 ], [ -58.81, -34.47 ], [ -58.81, -34.47 ], [ -58.81, -34.47 ], [ -58.81, -34.47 ], [ -58.81, -34.47 ], [ -58.81, -34.47 ], [ -58.81, -34.47 ], [ -58.81, -34.47 ], [ -58.81, -34.47 ], [ -58.81, -34.47 ], [ -58.81, -34.47 ], [ -58.81, -34.47 ], [ -58.81, -34.47 ], [ -58.81, -34.47 ], [ -58.82, -34.47 ], [ -58.81, -34.47 ], [ -58.81, -34.47 ], [ -58.81, -34.47 ], [ -58.81, -34.47 ], [ -58.81, -34.47 ], [ -58.81, -34.47 ], [ -58.81, -34.47 ], [ -58.81, -34.47 ], [ -58.81, -34.47 ], [ -58.81, -34.47 ], [ -58.81, -34.47 ], [ -58.81, -34.47 ], [ -58.81, -34.47 ], [ -58.81, -34.47 ], [ -58.81, -34.47 ], [ -58.81, -34.47 ], [ -58.81, -34.47 ], [ -58.81, -34.47 ], [ -58.81, -34.47 ], [ -58.81, -34.47 ], [ -58.81, -34.47 ], [ -58.81, -34.47 ], [ -58.81, -34.48 ], [ -58.81, -34.48 ], [ -58.81, -34.48 ], [ -58.81, -34.48 ], [ -58.81, -34.48 ], [ -58.81, -34.48 ], [ -58.81, -34.48 ], [ -58.81, -34.48 ], [ -58.81, -34.48 ], [ -58.81, -34.48 ], [ -58.81, -34.48 ], [ -58.81, -34.48 ], [ -58.81, -34.48 ], [ -58.81, -34.48 ], [ -58.81, -34.48 ], [ -58.81, -34.48 ], [ -58.81, -34.48 ], [ -58.81, -34.48 ], [ -58.81, -34.48 ], [ -58.81, -34.48 ], [ -58.81, -34.48 ], [ -58.81, -34.48 ], [ -58.81, -34.48 ], [ -58.81, -34.48 ], [ -58.81, -34.48 ], [ -58.81, -34.48 ], [ -58.81, -34.48 ], [ -58.81, -34.48 ], [ -58.81, -34.48 ], [ -58.81, -34.48 ], [ -58.81, -34.48 ], [ -58.81, -34.48 ], [ -58.81, -34.48 ], [ -58.81, -34.48 ], [ -58.81, -34.48 ], [ -58.81, -34.48 ] ] ] ] } }
]
}
